codigo,bairro,ano,obitos_amarela,obitos_branca,obitos_indigena,obitos_parda,obitos_preta,obitos_nao_informado,nascidos_amarela,nascidos_branca,nascidos_indigena,nascidos_parda,nascidos_preta,nascidos_nao_informado,percentual_amarela,percentual_branca,percentual_indigena,percentual_parda,percentual_preta,percentual_nao_informado
070,ABOLICAO,2006,0.0,3.0,0.0,1.0,1.0,1.0,,,,,,,,,,,,
111,ACARI,2006,0.0,2.0,0.0,3.0,2.0,0.0,,,,,,,,,,,,
067,AGUA SANTA,2006,0.0,0.0,0.0,0.0,0.0,0.0,,,,,,,,,,,,
034,ALTO DA BOA VISTA,2006,0.0,0.0,0.0,0.0,1.0,0.0,,,,,,,,,,,,
107,ANCHIETA,2006,0.0,1.0,0.0,1.0,0.0,5.0,,,,,,,,,,,,
037,ANDARAI,2006,0.0,2.0,0.0,1.0,1.0,0.0,,,,,,,,,,,,
116,ANIL,2006,0.0,5.0,0.0,4.0,0.0,0.0,,,,,,,,,,,,
097,BANCARIOS,2006,0.0,0.0,0.0,0.0,0.0,1.0,,,,,,,,,,,,
141,BANGU,2006,0.0,21.0,0.0,19.0,4.0,12.0,,,,,,,,,,,,
128,BARRA DA TIJUCA,2006,0.0,9.0,0.0,1.0,0.0,1.0,,,,,,,,,,,,
152,BARRA DE GUARATIBA,2006,0.0,1.0,0.0,0.0,1.0,0.0,,,,,,,,,,,,
165,BARRA OLIMPICA,2006,0.0,0.0,0.0,0.0,0.0,0.0,,,,,,,,,,,,
112,BARROS FILHO,2006,0.0,2.0,0.0,1.0,0.0,2.0,,,,,,,,,,,,
012,BENFICA,2006,0.0,5.0,0.0,2.0,0.0,4.0,,,,,,,,,,,,
089,BENTO RIBEIRO,2006,0.0,3.0,0.0,6.0,0.0,0.0,,,,,,,,,,,,
040,BONSUCESSO,2006,0.0,8.0,0.0,8.0,2.0,1.0,,,,,,,,,,,,
020,BOTAFOGO,2006,0.0,1.0,0.0,2.0,0.0,0.0,,,,,,,,,,,,
045,BRAS DE PINA,2006,0.0,2.0,0.0,2.0,0.0,5.0,,,,,,,,,,,,
065,CACHAMBI,2006,0.0,5.0,0.0,1.0,0.0,0.0,,,,,,,,,,,,
093,CACUIA,2006,0.0,1.0,0.0,0.0,0.0,0.0,,,,,,,,,,,,
004,CAJU,2006,0.0,5.0,0.0,3.0,0.0,2.0,,,,,,,,,,,,
129,CAMORIM,2006,0.0,0.0,0.0,0.0,0.0,0.0,,,,,,,,,,,,
078,CAMPINHO,2006,0.0,2.0,0.0,0.0,0.0,1.0,,,,,,,,,,,,
136,CAMPO DOS AFONSOS,2006,0.0,0.0,0.0,0.0,0.0,0.0,,,,,,,,,,,,
144,CAMPO GRANDE,2006,0.0,45.0,0.0,36.0,4.0,7.0,,,,,,,,,,,,
082,CASCADURA,2006,0.0,0.0,0.0,1.0,2.0,3.0,,,,,,,,,,,,
018,CATETE,2006,0.0,3.0,0.0,1.0,0.0,0.0,,,,,,,,,,,,
006,CATUMBI,2006,0.0,1.0,0.0,1.0,1.0,1.0,,,,,,,,,,,,
080,CAVALCANTE,2006,0.0,0.0,0.0,0.0,0.0,2.0,,,,,,,,,,,,
005,CENTRO,2006,0.0,5.0,0.0,1.0,3.0,1.0,,,,,,,,,,,,
118,CIDADE DE DEUS,2006,0.0,4.0,0.0,2.0,0.0,1.0,,,,,,,,,,,,
008,CIDADE NOVA,2006,0.0,1.0,0.0,1.0,0.0,0.0,,,,,,,,,,,,
105,CIDADE UNIVERSITARIA,2006,0.0,0.0,0.0,0.0,0.0,0.0,,,,,,,,,,,,
096,COCOTA,2006,0.0,0.0,0.0,1.0,0.0,0.0,,,,,,,,,,,,
110,COELHO NETO,2006,0.0,2.0,0.0,2.0,0.0,0.0,,,,,,,,,,,,
077,COLEGIO,2006,0.0,4.0,0.0,4.0,0.0,0.0,,,,,,,,,,,,
157,COMPLEXO DA MARE,2006,0.0,4.0,0.0,3.0,2.0,4.0,,,,,,,,,,,,
156,COMPLEXO DO ALEMAO,2006,0.0,2.0,0.0,0.0,2.0,1.0,,,,,,,,,,,,
024,COPACABANA,2006,0.0,8.0,0.0,0.0,0.0,1.0,,,,,,,,,,,,
046,CORDOVIL,2006,0.0,2.0,0.0,2.0,0.0,3.0,,,,,,,,,,,,
019,COSME VELHO,2006,0.0,1.0,0.0,0.0,0.0,0.0,,,,,,,,,,,,
147,COSMOS,2006,0.0,5.0,0.0,6.0,0.0,1.0,,,,,,,,,,,,
113,COSTA BARROS,2006,0.0,1.0,0.0,4.0,2.0,0.0,,,,,,,,,,,,
119,CURICICA,2006,0.0,2.0,0.0,2.0,1.0,2.0,,,,,,,,,,,,
053,DEL CASTILHO,2006,0.0,1.0,0.0,3.0,0.0,0.0,,,,,,,,,,,,
134,DEODORO,2006,0.0,0.0,0.0,4.0,0.0,0.0,,,,,,,,,,,,
068,ENCANTADO,2006,0.0,1.0,0.0,1.0,0.0,0.0,,,,,,,,,,,,
081,ENGENHEIRO LEAL,2006,0.0,0.0,0.0,0.0,0.0,0.0,,,,,,,,,,,,
055,ENGENHO DA RAINHA,2006,0.0,0.0,0.0,1.0,1.0,1.0,,,,,,,,,,,,
066,ENGENHO DE DENTRO,2006,0.0,2.0,0.0,2.0,0.0,1.0,,,,,,,,,,,,
061,ENGENHO NOVO,2006,0.0,3.0,0.0,4.0,1.0,0.0,,,,,,,,,,,,
009,ESTACIO,2006,0.0,4.0,0.0,3.0,2.0,0.0,,,,,,,,,,,,
015,FLAMENGO,2006,0.0,1.0,0.0,0.0,0.0,0.0,,,,,,,,,,,,
098,FREGUESIA-ILHA,2006,0.0,0.0,0.0,1.0,1.0,1.0,,,,,,,,,,,,
120,FREGUESIA-JPA,2006,0.0,2.0,0.0,2.0,0.0,0.0,,,,,,,,,,,,
104,GALEAO,2006,0.0,1.0,0.0,1.0,0.0,2.0,,,,,,,,,,,,
002,GAMBOA,2006,0.0,0.0,0.0,0.0,0.0,0.0,,,,,,,,,,,,
117,GARDENIA AZUL,2006,0.0,1.0,0.0,1.0,1.0,0.0,,,,,,,,,,,,
029,GAVEA,2006,0.0,2.0,0.0,0.0,0.0,0.0,,,,,,,,,,,,
160,GERICINo,2006,0.0,0.0,0.0,0.0,0.0,0.0,,,,,,,,,,,,
016,GLORIA,2006,0.0,0.0,0.0,1.0,0.0,0.0,,,,,,,,,,,,
038,GRAJAU,2006,0.0,3.0,0.0,1.0,0.0,0.0,,,,,,,,,,,,
106,GUADALUPE,2006,0.0,3.0,0.0,5.0,1.0,2.0,,,,,,,,,,,,
151,GUARATIBA,2006,0.0,5.0,0.0,4.0,0.0,0.0,,,,,,,,,,,,
050,HIGIENOPOLIS,2006,0.0,0.0,0.0,2.0,1.0,0.0,,,,,,,,,,,,
087,HONORIO GURGEL,2006,0.0,3.0,0.0,2.0,2.0,1.0,,,,,,,,,,,,
021,HUMAITA,2006,0.0,0.0,0.0,0.0,0.0,0.0,,,,,,,,,,,,
999,IGNORADO BAIRRO-MRJ,2006,0.0,1.0,0.0,1.0,0.0,1.0,,,,,,,,,,,,
164,ILHA DE GUARATIBA,2006,0.0,0.0,0.0,0.0,0.0,0.0,,,,,,,,,,,,
998,ILHA DO GOVERNADOR - IGNORADO,2006,0.0,1.0,0.0,0.0,0.0,0.0,,,,,,,,,,,,
054,INHAUMA,2006,0.0,4.0,0.0,7.0,1.0,2.0,,,,,,,,,,,,
146,INHOAIBA,2006,0.0,2.0,0.0,2.0,0.0,1.0,,,,,,,,,,,,
025,IPANEMA,2006,0.0,0.0,0.0,1.0,0.0,0.0,,,,,,,,,,,,
076,IRAJA,2006,0.0,8.0,0.0,5.0,3.0,1.0,,,,,,,,,,,,
127,ITANHANGA,2006,0.0,1.0,0.0,0.0,0.0,0.0,,,,,,,,,,,,
051,JACARE,2006,0.0,2.0,0.0,1.0,0.0,1.0,,,,,,,,,,,,
115,JACAREPAGUA,2006,0.0,17.0,0.0,10.0,5.0,3.0,,,,,,,,,,,,
155,JACAREZINHO,2006,0.0,1.0,0.0,2.0,2.0,1.0,,,,,,,,,,,,
049,JARDIM AMERICA,2006,0.0,5.0,0.0,7.0,0.0,1.0,,,,,,,,,,,,
028,JARDIM BOTANICO,2006,0.0,1.0,0.0,0.0,0.0,0.0,,,,,,,,,,,,
100,JARDIM CARIOCA,2006,0.0,2.0,0.0,1.0,0.0,2.0,,,,,,,,,,,,
099,JARDIM GUANABARA,2006,0.0,2.0,0.0,0.0,0.0,0.0,,,,,,,,,,,,
137,JARDIM SULACAP,2006,0.0,4.0,0.0,0.0,0.0,0.0,,,,,,,,,,,,
126,JOA,2006,0.0,0.0,0.0,0.0,0.0,0.0,,,,,,,,,,,,
027,LAGOA,2006,0.0,1.0,0.0,0.0,1.0,0.0,,,,,,,,,,,,
161,LAPA,2006,0.0,0.0,0.0,0.0,0.0,0.0,,,,,,,,,,,,
017,LARANJEIRAS,2006,0.0,2.0,0.0,0.0,0.0,1.0,,,,,,,,,,,,
026,LEBLON,2006,0.0,0.0,0.0,1.0,0.0,1.0,,,,,,,,,,,,
023,LEME,2006,0.0,2.0,0.0,0.0,0.0,0.0,,,,,,,,,,,,
062,LINS DE VASCONCELOS,2006,0.0,3.0,0.0,4.0,1.0,2.0,,,,,,,,,,,,
083,MADUREIRA,2006,0.0,8.0,0.0,2.0,2.0,1.0,,,,,,,,,,,,
138,MAGALHAES BASTOS,2006,0.0,2.0,0.0,1.0,0.0,2.0,,,,,,,,,,,,
011,MANGUEIRA,2006,0.0,0.0,0.0,3.0,0.0,2.0,,,,,,,,,,,,
039,MANGUINHOS,2006,0.0,1.0,0.0,5.0,0.0,2.0,,,,,,,,,,,,
035,MARACANA,2006,0.0,1.0,0.0,1.0,0.0,0.0,,,,,,,,,,,,
090,MARECHAL HERMES,2006,0.0,0.0,0.0,1.0,0.0,2.0,,,,,,,,,,,,
052,MARIA DA GRACA,2006,0.0,0.0,0.0,0.0,0.0,0.0,,,,,,,,,,,,
063,MEIER,2006,0.0,4.0,0.0,0.0,1.0,0.0,,,,,,,,,,,,
102,MONERO,2006,0.0,0.0,0.0,0.0,0.0,0.0,,,,,,,,,,,,
042,OLARIA,2006,0.0,4.0,0.0,1.0,1.0,1.0,,,,,,,,,,,,
088,OSWALDO CRUZ,2006,0.0,1.0,0.0,0.0,3.0,2.0,,,,,,,,,,,,
148,PACIENCIA,2006,0.0,9.0,0.0,12.0,3.0,1.0,,,,,,,,,,,,
140,PADRE MIGUEL,2006,0.0,5.0,0.0,10.0,3.0,5.0,,,,,,,,,,,,
013,PAQUETA,2006,0.0,0.0,0.0,0.0,0.0,0.0,,,,,,,,,,,,
047,PARADA DE LUCAS,2006,0.0,2.0,0.0,2.0,0.0,1.0,,,,,,,,,,,,
108,PARQUE ANCHIETA,2006,0.0,1.0,0.0,2.0,0.0,0.0,,,,,,,,,,,,
158,PARQUE COLUMBIA,2006,0.0,0.0,0.0,0.0,0.0,0.0,,,,,,,,,,,,
114,PAVUNA,2006,0.0,5.0,0.0,6.0,1.0,6.0,,,,,,,,,,,,
121,PECHINCHA,2006,0.0,1.0,0.0,1.0,0.0,1.0,,,,,,,,,,,,
153,PEDRA DE GUARATIBA,2006,0.0,8.0,0.0,2.0,0.0,1.0,,,,,,,,,,,,
043,PENHA,2006,0.0,2.0,0.0,6.0,0.0,2.0,,,,,,,,,,,,
044,PENHA CIRCULAR,2006,0.0,1.0,0.0,0.0,0.0,0.0,,,,,,,,,,,,
069,PIEDADE,2006,0.0,4.0,0.0,1.0,1.0,1.0,,,,,,,,,,,,
071,PILARES,2006,0.0,0.0,0.0,0.0,1.0,0.0,,,,,,,,,,,,
094,PITANGUEIRAS,2006,0.0,0.0,0.0,0.0,0.0,0.0,,,,,,,,,,,,
103,PORTUGUESA,2006,0.0,2.0,0.0,2.0,0.0,0.0,,,,,,,,,,,,
032,PRACA DA BANDEIRA,2006,0.0,0.0,0.0,1.0,0.0,0.0,,,,,,,,,,,,
124,PRACA SECA,2006,0.0,2.0,0.0,0.0,0.0,3.0,,,,,,,,,,,,
095,PRAIA DA BANDEIRA,2006,0.0,0.0,0.0,0.0,0.0,0.0,,,,,,,,,,,,
079,QUINTINO BOCAIUVA,2006,0.0,3.0,0.0,2.0,0.0,1.0,,,,,,,,,,,,
041,RAMOS,2006,0.0,6.0,0.0,1.0,0.0,2.0,,,,,,,,,,,,
139,REALENGO,2006,0.0,19.0,0.0,16.0,0.0,8.0,,,,,,,,,,,,
132,RECREIO BANDEIRANTES,2006,0.0,6.0,0.0,2.0,0.0,1.0,,,,,,,,,,,,
059,RIACHUELO,2006,0.0,0.0,0.0,0.0,0.0,0.0,,,,,,,,,,,,
091,RIBEIRA,2006,0.0,0.0,0.0,0.0,0.0,0.0,,,,,,,,,,,,
109,RICARDO ALBUQUERQUE,2006,0.0,0.0,0.0,1.0,2.0,0.0,,,,,,,,,,,,
007,RIO COMPRIDO,2006,0.0,7.0,0.0,2.0,1.0,0.0,,,,,,,,,,,,
058,ROCHA,2006,0.0,0.0,0.0,0.0,0.0,0.0,,,,,,,,,,,,
086,ROCHA MIRANDA,2006,0.0,0.0,0.0,3.0,1.0,1.0,,,,,,,,,,,,
154,ROCINHA,2006,0.0,12.0,0.0,9.0,1.0,1.0,,,,,,,,,,,,
060,SAMPAIO,2006,0.0,1.0,0.0,0.0,1.0,0.0,,,,,,,,,,,,
149,SANTA CRUZ,2006,0.0,21.0,0.0,22.0,2.0,3.0,,,,,,,,,,,,
014,SANTA TERESA,2006,0.0,1.0,0.0,3.0,0.0,0.0,,,,,,,,,,,,
143,SANTISSIMO,2006,0.0,7.0,0.0,6.0,0.0,1.0,,,,,,,,,,,,
003,SANTO CRISTO,2006,0.0,1.0,0.0,2.0,1.0,0.0,,,,,,,,,,,,
031,SAO CONRADO,2006,0.0,2.0,0.0,0.0,0.0,1.0,,,,,,,,,,,,
010,SAO CRISTOVAO,2006,0.0,2.0,0.0,3.0,0.0,3.0,,,,,,,,,,,,
057,SAO FRANCISCO XAVIER,2006,0.0,0.0,0.0,0.0,1.0,1.0,,,,,,,,,,,,
001,SAUDE,2006,0.0,1.0,0.0,2.0,1.0,0.0,,,,,,,,,,,,
142,SENADOR CAMARA,2006,0.0,8.0,0.0,3.0,3.0,7.0,,,,,,,,,,,,
145,SENADOR VASCONCELOS,2006,0.0,0.0,0.0,1.0,0.0,1.0,,,,,,,,,,,,
150,SEPETIBA,2006,0.0,5.0,0.0,10.0,1.0,0.0,,,,,,,,,,,,
123,TANQUE,2006,0.0,3.0,0.0,0.0,1.0,4.0,,,,,,,,,,,,
122,TAQUARA,2006,0.0,8.0,0.0,5.0,2.0,4.0,,,,,,,,,,,,
101,TAUA,2006,0.0,1.0,0.0,0.0,0.0,0.0,,,,,,,,,,,,
033,TIJUCA,2006,0.0,11.0,0.0,3.0,0.0,0.0,,,,,,,,,,,,
064,TODOS OS SANTOS,2006,0.0,1.0,0.0,0.0,0.0,0.0,,,,,,,,,,,,
056,TOMAS COELHO,2006,0.0,2.0,0.0,2.0,0.0,0.0,,,,,,,,,,,,
085,TURIACU,2006,0.0,0.0,0.0,0.0,0.0,0.0,,,,,,,,,,,,
022,URCA,2006,0.0,0.0,0.0,1.0,0.0,0.0,,,,,,,,,,,,
131,VARGEM GRANDE,2006,0.0,1.0,0.0,2.0,0.0,0.0,,,,,,,,,,,,
130,VARGEM PEQUENA,2006,0.0,1.0,0.0,0.0,1.0,0.0,,,,,,,,,,,,
159,VASCO DA GAMA,2006,0.0,0.0,0.0,0.0,0.0,0.0,,,,,,,,,,,,
084,VAZ LOBO,2006,0.0,3.0,0.0,1.0,1.0,1.0,,,,,,,,,,,,
073,VICENTE DE CARVALHO,2006,0.0,2.0,0.0,2.0,0.0,1.0,,,,,,,,,,,,
030,VIDIGAL,2006,0.0,3.0,0.0,0.0,0.0,0.0,,,,,,,,,,,,
048,VIGARIO GERAL,2006,0.0,0.0,0.0,2.0,1.0,2.0,,,,,,,,,,,,
074,VILA DA PENHA,2006,0.0,4.0,0.0,0.0,0.0,1.0,,,,,,,,,,,,
036,VILA ISABEL,2006,0.0,2.0,0.0,4.0,0.0,3.0,,,,,,,,,,,,
162,VILA KENNEDY,2006,0.0,0.0,0.0,0.0,0.0,0.0,,,,,,,,,,,,
072,VILA KOSMOS,2006,0.0,0.0,0.0,0.0,0.0,0.0,,,,,,,,,,,,
135,VILA MILITAR,2006,0.0,0.0,0.0,0.0,0.0,0.0,,,,,,,,,,,,
125,VILA VALQUEIRE,2006,0.0,0.0,0.0,2.0,0.0,0.0,,,,,,,,,,,,
075,VISTA ALEGRE,2006,0.0,2.0,0.0,0.0,0.0,0.0,,,,,,,,,,,,
092,ZUMBI,2006,0.0,0.0,0.0,0.0,0.0,0.0,,,,,,,,,,,,
070,ABOLICAO,2007,0.0,2.0,0.0,1.0,0.0,0.0,,,,,,,,,,,,
111,ACARI,2007,0.0,0.0,0.0,2.0,0.0,0.0,,,,,,,,,,,,
067,AGUA SANTA,2007,0.0,0.0,0.0,1.0,0.0,0.0,,,,,,,,,,,,
034,ALTO DA BOA VISTA,2007,0.0,2.0,0.0,0.0,0.0,0.0,,,,,,,,,,,,
107,ANCHIETA,2007,0.0,6.0,0.0,6.0,0.0,1.0,,,,,,,,,,,,
037,ANDARAI,2007,0.0,1.0,0.0,2.0,1.0,0.0,,,,,,,,,,,,
116,ANIL,2007,0.0,4.0,0.0,2.0,0.0,1.0,,,,,,,,,,,,
097,BANCARIOS,2007,0.0,2.0,0.0,1.0,0.0,0.0,,,,,,,,,,,,
141,BANGU,2007,0.0,18.0,0.0,17.0,2.0,11.0,,,,,,,,,,,,
128,BARRA DA TIJUCA,2007,0.0,10.0,0.0,0.0,0.0,1.0,,,,,,,,,,,,
152,BARRA DE GUARATIBA,2007,0.0,0.0,0.0,0.0,0.0,0.0,,,,,,,,,,,,
165,BARRA OLIMPICA,2007,0.0,0.0,0.0,0.0,0.0,0.0,,,,,,,,,,,,
112,BARROS FILHO,2007,0.0,0.0,0.0,1.0,0.0,0.0,,,,,,,,,,,,
012,BENFICA,2007,0.0,5.0,0.0,3.0,0.0,2.0,,,,,,,,,,,,
089,BENTO RIBEIRO,2007,0.0,3.0,0.0,2.0,0.0,0.0,,,,,,,,,,,,
040,BONSUCESSO,2007,0.0,8.0,0.0,10.0,2.0,7.0,,,,,,,,,,,,
020,BOTAFOGO,2007,0.0,2.0,0.0,2.0,1.0,0.0,,,,,,,,,,,,
045,BRAS DE PINA,2007,0.0,3.0,0.0,2.0,0.0,1.0,,,,,,,,,,,,
065,CACHAMBI,2007,0.0,6.0,0.0,0.0,0.0,3.0,,,,,,,,,,,,
093,CACUIA,2007,0.0,1.0,0.0,1.0,0.0,0.0,,,,,,,,,,,,
004,CAJU,2007,0.0,2.0,0.0,3.0,0.0,2.0,,,,,,,,,,,,
129,CAMORIM,2007,0.0,0.0,0.0,1.0,0.0,0.0,,,,,,,,,,,,
078,CAMPINHO,2007,0.0,1.0,0.0,1.0,0.0,1.0,,,,,,,,,,,,
136,CAMPO DOS AFONSOS,2007,0.0,0.0,0.0,0.0,0.0,0.0,,,,,,,,,,,,
144,CAMPO GRANDE,2007,0.0,36.0,0.0,32.0,5.0,9.0,,,,,,,,,,,,
082,CASCADURA,2007,0.0,5.0,0.0,3.0,0.0,0.0,,,,,,,,,,,,
018,CATETE,2007,0.0,0.0,0.0,1.0,0.0,0.0,,,,,,,,,,,,
006,CATUMBI,2007,0.0,2.0,0.0,1.0,0.0,0.0,,,,,,,,,,,,
080,CAVALCANTE,2007,0.0,1.0,0.0,2.0,1.0,1.0,,,,,,,,,,,,
005,CENTRO,2007,0.0,6.0,0.0,2.0,0.0,0.0,,,,,,,,,,,,
118,CIDADE DE DEUS,2007,0.0,4.0,0.0,10.0,0.0,2.0,,,,,,,,,,,,
008,CIDADE NOVA,2007,0.0,1.0,0.0,0.0,0.0,1.0,,,,,,,,,,,,
105,CIDADE UNIVERSITARIA,2007,0.0,0.0,0.0,0.0,0.0,0.0,,,,,,,,,,,,
096,COCOTA,2007,0.0,2.0,0.0,0.0,0.0,0.0,,,,,,,,,,,,
110,COELHO NETO,2007,0.0,0.0,0.0,2.0,0.0,0.0,,,,,,,,,,,,
077,COLEGIO,2007,0.0,1.0,0.0,4.0,0.0,0.0,,,,,,,,,,,,
157,COMPLEXO DA MARE,2007,0.0,3.0,0.0,9.0,2.0,2.0,,,,,,,,,,,,
156,COMPLEXO DO ALEMAO,2007,0.0,1.0,0.0,2.0,0.0,0.0,,,,,,,,,,,,
024,COPACABANA,2007,0.0,3.0,0.0,3.0,0.0,1.0,,,,,,,,,,,,
046,CORDOVIL,2007,0.0,2.0,0.0,4.0,1.0,1.0,,,,,,,,,,,,
019,COSME VELHO,2007,0.0,0.0,0.0,0.0,0.0,0.0,,,,,,,,,,,,
147,COSMOS,2007,0.0,1.0,0.0,4.0,1.0,0.0,,,,,,,,,,,,
113,COSTA BARROS,2007,0.0,7.0,0.0,5.0,1.0,3.0,,,,,,,,,,,,
119,CURICICA,2007,0.0,5.0,0.0,1.0,0.0,0.0,,,,,,,,,,,,
053,DEL CASTILHO,2007,0.0,0.0,0.0,1.0,0.0,2.0,,,,,,,,,,,,
134,DEODORO,2007,0.0,2.0,0.0,3.0,0.0,2.0,,,,,,,,,,,,
068,ENCANTADO,2007,0.0,2.0,0.0,0.0,0.0,0.0,,,,,,,,,,,,
081,ENGENHEIRO LEAL,2007,0.0,0.0,0.0,0.0,0.0,0.0,,,,,,,,,,,,
055,ENGENHO DA RAINHA,2007,0.0,1.0,0.0,1.0,0.0,0.0,,,,,,,,,,,,
066,ENGENHO DE DENTRO,2007,0.0,2.0,0.0,2.0,3.0,2.0,,,,,,,,,,,,
061,ENGENHO NOVO,2007,0.0,2.0,1.0,0.0,1.0,0.0,,,,,,,,,,,,
009,ESTACIO,2007,0.0,0.0,0.0,0.0,0.0,0.0,,,,,,,,,,,,
015,FLAMENGO,2007,0.0,0.0,0.0,2.0,0.0,0.0,,,,,,,,,,,,
098,FREGUESIA-ILHA,2007,0.0,1.0,0.0,2.0,1.0,0.0,,,,,,,,,,,,
120,FREGUESIA-JPA,2007,0.0,0.0,0.0,1.0,0.0,0.0,,,,,,,,,,,,
104,GALEAO,2007,0.0,0.0,0.0,0.0,0.0,0.0,,,,,,,,,,,,
002,GAMBOA,2007,0.0,2.0,0.0,0.0,0.0,0.0,,,,,,,,,,,,
117,GARDENIA AZUL,2007,0.0,1.0,0.0,2.0,0.0,2.0,,,,,,,,,,,,
029,GAVEA,2007,0.0,4.0,0.0,0.0,0.0,0.0,,,,,,,,,,,,
160,GERICINo,2007,0.0,0.0,0.0,0.0,0.0,0.0,,,,,,,,,,,,
016,GLORIA,2007,0.0,1.0,0.0,1.0,0.0,0.0,,,,,,,,,,,,
038,GRAJAU,2007,0.0,4.0,0.0,1.0,0.0,0.0,,,,,,,,,,,,
106,GUADALUPE,2007,0.0,3.0,0.0,4.0,1.0,3.0,,,,,,,,,,,,
151,GUARATIBA,2007,0.0,8.0,0.0,9.0,0.0,1.0,,,,,,,,,,,,
050,HIGIENOPOLIS,2007,0.0,0.0,0.0,2.0,0.0,0.0,,,,,,,,,,,,
087,HONORIO GURGEL,2007,0.0,2.0,0.0,0.0,0.0,0.0,,,,,,,,,,,,
021,HUMAITA,2007,0.0,1.0,0.0,1.0,0.0,0.0,,,,,,,,,,,,
999,IGNORADO BAIRRO-MRJ,2007,0.0,6.0,0.0,8.0,0.0,1.0,,,,,,,,,,,,
164,ILHA DE GUARATIBA,2007,0.0,0.0,0.0,0.0,0.0,0.0,,,,,,,,,,,,
998,ILHA DO GOVERNADOR - IGNORADO,2007,0.0,0.0,0.0,2.0,0.0,2.0,,,,,,,,,,,,
054,INHAUMA,2007,0.0,7.0,0.0,5.0,1.0,3.0,,,,,,,,,,,,
146,INHOAIBA,2007,0.0,5.0,0.0,4.0,1.0,0.0,,,,,,,,,,,,
025,IPANEMA,2007,0.0,0.0,0.0,1.0,0.0,0.0,,,,,,,,,,,,
076,IRAJA,2007,0.0,8.0,0.0,11.0,0.0,5.0,,,,,,,,,,,,
127,ITANHANGA,2007,0.0,6.0,0.0,1.0,1.0,0.0,,,,,,,,,,,,
051,JACARE,2007,0.0,4.0,0.0,0.0,0.0,0.0,,,,,,,,,,,,
115,JACAREPAGUA,2007,0.0,20.0,0.0,12.0,0.0,3.0,,,,,,,,,,,,
155,JACAREZINHO,2007,0.0,1.0,0.0,3.0,2.0,1.0,,,,,,,,,,,,
049,JARDIM AMERICA,2007,0.0,2.0,0.0,4.0,1.0,0.0,,,,,,,,,,,,
028,JARDIM BOTANICO,2007,0.0,0.0,0.0,0.0,0.0,0.0,,,,,,,,,,,,
100,JARDIM CARIOCA,2007,0.0,1.0,0.0,0.0,1.0,0.0,,,,,,,,,,,,
099,JARDIM GUANABARA,2007,0.0,1.0,0.0,1.0,0.0,0.0,,,,,,,,,,,,
137,JARDIM SULACAP,2007,0.0,2.0,0.0,0.0,1.0,1.0,,,,,,,,,,,,
126,JOA,2007,0.0,0.0,0.0,0.0,0.0,0.0,,,,,,,,,,,,
027,LAGOA,2007,0.0,2.0,0.0,0.0,0.0,0.0,,,,,,,,,,,,
161,LAPA,2007,0.0,0.0,0.0,0.0,0.0,0.0,,,,,,,,,,,,
017,LARANJEIRAS,2007,0.0,2.0,0.0,1.0,1.0,0.0,,,,,,,,,,,,
026,LEBLON,2007,0.0,3.0,0.0,0.0,0.0,0.0,,,,,,,,,,,,
023,LEME,2007,0.0,0.0,0.0,4.0,0.0,0.0,,,,,,,,,,,,
062,LINS DE VASCONCELOS,2007,0.0,2.0,0.0,5.0,1.0,4.0,,,,,,,,,,,,
083,MADUREIRA,2007,0.0,3.0,0.0,5.0,2.0,0.0,,,,,,,,,,,,
138,MAGALHAES BASTOS,2007,0.0,3.0,0.0,1.0,2.0,0.0,,,,,,,,,,,,
011,MANGUEIRA,2007,0.0,2.0,0.0,3.0,0.0,1.0,,,,,,,,,,,,
039,MANGUINHOS,2007,0.0,1.0,0.0,4.0,2.0,1.0,,,,,,,,,,,,
035,MARACANA,2007,0.0,2.0,0.0,1.0,0.0,0.0,,,,,,,,,,,,
090,MARECHAL HERMES,2007,0.0,0.0,0.0,5.0,0.0,1.0,,,,,,,,,,,,
052,MARIA DA GRACA,2007,0.0,0.0,0.0,0.0,0.0,0.0,,,,,,,,,,,,
063,MEIER,2007,0.0,5.0,0.0,1.0,1.0,0.0,,,,,,,,,,,,
102,MONERO,2007,0.0,1.0,0.0,0.0,0.0,0.0,,,,,,,,,,,,
042,OLARIA,2007,0.0,3.0,0.0,4.0,0.0,2.0,,,,,,,,,,,,
088,OSWALDO CRUZ,2007,0.0,0.0,0.0,3.0,0.0,3.0,,,,,,,,,,,,
148,PACIENCIA,2007,0.0,5.0,0.0,13.0,1.0,3.0,,,,,,,,,,,,
140,PADRE MIGUEL,2007,0.0,6.0,0.0,6.0,1.0,1.0,,,,,,,,,,,,
013,PAQUETA,2007,0.0,0.0,0.0,1.0,0.0,1.0,,,,,,,,,,,,
047,PARADA DE LUCAS,2007,0.0,1.0,0.0,1.0,1.0,2.0,,,,,,,,,,,,
108,PARQUE ANCHIETA,2007,0.0,0.0,0.0,2.0,0.0,0.0,,,,,,,,,,,,
158,PARQUE COLUMBIA,2007,0.0,0.0,0.0,0.0,0.0,0.0,,,,,,,,,,,,
114,PAVUNA,2007,0.0,3.0,0.0,6.0,1.0,3.0,,,,,,,,,,,,
121,PECHINCHA,2007,0.0,1.0,0.0,1.0,0.0,0.0,,,,,,,,,,,,
153,PEDRA DE GUARATIBA,2007,0.0,2.0,0.0,2.0,0.0,1.0,,,,,,,,,,,,
043,PENHA,2007,0.0,7.0,0.0,4.0,3.0,1.0,,,,,,,,,,,,
044,PENHA CIRCULAR,2007,0.0,1.0,0.0,0.0,1.0,0.0,,,,,,,,,,,,
069,PIEDADE,2007,0.0,3.0,0.0,1.0,1.0,0.0,,,,,,,,,,,,
071,PILARES,2007,0.0,2.0,0.0,2.0,1.0,0.0,,,,,,,,,,,,
094,PITANGUEIRAS,2007,0.0,3.0,0.0,0.0,0.0,0.0,,,,,,,,,,,,
103,PORTUGUESA,2007,0.0,1.0,0.0,1.0,0.0,0.0,,,,,,,,,,,,
032,PRACA DA BANDEIRA,2007,0.0,1.0,0.0,0.0,0.0,0.0,,,,,,,,,,,,
124,PRACA SECA,2007,0.0,3.0,0.0,1.0,0.0,1.0,,,,,,,,,,,,
095,PRAIA DA BANDEIRA,2007,0.0,0.0,0.0,0.0,0.0,0.0,,,,,,,,,,,,
079,QUINTINO BOCAIUVA,2007,0.0,0.0,0.0,1.0,0.0,2.0,,,,,,,,,,,,
041,RAMOS,2007,0.0,8.0,0.0,6.0,1.0,1.0,,,,,,,,,,,,
139,REALENGO,2007,0.0,15.0,0.0,9.0,3.0,7.0,,,,,,,,,,,,
132,RECREIO BANDEIRANTES,2007,0.0,4.0,0.0,2.0,0.0,1.0,,,,,,,,,,,,
059,RIACHUELO,2007,0.0,0.0,0.0,0.0,0.0,1.0,,,,,,,,,,,,
091,RIBEIRA,2007,0.0,0.0,0.0,0.0,0.0,0.0,,,,,,,,,,,,
109,RICARDO ALBUQUERQUE,2007,0.0,2.0,0.0,3.0,0.0,1.0,,,,,,,,,,,,
007,RIO COMPRIDO,2007,0.0,2.0,0.0,1.0,1.0,2.0,,,,,,,,,,,,
058,ROCHA,2007,0.0,0.0,0.0,0.0,0.0,0.0,,,,,,,,,,,,
086,ROCHA MIRANDA,2007,0.0,2.0,0.0,0.0,2.0,1.0,,,,,,,,,,,,
154,ROCINHA,2007,0.0,6.0,0.0,4.0,0.0,2.0,,,,,,,,,,,,
060,SAMPAIO,2007,0.0,0.0,0.0,1.0,0.0,0.0,,,,,,,,,,,,
149,SANTA CRUZ,2007,0.0,16.0,0.0,32.0,6.0,3.0,,,,,,,,,,,,
014,SANTA TERESA,2007,0.0,1.0,0.0,5.0,1.0,2.0,,,,,,,,,,,,
143,SANTISSIMO,2007,0.0,4.0,0.0,4.0,0.0,2.0,,,,,,,,,,,,
003,SANTO CRISTO,2007,0.0,1.0,0.0,1.0,0.0,0.0,,,,,,,,,,,,
031,SAO CONRADO,2007,0.0,1.0,0.0,0.0,0.0,0.0,,,,,,,,,,,,
010,SAO CRISTOVAO,2007,0.0,1.0,0.0,4.0,0.0,5.0,,,,,,,,,,,,
057,SAO FRANCISCO XAVIER,2007,0.0,0.0,0.0,0.0,0.0,0.0,,,,,,,,,,,,
001,SAUDE,2007,0.0,2.0,0.0,1.0,0.0,0.0,,,,,,,,,,,,
142,SENADOR CAMARA,2007,0.0,2.0,0.0,7.0,0.0,1.0,,,,,,,,,,,,
145,SENADOR VASCONCELOS,2007,0.0,4.0,0.0,1.0,0.0,0.0,,,,,,,,,,,,
150,SEPETIBA,2007,0.0,7.0,0.0,9.0,1.0,0.0,,,,,,,,,,,,
123,TANQUE,2007,0.0,0.0,0.0,1.0,0.0,2.0,,,,,,,,,,,,
122,TAQUARA,2007,0.0,7.0,0.0,4.0,0.0,3.0,,,,,,,,,,,,
101,TAUA,2007,0.0,0.0,0.0,2.0,0.0,0.0,,,,,,,,,,,,
033,TIJUCA,2007,0.0,11.0,0.0,2.0,3.0,2.0,,,,,,,,,,,,
064,TODOS OS SANTOS,2007,0.0,1.0,0.0,0.0,0.0,0.0,,,,,,,,,,,,
056,TOMAS COELHO,2007,0.0,0.0,0.0,4.0,0.0,0.0,,,,,,,,,,,,
085,TURIACU,2007,0.0,1.0,0.0,0.0,0.0,0.0,,,,,,,,,,,,
022,URCA,2007,0.0,0.0,0.0,0.0,0.0,0.0,,,,,,,,,,,,
131,VARGEM GRANDE,2007,0.0,1.0,0.0,1.0,0.0,1.0,,,,,,,,,,,,
130,VARGEM PEQUENA,2007,0.0,0.0,0.0,1.0,0.0,1.0,,,,,,,,,,,,
159,VASCO DA GAMA,2007,0.0,0.0,0.0,0.0,0.0,0.0,,,,,,,,,,,,
084,VAZ LOBO,2007,0.0,0.0,0.0,0.0,0.0,0.0,,,,,,,,,,,,
073,VICENTE DE CARVALHO,2007,0.0,0.0,0.0,3.0,0.0,0.0,,,,,,,,,,,,
030,VIDIGAL,2007,0.0,2.0,0.0,1.0,0.0,0.0,,,,,,,,,,,,
048,VIGARIO GERAL,2007,0.0,1.0,0.0,2.0,2.0,1.0,,,,,,,,,,,,
074,VILA DA PENHA,2007,0.0,3.0,0.0,1.0,0.0,0.0,,,,,,,,,,,,
036,VILA ISABEL,2007,0.0,5.0,0.0,6.0,2.0,1.0,,,,,,,,,,,,
162,VILA KENNEDY,2007,0.0,0.0,0.0,0.0,0.0,0.0,,,,,,,,,,,,
072,VILA KOSMOS,2007,0.0,1.0,0.0,0.0,1.0,0.0,,,,,,,,,,,,
135,VILA MILITAR,2007,0.0,0.0,0.0,0.0,0.0,0.0,,,,,,,,,,,,
125,VILA VALQUEIRE,2007,0.0,3.0,0.0,1.0,0.0,0.0,,,,,,,,,,,,
075,VISTA ALEGRE,2007,0.0,4.0,0.0,0.0,1.0,0.0,,,,,,,,,,,,
092,ZUMBI,2007,0.0,0.0,0.0,0.0,0.0,0.0,,,,,,,,,,,,
070,ABOLICAO,2008,0.0,1.0,0.0,0.0,0.0,1.0,,,,,,,,,,,,
111,ACARI,2008,0.0,2.0,0.0,6.0,1.0,2.0,,,,,,,,,,,,
067,AGUA SANTA,2008,0.0,0.0,0.0,0.0,0.0,2.0,,,,,,,,,,,,
034,ALTO DA BOA VISTA,2008,0.0,0.0,0.0,0.0,0.0,0.0,,,,,,,,,,,,
107,ANCHIETA,2008,0.0,5.0,0.0,3.0,0.0,6.0,,,,,,,,,,,,
037,ANDARAI,2008,0.0,2.0,0.0,4.0,0.0,0.0,,,,,,,,,,,,
116,ANIL,2008,0.0,2.0,0.0,3.0,0.0,1.0,,,,,,,,,,,,
097,BANCARIOS,2008,0.0,2.0,0.0,0.0,0.0,0.0,,,,,,,,,,,,
141,BANGU,2008,0.0,18.0,0.0,13.0,3.0,8.0,,,,,,,,,,,,
128,BARRA DA TIJUCA,2008,0.0,4.0,0.0,1.0,1.0,0.0,,,,,,,,,,,,
152,BARRA DE GUARATIBA,2008,0.0,1.0,0.0,1.0,1.0,0.0,,,,,,,,,,,,
165,BARRA OLIMPICA,2008,0.0,0.0,0.0,0.0,0.0,0.0,,,,,,,,,,,,
112,BARROS FILHO,2008,0.0,1.0,0.0,1.0,0.0,1.0,,,,,,,,,,,,
012,BENFICA,2008,0.0,3.0,0.0,3.0,0.0,1.0,,,,,,,,,,,,
089,BENTO RIBEIRO,2008,0.0,3.0,0.0,3.0,0.0,4.0,,,,,,,,,,,,
040,BONSUCESSO,2008,0.0,5.0,0.0,6.0,1.0,1.0,,,,,,,,,,,,
020,BOTAFOGO,2008,0.0,5.0,0.0,2.0,0.0,0.0,,,,,,,,,,,,
045,BRAS DE PINA,2008,0.0,1.0,0.0,2.0,0.0,3.0,,,,,,,,,,,,
065,CACHAMBI,2008,0.0,4.0,0.0,1.0,0.0,0.0,,,,,,,,,,,,
093,CACUIA,2008,0.0,0.0,0.0,0.0,0.0,0.0,,,,,,,,,,,,
004,CAJU,2008,0.0,2.0,0.0,2.0,0.0,1.0,,,,,,,,,,,,
129,CAMORIM,2008,0.0,1.0,0.0,0.0,0.0,0.0,,,,,,,,,,,,
078,CAMPINHO,2008,0.0,0.0,0.0,3.0,0.0,0.0,,,,,,,,,,,,
136,CAMPO DOS AFONSOS,2008,0.0,0.0,0.0,0.0,0.0,0.0,,,,,,,,,,,,
144,CAMPO GRANDE,2008,0.0,38.0,0.0,26.0,6.0,6.0,,,,,,,,,,,,
082,CASCADURA,2008,0.0,2.0,0.0,0.0,2.0,2.0,,,,,,,,,,,,
018,CATETE,2008,0.0,1.0,0.0,0.0,0.0,0.0,,,,,,,,,,,,
006,CATUMBI,2008,0.0,3.0,0.0,1.0,3.0,0.0,,,,,,,,,,,,
080,CAVALCANTE,2008,0.0,0.0,0.0,4.0,1.0,1.0,,,,,,,,,,,,
005,CENTRO,2008,0.0,3.0,0.0,2.0,1.0,0.0,,,,,,,,,,,,
118,CIDADE DE DEUS,2008,0.0,3.0,0.0,10.0,3.0,1.0,,,,,,,,,,,,
008,CIDADE NOVA,2008,0.0,0.0,0.0,1.0,0.0,1.0,,,,,,,,,,,,
105,CIDADE UNIVERSITARIA,2008,0.0,2.0,0.0,0.0,0.0,0.0,,,,,,,,,,,,
096,COCOTA,2008,0.0,0.0,0.0,2.0,0.0,0.0,,,,,,,,,,,,
110,COELHO NETO,2008,0.0,1.0,0.0,2.0,0.0,1.0,,,,,,,,,,,,
077,COLEGIO,2008,0.0,2.0,0.0,3.0,1.0,1.0,,,,,,,,,,,,
157,COMPLEXO DA MARE,2008,0.0,10.0,0.0,10.0,2.0,1.0,,,,,,,,,,,,
156,COMPLEXO DO ALEMAO,2008,0.0,1.0,0.0,4.0,0.0,1.0,,,,,,,,,,,,
024,COPACABANA,2008,0.0,7.0,0.0,3.0,2.0,1.0,,,,,,,,,,,,
046,CORDOVIL,2008,0.0,4.0,0.0,6.0,0.0,1.0,,,,,,,,,,,,
019,COSME VELHO,2008,0.0,0.0,0.0,0.0,0.0,0.0,,,,,,,,,,,,
147,COSMOS,2008,0.0,6.0,0.0,6.0,2.0,2.0,,,,,,,,,,,,
113,COSTA BARROS,2008,0.0,4.0,0.0,4.0,4.0,2.0,,,,,,,,,,,,
119,CURICICA,2008,0.0,4.0,0.0,7.0,1.0,2.0,,,,,,,,,,,,
053,DEL CASTILHO,2008,0.0,2.0,0.0,2.0,0.0,0.0,,,,,,,,,,,,
134,DEODORO,2008,0.0,0.0,0.0,0.0,1.0,1.0,,,,,,,,,,,,
068,ENCANTADO,2008,0.0,0.0,0.0,0.0,0.0,1.0,,,,,,,,,,,,
081,ENGENHEIRO LEAL,2008,0.0,0.0,0.0,0.0,0.0,0.0,,,,,,,,,,,,
055,ENGENHO DA RAINHA,2008,0.0,2.0,0.0,2.0,0.0,0.0,,,,,,,,,,,,
066,ENGENHO DE DENTRO,2008,0.0,1.0,0.0,1.0,0.0,2.0,,,,,,,,,,,,
061,ENGENHO NOVO,2008,0.0,2.0,0.0,3.0,1.0,0.0,,,,,,,,,,,,
009,ESTACIO,2008,0.0,2.0,0.0,0.0,0.0,0.0,,,,,,,,,,,,
015,FLAMENGO,2008,0.0,3.0,0.0,0.0,0.0,0.0,,,,,,,,,,,,
098,FREGUESIA-ILHA,2008,0.0,1.0,0.0,1.0,0.0,0.0,,,,,,,,,,,,
120,FREGUESIA-JPA,2008,0.0,3.0,0.0,1.0,2.0,1.0,,,,,,,,,,,,
104,GALEAO,2008,0.0,2.0,0.0,0.0,1.0,0.0,,,,,,,,,,,,
002,GAMBOA,2008,0.0,1.0,0.0,1.0,0.0,1.0,,,,,,,,,,,,
117,GARDENIA AZUL,2008,0.0,5.0,0.0,0.0,0.0,4.0,,,,,,,,,,,,
029,GAVEA,2008,0.0,1.0,0.0,1.0,0.0,0.0,,,,,,,,,,,,
160,GERICINo,2008,0.0,0.0,0.0,0.0,0.0,0.0,,,,,,,,,,,,
016,GLORIA,2008,0.0,0.0,0.0,0.0,0.0,0.0,,,,,,,,,,,,
038,GRAJAU,2008,0.0,0.0,0.0,0.0,0.0,0.0,,,,,,,,,,,,
106,GUADALUPE,2008,0.0,6.0,0.0,8.0,1.0,3.0,,,,,,,,,,,,
151,GUARATIBA,2008,0.0,10.0,0.0,10.0,0.0,1.0,,,,,,,,,,,,
050,HIGIENOPOLIS,2008,0.0,0.0,0.0,0.0,0.0,0.0,,,,,,,,,,,,
087,HONORIO GURGEL,2008,0.0,1.0,0.0,1.0,0.0,1.0,,,,,,,,,,,,
021,HUMAITA,2008,0.0,0.0,0.0,0.0,0.0,0.0,,,,,,,,,,,,
999,IGNORADO BAIRRO-MRJ,2008,0.0,1.0,0.0,2.0,1.0,1.0,,,,,,,,,,,,
164,ILHA DE GUARATIBA,2008,0.0,0.0,0.0,0.0,0.0,0.0,,,,,,,,,,,,
998,ILHA DO GOVERNADOR - IGNORADO,2008,0.0,1.0,0.0,2.0,0.0,0.0,,,,,,,,,,,,
054,INHAUMA,2008,0.0,3.0,0.0,8.0,2.0,1.0,,,,,,,,,,,,
146,INHOAIBA,2008,0.0,4.0,0.0,1.0,2.0,1.0,,,,,,,,,,,,
025,IPANEMA,2008,0.0,3.0,0.0,0.0,0.0,0.0,,,,,,,,,,,,
076,IRAJA,2008,0.0,3.0,0.0,12.0,1.0,2.0,,,,,,,,,,,,
127,ITANHANGA,2008,0.0,3.0,0.0,1.0,0.0,0.0,,,,,,,,,,,,
051,JACARE,2008,0.0,1.0,0.0,2.0,0.0,0.0,,,,,,,,,,,,
115,JACAREPAGUA,2008,0.0,15.0,0.0,5.0,0.0,2.0,,,,,,,,,,,,
155,JACAREZINHO,2008,0.0,2.0,0.0,3.0,1.0,0.0,,,,,,,,,,,,
049,JARDIM AMERICA,2008,0.0,7.0,0.0,5.0,2.0,1.0,,,,,,,,,,,,
028,JARDIM BOTANICO,2008,0.0,0.0,0.0,0.0,0.0,0.0,,,,,,,,,,,,
100,JARDIM CARIOCA,2008,0.0,1.0,0.0,3.0,0.0,0.0,,,,,,,,,,,,
099,JARDIM GUANABARA,2008,0.0,4.0,0.0,0.0,0.0,0.0,,,,,,,,,,,,
137,JARDIM SULACAP,2008,0.0,2.0,0.0,0.0,0.0,0.0,,,,,,,,,,,,
126,JOA,2008,0.0,0.0,0.0,0.0,0.0,0.0,,,,,,,,,,,,
027,LAGOA,2008,0.0,1.0,0.0,0.0,0.0,0.0,,,,,,,,,,,,
161,LAPA,2008,0.0,0.0,0.0,0.0,0.0,0.0,,,,,,,,,,,,
017,LARANJEIRAS,2008,0.0,1.0,0.0,1.0,0.0,0.0,,,,,,,,,,,,
026,LEBLON,2008,0.0,0.0,0.0,1.0,1.0,2.0,,,,,,,,,,,,
023,LEME,2008,0.0,0.0,0.0,0.0,0.0,0.0,,,,,,,,,,,,
062,LINS DE VASCONCELOS,2008,0.0,0.0,0.0,4.0,1.0,0.0,,,,,,,,,,,,
083,MADUREIRA,2008,0.0,2.0,0.0,10.0,0.0,1.0,,,,,,,,,,,,
138,MAGALHAES BASTOS,2008,0.0,1.0,0.0,0.0,0.0,1.0,,,,,,,,,,,,
011,MANGUEIRA,2008,0.0,1.0,0.0,1.0,1.0,1.0,,,,,,,,,,,,
039,MANGUINHOS,2008,0.0,4.0,0.0,5.0,0.0,1.0,,,,,,,,,,,,
035,MARACANA,2008,0.0,1.0,0.0,0.0,0.0,0.0,,,,,,,,,,,,
090,MARECHAL HERMES,2008,0.0,3.0,0.0,4.0,0.0,3.0,,,,,,,,,,,,
052,MARIA DA GRACA,2008,0.0,1.0,0.0,0.0,0.0,1.0,,,,,,,,,,,,
063,MEIER,2008,0.0,5.0,0.0,0.0,0.0,0.0,,,,,,,,,,,,
102,MONERO,2008,0.0,1.0,0.0,0.0,0.0,0.0,,,,,,,,,,,,
042,OLARIA,2008,0.0,1.0,0.0,5.0,0.0,0.0,,,,,,,,,,,,
088,OSWALDO CRUZ,2008,0.0,3.0,0.0,2.0,0.0,0.0,,,,,,,,,,,,
148,PACIENCIA,2008,0.0,7.0,0.0,10.0,1.0,2.0,,,,,,,,,,,,
140,PADRE MIGUEL,2008,0.0,2.0,0.0,2.0,0.0,4.0,,,,,,,,,,,,
013,PAQUETA,2008,0.0,0.0,0.0,0.0,0.0,0.0,,,,,,,,,,,,
047,PARADA DE LUCAS,2008,0.0,6.0,0.0,2.0,0.0,0.0,,,,,,,,,,,,
108,PARQUE ANCHIETA,2008,0.0,0.0,0.0,0.0,0.0,0.0,,,,,,,,,,,,
158,PARQUE COLUMBIA,2008,0.0,0.0,0.0,0.0,0.0,0.0,,,,,,,,,,,,
114,PAVUNA,2008,0.0,5.0,0.0,6.0,2.0,1.0,,,,,,,,,,,,
121,PECHINCHA,2008,0.0,2.0,0.0,0.0,0.0,0.0,,,,,,,,,,,,
153,PEDRA DE GUARATIBA,2008,0.0,4.0,0.0,2.0,0.0,0.0,,,,,,,,,,,,
043,PENHA,2008,0.0,6.0,0.0,8.0,4.0,1.0,,,,,,,,,,,,
044,PENHA CIRCULAR,2008,0.0,2.0,0.0,2.0,0.0,0.0,,,,,,,,,,,,
069,PIEDADE,2008,0.0,4.0,0.0,1.0,0.0,0.0,,,,,,,,,,,,
071,PILARES,2008,0.0,0.0,0.0,4.0,0.0,3.0,,,,,,,,,,,,
094,PITANGUEIRAS,2008,0.0,0.0,0.0,0.0,0.0,0.0,,,,,,,,,,,,
103,PORTUGUESA,2008,0.0,2.0,0.0,0.0,0.0,0.0,,,,,,,,,,,,
032,PRACA DA BANDEIRA,2008,0.0,0.0,0.0,0.0,0.0,0.0,,,,,,,,,,,,
124,PRACA SECA,2008,0.0,2.0,0.0,5.0,1.0,1.0,,,,,,,,,,,,
095,PRAIA DA BANDEIRA,2008,0.0,0.0,0.0,0.0,0.0,1.0,,,,,,,,,,,,
079,QUINTINO BOCAIUVA,2008,0.0,2.0,0.0,2.0,0.0,1.0,,,,,,,,,,,,
041,RAMOS,2008,0.0,4.0,0.0,3.0,0.0,1.0,,,,,,,,,,,,
139,REALENGO,2008,0.0,12.0,0.0,20.0,4.0,4.0,,,,,,,,,,,,
132,RECREIO BANDEIRANTES,2008,0.0,4.0,0.0,4.0,1.0,1.0,,,,,,,,,,,,
059,RIACHUELO,2008,0.0,0.0,0.0,0.0,0.0,0.0,,,,,,,,,,,,
091,RIBEIRA,2008,0.0,0.0,0.0,0.0,0.0,0.0,,,,,,,,,,,,
109,RICARDO ALBUQUERQUE,2008,0.0,1.0,0.0,1.0,0.0,1.0,,,,,,,,,,,,
007,RIO COMPRIDO,2008,0.0,2.0,0.0,2.0,0.0,0.0,,,,,,,,,,,,
058,ROCHA,2008,0.0,1.0,0.0,0.0,1.0,0.0,,,,,,,,,,,,
086,ROCHA MIRANDA,2008,0.0,1.0,0.0,1.0,1.0,2.0,,,,,,,,,,,,
154,ROCINHA,2008,0.0,6.0,0.0,10.0,1.0,3.0,,,,,,,,,,,,
060,SAMPAIO,2008,0.0,0.0,0.0,5.0,0.0,0.0,,,,,,,,,,,,
149,SANTA CRUZ,2008,0.0,21.0,0.0,34.0,2.0,4.0,,,,,,,,,,,,
014,SANTA TERESA,2008,0.0,2.0,0.0,4.0,0.0,1.0,,,,,,,,,,,,
143,SANTISSIMO,2008,0.0,3.0,0.0,5.0,1.0,1.0,,,,,,,,,,,,
003,SANTO CRISTO,2008,0.0,2.0,0.0,0.0,0.0,0.0,,,,,,,,,,,,
031,SAO CONRADO,2008,0.0,1.0,0.0,1.0,0.0,0.0,,,,,,,,,,,,
010,SAO CRISTOVAO,2008,0.0,3.0,0.0,10.0,3.0,2.0,,,,,,,,,,,,
057,SAO FRANCISCO XAVIER,2008,0.0,0.0,0.0,0.0,1.0,1.0,,,,,,,,,,,,
001,SAUDE,2008,0.0,1.0,0.0,0.0,0.0,0.0,,,,,,,,,,,,
142,SENADOR CAMARA,2008,0.0,7.0,0.0,12.0,1.0,6.0,,,,,,,,,,,,
145,SENADOR VASCONCELOS,2008,0.0,0.0,0.0,2.0,0.0,0.0,,,,,,,,,,,,
150,SEPETIBA,2008,0.0,4.0,0.0,7.0,0.0,1.0,,,,,,,,,,,,
123,TANQUE,2008,0.0,3.0,0.0,4.0,0.0,1.0,,,,,,,,,,,,
122,TAQUARA,2008,0.0,7.0,0.0,1.0,0.0,2.0,,,,,,,,,,,,
101,TAUA,2008,0.0,2.0,0.0,0.0,1.0,1.0,,,,,,,,,,,,
033,TIJUCA,2008,0.0,16.0,0.0,6.0,0.0,0.0,,,,,,,,,,,,
064,TODOS OS SANTOS,2008,0.0,1.0,0.0,0.0,0.0,0.0,,,,,,,,,,,,
056,TOMAS COELHO,2008,0.0,0.0,0.0,2.0,0.0,0.0,,,,,,,,,,,,
085,TURIACU,2008,0.0,1.0,0.0,2.0,1.0,0.0,,,,,,,,,,,,
022,URCA,2008,0.0,1.0,0.0,0.0,0.0,0.0,,,,,,,,,,,,
131,VARGEM GRANDE,2008,0.0,0.0,0.0,0.0,0.0,0.0,,,,,,,,,,,,
130,VARGEM PEQUENA,2008,0.0,0.0,0.0,2.0,0.0,0.0,,,,,,,,,,,,
159,VASCO DA GAMA,2008,0.0,0.0,0.0,0.0,0.0,0.0,,,,,,,,,,,,
084,VAZ LOBO,2008,0.0,1.0,0.0,0.0,0.0,1.0,,,,,,,,,,,,
073,VICENTE DE CARVALHO,2008,0.0,3.0,0.0,2.0,1.0,0.0,,,,,,,,,,,,
030,VIDIGAL,2008,0.0,2.0,0.0,0.0,0.0,0.0,,,,,,,,,,,,
048,VIGARIO GERAL,2008,0.0,1.0,0.0,3.0,2.0,0.0,,,,,,,,,,,,
074,VILA DA PENHA,2008,0.0,2.0,0.0,1.0,0.0,1.0,,,,,,,,,,,,
036,VILA ISABEL,2008,0.0,7.0,0.0,3.0,0.0,1.0,,,,,,,,,,,,
162,VILA KENNEDY,2008,0.0,0.0,0.0,0.0,0.0,0.0,,,,,,,,,,,,
072,VILA KOSMOS,2008,0.0,1.0,0.0,0.0,2.0,0.0,,,,,,,,,,,,
135,VILA MILITAR,2008,0.0,0.0,0.0,0.0,0.0,0.0,,,,,,,,,,,,
125,VILA VALQUEIRE,2008,0.0,1.0,0.0,5.0,1.0,1.0,,,,,,,,,,,,
075,VISTA ALEGRE,2008,0.0,2.0,0.0,0.0,0.0,0.0,,,,,,,,,,,,
092,ZUMBI,2008,0.0,0.0,0.0,0.0,0.0,0.0,,,,,,,,,,,,
070,ABOLICAO,2009,0.0,0.0,0.0,0.0,0.0,0.0,,,,,,,,,,,,
111,ACARI,2009,0.0,0.0,0.0,3.0,2.0,3.0,,,,,,,,,,,,
067,AGUA SANTA,2009,0.0,0.0,0.0,0.0,1.0,0.0,,,,,,,,,,,,
034,ALTO DA BOA VISTA,2009,0.0,1.0,0.0,0.0,0.0,0.0,,,,,,,,,,,,
107,ANCHIETA,2009,0.0,6.0,0.0,2.0,1.0,5.0,,,,,,,,,,,,
037,ANDARAI,2009,0.0,2.0,0.0,1.0,1.0,0.0,,,,,,,,,,,,
116,ANIL,2009,0.0,4.0,0.0,3.0,0.0,0.0,,,,,,,,,,,,
097,BANCARIOS,2009,0.0,0.0,0.0,1.0,0.0,0.0,,,,,,,,,,,,
141,BANGU,2009,0.0,25.0,0.0,34.0,6.0,8.0,,,,,,,,,,,,
128,BARRA DA TIJUCA,2009,0.0,9.0,0.0,2.0,1.0,0.0,,,,,,,,,,,,
152,BARRA DE GUARATIBA,2009,0.0,1.0,0.0,0.0,0.0,0.0,,,,,,,,,,,,
165,BARRA OLIMPICA,2009,0.0,0.0,0.0,0.0,0.0,0.0,,,,,,,,,,,,
112,BARROS FILHO,2009,0.0,1.0,0.0,3.0,1.0,0.0,,,,,,,,,,,,
012,BENFICA,2009,0.0,3.0,0.0,7.0,0.0,0.0,,,,,,,,,,,,
089,BENTO RIBEIRO,2009,0.0,2.0,0.0,0.0,2.0,0.0,,,,,,,,,,,,
040,BONSUCESSO,2009,0.0,5.0,0.0,6.0,0.0,0.0,,,,,,,,,,,,
020,BOTAFOGO,2009,0.0,1.0,0.0,2.0,0.0,0.0,,,,,,,,,,,,
045,BRAS DE PINA,2009,0.0,4.0,0.0,2.0,0.0,0.0,,,,,,,,,,,,
065,CACHAMBI,2009,0.0,1.0,0.0,2.0,1.0,0.0,,,,,,,,,,,,
093,CACUIA,2009,0.0,3.0,0.0,0.0,0.0,0.0,,,,,,,,,,,,
004,CAJU,2009,0.0,4.0,0.0,5.0,0.0,0.0,,,,,,,,,,,,
129,CAMORIM,2009,0.0,1.0,0.0,0.0,0.0,0.0,,,,,,,,,,,,
078,CAMPINHO,2009,0.0,0.0,0.0,0.0,0.0,0.0,,,,,,,,,,,,
136,CAMPO DOS AFONSOS,2009,0.0,0.0,0.0,0.0,0.0,0.0,,,,,,,,,,,,
144,CAMPO GRANDE,2009,0.0,26.0,0.0,29.0,3.0,6.0,,,,,,,,,,,,
082,CASCADURA,2009,0.0,3.0,0.0,0.0,0.0,1.0,,,,,,,,,,,,
018,CATETE,2009,0.0,1.0,0.0,0.0,0.0,0.0,,,,,,,,,,,,
006,CATUMBI,2009,0.0,2.0,0.0,0.0,2.0,0.0,,,,,,,,,,,,
080,CAVALCANTE,2009,0.0,1.0,0.0,2.0,1.0,0.0,,,,,,,,,,,,
005,CENTRO,2009,0.0,2.0,0.0,6.0,3.0,0.0,,,,,,,,,,,,
118,CIDADE DE DEUS,2009,0.0,0.0,0.0,10.0,2.0,0.0,,,,,,,,,,,,
008,CIDADE NOVA,2009,0.0,0.0,0.0,0.0,0.0,0.0,,,,,,,,,,,,
105,CIDADE UNIVERSITARIA,2009,0.0,0.0,0.0,0.0,0.0,0.0,,,,,,,,,,,,
096,COCOTA,2009,0.0,1.0,0.0,0.0,0.0,0.0,,,,,,,,,,,,
110,COELHO NETO,2009,0.0,1.0,0.0,2.0,1.0,0.0,,,,,,,,,,,,
077,COLEGIO,2009,0.0,2.0,0.0,2.0,1.0,0.0,,,,,,,,,,,,
157,COMPLEXO DA MARE,2009,0.0,7.0,0.0,12.0,2.0,4.0,,,,,,,,,,,,
156,COMPLEXO DO ALEMAO,2009,0.0,2.0,0.0,7.0,1.0,1.0,,,,,,,,,,,,
024,COPACABANA,2009,0.0,9.0,0.0,5.0,1.0,0.0,,,,,,,,,,,,
046,CORDOVIL,2009,0.0,4.0,0.0,4.0,4.0,1.0,,,,,,,,,,,,
019,COSME VELHO,2009,0.0,0.0,0.0,0.0,1.0,0.0,,,,,,,,,,,,
147,COSMOS,2009,0.0,4.0,0.0,9.0,0.0,1.0,,,,,,,,,,,,
113,COSTA BARROS,2009,0.0,2.0,0.0,11.0,2.0,1.0,,,,,,,,,,,,
119,CURICICA,2009,0.0,3.0,0.0,8.0,1.0,0.0,,,,,,,,,,,,
053,DEL CASTILHO,2009,0.0,2.0,0.0,2.0,1.0,0.0,,,,,,,,,,,,
134,DEODORO,2009,0.0,1.0,0.0,0.0,0.0,0.0,,,,,,,,,,,,
068,ENCANTADO,2009,0.0,0.0,0.0,0.0,0.0,0.0,,,,,,,,,,,,
081,ENGENHEIRO LEAL,2009,0.0,1.0,0.0,0.0,0.0,0.0,,,,,,,,,,,,
055,ENGENHO DA RAINHA,2009,0.0,0.0,0.0,3.0,0.0,3.0,,,,,,,,,,,,
066,ENGENHO DE DENTRO,2009,0.0,2.0,0.0,4.0,0.0,1.0,,,,,,,,,,,,
061,ENGENHO NOVO,2009,0.0,3.0,0.0,2.0,2.0,1.0,,,,,,,,,,,,
009,ESTACIO,2009,0.0,1.0,0.0,0.0,1.0,0.0,,,,,,,,,,,,
015,FLAMENGO,2009,0.0,1.0,0.0,1.0,0.0,0.0,,,,,,,,,,,,
098,FREGUESIA-ILHA,2009,0.0,2.0,0.0,1.0,0.0,0.0,,,,,,,,,,,,
120,FREGUESIA-JPA,2009,0.0,3.0,0.0,2.0,1.0,0.0,,,,,,,,,,,,
104,GALEAO,2009,0.0,6.0,0.0,0.0,0.0,0.0,,,,,,,,,,,,
002,GAMBOA,2009,0.0,1.0,0.0,0.0,0.0,1.0,,,,,,,,,,,,
117,GARDENIA AZUL,2009,0.0,2.0,0.0,2.0,1.0,1.0,,,,,,,,,,,,
029,GAVEA,2009,0.0,0.0,0.0,0.0,0.0,0.0,,,,,,,,,,,,
160,GERICINo,2009,0.0,0.0,0.0,0.0,0.0,0.0,,,,,,,,,,,,
016,GLORIA,2009,0.0,1.0,0.0,0.0,1.0,0.0,,,,,,,,,,,,
038,GRAJAU,2009,0.0,1.0,0.0,1.0,1.0,0.0,,,,,,,,,,,,
106,GUADALUPE,2009,0.0,5.0,0.0,4.0,0.0,1.0,,,,,,,,,,,,
151,GUARATIBA,2009,0.0,6.0,0.0,9.0,2.0,0.0,,,,,,,,,,,,
050,HIGIENOPOLIS,2009,0.0,1.0,0.0,1.0,0.0,0.0,,,,,,,,,,,,
087,HONORIO GURGEL,2009,0.0,5.0,0.0,3.0,1.0,0.0,,,,,,,,,,,,
021,HUMAITA,2009,0.0,0.0,0.0,0.0,1.0,0.0,,,,,,,,,,,,
999,IGNORADO BAIRRO-MRJ,2009,0.0,2.0,0.0,4.0,1.0,1.0,,,,,,,,,,,,
164,ILHA DE GUARATIBA,2009,0.0,0.0,0.0,0.0,0.0,0.0,,,,,,,,,,,,
998,ILHA DO GOVERNADOR - IGNORADO,2009,0.0,0.0,0.0,1.0,0.0,1.0,,,,,,,,,,,,
054,INHAUMA,2009,0.0,4.0,0.0,10.0,1.0,2.0,,,,,,,,,,,,
146,INHOAIBA,2009,0.0,3.0,0.0,6.0,0.0,1.0,,,,,,,,,,,,
025,IPANEMA,2009,0.0,1.0,0.0,0.0,1.0,1.0,,,,,,,,,,,,
076,IRAJA,2009,0.0,4.0,0.0,4.0,0.0,0.0,,,,,,,,,,,,
127,ITANHANGA,2009,0.0,3.0,0.0,3.0,0.0,0.0,,,,,,,,,,,,
051,JACARE,2009,0.0,0.0,0.0,1.0,1.0,1.0,,,,,,,,,,,,
115,JACAREPAGUA,2009,0.0,16.0,0.0,6.0,0.0,8.0,,,,,,,,,,,,
155,JACAREZINHO,2009,0.0,1.0,0.0,3.0,1.0,2.0,,,,,,,,,,,,
049,JARDIM AMERICA,2009,0.0,2.0,0.0,3.0,1.0,1.0,,,,,,,,,,,,
028,JARDIM BOTANICO,2009,0.0,0.0,0.0,0.0,0.0,0.0,,,,,,,,,,,,
100,JARDIM CARIOCA,2009,0.0,0.0,0.0,1.0,0.0,0.0,,,,,,,,,,,,
099,JARDIM GUANABARA,2009,0.0,0.0,0.0,0.0,1.0,2.0,,,,,,,,,,,,
137,JARDIM SULACAP,2009,0.0,0.0,0.0,0.0,0.0,0.0,,,,,,,,,,,,
126,JOA,2009,0.0,0.0,0.0,0.0,0.0,0.0,,,,,,,,,,,,
027,LAGOA,2009,0.0,1.0,0.0,0.0,0.0,0.0,,,,,,,,,,,,
161,LAPA,2009,0.0,0.0,0.0,0.0,0.0,0.0,,,,,,,,,,,,
017,LARANJEIRAS,2009,0.0,2.0,0.0,0.0,0.0,0.0,,,,,,,,,,,,
026,LEBLON,2009,0.0,1.0,0.0,0.0,0.0,0.0,,,,,,,,,,,,
023,LEME,2009,0.0,0.0,0.0,0.0,0.0,0.0,,,,,,,,,,,,
062,LINS DE VASCONCELOS,2009,0.0,0.0,0.0,4.0,1.0,3.0,,,,,,,,,,,,
083,MADUREIRA,2009,0.0,5.0,0.0,4.0,1.0,1.0,,,,,,,,,,,,
138,MAGALHAES BASTOS,2009,0.0,3.0,0.0,1.0,0.0,0.0,,,,,,,,,,,,
011,MANGUEIRA,2009,0.0,2.0,0.0,4.0,1.0,1.0,,,,,,,,,,,,
039,MANGUINHOS,2009,0.0,3.0,0.0,2.0,1.0,1.0,,,,,,,,,,,,
035,MARACANA,2009,0.0,1.0,0.0,0.0,0.0,0.0,,,,,,,,,,,,
090,MARECHAL HERMES,2009,0.0,1.0,0.0,1.0,0.0,2.0,,,,,,,,,,,,
052,MARIA DA GRACA,2009,0.0,0.0,0.0,0.0,0.0,0.0,,,,,,,,,,,,
063,MEIER,2009,0.0,9.0,0.0,2.0,1.0,1.0,,,,,,,,,,,,
102,MONERO,2009,0.0,2.0,0.0,0.0,0.0,0.0,,,,,,,,,,,,
042,OLARIA,2009,0.0,2.0,0.0,5.0,1.0,2.0,,,,,,,,,,,,
088,OSWALDO CRUZ,2009,0.0,2.0,0.0,1.0,1.0,3.0,,,,,,,,,,,,
148,PACIENCIA,2009,0.0,14.0,0.0,11.0,2.0,1.0,,,,,,,,,,,,
140,PADRE MIGUEL,2009,0.0,5.0,0.0,4.0,0.0,2.0,,,,,,,,,,,,
013,PAQUETA,2009,0.0,0.0,0.0,0.0,0.0,0.0,,,,,,,,,,,,
047,PARADA DE LUCAS,2009,0.0,0.0,0.0,2.0,1.0,0.0,,,,,,,,,,,,
108,PARQUE ANCHIETA,2009,0.0,1.0,0.0,1.0,0.0,1.0,,,,,,,,,,,,
158,PARQUE COLUMBIA,2009,0.0,0.0,0.0,0.0,0.0,0.0,,,,,,,,,,,,
114,PAVUNA,2009,0.0,6.0,0.0,7.0,3.0,2.0,,,,,,,,,,,,
121,PECHINCHA,2009,0.0,2.0,0.0,1.0,1.0,0.0,,,,,,,,,,,,
153,PEDRA DE GUARATIBA,2009,0.0,3.0,0.0,0.0,0.0,0.0,,,,,,,,,,,,
043,PENHA,2009,0.0,6.0,0.0,9.0,1.0,1.0,,,,,,,,,,,,
044,PENHA CIRCULAR,2009,0.0,1.0,0.0,1.0,0.0,0.0,,,,,,,,,,,,
069,PIEDADE,2009,0.0,4.0,0.0,2.0,2.0,1.0,,,,,,,,,,,,
071,PILARES,2009,0.0,0.0,0.0,2.0,1.0,0.0,,,,,,,,,,,,
094,PITANGUEIRAS,2009,0.0,1.0,0.0,1.0,0.0,0.0,,,,,,,,,,,,
103,PORTUGUESA,2009,0.0,0.0,0.0,0.0,0.0,0.0,,,,,,,,,,,,
032,PRACA DA BANDEIRA,2009,0.0,0.0,0.0,0.0,0.0,0.0,,,,,,,,,,,,
124,PRACA SECA,2009,0.0,5.0,0.0,5.0,3.0,6.0,,,,,,,,,,,,
095,PRAIA DA BANDEIRA,2009,0.0,1.0,0.0,0.0,0.0,0.0,,,,,,,,,,,,
079,QUINTINO BOCAIUVA,2009,0.0,1.0,0.0,1.0,1.0,1.0,,,,,,,,,,,,
041,RAMOS,2009,0.0,3.0,0.0,5.0,1.0,0.0,,,,,,,,,,,,
139,REALENGO,2009,0.0,14.0,0.0,14.0,3.0,4.0,,,,,,,,,,,,
132,RECREIO BANDEIRANTES,2009,0.0,6.0,0.0,3.0,0.0,0.0,,,,,,,,,,,,
059,RIACHUELO,2009,0.0,2.0,0.0,0.0,0.0,0.0,,,,,,,,,,,,
091,RIBEIRA,2009,0.0,0.0,0.0,0.0,0.0,0.0,,,,,,,,,,,,
109,RICARDO ALBUQUERQUE,2009,0.0,1.0,0.0,2.0,0.0,0.0,,,,,,,,,,,,
007,RIO COMPRIDO,2009,0.0,2.0,0.0,3.0,0.0,0.0,,,,,,,,,,,,
058,ROCHA,2009,0.0,2.0,0.0,0.0,0.0,0.0,,,,,,,,,,,,
086,ROCHA MIRANDA,2009,0.0,8.0,0.0,3.0,3.0,2.0,,,,,,,,,,,,
154,ROCINHA,2009,0.0,8.0,0.0,6.0,0.0,3.0,,,,,,,,,,,,
060,SAMPAIO,2009,0.0,0.0,0.0,1.0,1.0,1.0,,,,,,,,,,,,
149,SANTA CRUZ,2009,0.0,26.0,0.0,37.0,5.0,6.0,,,,,,,,,,,,
014,SANTA TERESA,2009,0.0,5.0,0.0,3.0,1.0,2.0,,,,,,,,,,,,
143,SANTISSIMO,2009,0.0,5.0,0.0,6.0,3.0,2.0,,,,,,,,,,,,
003,SANTO CRISTO,2009,0.0,1.0,0.0,1.0,1.0,1.0,,,,,,,,,,,,
031,SAO CONRADO,2009,0.0,0.0,0.0,0.0,0.0,0.0,,,,,,,,,,,,
010,SAO CRISTOVAO,2009,0.0,6.0,0.0,4.0,2.0,2.0,,,,,,,,,,,,
057,SAO FRANCISCO XAVIER,2009,0.0,0.0,0.0,0.0,0.0,0.0,,,,,,,,,,,,
001,SAUDE,2009,0.0,0.0,0.0,2.0,0.0,0.0,,,,,,,,,,,,
142,SENADOR CAMARA,2009,0.0,9.0,0.0,3.0,3.0,2.0,,,,,,,,,,,,
145,SENADOR VASCONCELOS,2009,0.0,0.0,0.0,0.0,0.0,0.0,,,,,,,,,,,,
150,SEPETIBA,2009,0.0,6.0,0.0,2.0,0.0,0.0,,,,,,,,,,,,
123,TANQUE,2009,0.0,1.0,0.0,2.0,1.0,0.0,,,,,,,,,,,,
122,TAQUARA,2009,0.0,9.0,0.0,6.0,0.0,1.0,,,,,,,,,,,,
101,TAUA,2009,0.0,3.0,0.0,1.0,0.0,1.0,,,,,,,,,,,,
033,TIJUCA,2009,0.0,14.0,0.0,6.0,0.0,0.0,,,,,,,,,,,,
064,TODOS OS SANTOS,2009,0.0,1.0,0.0,0.0,0.0,0.0,,,,,,,,,,,,
056,TOMAS COELHO,2009,0.0,4.0,0.0,0.0,0.0,1.0,,,,,,,,,,,,
085,TURIACU,2009,0.0,1.0,0.0,1.0,0.0,1.0,,,,,,,,,,,,
022,URCA,2009,0.0,0.0,0.0,0.0,0.0,0.0,,,,,,,,,,,,
131,VARGEM GRANDE,2009,0.0,0.0,0.0,0.0,1.0,1.0,,,,,,,,,,,,
130,VARGEM PEQUENA,2009,0.0,0.0,0.0,0.0,0.0,0.0,,,,,,,,,,,,
159,VASCO DA GAMA,2009,0.0,0.0,0.0,0.0,0.0,0.0,,,,,,,,,,,,
084,VAZ LOBO,2009,0.0,0.0,0.0,0.0,0.0,0.0,,,,,,,,,,,,
073,VICENTE DE CARVALHO,2009,0.0,3.0,0.0,1.0,1.0,1.0,,,,,,,,,,,,
030,VIDIGAL,2009,0.0,1.0,0.0,1.0,0.0,0.0,,,,,,,,,,,,
048,VIGARIO GERAL,2009,0.0,3.0,0.0,4.0,0.0,0.0,,,,,,,,,,,,
074,VILA DA PENHA,2009,0.0,1.0,0.0,4.0,0.0,0.0,,,,,,,,,,,,
036,VILA ISABEL,2009,0.0,6.0,0.0,6.0,1.0,1.0,,,,,,,,,,,,
162,VILA KENNEDY,2009,0.0,0.0,0.0,0.0,0.0,0.0,,,,,,,,,,,,
072,VILA KOSMOS,2009,0.0,0.0,0.0,0.0,0.0,0.0,,,,,,,,,,,,
135,VILA MILITAR,2009,0.0,0.0,0.0,0.0,0.0,0.0,,,,,,,,,,,,
125,VILA VALQUEIRE,2009,0.0,1.0,0.0,1.0,0.0,1.0,,,,,,,,,,,,
075,VISTA ALEGRE,2009,0.0,0.0,0.0,0.0,0.0,0.0,,,,,,,,,,,,
092,ZUMBI,2009,0.0,0.0,0.0,0.0,0.0,0.0,,,,,,,,,,,,
070,ABOLICAO,2010,0.0,1.0,0.0,0.0,0.0,0.0,,,,,,,,,,,,
111,ACARI,2010,0.0,3.0,0.0,9.0,2.0,0.0,,,,,,,,,,,,
067,AGUA SANTA,2010,0.0,0.0,0.0,1.0,0.0,0.0,,,,,,,,,,,,
034,ALTO DA BOA VISTA,2010,0.0,1.0,0.0,0.0,0.0,0.0,,,,,,,,,,,,
107,ANCHIETA,2010,0.0,7.0,0.0,4.0,1.0,6.0,,,,,,,,,,,,
037,ANDARAI,2010,0.0,0.0,0.0,0.0,0.0,0.0,,,,,,,,,,,,
116,ANIL,2010,0.0,2.0,0.0,2.0,0.0,0.0,,,,,,,,,,,,
097,BANCARIOS,2010,0.0,1.0,0.0,1.0,0.0,0.0,,,,,,,,,,,,
141,BANGU,2010,0.0,20.0,0.0,33.0,1.0,5.0,,,,,,,,,,,,
128,BARRA DA TIJUCA,2010,0.0,6.0,0.0,0.0,0.0,0.0,,,,,,,,,,,,
152,BARRA DE GUARATIBA,2010,0.0,0.0,0.0,0.0,1.0,0.0,,,,,,,,,,,,
165,BARRA OLIMPICA,2010,0.0,0.0,0.0,0.0,0.0,0.0,,,,,,,,,,,,
112,BARROS FILHO,2010,0.0,0.0,0.0,2.0,0.0,1.0,,,,,,,,,,,,
012,BENFICA,2010,0.0,2.0,0.0,4.0,0.0,0.0,,,,,,,,,,,,
089,BENTO RIBEIRO,2010,0.0,1.0,0.0,2.0,0.0,0.0,,,,,,,,,,,,
040,BONSUCESSO,2010,0.0,5.0,0.0,7.0,1.0,0.0,,,,,,,,,,,,
020,BOTAFOGO,2010,0.0,3.0,0.0,0.0,0.0,0.0,,,,,,,,,,,,
045,BRAS DE PINA,2010,0.0,0.0,0.0,4.0,4.0,1.0,,,,,,,,,,,,
065,CACHAMBI,2010,0.0,3.0,0.0,2.0,0.0,0.0,,,,,,,,,,,,
093,CACUIA,2010,0.0,0.0,0.0,0.0,0.0,0.0,,,,,,,,,,,,
004,CAJU,2010,0.0,1.0,0.0,2.0,0.0,0.0,,,,,,,,,,,,
129,CAMORIM,2010,0.0,0.0,0.0,0.0,0.0,1.0,,,,,,,,,,,,
078,CAMPINHO,2010,0.0,0.0,0.0,3.0,0.0,0.0,,,,,,,,,,,,
136,CAMPO DOS AFONSOS,2010,0.0,0.0,0.0,0.0,0.0,0.0,,,,,,,,,,,,
144,CAMPO GRANDE,2010,0.0,33.0,0.0,26.0,2.0,4.0,,,,,,,,,,,,
082,CASCADURA,2010,0.0,4.0,0.0,7.0,0.0,2.0,,,,,,,,,,,,
018,CATETE,2010,0.0,0.0,0.0,0.0,0.0,0.0,,,,,,,,,,,,
006,CATUMBI,2010,0.0,0.0,0.0,2.0,0.0,0.0,,,,,,,,,,,,
080,CAVALCANTE,2010,0.0,1.0,0.0,2.0,1.0,0.0,,,,,,,,,,,,
005,CENTRO,2010,0.0,2.0,0.0,3.0,0.0,1.0,,,,,,,,,,,,
118,CIDADE DE DEUS,2010,0.0,5.0,0.0,8.0,4.0,4.0,,,,,,,,,,,,
008,CIDADE NOVA,2010,0.0,0.0,0.0,1.0,0.0,1.0,,,,,,,,,,,,
105,CIDADE UNIVERSITARIA,2010,0.0,0.0,0.0,0.0,0.0,0.0,,,,,,,,,,,,
096,COCOTA,2010,0.0,0.0,0.0,0.0,0.0,0.0,,,,,,,,,,,,
110,COELHO NETO,2010,0.0,3.0,0.0,0.0,0.0,0.0,,,,,,,,,,,,
077,COLEGIO,2010,0.0,1.0,0.0,4.0,0.0,1.0,,,,,,,,,,,,
157,COMPLEXO DA MARE,2010,0.0,3.0,0.0,10.0,1.0,1.0,,,,,,,,,,,,
156,COMPLEXO DO ALEMAO,2010,0.0,0.0,0.0,1.0,0.0,0.0,,,,,,,,,,,,
024,COPACABANA,2010,1.0,7.0,0.0,7.0,0.0,0.0,,,,,,,,,,,,
046,CORDOVIL,2010,0.0,5.0,0.0,4.0,0.0,2.0,,,,,,,,,,,,
019,COSME VELHO,2010,0.0,3.0,0.0,0.0,0.0,0.0,,,,,,,,,,,,
147,COSMOS,2010,0.0,7.0,0.0,6.0,1.0,0.0,,,,,,,,,,,,
113,COSTA BARROS,2010,0.0,3.0,0.0,4.0,2.0,0.0,,,,,,,,,,,,
119,CURICICA,2010,0.0,4.0,0.0,6.0,2.0,0.0,,,,,,,,,,,,
053,DEL CASTILHO,2010,0.0,1.0,0.0,0.0,1.0,0.0,,,,,,,,,,,,
134,DEODORO,2010,0.0,1.0,0.0,2.0,0.0,0.0,,,,,,,,,,,,
068,ENCANTADO,2010,0.0,0.0,0.0,1.0,2.0,0.0,,,,,,,,,,,,
081,ENGENHEIRO LEAL,2010,0.0,0.0,0.0,1.0,0.0,0.0,,,,,,,,,,,,
055,ENGENHO DA RAINHA,2010,0.0,0.0,0.0,1.0,0.0,0.0,,,,,,,,,,,,
066,ENGENHO DE DENTRO,2010,0.0,3.0,0.0,0.0,1.0,0.0,,,,,,,,,,,,
061,ENGENHO NOVO,2010,0.0,5.0,0.0,6.0,0.0,1.0,,,,,,,,,,,,
009,ESTACIO,2010,0.0,1.0,0.0,2.0,0.0,1.0,,,,,,,,,,,,
015,FLAMENGO,2010,0.0,4.0,0.0,0.0,0.0,0.0,,,,,,,,,,,,
098,FREGUESIA-ILHA,2010,0.0,0.0,0.0,1.0,0.0,0.0,,,,,,,,,,,,
120,FREGUESIA-JPA,2010,0.0,7.0,0.0,2.0,0.0,1.0,,,,,,,,,,,,
104,GALEAO,2010,0.0,4.0,0.0,1.0,0.0,0.0,,,,,,,,,,,,
002,GAMBOA,2010,0.0,1.0,0.0,0.0,0.0,0.0,,,,,,,,,,,,
117,GARDENIA AZUL,2010,0.0,4.0,0.0,6.0,1.0,2.0,,,,,,,,,,,,
029,GAVEA,2010,0.0,2.0,0.0,1.0,0.0,0.0,,,,,,,,,,,,
160,GERICINo,2010,0.0,0.0,0.0,0.0,0.0,0.0,,,,,,,,,,,,
016,GLORIA,2010,0.0,0.0,0.0,0.0,0.0,0.0,,,,,,,,,,,,
038,GRAJAU,2010,0.0,0.0,0.0,1.0,0.0,0.0,,,,,,,,,,,,
106,GUADALUPE,2010,0.0,2.0,0.0,6.0,2.0,0.0,,,,,,,,,,,,
151,GUARATIBA,2010,0.0,6.0,0.0,9.0,1.0,1.0,,,,,,,,,,,,
050,HIGIENOPOLIS,2010,0.0,0.0,0.0,1.0,0.0,0.0,,,,,,,,,,,,
087,HONORIO GURGEL,2010,0.0,3.0,0.0,4.0,1.0,1.0,,,,,,,,,,,,
021,HUMAITA,2010,0.0,1.0,0.0,0.0,0.0,0.0,,,,,,,,,,,,
999,IGNORADO BAIRRO-MRJ,2010,0.0,2.0,0.0,2.0,1.0,0.0,,,,,,,,,,,,
164,ILHA DE GUARATIBA,2010,0.0,0.0,0.0,0.0,0.0,0.0,,,,,,,,,,,,
998,ILHA DO GOVERNADOR - IGNORADO,2010,0.0,2.0,0.0,0.0,0.0,0.0,,,,,,,,,,,,
054,INHAUMA,2010,0.0,1.0,0.0,2.0,0.0,3.0,,,,,,,,,,,,
146,INHOAIBA,2010,0.0,0.0,0.0,7.0,3.0,0.0,,,,,,,,,,,,
025,IPANEMA,2010,0.0,4.0,0.0,0.0,0.0,0.0,,,,,,,,,,,,
076,IRAJA,2010,0.0,13.0,0.0,6.0,4.0,1.0,,,,,,,,,,,,
127,ITANHANGA,2010,0.0,2.0,0.0,4.0,0.0,1.0,,,,,,,,,,,,
051,JACARE,2010,0.0,1.0,0.0,4.0,1.0,0.0,,,,,,,,,,,,
115,JACAREPAGUA,2010,0.0,11.0,0.0,12.0,0.0,0.0,,,,,,,,,,,,
155,JACAREZINHO,2010,0.0,2.0,0.0,1.0,1.0,0.0,,,,,,,,,,,,
049,JARDIM AMERICA,2010,0.0,4.0,0.0,2.0,0.0,0.0,,,,,,,,,,,,
028,JARDIM BOTANICO,2010,0.0,1.0,0.0,1.0,0.0,0.0,,,,,,,,,,,,
100,JARDIM CARIOCA,2010,0.0,1.0,0.0,4.0,0.0,0.0,,,,,,,,,,,,
099,JARDIM GUANABARA,2010,0.0,1.0,0.0,2.0,0.0,0.0,,,,,,,,,,,,
137,JARDIM SULACAP,2010,0.0,2.0,0.0,1.0,0.0,0.0,,,,,,,,,,,,
126,JOA,2010,0.0,0.0,0.0,0.0,0.0,0.0,,,,,,,,,,,,
027,LAGOA,2010,0.0,0.0,0.0,0.0,0.0,0.0,,,,,,,,,,,,
161,LAPA,2010,0.0,0.0,0.0,0.0,0.0,0.0,,,,,,,,,,,,
017,LARANJEIRAS,2010,0.0,0.0,0.0,0.0,0.0,0.0,,,,,,,,,,,,
026,LEBLON,2010,0.0,1.0,0.0,1.0,1.0,0.0,,,,,,,,,,,,
023,LEME,2010,1.0,1.0,0.0,0.0,0.0,0.0,,,,,,,,,,,,
062,LINS DE VASCONCELOS,2010,0.0,3.0,0.0,3.0,2.0,1.0,,,,,,,,,,,,
083,MADUREIRA,2010,0.0,0.0,0.0,5.0,2.0,0.0,,,,,,,,,,,,
138,MAGALHAES BASTOS,2010,0.0,3.0,0.0,4.0,0.0,2.0,,,,,,,,,,,,
011,MANGUEIRA,2010,1.0,2.0,0.0,4.0,1.0,0.0,,,,,,,,,,,,
039,MANGUINHOS,2010,0.0,3.0,0.0,5.0,1.0,0.0,,,,,,,,,,,,
035,MARACANA,2010,0.0,2.0,0.0,0.0,0.0,0.0,,,,,,,,,,,,
090,MARECHAL HERMES,2010,0.0,2.0,0.0,3.0,0.0,1.0,,,,,,,,,,,,
052,MARIA DA GRACA,2010,0.0,1.0,0.0,1.0,0.0,0.0,,,,,,,,,,,,
063,MEIER,2010,0.0,6.0,0.0,2.0,0.0,0.0,,,,,,,,,,,,
102,MONERO,2010,0.0,0.0,0.0,0.0,0.0,0.0,,,,,,,,,,,,
042,OLARIA,2010,0.0,3.0,0.0,1.0,0.0,1.0,,,,,,,,,,,,
088,OSWALDO CRUZ,2010,0.0,3.0,0.0,1.0,0.0,0.0,,,,,,,,,,,,
148,PACIENCIA,2010,0.0,8.0,0.0,10.0,0.0,2.0,,,,,,,,,,,,
140,PADRE MIGUEL,2010,0.0,0.0,0.0,5.0,2.0,1.0,,,,,,,,,,,,
013,PAQUETA,2010,0.0,0.0,0.0,0.0,0.0,0.0,,,,,,,,,,,,
047,PARADA DE LUCAS,2010,0.0,1.0,0.0,1.0,0.0,1.0,,,,,,,,,,,,
108,PARQUE ANCHIETA,2010,0.0,1.0,0.0,2.0,0.0,0.0,,,,,,,,,,,,
158,PARQUE COLUMBIA,2010,0.0,0.0,0.0,0.0,0.0,0.0,,,,,,,,,,,,
114,PAVUNA,2010,0.0,9.0,0.0,6.0,2.0,3.0,,,,,,,,,,,,
121,PECHINCHA,2010,0.0,1.0,0.0,1.0,0.0,1.0,,,,,,,,,,,,
153,PEDRA DE GUARATIBA,2010,0.0,1.0,0.0,4.0,4.0,0.0,,,,,,,,,,,,
043,PENHA,2010,0.0,3.0,0.0,9.0,1.0,1.0,,,,,,,,,,,,
044,PENHA CIRCULAR,2010,0.0,4.0,0.0,5.0,0.0,0.0,,,,,,,,,,,,
069,PIEDADE,2010,0.0,1.0,0.0,3.0,0.0,1.0,,,,,,,,,,,,
071,PILARES,2010,0.0,0.0,0.0,1.0,1.0,2.0,,,,,,,,,,,,
094,PITANGUEIRAS,2010,0.0,1.0,0.0,0.0,0.0,1.0,,,,,,,,,,,,
103,PORTUGUESA,2010,0.0,0.0,0.0,2.0,0.0,0.0,,,,,,,,,,,,
032,PRACA DA BANDEIRA,2010,0.0,2.0,0.0,0.0,0.0,0.0,,,,,,,,,,,,
124,PRACA SECA,2010,0.0,6.0,0.0,5.0,1.0,0.0,,,,,,,,,,,,
095,PRAIA DA BANDEIRA,2010,0.0,0.0,0.0,0.0,0.0,0.0,,,,,,,,,,,,
079,QUINTINO BOCAIUVA,2010,0.0,1.0,0.0,3.0,0.0,0.0,,,,,,,,,,,,
041,RAMOS,2010,0.0,2.0,0.0,3.0,2.0,0.0,,,,,,,,,,,,
139,REALENGO,2010,0.0,10.0,0.0,13.0,0.0,5.0,,,,,,,,,,,,
132,RECREIO BANDEIRANTES,2010,0.0,7.0,0.0,1.0,0.0,2.0,,,,,,,,,,,,
059,RIACHUELO,2010,0.0,0.0,0.0,0.0,0.0,0.0,,,,,,,,,,,,
091,RIBEIRA,2010,0.0,0.0,0.0,0.0,0.0,0.0,,,,,,,,,,,,
109,RICARDO ALBUQUERQUE,2010,0.0,3.0,0.0,2.0,0.0,0.0,,,,,,,,,,,,
007,RIO COMPRIDO,2010,0.0,4.0,0.0,6.0,0.0,0.0,,,,,,,,,,,,
058,ROCHA,2010,0.0,0.0,0.0,0.0,0.0,0.0,,,,,,,,,,,,
086,ROCHA MIRANDA,2010,0.0,2.0,0.0,3.0,1.0,0.0,,,,,,,,,,,,
154,ROCINHA,2010,0.0,8.0,0.0,5.0,0.0,1.0,,,,,,,,,,,,
060,SAMPAIO,2010,0.0,1.0,0.0,3.0,0.0,0.0,,,,,,,,,,,,
149,SANTA CRUZ,2010,0.0,20.0,0.0,29.0,1.0,4.0,,,,,,,,,,,,
014,SANTA TERESA,2010,0.0,2.0,0.0,1.0,0.0,0.0,,,,,,,,,,,,
143,SANTISSIMO,2010,0.0,4.0,0.0,3.0,0.0,0.0,,,,,,,,,,,,
003,SANTO CRISTO,2010,0.0,0.0,0.0,2.0,0.0,0.0,,,,,,,,,,,,
031,SAO CONRADO,2010,0.0,0.0,0.0,1.0,0.0,0.0,,,,,,,,,,,,
010,SAO CRISTOVAO,2010,0.0,6.0,0.0,4.0,1.0,1.0,,,,,,,,,,,,
057,SAO FRANCISCO XAVIER,2010,0.0,1.0,0.0,1.0,0.0,0.0,,,,,,,,,,,,
001,SAUDE,2010,0.0,2.0,0.0,1.0,0.0,0.0,,,,,,,,,,,,
142,SENADOR CAMARA,2010,0.0,7.0,0.0,9.0,3.0,3.0,,,,,,,,,,,,
145,SENADOR VASCONCELOS,2010,0.0,1.0,0.0,3.0,0.0,0.0,,,,,,,,,,,,
150,SEPETIBA,2010,0.0,3.0,0.0,5.0,1.0,1.0,,,,,,,,,,,,
123,TANQUE,2010,0.0,3.0,0.0,6.0,0.0,0.0,,,,,,,,,,,,
122,TAQUARA,2010,0.0,17.0,0.0,9.0,2.0,1.0,,,,,,,,,,,,
101,TAUA,2010,0.0,1.0,0.0,0.0,0.0,0.0,,,,,,,,,,,,
033,TIJUCA,2010,0.0,6.0,0.0,4.0,2.0,3.0,,,,,,,,,,,,
064,TODOS OS SANTOS,2010,0.0,0.0,0.0,0.0,0.0,0.0,,,,,,,,,,,,
056,TOMAS COELHO,2010,0.0,3.0,0.0,2.0,0.0,1.0,,,,,,,,,,,,
085,TURIACU,2010,0.0,2.0,0.0,1.0,1.0,0.0,,,,,,,,,,,,
022,URCA,2010,0.0,0.0,0.0,0.0,0.0,0.0,,,,,,,,,,,,
131,VARGEM GRANDE,2010,0.0,2.0,0.0,0.0,0.0,0.0,,,,,,,,,,,,
130,VARGEM PEQUENA,2010,0.0,2.0,0.0,4.0,1.0,0.0,,,,,,,,,,,,
159,VASCO DA GAMA,2010,0.0,0.0,0.0,0.0,0.0,0.0,,,,,,,,,,,,
084,VAZ LOBO,2010,0.0,0.0,0.0,0.0,2.0,1.0,,,,,,,,,,,,
073,VICENTE DE CARVALHO,2010,0.0,3.0,0.0,3.0,0.0,0.0,,,,,,,,,,,,
030,VIDIGAL,2010,0.0,2.0,0.0,0.0,0.0,0.0,,,,,,,,,,,,
048,VIGARIO GERAL,2010,0.0,2.0,0.0,3.0,0.0,3.0,,,,,,,,,,,,
074,VILA DA PENHA,2010,0.0,3.0,0.0,2.0,1.0,0.0,,,,,,,,,,,,
036,VILA ISABEL,2010,0.0,8.0,0.0,1.0,0.0,0.0,,,,,,,,,,,,
162,VILA KENNEDY,2010,0.0,0.0,0.0,0.0,0.0,0.0,,,,,,,,,,,,
072,VILA KOSMOS,2010,0.0,0.0,0.0,0.0,0.0,0.0,,,,,,,,,,,,
135,VILA MILITAR,2010,0.0,0.0,0.0,0.0,0.0,0.0,,,,,,,,,,,,
125,VILA VALQUEIRE,2010,0.0,3.0,0.0,0.0,0.0,0.0,,,,,,,,,,,,
075,VISTA ALEGRE,2010,0.0,0.0,0.0,0.0,0.0,0.0,,,,,,,,,,,,
092,ZUMBI,2010,0.0,0.0,0.0,0.0,0.0,0.0,,,,,,,,,,,,
070,ABOLICAO,2011,0.0,0.0,0.0,1.0,0.0,0.0,0.0,52.0,0.0,27.0,4.0,61.0,,0.0,,3.7,0.0,0.0
111,ACARI,2011,0.0,1.0,0.0,4.0,0.0,0.0,7.0,79.0,0.0,157.0,53.0,167.0,0.0,1.27,,2.55,0.0,0.0
067,AGUA SANTA,2011,0.0,0.0,0.0,3.0,0.0,0.0,0.0,22.0,0.0,15.0,8.0,38.0,,0.0,,20.0,0.0,0.0
034,ALTO DA BOA VISTA,2011,0.0,0.0,0.0,0.0,1.0,0.0,1.0,37.0,1.0,35.0,10.0,38.0,0.0,0.0,0.0,0.0,10.0,0.0
107,ANCHIETA,2011,0.0,10.0,0.0,5.0,2.0,0.0,2.0,170.0,1.0,327.0,73.0,451.0,0.0,5.88,0.0,1.53,2.74,0.0
037,ANDARAI,2011,0.0,2.0,0.0,0.0,0.0,0.0,2.0,119.0,0.0,46.0,34.0,109.0,0.0,1.68,,0.0,0.0,0.0
116,ANIL,2011,0.0,2.0,0.0,2.0,0.0,0.0,1.0,198.0,0.0,116.0,17.0,159.0,0.0,1.01,,1.72,0.0,0.0
097,BANCARIOS,2011,0.0,1.0,0.0,2.0,0.0,0.0,0.0,49.0,0.0,59.0,15.0,110.0,,2.04,,3.39,0.0,0.0
141,BANGU,2011,0.0,16.0,0.0,24.0,3.0,3.0,8.0,753.0,0.0,1221.0,145.0,1385.0,0.0,2.12,,1.97,2.07,0.22
128,BARRA DA TIJUCA,2011,0.0,14.0,0.0,2.0,0.0,0.0,2.0,1221.0,0.0,118.0,18.0,374.0,0.0,1.15,,1.69,0.0,0.0
152,BARRA DE GUARATIBA,2011,0.0,1.0,0.0,1.0,0.0,0.0,0.0,14.0,1.0,26.0,6.0,25.0,,7.14,0.0,3.85,0.0,0.0
165,BARRA OLIMPICA,2011,0.0,0.0,0.0,0.0,0.0,0.0,0.0,0.0,0.0,0.0,0.0,0.0,,,,,,
112,BARROS FILHO,2011,0.0,0.0,0.0,1.0,1.0,1.0,1.0,37.0,0.0,69.0,15.0,62.0,0.0,0.0,,1.45,6.67,1.61
012,BENFICA,2011,0.0,4.0,0.0,4.0,0.0,0.0,1.0,70.0,0.0,69.0,18.0,211.0,0.0,5.71,,5.8,0.0,0.0
089,BENTO RIBEIRO,2011,0.0,3.0,0.0,3.0,0.0,0.0,1.0,153.0,0.0,163.0,29.0,188.0,0.0,1.96,,1.84,0.0,0.0
040,BONSUCESSO,2011,0.0,0.0,0.0,6.0,0.0,0.0,2.0,109.0,0.0,95.0,21.0,179.0,0.0,0.0,,6.32,0.0,0.0
020,BOTAFOGO,2011,0.0,3.0,0.0,1.0,0.0,1.0,5.0,538.0,1.0,96.0,18.0,180.0,0.0,0.56,0.0,1.04,0.0,0.56
045,BRAS DE PINA,2011,0.0,0.0,0.0,1.0,4.0,0.0,3.0,144.0,0.0,139.0,53.0,213.0,0.0,0.0,,0.72,7.55,0.0
065,CACHAMBI,2011,0.0,4.0,0.0,2.0,0.0,0.0,1.0,164.0,0.0,52.0,15.0,128.0,0.0,2.44,,3.85,0.0,0.0
093,CACUIA,2011,0.0,1.0,0.0,1.0,0.0,0.0,0.0,48.0,0.0,32.0,5.0,74.0,,2.08,,3.12,0.0,0.0
004,CAJU,2011,0.0,1.0,0.0,2.0,1.0,0.0,0.0,87.0,0.0,113.0,15.0,224.0,,1.15,,1.77,6.67,0.0
129,CAMORIM,2011,0.0,1.0,0.0,0.0,0.0,0.0,0.0,36.0,0.0,23.0,3.0,15.0,,2.78,,0.0,0.0,0.0
078,CAMPINHO,2011,0.0,0.0,0.0,1.0,0.0,0.0,0.0,71.0,0.0,50.0,18.0,56.0,,0.0,,2.0,0.0,0.0
136,CAMPO DOS AFONSOS,2011,0.0,0.0,0.0,0.0,0.0,0.0,0.0,3.0,0.0,1.0,0.0,1.0,,0.0,,0.0,,0.0
144,CAMPO GRANDE,2011,0.0,33.0,0.0,35.0,2.0,2.0,11.0,1365.0,1.0,1644.0,361.0,1813.0,0.0,2.42,0.0,2.13,0.55,0.11
082,CASCADURA,2011,0.0,1.0,0.0,1.0,0.0,0.0,1.0,118.0,1.0,91.0,44.0,175.0,0.0,0.85,0.0,1.1,0.0,0.0
018,CATETE,2011,0.0,4.0,0.0,0.0,0.0,0.0,0.0,108.0,0.0,46.0,11.0,64.0,,3.7,,0.0,0.0,0.0
006,CATUMBI,2011,0.0,4.0,0.0,1.0,0.0,0.0,0.0,61.0,0.0,69.0,23.0,129.0,,6.56,,1.45,0.0,0.0
080,CAVALCANTE,2011,0.0,1.0,0.0,1.0,0.0,0.0,0.0,33.0,0.0,60.0,19.0,91.0,,3.03,,1.67,0.0,0.0
005,CENTRO,2011,0.0,1.0,0.0,1.0,0.0,0.0,1.0,176.0,0.0,101.0,20.0,218.0,0.0,0.57,,0.99,0.0,0.0
118,CIDADE DE DEUS,2011,0.0,2.0,0.0,5.0,4.0,2.0,0.0,149.0,1.0,324.0,183.0,220.0,,1.34,0.0,1.54,2.19,0.91
008,CIDADE NOVA,2011,0.0,0.0,0.0,0.0,0.0,0.0,0.0,24.0,0.0,22.0,4.0,44.0,,0.0,,0.0,0.0,0.0
105,CIDADE UNIVERSITARIA,2011,0.0,0.0,0.0,0.0,0.0,0.0,0.0,4.0,0.0,10.0,0.0,10.0,,0.0,,0.0,,0.0
096,COCOTA,2011,0.0,0.0,0.0,1.0,0.0,0.0,0.0,31.0,0.0,26.0,3.0,48.0,,0.0,,3.85,0.0,0.0
110,COELHO NETO,2011,0.0,2.0,0.0,4.0,1.0,1.0,2.0,83.0,0.0,124.0,49.0,143.0,0.0,2.41,,3.23,2.04,0.7
077,COLEGIO,2011,0.0,1.0,0.0,3.0,0.0,1.0,1.0,88.0,0.0,134.0,49.0,155.0,0.0,1.14,,2.24,0.0,0.65
157,COMPLEXO DA MARE,2011,0.0,7.0,0.0,12.0,0.0,5.0,3.0,478.0,0.0,841.0,165.0,1026.0,0.0,1.46,,1.43,0.0,0.49
156,COMPLEXO DO ALEMAO,2011,0.0,3.0,0.0,3.0,1.0,0.0,0.0,67.0,0.0,93.0,26.0,195.0,,4.48,,3.23,3.85,0.0
024,COPACABANA,2011,0.0,6.0,0.0,1.0,0.0,0.0,3.0,655.0,0.0,169.0,58.0,320.0,0.0,0.92,,0.59,0.0,0.0
046,CORDOVIL,2011,0.0,2.0,0.0,7.0,1.0,0.0,3.0,108.0,2.0,200.0,71.0,202.0,0.0,1.85,0.0,3.5,1.41,0.0
019,COSME VELHO,2011,0.0,0.0,0.0,0.0,1.0,1.0,0.0,28.0,0.0,25.0,7.0,32.0,,0.0,,0.0,14.29,3.12
147,COSMOS,2011,0.0,4.0,0.0,7.0,0.0,0.0,2.0,180.0,1.0,365.0,99.0,394.0,0.0,2.22,0.0,1.92,0.0,0.0
113,COSTA BARROS,2011,0.0,2.0,0.0,10.0,2.0,0.0,3.0,67.0,1.0,243.0,91.0,278.0,0.0,2.99,0.0,4.12,2.2,0.0
119,CURICICA,2011,0.0,0.0,0.0,5.0,1.0,0.0,0.0,265.0,0.0,244.0,82.0,246.0,,0.0,,2.05,1.22,0.0
053,DEL CASTILHO,2011,0.0,2.0,0.0,3.0,0.0,0.0,0.0,87.0,0.0,55.0,10.0,114.0,,2.3,,5.45,0.0,0.0
134,DEODORO,2011,0.0,2.0,0.0,2.0,0.0,1.0,0.0,29.0,1.0,55.0,14.0,60.0,,6.9,0.0,3.64,0.0,1.67
068,ENCANTADO,2011,0.0,1.0,0.0,1.0,0.0,0.0,0.0,49.0,0.0,26.0,7.0,70.0,,2.04,,3.85,0.0,0.0
081,ENGENHEIRO LEAL,2011,0.0,1.0,0.0,1.0,0.0,0.0,0.0,7.0,0.0,13.0,3.0,19.0,,14.29,,7.69,0.0,0.0
055,ENGENHO DA RAINHA,2011,0.0,1.0,0.0,1.0,1.0,0.0,1.0,60.0,0.0,65.0,21.0,150.0,0.0,1.67,,1.54,4.76,0.0
066,ENGENHO DE DENTRO,2011,0.0,1.0,0.0,5.0,0.0,2.0,0.0,170.0,0.0,94.0,17.0,250.0,,0.59,,5.32,0.0,0.8
061,ENGENHO NOVO,2011,0.0,2.0,0.0,8.0,0.0,1.0,0.0,179.0,1.0,133.0,57.0,293.0,,1.12,0.0,6.02,0.0,0.34
009,ESTACIO,2011,0.0,4.0,0.0,2.0,2.0,0.0,1.0,89.0,0.0,67.0,23.0,131.0,0.0,4.49,,2.99,8.7,0.0
015,FLAMENGO,2011,0.0,3.0,0.0,0.0,1.0,1.0,0.0,255.0,0.0,41.0,11.0,95.0,,1.18,,0.0,9.09,1.05
098,FREGUESIA-ILHA,2011,0.0,0.0,0.0,1.0,0.0,1.0,0.0,100.0,0.0,74.0,13.0,162.0,,0.0,,1.35,0.0,0.62
120,FREGUESIA-JPA,2011,0.0,5.0,0.0,2.0,1.0,1.0,2.0,446.0,0.0,183.0,52.0,195.0,0.0,1.12,,1.09,1.92,0.51
104,GALEAO,2011,0.0,1.0,0.0,1.0,0.0,0.0,1.0,99.0,0.0,73.0,16.0,159.0,0.0,1.01,,1.37,0.0,0.0
002,GAMBOA,2011,0.0,1.0,0.0,0.0,0.0,0.0,0.0,31.0,0.0,34.0,9.0,72.0,,3.23,,0.0,0.0,0.0
117,GARDENIA AZUL,2011,0.0,5.0,0.0,5.0,1.0,1.0,0.0,149.0,0.0,222.0,60.0,187.0,,3.36,,2.25,1.67,0.53
029,GAVEA,2011,0.0,1.0,0.0,0.0,0.0,0.0,1.0,124.0,0.0,44.0,9.0,65.0,0.0,0.81,,0.0,0.0,0.0
160,GERICINo,2011,0.0,0.0,0.0,0.0,0.0,0.0,0.0,0.0,0.0,0.0,0.0,0.0,,,,,,
016,GLORIA,2011,0.0,0.0,0.0,0.0,0.0,0.0,0.0,76.0,0.0,21.0,10.0,39.0,,0.0,,0.0,0.0,0.0
038,GRAJAU,2011,0.0,3.0,0.0,2.0,0.0,0.0,3.0,192.0,1.0,54.0,16.0,119.0,0.0,1.56,0.0,3.7,0.0,0.0
133,GRUMARI,2011,0.0,0.0,0.0,0.0,0.0,0.0,0.0,1.0,0.0,1.0,0.0,2.0,,0.0,,0.0,,0.0
106,GUADALUPE,2011,0.0,1.0,0.0,1.0,0.0,0.0,2.0,164.0,0.0,191.0,52.0,264.0,0.0,0.61,,0.52,0.0,0.0
151,GUARATIBA,2011,0.0,12.0,0.0,4.0,1.0,1.0,1.0,341.0,0.0,530.0,106.0,408.0,0.0,3.52,,0.75,0.94,0.25
050,HIGIENOPOLIS,2011,0.0,0.0,0.0,0.0,0.0,1.0,1.0,66.0,0.0,37.0,7.0,71.0,0.0,0.0,,0.0,0.0,1.41
087,HONORIO GURGEL,2011,0.0,1.0,0.0,1.0,0.0,1.0,1.0,63.0,0.0,109.0,38.0,128.0,0.0,1.59,,0.92,0.0,0.78
021,HUMAITA,2011,0.0,2.0,0.0,1.0,0.0,0.0,1.0,109.0,0.0,12.0,1.0,30.0,0.0,1.83,,8.33,0.0,0.0
999,IGNORADO BAIRRO-MRJ,2011,0.0,0.0,0.0,2.0,1.0,0.0,0.0,52.0,0.0,89.0,15.0,231.0,,0.0,,2.25,6.67,0.0
164,ILHA DE GUARATIBA,2011,0.0,0.0,0.0,0.0,0.0,0.0,0.0,0.0,0.0,0.0,0.0,0.0,,,,,,
998,ILHA DO GOVERNADOR - IGNORADO,2011,0.0,2.0,0.0,0.0,1.0,1.0,0.0,5.0,0.0,8.0,3.0,10.0,,40.0,,0.0,33.33,10.0
054,INHAUMA,2011,0.0,2.0,0.0,8.0,1.0,4.0,0.0,197.0,0.0,238.0,70.0,497.0,,1.02,,3.36,1.43,0.8
146,INHOAIBA,2011,0.0,4.0,0.0,3.0,1.0,2.0,1.0,134.0,0.0,313.0,90.0,254.0,0.0,2.99,,0.96,1.11,0.79
025,IPANEMA,2011,0.0,0.0,0.0,3.0,0.0,0.0,0.0,226.0,1.0,31.0,8.0,67.0,,0.0,0.0,9.68,0.0,0.0
076,IRAJA,2011,0.0,8.0,0.0,6.0,1.0,1.0,8.0,342.0,0.0,312.0,88.0,441.0,0.0,2.34,,1.92,1.14,0.23
127,ITANHANGA,2011,0.0,0.0,0.0,2.0,0.0,2.0,2.0,213.0,0.0,143.0,24.0,167.0,0.0,0.0,,1.4,0.0,1.2
163,JABOUR,2011,0.0,0.0,0.0,0.0,0.0,0.0,0.0,0.0,0.0,0.0,0.0,0.0,,,,,,
051,JACARE,2011,0.0,1.0,0.0,4.0,0.0,0.0,0.0,86.0,1.0,113.0,23.0,263.0,,1.16,0.0,3.54,0.0,0.0
115,JACAREPAGUA,2011,0.0,12.0,0.0,11.0,1.0,1.0,1.0,717.0,0.0,624.0,115.0,446.0,0.0,1.67,,1.76,0.87,0.22
155,JACAREZINHO,2011,0.0,2.0,0.0,2.0,0.0,0.0,0.0,30.0,0.0,69.0,24.0,117.0,,6.67,,2.9,0.0,0.0
049,JARDIM AMERICA,2011,0.0,2.0,0.0,3.0,2.0,1.0,3.0,100.0,0.0,128.0,51.0,222.0,0.0,2.0,,2.34,3.92,0.45
028,JARDIM BOTANICO,2011,0.0,1.0,0.0,0.0,0.0,0.0,0.0,142.0,0.0,15.0,3.0,65.0,,0.7,,0.0,0.0,0.0
100,JARDIM CARIOCA,2011,0.0,1.0,0.0,0.0,0.0,1.0,0.0,105.0,1.0,88.0,14.0,153.0,,0.95,0.0,0.0,0.0,0.65
099,JARDIM GUANABARA,2011,0.0,3.0,0.0,1.0,0.0,0.0,0.0,180.0,1.0,32.0,2.0,88.0,,1.67,0.0,3.12,0.0,0.0
137,JARDIM SULACAP,2011,0.0,2.0,0.0,3.0,0.0,0.0,0.0,90.0,0.0,33.0,3.0,69.0,,2.22,,9.09,0.0,0.0
126,JOA,2011,0.0,1.0,0.0,0.0,0.0,0.0,0.0,3.0,0.0,0.0,0.0,3.0,,33.33,,,,0.0
027,LAGOA,2011,0.0,0.0,0.0,0.0,0.0,0.0,0.0,155.0,0.0,9.0,0.0,45.0,,0.0,,0.0,,0.0
161,LAPA,2011,0.0,0.0,0.0,0.0,0.0,0.0,0.0,0.0,0.0,0.0,0.0,0.0,,,,,,
017,LARANJEIRAS,2011,0.0,2.0,0.0,0.0,0.0,0.0,0.0,240.0,0.0,40.0,11.0,93.0,,0.83,,0.0,0.0,0.0
026,LEBLON,2011,0.0,1.0,0.0,1.0,0.0,0.0,0.0,261.0,0.0,23.0,8.0,90.0,,0.38,,4.35,0.0,0.0
023,LEME,2011,0.0,0.0,0.0,0.0,3.0,0.0,1.0,55.0,1.0,30.0,6.0,27.0,0.0,0.0,0.0,0.0,50.0,0.0
062,LINS DE VASCONCELOS,2011,0.0,1.0,0.0,3.0,0.0,1.0,1.0,97.0,0.0,89.0,47.0,247.0,0.0,1.03,,3.37,0.0,0.4
083,MADUREIRA,2011,0.0,7.0,0.0,2.0,2.0,0.0,0.0,215.0,0.0,239.0,106.0,328.0,,3.26,,0.84,1.89,0.0
138,MAGALHAES BASTOS,2011,0.0,3.0,0.0,4.0,0.0,1.0,0.0,95.0,0.0,129.0,15.0,148.0,,3.16,,3.1,0.0,0.68
011,MANGUEIRA,2011,0.0,2.0,0.0,3.0,1.0,0.0,1.0,40.0,0.0,89.0,41.0,182.0,0.0,5.0,,3.37,2.44,0.0
039,MANGUINHOS,2011,0.0,2.0,0.0,4.0,0.0,0.0,2.0,63.0,0.0,70.0,27.0,133.0,0.0,3.17,,5.71,0.0,0.0
035,MARACANA,2011,0.0,2.0,0.0,0.0,0.0,0.0,2.0,131.0,0.0,26.0,9.0,58.0,0.0,1.53,,0.0,0.0,0.0
090,MARECHAL HERMES,2011,0.0,1.0,0.0,5.0,0.0,1.0,1.0,163.0,0.0,197.0,42.0,173.0,0.0,0.61,,2.54,0.0,0.58
052,MARIA DA GRACA,2011,0.0,0.0,0.0,0.0,0.0,0.0,0.0,26.0,0.0,13.0,2.0,30.0,,0.0,,0.0,0.0,0.0
063,MEIER,2011,0.0,1.0,0.0,2.0,0.0,0.0,2.0,292.0,0.0,68.0,21.0,194.0,0.0,0.34,,2.94,0.0,0.0
102,MONERO,2011,0.0,1.0,0.0,0.0,0.0,0.0,0.0,18.0,0.0,9.0,1.0,16.0,,5.56,,0.0,0.0,0.0
042,OLARIA,2011,0.0,1.0,0.0,4.0,0.0,0.0,1.0,191.0,0.0,122.0,39.0,269.0,0.0,0.52,,3.28,0.0,0.0
088,OSWALDO CRUZ,2011,0.0,1.0,0.0,2.0,0.0,2.0,0.0,91.0,0.0,86.0,37.0,99.0,,1.1,,2.33,0.0,2.02
148,PACIENCIA,2011,0.0,7.0,0.0,15.0,4.0,1.0,4.0,226.0,1.0,528.0,157.0,544.0,0.0,3.1,0.0,2.84,2.55,0.18
140,PADRE MIGUEL,2011,0.0,8.0,0.0,5.0,0.0,3.0,2.0,218.0,0.0,341.0,47.0,424.0,0.0,3.67,,1.47,0.0,0.71
013,PAQUETA,2011,0.0,0.0,0.0,1.0,0.0,0.0,0.0,8.0,0.0,9.0,1.0,30.0,,0.0,,11.11,0.0,0.0
047,PARADA DE LUCAS,2011,0.0,1.0,0.0,2.0,1.0,0.0,2.0,53.0,0.0,86.0,28.0,118.0,0.0,1.89,,2.33,3.57,0.0
108,PARQUE ANCHIETA,2011,0.0,1.0,0.0,3.0,0.0,0.0,1.0,38.0,0.0,50.0,9.0,74.0,0.0,2.63,,6.0,0.0,0.0
158,PARQUE COLUMBIA,2011,0.0,0.0,0.0,0.0,0.0,0.0,0.0,0.0,0.0,0.0,0.0,4.0,,,,,,0.0
114,PAVUNA,2011,0.0,8.0,0.0,6.0,2.0,3.0,4.0,191.0,1.0,316.0,85.0,520.0,0.0,4.19,0.0,1.9,2.35,0.58
121,PECHINCHA,2011,0.0,3.0,0.0,1.0,0.0,1.0,1.0,238.0,1.0,86.0,16.0,153.0,0.0,1.26,0.0,1.16,0.0,0.65
153,PEDRA DE GUARATIBA,2011,0.0,4.0,0.0,5.0,0.0,1.0,1.0,151.0,0.0,235.0,42.0,141.0,0.0,2.65,,2.13,0.0,0.71
043,PENHA,2011,0.0,5.0,0.0,7.0,1.0,4.0,2.0,248.0,0.0,311.0,106.0,449.0,0.0,2.02,,2.25,0.94,0.89
044,PENHA CIRCULAR,2011,0.0,3.0,0.0,4.0,0.0,0.0,1.0,100.0,0.0,95.0,28.0,145.0,0.0,3.0,,4.21,0.0,0.0
069,PIEDADE,2011,0.0,3.0,0.0,2.0,0.0,0.0,2.0,150.0,0.0,92.0,28.0,256.0,0.0,2.0,,2.17,0.0,0.0
071,PILARES,2011,0.0,1.0,0.0,1.0,0.0,1.0,0.0,91.0,0.0,64.0,37.0,133.0,,1.1,,1.56,0.0,0.75
094,PITANGUEIRAS,2011,0.0,0.0,0.0,1.0,0.0,0.0,1.0,40.0,0.0,31.0,4.0,48.0,0.0,0.0,,3.23,0.0,0.0
103,PORTUGUESA,2011,1.0,0.0,0.0,0.0,0.0,0.0,0.0,73.0,0.0,40.0,7.0,67.0,,0.0,,0.0,0.0,0.0
032,PRACA DA BANDEIRA,2011,0.0,1.0,0.0,0.0,0.0,0.0,0.0,44.0,1.0,13.0,6.0,31.0,,2.27,0.0,0.0,0.0,0.0
124,PRACA SECA,2011,0.0,4.0,0.0,1.0,0.0,1.0,2.0,283.0,0.0,230.0,84.0,261.0,0.0,1.41,,0.43,0.0,0.38
095,PRAIA DA BANDEIRA,2011,0.0,0.0,0.0,0.0,0.0,0.0,0.0,32.0,0.0,12.0,0.0,22.0,,0.0,,0.0,,0.0
079,QUINTINO BOCAIUVA,2011,0.0,2.0,0.0,2.0,0.0,0.0,0.0,90.0,0.0,75.0,23.0,154.0,,2.22,,2.67,0.0,0.0
041,RAMOS,2011,0.0,6.0,0.0,3.0,0.0,0.0,0.0,214.0,0.0,251.0,61.0,354.0,,2.8,,1.2,0.0,0.0
139,REALENGO,2011,0.0,13.0,0.0,14.0,3.0,6.0,1.0,541.0,2.0,750.0,128.0,906.0,0.0,2.4,0.0,1.87,2.34,0.66
132,RECREIO BANDEIRANTES,2011,0.0,7.0,0.0,4.0,0.0,1.0,2.0,718.0,1.0,242.0,48.0,307.0,0.0,0.97,0.0,1.65,0.0,0.33
059,RIACHUELO,2011,0.0,0.0,0.0,0.0,0.0,0.0,2.0,49.0,0.0,21.0,3.0,56.0,0.0,0.0,,0.0,0.0,0.0
091,RIBEIRA,2011,0.0,0.0,0.0,0.0,0.0,0.0,0.0,15.0,0.0,3.0,3.0,13.0,,0.0,,0.0,0.0,0.0
109,RICARDO ALBUQUERQUE,2011,0.0,3.0,0.0,2.0,1.0,0.0,0.0,70.0,0.0,101.0,32.0,148.0,,4.29,,1.98,3.12,0.0
007,RIO COMPRIDO,2011,0.0,2.0,0.0,5.0,1.0,0.0,1.0,205.0,0.0,146.0,48.0,234.0,0.0,0.98,,3.42,2.08,0.0
058,ROCHA,2011,0.0,2.0,0.0,0.0,0.0,0.0,0.0,36.0,0.0,11.0,5.0,27.0,,5.56,,0.0,0.0,0.0
086,ROCHA MIRANDA,2011,0.0,3.0,0.0,1.0,1.0,1.0,1.0,137.0,0.0,151.0,65.0,197.0,0.0,2.19,,0.66,1.54,0.51
154,ROCINHA,2011,0.0,10.0,0.0,2.0,3.0,1.0,1.0,363.0,0.0,418.0,80.0,362.0,0.0,2.75,,0.48,3.75,0.28
060,SAMPAIO,2011,0.0,0.0,0.0,0.0,0.0,0.0,1.0,27.0,0.0,30.0,12.0,79.0,0.0,0.0,,0.0,0.0,0.0
149,SANTA CRUZ,2011,0.0,23.0,0.0,22.0,8.0,1.0,6.0,536.0,4.0,1260.0,385.0,1431.0,0.0,4.29,0.0,1.75,2.08,0.07
014,SANTA TERESA,2011,0.0,0.0,0.0,2.0,1.0,0.0,3.0,130.0,0.0,121.0,27.0,191.0,0.0,0.0,,1.65,3.7,0.0
143,SANTISSIMO,2011,0.0,5.0,0.0,4.0,0.0,1.0,0.0,183.0,0.0,297.0,42.0,297.0,,2.73,,1.35,0.0,0.34
003,SANTO CRISTO,2011,0.0,2.0,0.0,1.0,0.0,0.0,1.0,48.0,0.0,72.0,22.0,101.0,0.0,4.17,,1.39,0.0,0.0
031,SAO CONRADO,2011,0.0,1.0,0.0,0.0,0.0,0.0,0.0,65.0,0.0,14.0,2.0,26.0,,1.54,,0.0,0.0,0.0
010,SAO CRISTOVAO,2011,0.0,4.0,0.0,2.0,1.0,1.0,2.0,160.0,0.0,166.0,42.0,336.0,0.0,2.5,,1.2,2.38,0.3
057,SAO FRANCISCO XAVIER,2011,0.0,1.0,0.0,1.0,0.0,0.0,0.0,22.0,0.0,10.0,4.0,28.0,,4.55,,10.0,0.0,0.0
001,SAUDE,2011,0.0,1.0,0.0,0.0,0.0,0.0,0.0,8.0,0.0,16.0,2.0,40.0,,12.5,,0.0,0.0,0.0
142,SENADOR CAMARA,2011,0.0,11.0,1.0,15.0,4.0,3.0,1.0,271.0,3.0,491.0,69.0,566.0,0.0,4.06,33.33,3.05,5.8,0.53
145,SENADOR VASCONCELOS,2011,0.0,2.0,0.0,3.0,0.0,0.0,4.0,66.0,0.0,125.0,30.0,90.0,0.0,3.03,,2.4,0.0,0.0
150,SEPETIBA,2011,0.0,5.0,0.0,7.0,0.0,2.0,1.0,129.0,0.0,272.0,68.0,309.0,0.0,3.88,,2.57,0.0,0.65
123,TANQUE,2011,0.0,3.0,0.0,3.0,1.0,0.0,0.0,154.0,0.0,161.0,48.0,206.0,,1.95,,1.86,2.08,0.0
122,TAQUARA,2011,0.0,7.0,0.0,1.0,1.0,3.0,2.0,591.0,0.0,423.0,125.0,555.0,0.0,1.18,,0.24,0.8,0.54
101,TAUA,2011,0.0,4.0,0.0,0.0,0.0,1.0,0.0,74.0,0.0,62.0,14.0,116.0,,5.41,,0.0,0.0,0.86
033,TIJUCA,2011,0.0,6.0,0.0,3.0,4.0,1.0,13.0,774.0,0.0,223.0,132.0,508.0,0.0,0.78,,1.35,3.03,0.2
064,TODOS OS SANTOS,2011,0.0,3.0,0.0,0.0,0.0,0.0,1.0,82.0,0.0,19.0,3.0,35.0,0.0,3.66,,0.0,0.0,0.0
056,TOMAS COELHO,2011,0.0,2.0,0.0,0.0,0.0,0.0,0.0,60.0,0.0,64.0,16.0,133.0,,3.33,,0.0,0.0,0.0
085,TURIACU,2011,0.0,0.0,0.0,0.0,0.0,0.0,0.0,33.0,0.0,64.0,30.0,67.0,,0.0,,0.0,0.0,0.0
022,URCA,2011,0.0,1.0,0.0,0.0,0.0,0.0,0.0,35.0,0.0,3.0,2.0,20.0,,2.86,,0.0,0.0,0.0
131,VARGEM GRANDE,2011,0.0,1.0,0.0,1.0,0.0,0.0,0.0,94.0,0.0,102.0,34.0,74.0,,1.06,,0.98,0.0,0.0
130,VARGEM PEQUENA,2011,0.0,3.0,0.0,3.0,0.0,0.0,1.0,142.0,0.0,114.0,43.0,82.0,0.0,2.11,,2.63,0.0,0.0
159,VASCO DA GAMA,2011,0.0,0.0,0.0,0.0,0.0,0.0,0.0,0.0,0.0,0.0,0.0,0.0,,,,,,
084,VAZ LOBO,2011,0.0,0.0,0.0,2.0,0.0,0.0,1.0,54.0,0.0,69.0,28.0,79.0,0.0,0.0,,2.9,0.0,0.0
073,VICENTE DE CARVALHO,2011,0.0,1.0,0.0,4.0,0.0,1.0,0.0,60.0,2.0,96.0,28.0,126.0,,1.67,0.0,4.17,0.0,0.79
030,VIDIGAL,2011,0.0,2.0,0.0,0.0,0.0,0.0,0.0,69.0,0.0,65.0,11.0,79.0,,2.9,,0.0,0.0,0.0
048,VIGARIO GERAL,2011,0.0,0.0,0.0,5.0,1.0,0.0,2.0,72.0,1.0,134.0,44.0,209.0,0.0,0.0,0.0,3.73,2.27,0.0
074,VILA DA PENHA,2011,0.0,3.0,0.0,1.0,0.0,0.0,1.0,158.0,0.0,95.0,15.0,170.0,0.0,1.9,,1.05,0.0,0.0
036,VILA ISABEL,2011,0.0,2.0,0.0,7.0,1.0,0.0,5.0,285.0,0.0,112.0,71.0,260.0,0.0,0.7,,6.25,1.41,0.0
162,VILA KENNEDY,2011,0.0,0.0,0.0,0.0,0.0,0.0,0.0,0.0,0.0,0.0,0.0,0.0,,,,,,
072,VILA KOSMOS,2011,0.0,0.0,0.0,0.0,0.0,0.0,1.0,37.0,0.0,27.0,5.0,35.0,0.0,0.0,,0.0,0.0,0.0
135,VILA MILITAR,2011,0.0,0.0,0.0,0.0,0.0,0.0,0.0,14.0,0.0,5.0,1.0,11.0,,0.0,,0.0,0.0,0.0
125,VILA VALQUEIRE,2011,0.0,1.0,0.0,0.0,1.0,0.0,1.0,173.0,0.0,95.0,24.0,129.0,0.0,0.58,,0.0,4.17,0.0
075,VISTA ALEGRE,2011,0.0,0.0,0.0,0.0,0.0,0.0,1.0,58.0,0.0,44.0,11.0,75.0,0.0,0.0,,0.0,0.0,0.0
092,ZUMBI,2011,0.0,0.0,0.0,0.0,0.0,0.0,0.0,14.0,0.0,10.0,0.0,15.0,,0.0,,0.0,,0.0
070,ABOLICAO,2012,0.0,0.0,0.0,0.0,1.0,0.0,0.0,76.0,0.0,38.0,10.0,1.0,,0.0,,0.0,10.0,0.0
111,ACARI,2012,0.0,4.0,0.0,2.0,0.0,1.0,2.0,78.0,0.0,299.0,81.0,4.0,0.0,5.13,,0.67,0.0,25.0
067,AGUA SANTA,2012,0.0,1.0,0.0,1.0,0.0,0.0,0.0,38.0,1.0,33.0,8.0,1.0,,2.63,0.0,3.03,0.0,0.0
034,ALTO DA BOA VISTA,2012,0.0,0.0,0.0,1.0,0.0,0.0,0.0,48.0,0.0,49.0,9.0,2.0,,0.0,,2.04,0.0,0.0
107,ANCHIETA,2012,0.0,11.0,0.0,9.0,2.0,1.0,3.0,262.0,1.0,580.0,117.0,7.0,0.0,4.2,0.0,1.55,1.71,14.29
037,ANDARAI,2012,0.0,1.0,0.0,1.0,0.0,0.0,3.0,173.0,1.0,108.0,42.0,14.0,0.0,0.58,0.0,0.93,0.0,0.0
116,ANIL,2012,0.0,5.0,0.0,3.0,0.0,2.0,1.0,240.0,0.0,185.0,39.0,3.0,0.0,2.08,,1.62,0.0,66.67
097,BANCARIOS,2012,0.0,0.0,0.0,2.0,0.0,0.0,0.0,97.0,0.0,98.0,29.0,2.0,,0.0,,2.04,0.0,0.0
141,BANGU,2012,0.0,27.0,0.0,40.0,2.0,2.0,6.0,1020.0,1.0,2105.0,330.0,27.0,0.0,2.65,0.0,1.9,0.61,7.41
128,BARRA DA TIJUCA,2012,0.0,5.0,0.0,0.0,0.0,0.0,2.0,1542.0,0.0,167.0,30.0,15.0,0.0,0.32,,0.0,0.0,0.0
152,BARRA DE GUARATIBA,2012,0.0,0.0,0.0,0.0,0.0,0.0,0.0,38.0,0.0,36.0,5.0,2.0,,0.0,,0.0,0.0,0.0
165,BARRA OLIMPICA,2012,0.0,0.0,0.0,0.0,0.0,0.0,0.0,0.0,0.0,0.0,0.0,0.0,,,,,,
112,BARROS FILHO,2012,0.0,0.0,0.0,2.0,0.0,0.0,0.0,43.0,0.0,99.0,24.0,2.0,,0.0,,2.02,0.0,0.0
012,BENFICA,2012,0.0,1.0,0.0,3.0,0.0,1.0,2.0,154.0,0.0,213.0,53.0,3.0,0.0,0.65,,1.41,0.0,33.33
089,BENTO RIBEIRO,2012,0.0,3.0,0.0,7.0,0.0,1.0,1.0,218.0,1.0,265.0,53.0,3.0,0.0,1.38,0.0,2.64,0.0,33.33
040,BONSUCESSO,2012,0.0,5.0,0.0,5.0,1.0,0.0,1.0,175.0,1.0,262.0,45.0,5.0,0.0,2.86,0.0,1.91,2.22,0.0
020,BOTAFOGO,2012,0.0,0.0,0.0,0.0,0.0,0.0,5.0,631.0,0.0,134.0,18.0,8.0,0.0,0.0,,0.0,0.0,0.0
045,BRAS DE PINA,2012,0.0,4.0,0.0,2.0,1.0,0.0,1.0,205.0,0.0,240.0,87.0,18.0,0.0,1.95,,0.83,1.15,0.0
065,CACHAMBI,2012,0.0,4.0,0.0,1.0,0.0,1.0,2.0,228.0,0.0,112.0,29.0,7.0,0.0,1.75,,0.89,0.0,14.29
093,CACUIA,2012,0.0,0.0,0.0,3.0,0.0,0.0,0.0,69.0,0.0,52.0,10.0,3.0,,0.0,,5.77,0.0,0.0
004,CAJU,2012,0.0,2.0,0.0,1.0,0.0,0.0,1.0,149.0,0.0,225.0,32.0,3.0,0.0,1.34,,0.44,0.0,0.0
129,CAMORIM,2012,0.0,0.0,0.0,1.0,0.0,0.0,0.0,48.0,0.0,21.0,3.0,0.0,,0.0,,4.76,0.0,
078,CAMPINHO,2012,0.0,0.0,0.0,0.0,0.0,0.0,0.0,103.0,1.0,72.0,28.0,6.0,,0.0,0.0,0.0,0.0,0.0
136,CAMPO DOS AFONSOS,2012,0.0,0.0,0.0,0.0,0.0,0.0,0.0,17.0,0.0,5.0,0.0,0.0,,0.0,,0.0,,
144,CAMPO GRANDE,2012,0.0,36.0,0.0,27.0,2.0,0.0,9.0,2018.0,0.0,2705.0,535.0,72.0,0.0,1.78,,1.0,0.37,0.0
082,CASCADURA,2012,0.0,2.0,0.0,0.0,0.0,0.0,1.0,174.0,0.0,183.0,66.0,11.0,0.0,1.15,,0.0,0.0,0.0
018,CATETE,2012,0.0,3.0,0.0,0.0,0.0,0.0,0.0,149.0,0.0,56.0,6.0,1.0,,2.01,,0.0,0.0,0.0
006,CATUMBI,2012,0.0,1.0,0.0,0.0,1.0,0.0,3.0,69.0,0.0,127.0,57.0,3.0,0.0,1.45,,0.0,1.75,0.0
080,CAVALCANTE,2012,0.0,1.0,0.0,0.0,0.0,0.0,0.0,85.0,0.0,93.0,36.0,3.0,,1.18,,0.0,0.0,0.0
005,CENTRO,2012,0.0,3.0,0.0,1.0,0.0,0.0,8.0,236.0,3.0,146.0,37.0,10.0,0.0,1.27,0.0,0.68,0.0,0.0
118,CIDADE DE DEUS,2012,0.0,5.0,0.0,8.0,2.0,0.0,1.0,182.0,1.0,424.0,233.0,2.0,0.0,2.75,0.0,1.89,0.86,0.0
008,CIDADE NOVA,2012,0.0,1.0,0.0,1.0,0.0,0.0,0.0,33.0,0.0,36.0,11.0,1.0,,3.03,,2.78,0.0,0.0
105,CIDADE UNIVERSITARIA,2012,0.0,0.0,0.0,0.0,0.0,0.0,0.0,11.0,0.0,13.0,2.0,0.0,,0.0,,0.0,0.0,
096,COCOTA,2012,0.0,1.0,0.0,0.0,0.0,1.0,1.0,65.0,0.0,44.0,7.0,0.0,0.0,1.54,,0.0,0.0,
110,COELHO NETO,2012,0.0,2.0,0.0,3.0,0.0,3.0,2.0,111.0,0.0,210.0,82.0,4.0,0.0,1.8,,1.43,0.0,75.0
077,COLEGIO,2012,0.0,1.0,0.0,3.0,0.0,0.0,0.0,138.0,0.0,216.0,80.0,7.0,,0.72,,1.39,0.0,0.0
157,COMPLEXO DA MARE,2012,0.0,10.0,0.0,9.0,1.0,1.0,6.0,744.0,2.0,1366.0,318.0,13.0,0.0,1.34,0.0,0.66,0.31,7.69
156,COMPLEXO DO ALEMAO,2012,0.0,1.0,0.0,3.0,2.0,0.0,0.0,114.0,0.0,224.0,73.0,11.0,,0.88,,1.34,2.74,0.0
024,COPACABANA,2012,0.0,5.0,0.0,0.0,1.0,0.0,4.0,797.0,1.0,286.0,73.0,27.0,0.0,0.63,0.0,0.0,1.37,0.0
046,CORDOVIL,2012,0.0,2.0,0.0,4.0,2.0,0.0,2.0,172.0,1.0,278.0,96.0,11.0,0.0,1.16,0.0,1.44,2.08,0.0
019,COSME VELHO,2012,0.0,1.0,0.0,0.0,0.0,0.0,0.0,38.0,0.0,45.0,21.0,2.0,,2.63,,0.0,0.0,0.0
147,COSMOS,2012,0.0,5.0,0.0,4.0,2.0,1.0,3.0,250.0,0.0,605.0,111.0,19.0,0.0,2.0,,0.66,1.8,5.26
113,COSTA BARROS,2012,0.0,6.0,0.0,7.0,2.0,1.0,1.0,117.0,2.0,448.0,156.0,11.0,0.0,5.13,0.0,1.56,1.28,9.09
119,CURICICA,2012,0.0,8.0,0.0,6.0,2.0,2.0,1.0,377.0,0.0,427.0,141.0,10.0,0.0,2.12,,1.41,1.42,20.0
053,DEL CASTILHO,2012,0.0,0.0,0.0,0.0,0.0,1.0,0.0,147.0,0.0,127.0,29.0,5.0,,0.0,,0.0,0.0,20.0
134,DEODORO,2012,0.0,1.0,0.0,3.0,1.0,1.0,1.0,57.0,0.0,105.0,29.0,3.0,0.0,1.75,,2.86,3.45,33.33
068,ENCANTADO,2012,0.0,0.0,0.0,0.0,0.0,1.0,2.0,75.0,0.0,48.0,16.0,1.0,0.0,0.0,,0.0,0.0,100.0
081,ENGENHEIRO LEAL,2012,0.0,0.0,0.0,0.0,0.0,0.0,0.0,26.0,0.0,35.0,13.0,6.0,,0.0,,0.0,0.0,0.0
055,ENGENHO DA RAINHA,2012,0.0,1.0,0.0,0.0,0.0,0.0,0.0,121.0,0.0,142.0,50.0,8.0,,0.83,,0.0,0.0,0.0
066,ENGENHO DE DENTRO,2012,0.0,2.0,0.0,2.0,0.0,0.0,2.0,297.0,0.0,195.0,45.0,9.0,0.0,0.67,,1.03,0.0,0.0
061,ENGENHO NOVO,2012,0.0,1.0,0.0,2.0,1.0,0.0,1.0,287.0,0.0,262.0,117.0,10.0,0.0,0.35,,0.76,0.85,0.0
009,ESTACIO,2012,0.0,1.0,0.0,1.0,0.0,0.0,0.0,105.0,0.0,111.0,29.0,2.0,,0.95,,0.9,0.0,0.0
015,FLAMENGO,2012,0.0,2.0,0.0,1.0,0.0,0.0,1.0,324.0,0.0,67.0,13.0,10.0,0.0,0.62,,1.49,0.0,0.0
098,FREGUESIA-ILHA,2012,0.0,5.0,0.0,0.0,0.0,0.0,1.0,148.0,0.0,105.0,15.0,4.0,0.0,3.38,,0.0,0.0,0.0
120,FREGUESIA-JPA,2012,0.0,5.0,0.0,2.0,0.0,0.0,0.0,498.0,0.0,189.0,62.0,11.0,,1.0,,1.06,0.0,0.0
104,GALEAO,2012,0.0,0.0,0.0,1.0,0.0,1.0,0.0,138.0,0.0,203.0,31.0,1.0,,0.0,,0.49,0.0,100.0
002,GAMBOA,2012,0.0,0.0,0.0,1.0,0.0,0.0,1.0,58.0,0.0,86.0,21.0,1.0,0.0,0.0,,1.16,0.0,0.0
117,GARDENIA AZUL,2012,0.0,5.0,0.0,2.0,0.0,1.0,0.0,203.0,0.0,320.0,86.0,0.0,,2.46,,0.62,0.0,
029,GAVEA,2012,0.0,0.0,0.0,0.0,0.0,0.0,2.0,147.0,1.0,63.0,8.0,7.0,0.0,0.0,0.0,0.0,0.0,0.0
160,GERICINo,2012,0.0,0.0,0.0,0.0,0.0,0.0,0.0,0.0,0.0,0.0,0.0,0.0,,,,,,
016,GLORIA,2012,0.0,0.0,0.0,0.0,0.0,0.0,0.0,84.0,0.0,47.0,5.0,4.0,,0.0,,0.0,0.0,0.0
038,GRAJAU,2012,0.0,1.0,0.0,3.0,0.0,1.0,0.0,238.0,1.0,102.0,20.0,8.0,,0.42,0.0,2.94,0.0,12.5
133,GRUMARI,2012,0.0,0.0,0.0,0.0,0.0,0.0,0.0,0.0,0.0,1.0,0.0,0.0,,,,0.0,,
106,GUADALUPE,2012,0.0,3.0,0.0,7.0,0.0,0.0,4.0,223.0,2.0,379.0,95.0,9.0,0.0,1.35,0.0,1.85,0.0,0.0
151,GUARATIBA,2012,0.0,9.0,0.0,8.0,2.0,3.0,7.0,512.0,0.0,786.0,193.0,26.0,0.0,1.76,,1.02,1.04,11.54
050,HIGIENOPOLIS,2012,0.0,4.0,0.0,0.0,0.0,0.0,0.0,111.0,0.0,63.0,9.0,4.0,,3.6,,0.0,0.0,0.0
087,HONORIO GURGEL,2012,0.0,1.0,0.0,0.0,1.0,1.0,0.0,93.0,0.0,143.0,59.0,11.0,,1.08,,0.0,1.69,9.09
021,HUMAITA,2012,0.0,0.0,0.0,0.0,0.0,0.0,0.0,115.0,0.0,10.0,3.0,2.0,,0.0,,0.0,0.0,0.0
999,IGNORADO BAIRRO-MRJ,2012,0.0,2.0,0.0,4.0,0.0,0.0,0.0,107.0,0.0,151.0,16.0,5.0,,1.87,,2.65,0.0,0.0
164,ILHA DE GUARATIBA,2012,0.0,0.0,0.0,0.0,0.0,0.0,0.0,0.0,0.0,0.0,0.0,0.0,,,,,,
998,ILHA DO GOVERNADOR - IGNORADO,2012,0.0,0.0,0.0,1.0,0.0,0.0,0.0,21.0,0.0,47.0,12.0,0.0,,0.0,,2.13,0.0,
054,INHAUMA,2012,0.0,6.0,0.0,3.0,0.0,0.0,2.0,304.0,0.0,467.0,137.0,16.0,0.0,1.97,,0.64,0.0,0.0
146,INHOAIBA,2012,0.0,5.0,0.0,2.0,0.0,0.0,1.0,193.0,0.0,494.0,101.0,20.0,0.0,2.59,,0.4,0.0,0.0
025,IPANEMA,2012,0.0,0.0,0.0,0.0,0.0,0.0,2.0,250.0,0.0,43.0,19.0,6.0,0.0,0.0,,0.0,0.0,0.0
076,IRAJA,2012,0.0,4.0,0.0,5.0,0.0,7.0,4.0,471.0,1.0,512.0,149.0,35.0,0.0,0.85,0.0,0.98,0.0,20.0
127,ITANHANGA,2012,0.0,5.0,0.0,2.0,0.0,0.0,1.0,285.0,0.0,237.0,30.0,12.0,0.0,1.75,,0.84,0.0,0.0
163,JABOUR,2012,0.0,0.0,0.0,0.0,0.0,0.0,0.0,0.0,0.0,0.0,0.0,0.0,,,,,,
051,JACARE,2012,0.0,1.0,0.0,5.0,0.0,0.0,1.0,110.0,1.0,190.0,68.0,11.0,0.0,0.91,0.0,2.63,0.0,0.0
115,JACAREPAGUA,2012,0.0,20.0,0.0,11.0,1.0,3.0,2.0,1059.0,0.0,1045.0,198.0,30.0,0.0,1.89,,1.05,0.51,10.0
155,JACAREZINHO,2012,0.0,0.0,0.0,2.0,1.0,1.0,1.0,71.0,1.0,127.0,59.0,4.0,0.0,0.0,0.0,1.57,1.69,25.0
049,JARDIM AMERICA,2012,0.0,1.0,0.0,4.0,0.0,1.0,1.0,152.0,1.0,226.0,57.0,12.0,0.0,0.66,0.0,1.77,0.0,8.33
028,JARDIM BOTANICO,2012,0.0,0.0,0.0,0.0,0.0,0.0,0.0,186.0,0.0,24.0,2.0,5.0,,0.0,,0.0,0.0,0.0
100,JARDIM CARIOCA,2012,0.0,3.0,0.0,3.0,0.0,0.0,0.0,169.0,0.0,160.0,27.0,8.0,,1.78,,1.88,0.0,0.0
099,JARDIM GUANABARA,2012,0.0,1.0,0.0,0.0,0.0,0.0,0.0,196.0,0.0,55.0,4.0,3.0,,0.51,,0.0,0.0,0.0
137,JARDIM SULACAP,2012,0.0,0.0,0.0,1.0,0.0,0.0,0.0,119.0,0.0,65.0,8.0,2.0,,0.0,,1.54,0.0,0.0
126,JOA,2012,0.0,0.0,0.0,0.0,0.0,0.0,0.0,12.0,0.0,2.0,1.0,0.0,,0.0,,0.0,0.0,
027,LAGOA,2012,0.0,1.0,0.0,0.0,0.0,0.0,0.0,166.0,0.0,16.0,1.0,2.0,,0.6,,0.0,0.0,0.0
161,LAPA,2012,0.0,0.0,0.0,0.0,0.0,0.0,0.0,0.0,0.0,0.0,0.0,0.0,,,,,,
017,LARANJEIRAS,2012,0.0,3.0,0.0,1.0,0.0,1.0,1.0,290.0,0.0,49.0,8.0,9.0,0.0,1.03,,2.04,0.0,11.11
026,LEBLON,2012,0.0,0.0,0.0,0.0,0.0,0.0,3.0,307.0,0.0,58.0,13.0,6.0,0.0,0.0,,0.0,0.0,0.0
023,LEME,2012,0.0,0.0,0.0,1.0,0.0,0.0,3.0,73.0,0.0,25.0,14.0,0.0,0.0,0.0,,4.0,0.0,
062,LINS DE VASCONCELOS,2012,0.0,1.0,0.0,2.0,0.0,2.0,1.0,165.0,0.0,223.0,96.0,3.0,0.0,0.61,,0.9,0.0,66.67
083,MADUREIRA,2012,0.0,3.0,0.0,5.0,2.0,1.0,7.0,271.0,0.0,411.0,168.0,33.0,0.0,1.11,,1.22,1.19,3.03
138,MAGALHAES BASTOS,2012,0.0,2.0,0.0,4.0,1.0,0.0,1.0,97.0,0.0,218.0,36.0,4.0,0.0,2.06,,1.83,2.78,0.0
011,MANGUEIRA,2012,0.0,2.0,0.0,4.0,1.0,0.0,1.0,65.0,1.0,174.0,94.0,3.0,0.0,3.08,0.0,2.3,1.06,0.0
039,MANGUINHOS,2012,0.0,4.0,0.0,11.0,1.0,0.0,1.0,103.0,0.0,161.0,57.0,3.0,0.0,3.88,,6.83,1.75,0.0
035,MARACANA,2012,0.0,0.0,0.0,0.0,0.0,0.0,1.0,152.0,0.0,27.0,4.0,5.0,0.0,0.0,,0.0,0.0,0.0
090,MARECHAL HERMES,2012,0.0,4.0,0.0,3.0,1.0,0.0,1.0,186.0,0.0,253.0,58.0,7.0,0.0,2.15,,1.19,1.72,0.0
052,MARIA DA GRACA,2012,0.0,0.0,0.0,0.0,0.0,0.0,0.0,45.0,1.0,31.0,8.0,3.0,,0.0,0.0,0.0,0.0,0.0
063,MEIER,2012,0.0,3.0,0.0,1.0,0.0,0.0,1.0,350.0,0.0,118.0,29.0,11.0,0.0,0.86,,0.85,0.0,0.0
102,MONERO,2012,0.0,0.0,0.0,0.0,0.0,0.0,0.0,27.0,0.0,13.0,3.0,0.0,,0.0,,0.0,0.0,
042,OLARIA,2012,0.0,3.0,0.0,1.0,0.0,0.0,1.0,282.0,0.0,242.0,78.0,13.0,0.0,1.06,,0.41,0.0,0.0
088,OSWALDO CRUZ,2012,0.0,0.0,0.0,2.0,0.0,0.0,0.0,128.0,1.0,142.0,54.0,6.0,,0.0,0.0,1.41,0.0,0.0
148,PACIENCIA,2012,0.0,8.0,0.0,11.0,0.0,1.0,4.0,374.0,2.0,876.0,230.0,27.0,0.0,2.14,0.0,1.26,0.0,3.7
140,PADRE MIGUEL,2012,0.0,4.0,0.0,10.0,0.0,2.0,1.0,287.0,0.0,611.0,53.0,8.0,0.0,1.39,,1.64,0.0,25.0
013,PAQUETA,2012,0.0,1.0,0.0,1.0,0.0,0.0,0.0,13.0,0.0,17.0,2.0,0.0,,7.69,,5.88,0.0,
047,PARADA DE LUCAS,2012,0.0,2.0,0.0,0.0,0.0,0.0,0.0,78.0,0.0,150.0,49.0,5.0,,2.56,,0.0,0.0,0.0
108,PARQUE ANCHIETA,2012,0.0,0.0,0.0,1.0,0.0,0.0,1.0,81.0,1.0,116.0,20.0,1.0,0.0,0.0,0.0,0.86,0.0,0.0
158,PARQUE COLUMBIA,2012,0.0,0.0,0.0,0.0,0.0,0.0,0.0,0.0,0.0,0.0,0.0,0.0,,,,,,
114,PAVUNA,2012,0.0,6.0,0.0,7.0,0.0,0.0,5.0,342.0,1.0,655.0,163.0,21.0,0.0,1.75,0.0,1.07,0.0,0.0
121,PECHINCHA,2012,0.0,2.0,0.0,1.0,0.0,1.0,0.0,376.0,0.0,120.0,27.0,3.0,,0.53,,0.83,0.0,33.33
153,PEDRA DE GUARATIBA,2012,0.0,2.0,0.0,2.0,0.0,1.0,3.0,215.0,1.0,333.0,49.0,6.0,0.0,0.93,0.0,0.6,0.0,16.67
043,PENHA,2012,0.0,7.0,0.0,9.0,0.0,1.0,4.0,402.0,1.0,488.0,159.0,18.0,0.0,1.74,0.0,1.84,0.0,5.56
044,PENHA CIRCULAR,2012,0.0,2.0,0.0,2.0,0.0,0.0,0.0,145.0,0.0,188.0,60.0,4.0,,1.38,,1.06,0.0,0.0
069,PIEDADE,2012,0.0,5.0,0.0,7.0,0.0,1.0,1.0,226.0,0.0,210.0,64.0,14.0,0.0,2.21,,3.33,0.0,7.14
071,PILARES,2012,0.0,4.0,0.0,1.0,1.0,0.0,2.0,138.0,0.0,149.0,58.0,7.0,0.0,2.9,,0.67,1.72,0.0
094,PITANGUEIRAS,2012,0.0,0.0,0.0,0.0,0.0,0.0,0.0,59.0,0.0,52.0,11.0,1.0,,0.0,,0.0,0.0,0.0
103,PORTUGUESA,2012,0.0,1.0,0.0,1.0,0.0,0.0,1.0,131.0,0.0,90.0,16.0,6.0,0.0,0.76,,1.11,0.0,0.0
032,PRACA DA BANDEIRA,2012,0.0,0.0,0.0,0.0,1.0,0.0,0.0,61.0,0.0,16.0,5.0,2.0,,0.0,,0.0,20.0,0.0
124,PRACA SECA,2012,0.0,4.0,0.0,2.0,0.0,2.0,0.0,324.0,0.0,365.0,114.0,23.0,,1.23,,0.55,0.0,8.7
095,PRAIA DA BANDEIRA,2012,0.0,0.0,0.0,0.0,0.0,0.0,0.0,27.0,0.0,15.0,5.0,3.0,,0.0,,0.0,0.0,0.0
079,QUINTINO BOCAIUVA,2012,0.0,1.0,0.0,4.0,0.0,1.0,4.0,163.0,0.0,133.0,29.0,5.0,0.0,0.61,,3.01,0.0,20.0
041,RAMOS,2012,0.0,9.0,0.0,4.0,0.0,4.0,4.0,312.0,0.0,368.0,82.0,10.0,0.0,2.88,,1.09,0.0,40.0
139,REALENGO,2012,0.0,12.0,0.0,17.0,3.0,3.0,2.0,771.0,1.0,1385.0,158.0,16.0,0.0,1.56,0.0,1.23,1.9,18.75
132,RECREIO BANDEIRANTES,2012,0.0,1.0,0.0,2.0,0.0,0.0,1.0,932.0,0.0,338.0,66.0,6.0,0.0,0.11,,0.59,0.0,0.0
059,RIACHUELO,2012,0.0,0.0,0.0,1.0,0.0,0.0,2.0,83.0,0.0,40.0,11.0,6.0,0.0,0.0,,2.5,0.0,0.0
091,RIBEIRA,2012,0.0,0.0,0.0,0.0,0.0,0.0,0.0,25.0,0.0,5.0,1.0,0.0,,0.0,,0.0,0.0,
109,RICARDO ALBUQUERQUE,2012,0.0,2.0,0.0,2.0,0.0,1.0,2.0,102.0,1.0,180.0,49.0,3.0,0.0,1.96,0.0,1.11,0.0,33.33
007,RIO COMPRIDO,2012,0.0,4.0,0.0,0.0,1.0,1.0,5.0,211.0,1.0,246.0,91.0,14.0,0.0,1.9,0.0,0.0,1.1,7.14
058,ROCHA,2012,0.0,0.0,0.0,1.0,0.0,1.0,0.0,39.0,0.0,23.0,10.0,1.0,,0.0,,4.35,0.0,100.0
086,ROCHA MIRANDA,2012,0.0,1.0,0.0,3.0,0.0,2.0,1.0,167.0,1.0,275.0,88.0,13.0,0.0,0.6,0.0,1.09,0.0,15.38
154,ROCINHA,2012,0.0,11.0,0.0,2.0,1.0,1.0,8.0,478.0,0.0,592.0,117.0,25.0,0.0,2.3,,0.34,0.85,4.0
060,SAMPAIO,2012,0.0,2.0,0.0,2.0,0.0,1.0,0.0,47.0,0.0,67.0,34.0,4.0,,4.26,,2.99,0.0,25.0
149,SANTA CRUZ,2012,0.0,29.0,0.0,31.0,7.0,2.0,33.0,965.0,6.0,2235.0,583.0,105.0,0.0,3.01,0.0,1.39,1.2,1.9
014,SANTA TERESA,2012,0.0,3.0,0.0,2.0,0.0,0.0,1.0,242.0,0.0,194.0,46.0,7.0,0.0,1.24,,1.03,0.0,0.0
143,SANTISSIMO,2012,0.0,3.0,0.0,1.0,0.0,3.0,0.0,268.0,0.0,481.0,70.0,7.0,,1.12,,0.21,0.0,42.86
003,SANTO CRISTO,2012,0.0,1.0,0.0,0.0,3.0,0.0,0.0,84.0,0.0,107.0,34.0,1.0,,1.19,,0.0,8.82,0.0
031,SAO CONRADO,2012,0.0,2.0,0.0,0.0,0.0,0.0,0.0,86.0,0.0,23.0,4.0,1.0,,2.33,,0.0,0.0,0.0
010,SAO CRISTOVAO,2012,0.0,2.0,0.0,2.0,1.0,1.0,2.0,271.0,1.0,356.0,71.0,5.0,0.0,0.74,0.0,0.56,1.41,20.0
057,SAO FRANCISCO XAVIER,2012,0.0,0.0,0.0,0.0,0.0,0.0,0.0,23.0,0.0,30.0,5.0,1.0,,0.0,,0.0,0.0,0.0
001,SAUDE,2012,0.0,1.0,0.0,0.0,0.0,0.0,0.0,18.0,1.0,33.0,4.0,0.0,,5.56,0.0,0.0,0.0,
142,SENADOR CAMARA,2012,0.0,7.0,0.0,18.0,1.0,1.0,1.0,387.0,0.0,894.0,123.0,9.0,0.0,1.81,,2.01,0.81,11.11
145,SENADOR VASCONCELOS,2012,0.0,1.0,0.0,4.0,0.0,0.0,0.0,100.0,0.0,186.0,25.0,7.0,,1.0,,2.15,0.0,0.0
150,SEPETIBA,2012,0.0,8.0,0.0,7.0,0.0,1.0,3.0,202.0,0.0,486.0,112.0,22.0,0.0,3.96,,1.44,0.0,4.55
123,TANQUE,2012,0.0,3.0,0.0,4.0,0.0,1.0,1.0,220.0,0.0,273.0,87.0,14.0,0.0,1.36,,1.47,0.0,7.14
122,TAQUARA,2012,0.0,11.0,0.0,7.0,2.0,2.0,3.0,766.0,0.0,674.0,168.0,15.0,0.0,1.44,,1.04,1.19,13.33
101,TAUA,2012,0.0,5.0,0.0,1.0,0.0,0.0,0.0,114.0,0.0,142.0,31.0,3.0,,4.39,,0.7,0.0,0.0
033,TIJUCA,2012,0.0,5.0,0.0,2.0,0.0,1.0,21.0,1024.0,1.0,398.0,170.0,64.0,0.0,0.49,0.0,0.5,0.0,1.56
064,TODOS OS SANTOS,2012,0.0,2.0,0.0,0.0,0.0,0.0,0.0,124.0,0.0,31.0,13.0,3.0,,1.61,,0.0,0.0,0.0
056,TOMAS COELHO,2012,0.0,0.0,0.0,1.0,0.0,0.0,0.0,88.0,0.0,135.0,40.0,5.0,,0.0,,0.74,0.0,0.0
085,TURIACU,2012,0.0,2.0,0.0,3.0,0.0,1.0,0.0,46.0,1.0,91.0,26.0,11.0,,4.35,0.0,3.3,0.0,9.09
022,URCA,2012,0.0,0.0,0.0,0.0,0.0,0.0,0.0,33.0,0.0,8.0,0.0,0.0,,0.0,,0.0,,
131,VARGEM GRANDE,2012,0.0,1.0,0.0,1.0,0.0,1.0,0.0,123.0,0.0,135.0,46.0,1.0,,0.81,,0.74,0.0,100.0
130,VARGEM PEQUENA,2012,0.0,3.0,0.0,2.0,0.0,0.0,0.0,142.0,0.0,153.0,53.0,0.0,,2.11,,1.31,0.0,
159,VASCO DA GAMA,2012,0.0,0.0,0.0,0.0,0.0,0.0,0.0,0.0,0.0,1.0,0.0,0.0,,,,0.0,,
084,VAZ LOBO,2012,0.0,0.0,0.0,2.0,0.0,0.0,1.0,69.0,0.0,94.0,47.0,8.0,0.0,0.0,,2.13,0.0,0.0
073,VICENTE DE CARVALHO,2012,0.0,1.0,0.0,2.0,0.0,2.0,2.0,113.0,0.0,159.0,50.0,7.0,0.0,0.88,,1.26,0.0,28.57
030,VIDIGAL,2012,0.0,3.0,0.0,1.0,0.0,0.0,0.0,87.0,0.0,119.0,22.0,6.0,,3.45,,0.84,0.0,0.0
048,VIGARIO GERAL,2012,0.0,2.0,0.0,4.0,0.0,0.0,1.0,73.0,0.0,224.0,67.0,9.0,0.0,2.74,,1.79,0.0,0.0
074,VILA DA PENHA,2012,0.0,3.0,0.0,1.0,0.0,0.0,1.0,258.0,0.0,167.0,30.0,7.0,0.0,1.16,,0.6,0.0,0.0
036,VILA ISABEL,2012,0.0,5.0,0.0,5.0,2.0,1.0,1.0,374.0,1.0,228.0,111.0,19.0,0.0,1.34,0.0,2.19,1.8,5.26
162,VILA KENNEDY,2012,0.0,0.0,0.0,0.0,0.0,0.0,0.0,0.0,0.0,0.0,0.0,0.0,,,,,,
072,VILA KOSMOS,2012,0.0,0.0,0.0,1.0,0.0,0.0,0.0,38.0,0.0,57.0,11.0,1.0,,0.0,,1.75,0.0,0.0
135,VILA MILITAR,2012,0.0,1.0,0.0,0.0,0.0,0.0,0.0,41.0,0.0,11.0,5.0,0.0,,2.44,,0.0,0.0,
125,VILA VALQUEIRE,2012,0.0,3.0,0.0,2.0,0.0,0.0,0.0,242.0,0.0,150.0,40.0,7.0,,1.24,,1.33,0.0,0.0
075,VISTA ALEGRE,2012,0.0,1.0,0.0,1.0,0.0,1.0,0.0,79.0,0.0,46.0,15.0,4.0,,1.27,,2.17,0.0,25.0
092,ZUMBI,2012,0.0,0.0,0.0,0.0,0.0,0.0,0.0,16.0,0.0,9.0,0.0,1.0,,0.0,,0.0,,0.0
070,ABOLICAO,2013,0.0,0.0,0.0,0.0,0.0,0.0,0.0,74.0,0.0,46.0,15.0,0.0,,0.0,,0.0,0.0,
111,ACARI,2013,0.0,2.0,0.0,6.0,0.0,1.0,3.0,102.0,0.0,309.0,79.0,5.0,0.0,1.96,,1.94,0.0,20.0
067,AGUA SANTA,2013,0.0,0.0,0.0,0.0,0.0,0.0,0.0,41.0,0.0,38.0,6.0,0.0,,0.0,,0.0,0.0,
034,ALTO DA BOA VISTA,2013,0.0,0.0,0.0,1.0,0.0,0.0,0.0,58.0,0.0,44.0,15.0,1.0,,0.0,,2.27,0.0,0.0
107,ANCHIETA,2013,0.0,4.0,0.0,12.0,2.0,3.0,0.0,288.0,1.0,655.0,137.0,9.0,,1.39,0.0,1.83,1.46,33.33
037,ANDARAI,2013,0.0,2.0,0.0,2.0,0.0,0.0,3.0,200.0,2.0,118.0,53.0,1.0,0.0,1.0,0.0,1.69,0.0,0.0
116,ANIL,2013,0.0,3.0,0.0,1.0,0.0,0.0,0.0,241.0,1.0,224.0,28.0,2.0,,1.24,0.0,0.45,0.0,0.0
097,BANCARIOS,2013,0.0,1.0,0.0,1.0,0.0,0.0,0.0,91.0,0.0,112.0,14.0,1.0,,1.1,,0.89,0.0,0.0
141,BANGU,2013,0.0,13.0,0.0,30.0,5.0,1.0,9.0,1014.0,3.0,2415.0,446.0,4.0,0.0,1.28,0.0,1.24,1.12,25.0
128,BARRA DA TIJUCA,2013,0.0,8.0,0.0,2.0,0.0,1.0,14.0,1466.0,0.0,219.0,19.0,12.0,0.0,0.55,,0.91,0.0,8.33
152,BARRA DE GUARATIBA,2013,0.0,0.0,0.0,0.0,0.0,0.0,0.0,30.0,0.0,45.0,3.0,0.0,,0.0,,0.0,0.0,
165,BARRA OLIMPICA,2013,0.0,0.0,0.0,0.0,0.0,0.0,0.0,0.0,0.0,0.0,0.0,0.0,,,,,,
112,BARROS FILHO,2013,0.0,1.0,0.0,2.0,0.0,0.0,0.0,49.0,1.0,100.0,21.0,2.0,,2.04,0.0,2.0,0.0,0.0
012,BENFICA,2013,0.0,5.0,0.0,5.0,1.0,0.0,1.0,160.0,0.0,259.0,56.0,0.0,0.0,3.12,,1.93,1.79,
089,BENTO RIBEIRO,2013,0.0,4.0,0.0,5.0,0.0,0.0,2.0,203.0,2.0,243.0,55.0,6.0,0.0,1.97,0.0,2.06,0.0,0.0
040,BONSUCESSO,2013,0.0,1.0,0.0,2.0,0.0,0.0,1.0,119.0,0.0,116.0,27.0,1.0,0.0,0.84,,1.72,0.0,0.0
020,BOTAFOGO,2013,0.0,3.0,0.0,1.0,0.0,0.0,8.0,613.0,1.0,162.0,27.0,16.0,0.0,0.49,0.0,0.62,0.0,0.0
045,BRAS DE PINA,2013,0.0,8.0,0.0,4.0,0.0,1.0,0.0,234.0,0.0,309.0,86.0,2.0,,3.42,,1.29,0.0,50.0
065,CACHAMBI,2013,0.0,2.0,0.0,0.0,0.0,0.0,0.0,261.0,0.0,133.0,30.0,3.0,,0.77,,0.0,0.0,0.0
093,CACUIA,2013,0.0,2.0,0.0,1.0,0.0,0.0,0.0,96.0,0.0,40.0,7.0,2.0,,2.08,,2.5,0.0,0.0
004,CAJU,2013,0.0,2.0,0.0,2.0,0.0,3.0,3.0,161.0,0.0,226.0,21.0,1.0,0.0,1.24,,0.88,0.0,300.0
129,CAMORIM,2013,0.0,0.0,0.0,0.0,0.0,0.0,0.0,58.0,0.0,18.0,1.0,0.0,,0.0,,0.0,0.0,
078,CAMPINHO,2013,0.0,0.0,0.0,0.0,0.0,0.0,0.0,84.0,0.0,104.0,27.0,4.0,,0.0,,0.0,0.0,0.0
136,CAMPO DOS AFONSOS,2013,0.0,0.0,0.0,0.0,0.0,0.0,0.0,13.0,0.0,3.0,0.0,0.0,,0.0,,0.0,,
144,CAMPO GRANDE,2013,0.0,14.0,0.0,40.0,1.0,5.0,19.0,1930.0,2.0,2744.0,492.0,57.0,0.0,0.73,0.0,1.46,0.2,8.77
082,CASCADURA,2013,0.0,3.0,0.0,1.0,0.0,2.0,1.0,164.0,0.0,199.0,69.0,15.0,0.0,1.83,,0.5,0.0,13.33
018,CATETE,2013,0.0,1.0,0.0,0.0,0.0,0.0,3.0,112.0,0.0,57.0,10.0,7.0,0.0,0.89,,0.0,0.0,0.0
006,CATUMBI,2013,0.0,0.0,0.0,1.0,0.0,1.0,0.0,96.0,0.0,123.0,28.0,2.0,,0.0,,0.81,0.0,50.0
080,CAVALCANTE,2013,0.0,1.0,0.0,3.0,0.0,0.0,0.0,67.0,1.0,98.0,38.0,7.0,,1.49,0.0,3.06,0.0,0.0
005,CENTRO,2013,0.0,5.0,0.0,2.0,0.0,0.0,6.0,274.0,0.0,146.0,33.0,5.0,0.0,1.82,,1.37,0.0,0.0
118,CIDADE DE DEUS,2013,0.0,2.0,0.0,6.0,0.0,0.0,2.0,140.0,0.0,541.0,145.0,1.0,0.0,1.43,,1.11,0.0,0.0
008,CIDADE NOVA,2013,0.0,0.0,0.0,2.0,0.0,0.0,0.0,41.0,0.0,36.0,9.0,0.0,,0.0,,5.56,0.0,
105,CIDADE UNIVERSITARIA,2013,0.0,0.0,0.0,0.0,0.0,0.0,0.0,3.0,0.0,7.0,1.0,1.0,,0.0,,0.0,0.0,0.0
096,COCOTA,2013,0.0,0.0,0.0,0.0,0.0,0.0,1.0,41.0,0.0,37.0,8.0,0.0,0.0,0.0,,0.0,0.0,
110,COELHO NETO,2013,0.0,2.0,0.0,1.0,1.0,0.0,1.0,130.0,0.0,204.0,59.0,3.0,0.0,1.54,,0.49,1.69,0.0
077,COLEGIO,2013,0.0,2.0,0.0,1.0,2.0,0.0,2.0,130.0,0.0,217.0,73.0,11.0,0.0,1.54,,0.46,2.74,0.0
157,COMPLEXO DA MARE,2013,0.0,15.0,0.0,10.0,5.0,2.0,17.0,879.0,0.0,1518.0,236.0,9.0,0.0,1.71,,0.66,2.12,22.22
156,COMPLEXO DO ALEMAO,2013,0.0,2.0,0.0,5.0,3.0,3.0,0.0,244.0,1.0,470.0,129.0,1.0,,0.82,0.0,1.06,2.33,300.0
024,COPACABANA,2013,0.0,5.0,0.0,2.0,0.0,1.0,7.0,745.0,1.0,279.0,71.0,29.0,0.0,0.67,0.0,0.72,0.0,3.45
046,CORDOVIL,2013,0.0,2.0,0.0,5.0,0.0,1.0,2.0,164.0,1.0,360.0,114.0,9.0,0.0,1.22,0.0,1.39,0.0,11.11
019,COSME VELHO,2013,0.0,0.0,0.0,2.0,0.0,0.0,0.0,40.0,0.0,28.0,10.0,0.0,,0.0,,7.14,0.0,
147,COSMOS,2013,0.0,4.0,0.0,2.0,0.0,1.0,3.0,275.0,1.0,665.0,167.0,11.0,0.0,1.45,0.0,0.3,0.0,9.09
113,COSTA BARROS,2013,0.0,5.0,0.0,5.0,0.0,4.0,8.0,127.0,0.0,470.0,126.0,17.0,0.0,3.94,,1.06,0.0,23.53
119,CURICICA,2013,0.0,4.0,0.0,2.0,0.0,2.0,1.0,319.0,0.0,529.0,76.0,1.0,0.0,1.25,,0.38,0.0,200.0
053,DEL CASTILHO,2013,0.0,0.0,0.0,0.0,0.0,0.0,0.0,159.0,0.0,121.0,29.0,1.0,,0.0,,0.0,0.0,0.0
134,DEODORO,2013,0.0,0.0,0.0,0.0,0.0,0.0,0.0,54.0,0.0,121.0,28.0,4.0,,0.0,,0.0,0.0,0.0
068,ENCANTADO,2013,0.0,3.0,0.0,1.0,0.0,0.0,0.0,72.0,0.0,51.0,17.0,1.0,,4.17,,1.96,0.0,0.0
081,ENGENHEIRO LEAL,2013,0.0,1.0,0.0,0.0,0.0,0.0,0.0,11.0,0.0,22.0,10.0,2.0,,9.09,,0.0,0.0,0.0
055,ENGENHO DA RAINHA,2013,0.0,2.0,0.0,3.0,1.0,2.0,0.0,104.0,0.0,129.0,62.0,4.0,,1.92,,2.33,1.61,50.0
066,ENGENHO DE DENTRO,2013,0.0,2.0,0.0,5.0,0.0,0.0,0.0,289.0,0.0,200.0,56.0,1.0,,0.69,,2.5,0.0,0.0
061,ENGENHO NOVO,2013,0.0,0.0,0.0,2.0,0.0,1.0,4.0,267.0,0.0,260.0,129.0,7.0,0.0,0.0,,0.77,0.0,14.29
009,ESTACIO,2013,0.0,2.0,0.0,0.0,1.0,0.0,2.0,96.0,0.0,104.0,33.0,1.0,0.0,2.08,,0.0,3.03,0.0
015,FLAMENGO,2013,0.0,4.0,0.0,2.0,0.0,0.0,8.0,327.0,0.0,77.0,13.0,8.0,0.0,1.22,,2.6,0.0,0.0
098,FREGUESIA-ILHA,2013,0.0,1.0,0.0,1.0,0.0,0.0,1.0,95.0,0.0,108.0,15.0,0.0,0.0,1.05,,0.93,0.0,
120,FREGUESIA-JPA,2013,0.0,3.0,0.0,5.0,0.0,2.0,2.0,531.0,1.0,270.0,35.0,5.0,0.0,0.56,0.0,1.85,0.0,40.0
104,GALEAO,2013,0.0,3.0,0.0,3.0,1.0,0.0,1.0,187.0,1.0,202.0,27.0,4.0,0.0,1.6,0.0,1.49,3.7,0.0
002,GAMBOA,2013,0.0,0.0,0.0,1.0,0.0,0.0,0.0,76.0,1.0,80.0,25.0,0.0,,0.0,0.0,1.25,0.0,
117,GARDENIA AZUL,2013,0.0,3.0,0.0,4.0,0.0,1.0,0.0,154.0,0.0,415.0,58.0,3.0,,1.95,,0.96,0.0,33.33
029,GAVEA,2013,0.0,1.0,0.0,1.0,0.0,0.0,2.0,164.0,0.0,65.0,12.0,8.0,0.0,0.61,,1.54,0.0,0.0
160,GERICINo,2013,0.0,0.0,0.0,0.0,0.0,0.0,0.0,0.0,0.0,0.0,0.0,0.0,,,,,,
016,GLORIA,2013,0.0,1.0,0.0,0.0,0.0,0.0,0.0,73.0,0.0,41.0,5.0,4.0,,1.37,,0.0,0.0,0.0
038,GRAJAU,2013,0.0,2.0,0.0,2.0,0.0,0.0,1.0,241.0,0.0,102.0,33.0,6.0,0.0,0.83,,1.96,0.0,0.0
133,GRUMARI,2013,0.0,0.0,0.0,0.0,0.0,0.0,0.0,1.0,0.0,2.0,0.0,0.0,,0.0,,0.0,,
106,GUADALUPE,2013,0.0,4.0,0.0,6.0,0.0,0.0,1.0,224.0,2.0,410.0,77.0,5.0,0.0,1.79,0.0,1.46,0.0,0.0
151,GUARATIBA,2013,0.0,12.0,0.0,13.0,0.0,0.0,3.0,460.0,0.0,1041.0,130.0,16.0,0.0,2.61,,1.25,0.0,0.0
050,HIGIENOPOLIS,2013,0.0,0.0,0.0,1.0,0.0,0.0,0.0,104.0,0.0,72.0,16.0,0.0,,0.0,,1.39,0.0,
087,HONORIO GURGEL,2013,0.0,0.0,0.0,1.0,0.0,0.0,0.0,99.0,0.0,165.0,43.0,6.0,,0.0,,0.61,0.0,0.0
021,HUMAITA,2013,0.0,0.0,0.0,0.0,0.0,0.0,1.0,109.0,0.0,19.0,1.0,2.0,0.0,0.0,,0.0,0.0,0.0
999,IGNORADO BAIRRO-MRJ,2013,0.0,1.0,0.0,1.0,0.0,0.0,0.0,19.0,0.0,18.0,8.0,5.0,,5.26,,5.56,0.0,0.0
164,ILHA DE GUARATIBA,2013,0.0,0.0,0.0,0.0,0.0,0.0,0.0,0.0,0.0,0.0,0.0,0.0,,,,,,
998,ILHA DO GOVERNADOR - IGNORADO,2013,0.0,0.0,0.0,0.0,0.0,0.0,0.0,2.0,0.0,7.0,0.0,0.0,,0.0,,0.0,,
054,INHAUMA,2013,0.0,2.0,0.0,3.0,0.0,4.0,1.0,281.0,1.0,482.0,146.0,5.0,0.0,0.71,0.0,0.62,0.0,80.0
146,INHOAIBA,2013,0.0,4.0,0.0,9.0,0.0,1.0,3.0,222.0,0.0,540.0,107.0,8.0,0.0,1.8,,1.67,0.0,12.5
025,IPANEMA,2013,0.0,1.0,0.0,0.0,1.0,1.0,0.0,251.0,1.0,60.0,21.0,7.0,,0.4,0.0,0.0,4.76,14.29
076,IRAJA,2013,0.0,8.0,0.0,7.0,0.0,2.0,3.0,486.0,1.0,510.0,128.0,19.0,0.0,1.65,0.0,1.37,0.0,10.53
127,ITANHANGA,2013,0.0,4.0,0.0,1.0,0.0,2.0,0.0,260.0,0.0,284.0,26.0,8.0,,1.54,,0.35,0.0,25.0
163,JABOUR,2013,0.0,0.0,0.0,0.0,0.0,0.0,0.0,0.0,0.0,0.0,0.0,0.0,,,,,,
051,JACARE,2013,0.0,1.0,0.0,2.0,0.0,0.0,1.0,118.0,0.0,232.0,67.0,2.0,0.0,0.85,,0.86,0.0,0.0
115,JACAREPAGUA,2013,0.0,19.0,0.0,13.0,0.0,1.0,9.0,1022.0,2.0,1090.0,118.0,36.0,0.0,1.86,0.0,1.19,0.0,2.78
155,JACAREZINHO,2013,0.0,2.0,0.0,3.0,0.0,1.0,0.0,58.0,0.0,154.0,71.0,0.0,,3.45,,1.95,0.0,
049,JARDIM AMERICA,2013,0.0,1.0,0.0,1.0,0.0,0.0,3.0,148.0,1.0,227.0,54.0,3.0,0.0,0.68,0.0,0.44,0.0,0.0
028,JARDIM BOTANICO,2013,0.0,1.0,0.0,0.0,0.0,0.0,0.0,172.0,0.0,28.0,5.0,3.0,,0.58,,0.0,0.0,0.0
100,JARDIM CARIOCA,2013,0.0,1.0,0.0,1.0,0.0,0.0,0.0,170.0,0.0,178.0,16.0,5.0,,0.59,,0.56,0.0,0.0
099,JARDIM GUANABARA,2013,0.0,0.0,0.0,0.0,0.0,0.0,0.0,185.0,0.0,45.0,5.0,7.0,,0.0,,0.0,0.0,0.0
137,JARDIM SULACAP,2013,0.0,1.0,0.0,1.0,0.0,0.0,0.0,141.0,0.0,111.0,17.0,1.0,,0.71,,0.9,0.0,0.0
126,JOA,2013,0.0,0.0,0.0,0.0,0.0,0.0,0.0,5.0,0.0,2.0,1.0,0.0,,0.0,,0.0,0.0,
027,LAGOA,2013,0.0,0.0,0.0,0.0,0.0,0.0,1.0,172.0,0.0,11.0,0.0,5.0,0.0,0.0,,0.0,,0.0
161,LAPA,2013,0.0,0.0,0.0,0.0,0.0,0.0,0.0,0.0,0.0,0.0,0.0,0.0,,,,,,
017,LARANJEIRAS,2013,0.0,1.0,0.0,0.0,0.0,0.0,7.0,308.0,0.0,71.0,12.0,13.0,0.0,0.32,,0.0,0.0,0.0
026,LEBLON,2013,0.0,3.0,0.0,0.0,0.0,0.0,3.0,327.0,0.0,48.0,16.0,8.0,0.0,0.92,,0.0,0.0,0.0
023,LEME,2013,0.0,1.0,0.0,0.0,1.0,0.0,3.0,65.0,0.0,40.0,14.0,9.0,0.0,1.54,,0.0,7.14,0.0
062,LINS DE VASCONCELOS,2013,0.0,4.0,0.0,3.0,3.0,2.0,0.0,134.0,0.0,231.0,119.0,1.0,,2.99,,1.3,2.52,200.0
083,MADUREIRA,2013,0.0,5.0,0.0,5.0,2.0,0.0,6.0,220.0,1.0,351.0,132.0,30.0,0.0,2.27,0.0,1.42,1.52,0.0
138,MAGALHAES BASTOS,2013,0.0,1.0,0.0,4.0,0.0,0.0,3.0,92.0,0.0,184.0,30.0,1.0,0.0,1.09,,2.17,0.0,0.0
011,MANGUEIRA,2013,0.0,0.0,0.0,2.0,0.0,0.0,0.0,66.0,0.0,208.0,63.0,3.0,,0.0,,0.96,0.0,0.0
039,MANGUINHOS,2013,0.0,1.0,0.0,6.0,1.0,1.0,0.0,92.0,0.0,168.0,55.0,0.0,,1.09,,3.57,1.82,
035,MARACANA,2013,0.0,1.0,0.0,0.0,0.0,0.0,2.0,138.0,0.0,43.0,5.0,3.0,0.0,0.72,,0.0,0.0,0.0
090,MARECHAL HERMES,2013,0.0,1.0,0.0,9.0,0.0,0.0,1.0,213.0,0.0,312.0,38.0,3.0,0.0,0.47,,2.88,0.0,0.0
052,MARIA DA GRACA,2013,0.0,0.0,0.0,0.0,0.0,0.0,1.0,64.0,0.0,29.0,6.0,1.0,0.0,0.0,,0.0,0.0,0.0
063,MEIER,2013,0.0,2.0,0.0,1.0,0.0,0.0,2.0,376.0,0.0,136.0,24.0,7.0,0.0,0.53,,0.74,0.0,0.0
102,MONERO,2013,0.0,1.0,0.0,0.0,0.0,0.0,2.0,37.0,0.0,16.0,4.0,1.0,0.0,2.7,,0.0,0.0,0.0
042,OLARIA,2013,0.0,7.0,0.0,8.0,2.0,1.0,2.0,287.0,0.0,287.0,68.0,6.0,0.0,2.44,,2.79,2.94,16.67
088,OSWALDO CRUZ,2013,0.0,4.0,0.0,0.0,0.0,0.0,3.0,142.0,1.0,155.0,45.0,9.0,0.0,2.82,0.0,0.0,0.0,0.0
148,PACIENCIA,2013,0.0,6.0,0.0,13.0,0.0,2.0,10.0,399.0,4.0,818.0,247.0,13.0,0.0,1.5,0.0,1.59,0.0,15.38
140,PADRE MIGUEL,2013,0.0,3.0,0.0,4.0,0.0,0.0,1.0,271.0,0.0,634.0,55.0,1.0,0.0,1.11,,0.63,0.0,0.0
013,PAQUETA,2013,0.0,0.0,0.0,0.0,0.0,0.0,0.0,9.0,0.0,15.0,2.0,0.0,,0.0,,0.0,0.0,
047,PARADA DE LUCAS,2013,0.0,1.0,0.0,1.0,0.0,1.0,0.0,94.0,0.0,168.0,45.0,5.0,,1.06,,0.6,0.0,20.0
108,PARQUE ANCHIETA,2013,0.0,0.0,0.0,3.0,1.0,0.0,0.0,102.0,0.0,110.0,19.0,1.0,,0.0,,2.73,5.26,0.0
158,PARQUE COLUMBIA,2013,0.0,0.0,0.0,1.0,0.0,0.0,0.0,6.0,0.0,10.0,1.0,0.0,,0.0,,10.0,0.0,
114,PAVUNA,2013,0.0,6.0,0.0,7.0,2.0,2.0,4.0,327.0,3.0,659.0,148.0,12.0,0.0,1.83,0.0,1.06,1.35,16.67
121,PECHINCHA,2013,0.0,3.0,0.0,2.0,0.0,0.0,1.0,307.0,0.0,150.0,18.0,3.0,0.0,0.98,,1.33,0.0,0.0
153,PEDRA DE GUARATIBA,2013,0.0,1.0,0.0,2.0,0.0,0.0,4.0,155.0,1.0,398.0,55.0,3.0,0.0,0.65,0.0,0.5,0.0,0.0
043,PENHA,2013,0.0,4.0,0.0,12.0,2.0,1.0,1.0,318.0,0.0,584.0,132.0,8.0,0.0,1.26,,2.05,1.52,12.5
044,PENHA CIRCULAR,2013,0.0,1.0,0.0,4.0,0.0,0.0,1.0,177.0,0.0,219.0,50.0,4.0,0.0,0.56,,1.83,0.0,0.0
069,PIEDADE,2013,0.0,3.0,0.0,4.0,2.0,2.0,1.0,220.0,0.0,227.0,63.0,4.0,0.0,1.36,,1.76,3.17,50.0
071,PILARES,2013,0.0,0.0,0.0,0.0,2.0,0.0,1.0,137.0,0.0,165.0,46.0,3.0,0.0,0.0,,0.0,4.35,0.0
094,PITANGUEIRAS,2013,0.0,0.0,0.0,0.0,0.0,0.0,0.0,66.0,0.0,61.0,1.0,0.0,,0.0,,0.0,0.0,
103,PORTUGUESA,2013,0.0,4.0,0.0,2.0,0.0,0.0,0.0,131.0,1.0,87.0,10.0,3.0,,3.05,0.0,2.3,0.0,0.0
032,PRACA DA BANDEIRA,2013,0.0,1.0,0.0,0.0,0.0,0.0,0.0,77.0,0.0,45.0,9.0,1.0,,1.3,,0.0,0.0,0.0
124,PRACA SECA,2013,0.0,2.0,0.0,1.0,1.0,1.0,2.0,339.0,0.0,371.0,90.0,24.0,0.0,0.59,,0.27,1.11,4.17
095,PRAIA DA BANDEIRA,2013,0.0,1.0,0.0,0.0,0.0,0.0,0.0,27.0,0.0,12.0,3.0,1.0,,3.7,,0.0,0.0,0.0
079,QUINTINO BOCAIUVA,2013,0.0,1.0,0.0,1.0,0.0,0.0,1.0,174.0,0.0,149.0,52.0,9.0,0.0,0.57,,0.67,0.0,0.0
041,RAMOS,2013,0.0,1.0,0.0,2.0,0.0,1.0,2.0,218.0,0.0,182.0,35.0,1.0,0.0,0.46,,1.1,0.0,100.0
139,REALENGO,2013,0.0,13.0,0.0,23.0,0.0,5.0,6.0,750.0,2.0,1404.0,193.0,4.0,0.0,1.73,0.0,1.64,0.0,125.0
132,RECREIO BANDEIRANTES,2013,0.0,6.0,0.0,0.0,0.0,0.0,4.0,861.0,1.0,432.0,46.0,2.0,0.0,0.7,0.0,0.0,0.0,0.0
059,RIACHUELO,2013,0.0,0.0,0.0,0.0,0.0,0.0,1.0,58.0,0.0,35.0,14.0,0.0,0.0,0.0,,0.0,0.0,
091,RIBEIRA,2013,0.0,0.0,0.0,0.0,0.0,0.0,0.0,25.0,0.0,7.0,0.0,2.0,,0.0,,0.0,,0.0
109,RICARDO ALBUQUERQUE,2013,0.0,2.0,0.0,5.0,0.0,0.0,0.0,119.0,0.0,219.0,30.0,5.0,,1.68,,2.28,0.0,0.0
007,RIO COMPRIDO,2013,0.0,2.0,0.0,8.0,0.0,2.0,1.0,252.0,0.0,271.0,71.0,7.0,0.0,0.79,,2.95,0.0,28.57
058,ROCHA,2013,0.0,1.0,0.0,0.0,0.0,1.0,0.0,59.0,0.0,44.0,20.0,0.0,,1.69,,0.0,0.0,
086,ROCHA MIRANDA,2013,0.0,5.0,0.0,3.0,0.0,0.0,2.0,204.0,0.0,284.0,91.0,12.0,0.0,2.45,,1.06,0.0,0.0
154,ROCINHA,2013,0.0,9.0,0.0,10.0,3.0,0.0,4.0,468.0,1.0,561.0,94.0,33.0,0.0,1.92,0.0,1.78,3.19,0.0
060,SAMPAIO,2013,0.0,2.0,0.0,2.0,0.0,2.0,3.0,46.0,0.0,76.0,32.0,0.0,0.0,4.35,,2.63,0.0,
149,SANTA CRUZ,2013,0.0,24.0,0.0,44.0,4.0,5.0,45.0,1029.0,2.0,2154.0,736.0,26.0,0.0,2.33,0.0,2.04,0.54,19.23
014,SANTA TERESA,2013,0.0,3.0,0.0,5.0,0.0,0.0,2.0,231.0,0.0,198.0,37.0,5.0,0.0,1.3,,2.53,0.0,0.0
143,SANTISSIMO,2013,0.0,4.0,0.0,3.0,0.0,1.0,0.0,243.0,0.0,468.0,78.0,1.0,,1.65,,0.64,0.0,100.0
003,SANTO CRISTO,2013,0.0,1.0,0.0,2.0,0.0,0.0,0.0,67.0,0.0,89.0,38.0,2.0,,1.49,,2.25,0.0,0.0
031,SAO CONRADO,2013,0.0,0.0,0.0,0.0,0.0,0.0,0.0,95.0,0.0,29.0,2.0,1.0,,0.0,,0.0,0.0,0.0
010,SAO CRISTOVAO,2013,0.0,3.0,0.0,1.0,0.0,1.0,3.0,286.0,1.0,338.0,60.0,5.0,0.0,1.05,0.0,0.3,0.0,20.0
057,SAO FRANCISCO XAVIER,2013,0.0,0.0,0.0,0.0,1.0,0.0,0.0,31.0,0.0,23.0,7.0,0.0,,0.0,,0.0,14.29,
001,SAUDE,2013,0.0,0.0,0.0,0.0,0.0,0.0,0.0,24.0,0.0,27.0,7.0,0.0,,0.0,,0.0,0.0,
142,SENADOR CAMARA,2013,0.0,11.0,0.0,15.0,3.0,2.0,4.0,379.0,0.0,859.0,169.0,3.0,0.0,2.9,,1.75,1.78,66.67
145,SENADOR VASCONCELOS,2013,0.0,1.0,0.0,3.0,1.0,1.0,0.0,96.0,0.0,176.0,33.0,3.0,,1.04,,1.7,3.03,33.33
150,SEPETIBA,2013,0.0,3.0,0.0,9.0,0.0,0.0,5.0,243.0,1.0,546.0,121.0,6.0,0.0,1.23,0.0,1.65,0.0,0.0
123,TANQUE,2013,0.0,3.0,0.0,3.0,0.0,0.0,1.0,218.0,0.0,319.0,82.0,2.0,0.0,1.38,,0.94,0.0,0.0
122,TAQUARA,2013,0.0,6.0,0.0,6.0,0.0,0.0,4.0,772.0,1.0,829.0,144.0,8.0,0.0,0.78,0.0,0.72,0.0,0.0
101,TAUA,2013,0.0,3.0,0.0,2.0,0.0,0.0,4.0,140.0,0.0,153.0,23.0,1.0,0.0,2.14,,1.31,0.0,0.0
033,TIJUCA,2013,0.0,6.0,0.0,3.0,2.0,1.0,11.0,945.0,2.0,428.0,165.0,27.0,0.0,0.63,0.0,0.7,1.21,3.7
064,TODOS OS SANTOS,2013,0.0,0.0,0.0,0.0,0.0,0.0,1.0,111.0,0.0,35.0,7.0,2.0,0.0,0.0,,0.0,0.0,0.0
056,TOMAS COELHO,2013,0.0,3.0,0.0,2.0,0.0,0.0,0.0,92.0,0.0,143.0,22.0,2.0,,3.26,,1.4,0.0,0.0
085,TURIACU,2013,0.0,0.0,0.0,0.0,1.0,1.0,0.0,54.0,0.0,73.0,40.0,4.0,,0.0,,0.0,2.5,25.0
022,URCA,2013,0.0,1.0,0.0,0.0,0.0,0.0,1.0,37.0,0.0,13.0,1.0,0.0,0.0,2.7,,0.0,0.0,
131,VARGEM GRANDE,2013,0.0,0.0,0.0,2.0,0.0,0.0,0.0,119.0,0.0,172.0,24.0,1.0,,0.0,,1.16,0.0,0.0
130,VARGEM PEQUENA,2013,0.0,0.0,0.0,7.0,0.0,0.0,0.0,119.0,0.0,158.0,17.0,0.0,,0.0,,4.43,0.0,
159,VASCO DA GAMA,2013,0.0,0.0,0.0,0.0,0.0,0.0,0.0,4.0,0.0,8.0,1.0,0.0,,0.0,,0.0,0.0,
084,VAZ LOBO,2013,0.0,2.0,0.0,1.0,0.0,0.0,0.0,67.0,0.0,104.0,50.0,13.0,,2.99,,0.96,0.0,0.0
073,VICENTE DE CARVALHO,2013,0.0,2.0,0.0,7.0,0.0,1.0,1.0,114.0,0.0,171.0,42.0,7.0,0.0,1.75,,4.09,0.0,14.29
030,VIDIGAL,2013,0.0,1.0,0.0,0.0,0.0,1.0,0.0,103.0,0.0,127.0,19.0,10.0,,0.97,,0.0,0.0,10.0
048,VIGARIO GERAL,2013,0.0,2.0,0.0,3.0,1.0,1.0,5.0,95.0,1.0,237.0,74.0,4.0,0.0,2.11,0.0,1.27,1.35,25.0
074,VILA DA PENHA,2013,0.0,2.0,0.0,2.0,0.0,0.0,4.0,276.0,0.0,185.0,35.0,15.0,0.0,0.72,,1.08,0.0,0.0
036,VILA ISABEL,2013,0.0,3.0,0.0,5.0,1.0,0.0,8.0,363.0,0.0,253.0,118.0,5.0,0.0,0.83,,1.98,0.85,0.0
162,VILA KENNEDY,2013,0.0,0.0,0.0,0.0,0.0,0.0,0.0,0.0,0.0,0.0,0.0,0.0,,,,,,
072,VILA KOSMOS,2013,0.0,0.0,0.0,1.0,0.0,1.0,0.0,61.0,0.0,43.0,10.0,2.0,,0.0,,2.33,0.0,50.0
135,VILA MILITAR,2013,0.0,2.0,0.0,0.0,0.0,0.0,0.0,38.0,0.0,15.0,3.0,2.0,,5.26,,0.0,0.0,0.0
125,VILA VALQUEIRE,2013,0.0,5.0,0.0,1.0,1.0,1.0,1.0,212.0,1.0,155.0,33.0,10.0,0.0,2.36,0.0,0.65,3.03,10.0
075,VISTA ALEGRE,2013,0.0,3.0,0.0,0.0,0.0,0.0,1.0,83.0,0.0,59.0,13.0,6.0,0.0,3.61,,0.0,0.0,0.0
092,ZUMBI,2013,0.0,0.0,0.0,0.0,0.0,0.0,0.0,21.0,0.0,8.0,2.0,0.0,,0.0,,0.0,0.0,
070,ABOLICAO,2014,0.0,0.0,0.0,0.0,0.0,0.0,2.0,83.0,0.0,51.0,11.0,1.0,0.0,0.0,,0.0,0.0,0.0
111,ACARI,2014,0.0,1.0,0.0,5.0,0.0,1.0,9.0,109.0,0.0,305.0,65.0,5.0,0.0,0.92,,1.64,0.0,20.0
067,AGUA SANTA,2014,0.0,0.0,0.0,0.0,0.0,0.0,1.0,47.0,0.0,36.0,8.0,1.0,0.0,0.0,,0.0,0.0,0.0
034,ALTO DA BOA VISTA,2014,0.0,1.0,0.0,0.0,0.0,0.0,0.0,64.0,0.0,65.0,18.0,0.0,,1.56,,0.0,0.0,
107,ANCHIETA,2014,0.0,8.0,0.0,6.0,0.0,1.0,3.0,295.0,1.0,669.0,129.0,10.0,0.0,2.71,0.0,0.9,0.0,10.0
037,ANDARAI,2014,0.0,0.0,0.0,0.0,0.0,0.0,2.0,160.0,0.0,127.0,49.0,10.0,0.0,0.0,,0.0,0.0,0.0
116,ANIL,2014,0.0,0.0,0.0,6.0,0.0,1.0,0.0,171.0,0.0,268.0,18.0,1.0,,0.0,,2.24,0.0,100.0
097,BANCARIOS,2014,0.0,1.0,0.0,0.0,0.0,0.0,1.0,76.0,0.0,118.0,8.0,2.0,0.0,1.32,,0.0,0.0,0.0
141,BANGU,2014,0.0,12.0,0.0,26.0,3.0,3.0,10.0,1036.0,8.0,2586.0,212.0,14.0,0.0,1.16,0.0,1.01,1.42,21.43
128,BARRA DA TIJUCA,2014,0.0,9.0,0.0,0.0,0.0,1.0,9.0,1372.0,2.0,264.0,12.0,12.0,0.0,0.66,0.0,0.0,0.0,8.33
152,BARRA DE GUARATIBA,2014,0.0,0.0,0.0,1.0,0.0,0.0,1.0,25.0,0.0,53.0,3.0,0.0,0.0,0.0,,1.89,0.0,
165,BARRA OLIMPICA,2014,0.0,0.0,0.0,0.0,0.0,0.0,0.0,0.0,0.0,0.0,0.0,0.0,,,,,,
112,BARROS FILHO,2014,0.0,0.0,0.0,4.0,0.0,0.0,1.0,55.0,1.0,156.0,29.0,1.0,0.0,0.0,0.0,2.56,0.0,0.0
012,BENFICA,2014,0.0,1.0,0.0,3.0,0.0,0.0,0.0,145.0,0.0,289.0,49.0,1.0,,0.69,,1.04,0.0,0.0
089,BENTO RIBEIRO,2014,0.0,5.0,0.0,3.0,1.0,0.0,2.0,198.0,0.0,228.0,50.0,8.0,0.0,2.53,,1.32,2.0,0.0
040,BONSUCESSO,2014,0.0,2.0,0.0,2.0,0.0,2.0,2.0,132.0,0.0,179.0,33.0,1.0,0.0,1.52,,1.12,0.0,200.0
020,BOTAFOGO,2014,0.0,3.0,0.0,3.0,0.0,0.0,10.0,631.0,2.0,139.0,25.0,32.0,0.0,0.48,0.0,2.16,0.0,0.0
045,BRAS DE PINA,2014,0.0,3.0,0.0,0.0,0.0,0.0,2.0,216.0,0.0,356.0,74.0,8.0,0.0,1.39,,0.0,0.0,0.0
065,CACHAMBI,2014,0.0,1.0,0.0,3.0,0.0,1.0,4.0,229.0,0.0,142.0,39.0,8.0,0.0,0.44,,2.11,0.0,12.5
093,CACUIA,2014,0.0,1.0,0.0,2.0,0.0,0.0,0.0,59.0,0.0,67.0,13.0,2.0,,1.69,,2.99,0.0,0.0
004,CAJU,2014,0.0,1.0,0.0,0.0,0.0,0.0,1.0,176.0,0.0,247.0,24.0,0.0,0.0,0.57,,0.0,0.0,
129,CAMORIM,2014,0.0,2.0,0.0,0.0,0.0,0.0,1.0,46.0,0.0,24.0,5.0,1.0,0.0,4.35,,0.0,0.0,0.0
078,CAMPINHO,2014,0.0,2.0,0.0,0.0,0.0,0.0,0.0,87.0,1.0,89.0,28.0,8.0,,2.3,0.0,0.0,0.0,0.0
136,CAMPO DOS AFONSOS,2014,0.0,0.0,0.0,0.0,0.0,0.0,0.0,12.0,0.0,2.0,1.0,0.0,,0.0,,0.0,0.0,
144,CAMPO GRANDE,2014,0.0,24.0,0.0,22.0,7.0,3.0,21.0,1881.0,1.0,3047.0,477.0,38.0,0.0,1.28,0.0,0.72,1.47,7.89
082,CASCADURA,2014,0.0,1.0,0.0,1.0,0.0,0.0,2.0,140.0,0.0,193.0,69.0,12.0,0.0,0.71,,0.52,0.0,0.0
018,CATETE,2014,0.0,1.0,0.0,0.0,0.0,0.0,1.0,143.0,0.0,61.0,8.0,7.0,0.0,0.7,,0.0,0.0,0.0
006,CATUMBI,2014,0.0,4.0,0.0,1.0,0.0,0.0,0.0,95.0,0.0,136.0,43.0,2.0,,4.21,,0.74,0.0,0.0
080,CAVALCANTE,2014,0.0,0.0,0.0,0.0,0.0,0.0,0.0,61.0,0.0,130.0,32.0,4.0,,0.0,,0.0,0.0,0.0
005,CENTRO,2014,0.0,5.0,0.0,3.0,0.0,0.0,6.0,217.0,2.0,162.0,27.0,11.0,0.0,2.3,0.0,1.85,0.0,0.0
118,CIDADE DE DEUS,2014,0.0,2.0,0.0,14.0,2.0,1.0,0.0,71.0,1.0,758.0,38.0,0.0,,2.82,0.0,1.85,5.26,
008,CIDADE NOVA,2014,0.0,0.0,0.0,1.0,0.0,0.0,0.0,20.0,0.0,28.0,8.0,0.0,,0.0,,3.57,0.0,
105,CIDADE UNIVERSITARIA,2014,0.0,0.0,0.0,0.0,0.0,0.0,0.0,8.0,0.0,12.0,0.0,0.0,,0.0,,0.0,,
096,COCOTA,2014,0.0,1.0,0.0,0.0,0.0,0.0,0.0,42.0,0.0,44.0,7.0,3.0,,2.38,,0.0,0.0,0.0
110,COELHO NETO,2014,0.0,5.0,0.0,2.0,0.0,0.0,2.0,140.0,2.0,246.0,60.0,3.0,0.0,3.57,0.0,0.81,0.0,0.0
077,COLEGIO,2014,0.0,1.0,0.0,5.0,0.0,3.0,0.0,133.0,0.0,239.0,69.0,10.0,,0.75,,2.09,0.0,30.0
157,COMPLEXO DA MARE,2014,0.0,9.0,0.0,11.0,1.0,5.0,5.0,790.0,0.0,1586.0,192.0,6.0,0.0,1.14,,0.69,0.52,83.33
156,COMPLEXO DO ALEMAO,2014,0.0,1.0,0.0,8.0,3.0,4.0,1.0,216.0,0.0,427.0,117.0,4.0,0.0,0.46,,1.87,2.56,100.0
024,COPACABANA,2014,0.0,7.0,0.0,2.0,0.0,0.0,10.0,774.0,2.0,312.0,72.0,42.0,0.0,0.9,0.0,0.64,0.0,0.0
046,CORDOVIL,2014,0.0,3.0,0.0,5.0,0.0,0.0,2.0,201.0,0.0,288.0,118.0,4.0,0.0,1.49,,1.74,0.0,0.0
019,COSME VELHO,2014,0.0,0.0,0.0,0.0,0.0,0.0,1.0,49.0,0.0,36.0,13.0,4.0,0.0,0.0,,0.0,0.0,0.0
147,COSMOS,2014,0.0,4.0,0.0,11.0,1.0,1.0,3.0,257.0,1.0,767.0,159.0,7.0,0.0,1.56,0.0,1.43,0.63,14.29
113,COSTA BARROS,2014,0.0,2.0,0.0,9.0,1.0,1.0,2.0,117.0,0.0,437.0,166.0,11.0,0.0,1.71,,2.06,0.6,9.09
119,CURICICA,2014,0.0,3.0,0.0,3.0,1.0,1.0,3.0,211.0,0.0,593.0,28.0,4.0,0.0,1.42,,0.51,3.57,25.0
053,DEL CASTILHO,2014,0.0,1.0,0.0,2.0,0.0,0.0,2.0,118.0,0.0,138.0,33.0,2.0,0.0,0.85,,1.45,0.0,0.0
134,DEODORO,2014,0.0,0.0,0.0,4.0,0.0,0.0,0.0,48.0,1.0,106.0,16.0,2.0,,0.0,0.0,3.77,0.0,0.0
068,ENCANTADO,2014,0.0,0.0,0.0,0.0,0.0,0.0,1.0,55.0,0.0,63.0,17.0,1.0,0.0,0.0,,0.0,0.0,0.0
081,ENGENHEIRO LEAL,2014,0.0,1.0,0.0,0.0,0.0,0.0,0.0,13.0,0.0,24.0,9.0,3.0,,7.69,,0.0,0.0,0.0
055,ENGENHO DA RAINHA,2014,0.0,0.0,0.0,4.0,0.0,0.0,0.0,137.0,0.0,156.0,49.0,1.0,,0.0,,2.56,0.0,0.0
066,ENGENHO DE DENTRO,2014,0.0,4.0,0.0,1.0,0.0,0.0,3.0,309.0,0.0,232.0,45.0,3.0,0.0,1.29,,0.43,0.0,0.0
061,ENGENHO NOVO,2014,0.0,0.0,0.0,4.0,0.0,1.0,2.0,267.0,1.0,278.0,109.0,4.0,0.0,0.0,0.0,1.44,0.0,25.0
009,ESTACIO,2014,0.0,1.0,0.0,3.0,2.0,0.0,0.0,128.0,0.0,136.0,34.0,3.0,,0.78,,2.21,5.88,0.0
015,FLAMENGO,2014,0.0,2.0,0.0,1.0,0.0,0.0,10.0,300.0,0.0,65.0,18.0,23.0,0.0,0.67,,1.54,0.0,0.0
098,FREGUESIA-ILHA,2014,0.0,1.0,0.0,1.0,0.0,0.0,1.0,96.0,0.0,112.0,16.0,1.0,0.0,1.04,,0.89,0.0,0.0
120,FREGUESIA-JPA,2014,0.0,2.0,0.0,5.0,0.0,1.0,0.0,502.0,0.0,372.0,39.0,9.0,,0.4,,1.34,0.0,11.11
104,GALEAO,2014,0.0,5.0,0.0,3.0,0.0,0.0,3.0,151.0,0.0,209.0,29.0,3.0,0.0,3.31,,1.44,0.0,0.0
002,GAMBOA,2014,0.0,0.0,0.0,1.0,0.0,0.0,1.0,69.0,1.0,76.0,14.0,3.0,0.0,0.0,0.0,1.32,0.0,0.0
117,GARDENIA AZUL,2014,0.0,2.0,0.0,2.0,0.0,1.0,0.0,87.0,0.0,568.0,13.0,3.0,,2.3,,0.35,0.0,33.33
029,GAVEA,2014,0.0,0.0,0.0,0.0,0.0,0.0,0.0,182.0,0.0,61.0,17.0,5.0,,0.0,,0.0,0.0,0.0
160,GERICINo,2014,0.0,0.0,0.0,0.0,0.0,0.0,0.0,0.0,0.0,0.0,1.0,0.0,,,,,0.0,
016,GLORIA,2014,0.0,0.0,0.0,0.0,0.0,1.0,4.0,108.0,0.0,53.0,7.0,2.0,0.0,0.0,,0.0,0.0,50.0
038,GRAJAU,2014,0.0,3.0,0.0,0.0,0.0,0.0,5.0,259.0,0.0,90.0,26.0,8.0,0.0,1.16,,0.0,0.0,0.0
133,GRUMARI,2014,0.0,0.0,0.0,0.0,0.0,0.0,0.0,0.0,0.0,0.0,0.0,0.0,,,,,,
106,GUADALUPE,2014,0.0,3.0,0.0,4.0,0.0,0.0,4.0,219.0,0.0,400.0,67.0,3.0,0.0,1.37,,1.0,0.0,0.0
151,GUARATIBA,2014,0.0,10.0,0.0,14.0,1.0,1.0,3.0,401.0,0.0,1395.0,128.0,5.0,0.0,2.49,,1.0,0.78,20.0
050,HIGIENOPOLIS,2014,0.0,2.0,0.0,2.0,0.0,0.0,0.0,75.0,0.0,70.0,18.0,2.0,,2.67,,2.86,0.0,0.0
087,HONORIO GURGEL,2014,0.0,2.0,0.0,2.0,0.0,0.0,0.0,96.0,0.0,162.0,40.0,3.0,,2.08,,1.23,0.0,0.0
021,HUMAITA,2014,0.0,0.0,0.0,0.0,0.0,0.0,1.0,97.0,0.0,10.0,3.0,6.0,0.0,0.0,,0.0,0.0,0.0
999,IGNORADO BAIRRO-MRJ,2014,0.0,0.0,0.0,1.0,0.0,1.0,0.0,29.0,0.0,80.0,9.0,8.0,,0.0,,1.25,0.0,12.5
164,ILHA DE GUARATIBA,2014,0.0,0.0,0.0,0.0,0.0,0.0,0.0,0.0,0.0,0.0,0.0,0.0,,,,,,
998,ILHA DO GOVERNADOR - IGNORADO,2014,0.0,0.0,0.0,0.0,0.0,0.0,0.0,2.0,0.0,3.0,1.0,0.0,,0.0,,0.0,0.0,
054,INHAUMA,2014,0.0,3.0,0.0,4.0,0.0,3.0,3.0,314.0,0.0,522.0,124.0,6.0,0.0,0.96,,0.77,0.0,50.0
146,INHOAIBA,2014,0.0,1.0,0.0,8.0,0.0,1.0,2.0,209.0,3.0,632.0,121.0,5.0,0.0,0.48,0.0,1.27,0.0,20.0
025,IPANEMA,2014,0.0,1.0,0.0,1.0,0.0,0.0,2.0,295.0,0.0,46.0,24.0,12.0,0.0,0.34,,2.17,0.0,0.0
076,IRAJA,2014,0.0,9.0,0.0,5.0,0.0,0.0,11.0,553.0,0.0,528.0,120.0,15.0,0.0,1.63,,0.95,0.0,0.0
127,ITANHANGA,2014,0.0,6.0,0.0,5.0,0.0,1.0,2.0,232.0,1.0,369.0,23.0,4.0,0.0,2.59,0.0,1.36,0.0,25.0
163,JABOUR,2014,0.0,0.0,0.0,0.0,0.0,0.0,0.0,0.0,0.0,0.0,0.0,0.0,,,,,,
051,JACARE,2014,0.0,1.0,0.0,1.0,0.0,1.0,0.0,105.0,0.0,235.0,76.0,2.0,,0.95,,0.43,0.0,50.0
115,JACAREPAGUA,2014,0.0,13.0,0.0,11.0,1.0,1.0,9.0,1059.0,1.0,1600.0,118.0,35.0,0.0,1.23,0.0,0.69,0.85,2.86
155,JACAREZINHO,2014,0.0,0.0,0.0,1.0,0.0,0.0,0.0,53.0,1.0,156.0,61.0,1.0,,0.0,0.0,0.64,0.0,0.0
049,JARDIM AMERICA,2014,0.0,5.0,0.0,2.0,0.0,0.0,4.0,183.0,0.0,255.0,65.0,4.0,0.0,2.73,,0.78,0.0,0.0
028,JARDIM BOTANICO,2014,0.0,2.0,0.0,0.0,0.0,1.0,1.0,159.0,0.0,20.0,3.0,7.0,0.0,1.26,,0.0,0.0,14.29
100,JARDIM CARIOCA,2014,0.0,1.0,0.0,3.0,0.0,0.0,3.0,142.0,0.0,195.0,32.0,2.0,0.0,0.7,,1.54,0.0,0.0
099,JARDIM GUANABARA,2014,0.0,2.0,0.0,0.0,0.0,0.0,3.0,184.0,0.0,59.0,9.0,6.0,0.0,1.09,,0.0,0.0,0.0
137,JARDIM SULACAP,2014,0.0,1.0,0.0,1.0,0.0,0.0,0.0,150.0,1.0,104.0,12.0,0.0,,0.67,0.0,0.96,0.0,
126,JOA,2014,0.0,0.0,0.0,0.0,0.0,0.0,0.0,6.0,0.0,0.0,0.0,1.0,,0.0,,,,0.0
027,LAGOA,2014,0.0,0.0,0.0,0.0,0.0,0.0,1.0,162.0,0.0,14.0,0.0,7.0,0.0,0.0,,0.0,,0.0
161,LAPA,2014,0.0,0.0,0.0,0.0,0.0,0.0,0.0,0.0,0.0,0.0,0.0,0.0,,,,,,
017,LARANJEIRAS,2014,0.0,1.0,0.0,0.0,0.0,0.0,7.0,326.0,0.0,51.0,10.0,12.0,0.0,0.31,,0.0,0.0,0.0
026,LEBLON,2014,0.0,3.0,0.0,0.0,0.0,0.0,3.0,343.0,0.0,35.0,9.0,16.0,0.0,0.87,,0.0,0.0,0.0
023,LEME,2014,0.0,2.0,0.0,0.0,0.0,0.0,3.0,71.0,0.0,42.0,16.0,2.0,0.0,2.82,,0.0,0.0,0.0
062,LINS DE VASCONCELOS,2014,0.0,2.0,0.0,5.0,0.0,0.0,2.0,167.0,0.0,250.0,103.0,1.0,0.0,1.2,,2.0,0.0,0.0
083,MADUREIRA,2014,0.0,1.0,0.0,5.0,3.0,0.0,4.0,232.0,0.0,340.0,156.0,33.0,0.0,0.43,,1.47,1.92,0.0
138,MAGALHAES BASTOS,2014,0.0,1.0,0.0,0.0,0.0,1.0,0.0,98.0,0.0,191.0,10.0,1.0,,1.02,,0.0,0.0,100.0
011,MANGUEIRA,2014,0.0,1.0,0.0,4.0,0.0,1.0,0.0,61.0,0.0,197.0,63.0,0.0,,1.64,,2.03,0.0,
039,MANGUINHOS,2014,0.0,3.0,0.0,1.0,2.0,0.0,0.0,100.0,0.0,215.0,40.0,1.0,,3.0,,0.47,5.0,0.0
035,MARACANA,2014,0.0,0.0,0.0,0.0,0.0,0.0,2.0,151.0,0.0,32.0,9.0,11.0,0.0,0.0,,0.0,0.0,0.0
090,MARECHAL HERMES,2014,0.0,3.0,0.0,2.0,0.0,0.0,0.0,202.0,0.0,308.0,49.0,1.0,,1.49,,0.65,0.0,0.0
052,MARIA DA GRACA,2014,0.0,0.0,0.0,0.0,0.0,0.0,0.0,43.0,0.0,25.0,5.0,2.0,,0.0,,0.0,0.0,0.0
063,MEIER,2014,0.0,3.0,0.0,2.0,0.0,0.0,7.0,374.0,0.0,135.0,22.0,10.0,0.0,0.8,,1.48,0.0,0.0
102,MONERO,2014,0.0,0.0,0.0,0.0,0.0,0.0,0.0,39.0,0.0,8.0,0.0,1.0,,0.0,,0.0,,0.0
042,OLARIA,2014,0.0,4.0,0.0,2.0,0.0,0.0,0.0,262.0,0.0,305.0,64.0,6.0,,1.53,,0.66,0.0,0.0
088,OSWALDO CRUZ,2014,0.0,0.0,0.0,1.0,1.0,1.0,1.0,106.0,0.0,182.0,58.0,8.0,0.0,0.0,,0.55,1.72,12.5
148,PACIENCIA,2014,0.0,14.0,0.0,9.0,1.0,1.0,1.0,393.0,0.0,917.0,249.0,10.0,0.0,3.56,,0.98,0.4,10.0
140,PADRE MIGUEL,2014,0.0,1.0,0.0,7.0,0.0,0.0,1.0,261.0,0.0,679.0,41.0,1.0,0.0,0.38,,1.03,0.0,0.0
013,PAQUETA,2014,0.0,0.0,0.0,0.0,0.0,0.0,1.0,11.0,0.0,15.0,4.0,1.0,0.0,0.0,,0.0,0.0,0.0
047,PARADA DE LUCAS,2014,0.0,0.0,0.0,3.0,0.0,0.0,5.0,118.0,0.0,175.0,50.0,1.0,0.0,0.0,,1.71,0.0,0.0
108,PARQUE ANCHIETA,2014,0.0,0.0,0.0,1.0,0.0,0.0,3.0,79.0,0.0,114.0,27.0,3.0,0.0,0.0,,0.88,0.0,0.0
158,PARQUE COLUMBIA,2014,0.0,0.0,0.0,0.0,0.0,0.0,0.0,10.0,0.0,8.0,3.0,0.0,,0.0,,0.0,0.0,
114,PAVUNA,2014,0.0,3.0,0.0,10.0,1.0,2.0,13.0,346.0,1.0,692.0,150.0,7.0,0.0,0.87,0.0,1.45,0.67,28.57
121,PECHINCHA,2014,0.0,2.0,0.0,0.0,1.0,0.0,3.0,329.0,0.0,185.0,33.0,3.0,0.0,0.61,,0.0,3.03,0.0
153,PEDRA DE GUARATIBA,2014,0.0,5.0,0.0,2.0,0.0,1.0,0.0,124.0,0.0,344.0,32.0,4.0,,4.03,,0.58,0.0,25.0
043,PENHA,2014,0.0,3.0,0.0,3.0,1.0,0.0,5.0,313.0,0.0,510.0,112.0,11.0,0.0,0.96,,0.59,0.89,0.0
044,PENHA CIRCULAR,2014,0.0,5.0,0.0,2.0,0.0,0.0,1.0,161.0,1.0,219.0,43.0,2.0,0.0,3.11,0.0,0.91,0.0,0.0
069,PIEDADE,2014,0.0,1.0,0.0,3.0,1.0,2.0,0.0,238.0,0.0,262.0,72.0,7.0,,0.42,,1.15,1.39,28.57
071,PILARES,2014,0.0,3.0,0.0,2.0,1.0,0.0,2.0,150.0,0.0,168.0,56.0,0.0,0.0,2.0,,1.19,1.79,
094,PITANGUEIRAS,2014,0.0,1.0,0.0,0.0,0.0,0.0,1.0,63.0,0.0,76.0,9.0,1.0,0.0,1.59,,0.0,0.0,0.0
103,PORTUGUESA,2014,0.0,1.0,0.0,1.0,0.0,0.0,3.0,118.0,0.0,106.0,5.0,1.0,0.0,0.85,,0.94,0.0,0.0
032,PRACA DA BANDEIRA,2014,0.0,1.0,0.0,0.0,0.0,0.0,0.0,62.0,0.0,32.0,3.0,1.0,,1.61,,0.0,0.0,0.0
124,PRACA SECA,2014,0.0,3.0,0.0,5.0,2.0,0.0,3.0,316.0,0.0,411.0,94.0,17.0,0.0,0.95,,1.22,2.13,0.0
095,PRAIA DA BANDEIRA,2014,0.0,0.0,0.0,0.0,0.0,0.0,0.0,38.0,0.0,10.0,2.0,0.0,,0.0,,0.0,0.0,
079,QUINTINO BOCAIUVA,2014,0.0,2.0,0.0,0.0,0.0,1.0,1.0,172.0,0.0,164.0,36.0,13.0,0.0,1.16,,0.0,0.0,7.69
041,RAMOS,2014,0.0,3.0,0.0,3.0,0.0,0.0,1.0,255.0,0.0,284.0,43.0,4.0,0.0,1.18,,1.06,0.0,0.0
139,REALENGO,2014,0.0,7.0,0.0,19.0,1.0,6.0,8.0,687.0,1.0,1599.0,129.0,5.0,0.0,1.02,0.0,1.19,0.78,120.0
132,RECREIO BANDEIRANTES,2014,0.0,6.0,0.0,1.0,0.0,0.0,1.0,794.0,1.0,544.0,10.0,7.0,0.0,0.76,0.0,0.18,0.0,0.0
059,RIACHUELO,2014,0.0,1.0,0.0,1.0,0.0,0.0,0.0,68.0,0.0,53.0,9.0,1.0,,1.47,,1.89,0.0,0.0
091,RIBEIRA,2014,0.0,0.0,0.0,0.0,0.0,0.0,0.0,28.0,0.0,8.0,0.0,1.0,,0.0,,0.0,,0.0
109,RICARDO ALBUQUERQUE,2014,0.0,4.0,0.0,2.0,0.0,1.0,3.0,105.0,1.0,208.0,45.0,7.0,0.0,3.81,0.0,0.96,0.0,14.29
007,RIO COMPRIDO,2014,0.0,4.0,0.0,4.0,1.0,0.0,1.0,269.0,1.0,277.0,71.0,5.0,0.0,1.49,0.0,1.44,1.41,0.0
058,ROCHA,2014,0.0,0.0,0.0,2.0,0.0,0.0,0.0,64.0,0.0,46.0,16.0,1.0,,0.0,,4.35,0.0,0.0
086,ROCHA MIRANDA,2014,0.0,5.0,0.0,4.0,0.0,0.0,3.0,164.0,1.0,325.0,91.0,6.0,0.0,3.05,0.0,1.23,0.0,0.0
154,ROCINHA,2014,0.0,13.0,0.0,7.0,0.0,1.0,1.0,454.0,2.0,589.0,96.0,32.0,0.0,2.86,0.0,1.19,0.0,3.12
060,SAMPAIO,2014,0.0,1.0,0.0,0.0,1.0,0.0,0.0,31.0,0.0,68.0,30.0,2.0,,3.23,,0.0,3.33,0.0
149,SANTA CRUZ,2014,0.0,25.0,0.0,42.0,3.0,1.0,8.0,944.0,2.0,2309.0,700.0,32.0,0.0,2.65,0.0,1.82,0.43,3.12
014,SANTA TERESA,2014,0.0,2.0,0.0,1.0,0.0,1.0,3.0,217.0,0.0,190.0,49.0,12.0,0.0,0.92,,0.53,0.0,8.33
143,SANTISSIMO,2014,0.0,2.0,0.0,5.0,1.0,1.0,6.0,245.0,0.0,573.0,45.0,3.0,0.0,0.82,,0.87,2.22,33.33
003,SANTO CRISTO,2014,0.0,0.0,0.0,1.0,0.0,0.0,2.0,75.0,0.0,135.0,35.0,2.0,0.0,0.0,,0.74,0.0,0.0
031,SAO CONRADO,2014,0.0,0.0,0.0,0.0,0.0,0.0,1.0,66.0,0.0,24.0,5.0,2.0,0.0,0.0,,0.0,0.0,0.0
010,SAO CRISTOVAO,2014,0.0,0.0,0.0,4.0,0.0,1.0,1.0,295.0,0.0,360.0,59.0,9.0,0.0,0.0,,1.11,0.0,11.11
057,SAO FRANCISCO XAVIER,2014,0.0,0.0,0.0,0.0,0.0,0.0,2.0,41.0,0.0,24.0,4.0,0.0,0.0,0.0,,0.0,0.0,
001,SAUDE,2014,0.0,0.0,0.0,0.0,0.0,0.0,1.0,25.0,1.0,39.0,5.0,0.0,0.0,0.0,0.0,0.0,0.0,
142,SENADOR CAMARA,2014,0.0,3.0,0.0,11.0,3.0,2.0,5.0,358.0,3.0,909.0,75.0,4.0,0.0,0.84,0.0,1.21,4.0,50.0
145,SENADOR VASCONCELOS,2014,0.0,2.0,0.0,0.0,1.0,0.0,0.0,90.0,0.0,216.0,34.0,3.0,,2.22,,0.0,2.94,0.0
150,SEPETIBA,2014,0.0,6.0,0.0,8.0,0.0,1.0,5.0,229.0,1.0,475.0,89.0,4.0,0.0,2.62,0.0,1.68,0.0,25.0
123,TANQUE,2014,0.0,4.0,0.0,3.0,0.0,0.0,2.0,179.0,0.0,365.0,56.0,6.0,0.0,2.23,,0.82,0.0,0.0
122,TAQUARA,2014,0.0,8.0,0.0,7.0,1.0,0.0,5.0,708.0,0.0,913.0,114.0,18.0,0.0,1.13,,0.77,0.88,0.0
101,TAUA,2014,0.0,2.0,0.0,2.0,0.0,1.0,1.0,122.0,0.0,186.0,24.0,3.0,0.0,1.64,,1.08,0.0,33.33
033,TIJUCA,2014,0.0,6.0,0.0,3.0,1.0,0.0,15.0,964.0,1.0,444.0,199.0,38.0,0.0,0.62,0.0,0.68,0.5,0.0
064,TODOS OS SANTOS,2014,0.0,1.0,0.0,1.0,0.0,0.0,3.0,121.0,0.0,45.0,11.0,0.0,0.0,0.83,,2.22,0.0,
056,TOMAS COELHO,2014,0.0,1.0,0.0,3.0,1.0,2.0,1.0,97.0,0.0,137.0,28.0,6.0,0.0,1.03,,2.19,3.57,33.33
085,TURIACU,2014,0.0,0.0,0.0,3.0,0.0,0.0,0.0,63.0,0.0,74.0,32.0,2.0,,0.0,,4.05,0.0,0.0
022,URCA,2014,0.0,0.0,0.0,0.0,0.0,0.0,0.0,36.0,0.0,8.0,2.0,0.0,,0.0,,0.0,0.0,
131,VARGEM GRANDE,2014,0.0,0.0,0.0,1.0,0.0,0.0,0.0,74.0,0.0,201.0,6.0,0.0,,0.0,,0.5,0.0,
130,VARGEM PEQUENA,2014,0.0,2.0,0.0,1.0,0.0,0.0,1.0,100.0,0.0,226.0,11.0,1.0,0.0,2.0,,0.44,0.0,0.0
159,VASCO DA GAMA,2014,0.0,0.0,0.0,0.0,0.0,0.0,0.0,9.0,0.0,14.0,0.0,0.0,,0.0,,0.0,,
084,VAZ LOBO,2014,0.0,1.0,0.0,4.0,0.0,0.0,0.0,75.0,0.0,97.0,45.0,13.0,,1.33,,4.12,0.0,0.0
073,VICENTE DE CARVALHO,2014,0.0,3.0,0.0,1.0,0.0,1.0,2.0,111.0,1.0,149.0,62.0,11.0,0.0,2.7,0.0,0.67,0.0,9.09
030,VIDIGAL,2014,0.0,2.0,0.0,2.0,1.0,1.0,1.0,100.0,1.0,135.0,20.0,4.0,0.0,2.0,0.0,1.48,5.0,25.0
048,VIGARIO GERAL,2014,0.0,0.0,0.0,5.0,2.0,0.0,4.0,118.0,0.0,264.0,89.0,1.0,0.0,0.0,,1.89,2.25,0.0
074,VILA DA PENHA,2014,0.0,1.0,0.0,0.0,0.0,0.0,1.0,256.0,0.0,127.0,38.0,4.0,0.0,0.39,,0.0,0.0,0.0
036,VILA ISABEL,2014,0.0,4.0,0.0,0.0,0.0,1.0,4.0,373.0,0.0,263.0,108.0,12.0,0.0,1.07,,0.0,0.0,8.33
162,VILA KENNEDY,2014,0.0,0.0,0.0,0.0,0.0,0.0,0.0,0.0,0.0,0.0,0.0,0.0,,,,,,
072,VILA KOSMOS,2014,0.0,0.0,0.0,1.0,0.0,0.0,0.0,61.0,0.0,42.0,13.0,2.0,,0.0,,2.38,0.0,0.0
135,VILA MILITAR,2014,0.0,0.0,0.0,0.0,0.0,0.0,0.0,34.0,0.0,30.0,7.0,0.0,,0.0,,0.0,0.0,
125,VILA VALQUEIRE,2014,0.0,4.0,0.0,1.0,0.0,0.0,1.0,226.0,0.0,181.0,30.0,7.0,0.0,1.77,,0.55,0.0,0.0
075,VISTA ALEGRE,2014,0.0,1.0,0.0,4.0,0.0,0.0,1.0,79.0,0.0,55.0,14.0,8.0,0.0,1.27,,7.27,0.0,0.0
092,ZUMBI,2014,0.0,0.0,0.0,0.0,0.0,0.0,0.0,16.0,0.0,12.0,1.0,0.0,,0.0,,0.0,0.0,
070,ABOLICAO,2015,0.0,0.0,0.0,0.0,0.0,0.0,0.0,70.0,0.0,58.0,6.0,1.0,,0.0,,0.0,0.0,0.0
111,ACARI,2015,1.0,5.0,0.0,11.0,2.0,0.0,1.0,99.0,0.0,368.0,79.0,17.0,100.0,5.05,,2.99,2.53,0.0
067,AGUA SANTA,2015,0.0,0.0,0.0,1.0,0.0,0.0,0.0,40.0,0.0,34.0,8.0,1.0,,0.0,,2.94,0.0,0.0
034,ALTO DA BOA VISTA,2015,0.0,1.0,0.0,1.0,1.0,0.0,1.0,46.0,0.0,67.0,16.0,1.0,0.0,2.17,,1.49,6.25,0.0
107,ANCHIETA,2015,0.0,3.0,0.0,5.0,0.0,1.0,2.0,268.0,3.0,631.0,114.0,36.0,0.0,1.12,0.0,0.79,0.0,2.78
037,ANDARAI,2015,0.0,2.0,0.0,1.0,0.0,2.0,0.0,216.0,0.0,141.0,50.0,8.0,,0.93,,0.71,0.0,25.0
116,ANIL,2015,0.0,3.0,0.0,1.0,0.0,0.0,0.0,162.0,0.0,255.0,11.0,3.0,,1.85,,0.39,0.0,0.0
097,BANCARIOS,2015,0.0,1.0,0.0,1.0,0.0,0.0,2.0,73.0,0.0,129.0,21.0,1.0,0.0,1.37,,0.78,0.0,0.0
141,BANGU,2015,0.0,13.0,0.0,27.0,2.0,4.0,4.0,936.0,1.0,2628.0,153.0,14.0,0.0,1.39,0.0,1.03,1.31,28.57
128,BARRA DA TIJUCA,2015,0.0,6.0,0.0,2.0,0.0,2.0,9.0,1271.0,0.0,255.0,13.0,20.0,0.0,0.47,,0.78,0.0,10.0
152,BARRA DE GUARATIBA,2015,0.0,0.0,0.0,1.0,0.0,0.0,0.0,23.0,0.0,51.0,1.0,0.0,,0.0,,1.96,0.0,
165,BARRA OLIMPICA,2015,0.0,0.0,0.0,0.0,0.0,0.0,0.0,0.0,0.0,0.0,0.0,0.0,,,,,,
112,BARROS FILHO,2015,0.0,3.0,0.0,5.0,1.0,0.0,0.0,54.0,0.0,168.0,43.0,4.0,,5.56,,2.98,2.33,0.0
012,BENFICA,2015,0.0,1.0,0.0,3.0,0.0,3.0,1.0,198.0,0.0,276.0,53.0,4.0,0.0,0.51,,1.09,0.0,75.0
089,BENTO RIBEIRO,2015,0.0,4.0,0.0,3.0,0.0,2.0,1.0,191.0,0.0,243.0,50.0,14.0,0.0,2.09,,1.23,0.0,14.29
040,BONSUCESSO,2015,0.0,2.0,0.0,2.0,1.0,0.0,3.0,165.0,0.0,290.0,44.0,7.0,0.0,1.21,,0.69,2.27,0.0
020,BOTAFOGO,2015,0.0,4.0,0.0,1.0,0.0,0.0,3.0,677.0,1.0,120.0,31.0,46.0,0.0,0.59,0.0,0.83,0.0,0.0
045,BRAS DE PINA,2015,0.0,8.0,0.0,4.0,2.0,1.0,4.0,224.0,0.0,314.0,76.0,10.0,0.0,3.57,,1.27,2.63,10.0
065,CACHAMBI,2015,0.0,1.0,0.0,1.0,0.0,0.0,0.0,222.0,1.0,120.0,23.0,5.0,,0.45,0.0,0.83,0.0,0.0
093,CACUIA,2015,0.0,1.0,0.0,1.0,0.0,0.0,0.0,74.0,0.0,61.0,15.0,4.0,,1.35,,1.64,0.0,0.0
004,CAJU,2015,0.0,2.0,0.0,3.0,0.0,1.0,3.0,125.0,0.0,277.0,22.0,3.0,0.0,1.6,,1.08,0.0,33.33
129,CAMORIM,2015,0.0,0.0,0.0,1.0,0.0,0.0,0.0,37.0,0.0,36.0,2.0,1.0,,0.0,,2.78,0.0,0.0
078,CAMPINHO,2015,0.0,0.0,0.0,0.0,0.0,1.0,0.0,61.0,0.0,70.0,21.0,5.0,,0.0,,0.0,0.0,20.0
136,CAMPO DOS AFONSOS,2015,0.0,0.0,0.0,0.0,0.0,0.0,0.0,10.0,0.0,8.0,3.0,0.0,,0.0,,0.0,0.0,
144,CAMPO GRANDE,2015,0.0,20.0,0.0,31.0,3.0,7.0,12.0,1894.0,0.0,3003.0,437.0,17.0,0.0,1.06,,1.03,0.69,41.18
082,CASCADURA,2015,0.0,2.0,0.0,2.0,0.0,1.0,3.0,173.0,1.0,204.0,58.0,11.0,0.0,1.16,0.0,0.98,0.0,9.09
018,CATETE,2015,0.0,3.0,0.0,1.0,0.0,0.0,4.0,134.0,0.0,51.0,14.0,14.0,0.0,2.24,,1.96,0.0,0.0
006,CATUMBI,2015,0.0,0.0,0.0,5.0,0.0,1.0,0.0,65.0,1.0,150.0,51.0,2.0,,0.0,0.0,3.33,0.0,50.0
080,CAVALCANTE,2015,0.0,0.0,0.0,2.0,0.0,0.0,0.0,71.0,0.0,148.0,46.0,3.0,,0.0,,1.35,0.0,0.0
005,CENTRO,2015,0.0,1.0,0.0,1.0,0.0,0.0,1.0,187.0,0.0,156.0,54.0,6.0,0.0,0.53,,0.64,0.0,0.0
118,CIDADE DE DEUS,2015,0.0,6.0,0.0,6.0,1.0,2.0,0.0,70.0,0.0,782.0,38.0,0.0,,8.57,,0.77,2.63,
008,CIDADE NOVA,2015,0.0,0.0,0.0,0.0,0.0,0.0,0.0,26.0,0.0,39.0,11.0,3.0,,0.0,,0.0,0.0,0.0
105,CIDADE UNIVERSITARIA,2015,0.0,1.0,0.0,0.0,0.0,0.0,0.0,8.0,0.0,13.0,2.0,1.0,,12.5,,0.0,0.0,0.0
096,COCOTA,2015,0.0,1.0,0.0,0.0,0.0,0.0,0.0,49.0,0.0,52.0,4.0,1.0,,2.04,,0.0,0.0,0.0
110,COELHO NETO,2015,0.0,4.0,0.0,2.0,0.0,1.0,2.0,121.0,0.0,259.0,65.0,10.0,0.0,3.31,,0.77,0.0,10.0
077,COLEGIO,2015,0.0,1.0,0.0,1.0,0.0,0.0,2.0,110.0,0.0,251.0,60.0,16.0,0.0,0.91,,0.4,0.0,0.0
157,COMPLEXO DA MARE,2015,0.0,19.0,0.0,9.0,3.0,2.0,7.0,656.0,2.0,1516.0,231.0,7.0,0.0,2.9,0.0,0.59,1.3,28.57
156,COMPLEXO DO ALEMAO,2015,0.0,4.0,0.0,10.0,1.0,1.0,1.0,222.0,1.0,480.0,138.0,1.0,0.0,1.8,0.0,2.08,0.72,100.0
024,COPACABANA,2015,0.0,7.0,0.0,5.0,0.0,0.0,8.0,763.0,0.0,228.0,77.0,82.0,0.0,0.92,,2.19,0.0,0.0
046,CORDOVIL,2015,0.0,2.0,0.0,5.0,1.0,0.0,3.0,166.0,0.0,332.0,111.0,9.0,0.0,1.2,,1.51,0.9,0.0
019,COSME VELHO,2015,0.0,2.0,0.0,0.0,0.0,0.0,0.0,40.0,0.0,34.0,20.0,3.0,,5.0,,0.0,0.0,0.0
147,COSMOS,2015,0.0,1.0,0.0,7.0,0.0,0.0,2.0,314.0,1.0,808.0,138.0,5.0,0.0,0.32,0.0,0.87,0.0,0.0
113,COSTA BARROS,2015,0.0,2.0,0.0,12.0,0.0,0.0,4.0,128.0,2.0,459.0,86.0,15.0,0.0,1.56,0.0,2.61,0.0,0.0
119,CURICICA,2015,0.0,3.0,0.0,3.0,0.0,0.0,1.0,148.0,0.0,602.0,22.0,3.0,0.0,2.03,,0.5,0.0,0.0
053,DEL CASTILHO,2015,0.0,3.0,0.0,1.0,0.0,1.0,1.0,142.0,1.0,140.0,21.0,3.0,0.0,2.11,0.0,0.71,0.0,33.33
134,DEODORO,2015,0.0,2.0,0.0,2.0,0.0,0.0,1.0,52.0,0.0,116.0,23.0,7.0,0.0,3.85,,1.72,0.0,0.0
068,ENCANTADO,2015,0.0,1.0,0.0,1.0,0.0,1.0,0.0,65.0,0.0,58.0,11.0,2.0,,1.54,,1.72,0.0,50.0
081,ENGENHEIRO LEAL,2015,0.0,0.0,0.0,0.0,0.0,0.0,0.0,23.0,0.0,55.0,7.0,1.0,,0.0,,0.0,0.0,0.0
055,ENGENHO DA RAINHA,2015,0.0,0.0,0.0,1.0,0.0,0.0,1.0,135.0,0.0,162.0,61.0,7.0,0.0,0.0,,0.62,0.0,0.0
066,ENGENHO DE DENTRO,2015,0.0,3.0,0.0,3.0,0.0,2.0,2.0,302.0,0.0,254.0,47.0,5.0,0.0,0.99,,1.18,0.0,40.0
061,ENGENHO NOVO,2015,0.0,1.0,0.0,5.0,0.0,0.0,2.0,196.0,0.0,278.0,96.0,6.0,0.0,0.51,,1.8,0.0,0.0
009,ESTACIO,2015,0.0,1.0,0.0,3.0,0.0,0.0,1.0,85.0,0.0,139.0,64.0,4.0,0.0,1.18,,2.16,0.0,0.0
015,FLAMENGO,2015,0.0,1.0,0.0,0.0,0.0,0.0,6.0,323.0,0.0,37.0,20.0,20.0,0.0,0.31,,0.0,0.0,0.0
098,FREGUESIA-ILHA,2015,0.0,0.0,0.0,1.0,0.0,1.0,1.0,98.0,0.0,97.0,18.0,4.0,0.0,0.0,,1.03,0.0,25.0
120,FREGUESIA-JPA,2015,0.0,11.0,0.0,1.0,1.0,1.0,5.0,537.0,0.0,330.0,42.0,10.0,0.0,2.05,,0.3,2.38,10.0
104,GALEAO,2015,0.0,0.0,0.0,3.0,0.0,0.0,2.0,126.0,1.0,229.0,28.0,1.0,0.0,0.0,0.0,1.31,0.0,0.0
002,GAMBOA,2015,0.0,1.0,0.0,5.0,0.0,1.0,2.0,71.0,0.0,105.0,19.0,3.0,0.0,1.41,,4.76,0.0,33.33
117,GARDENIA AZUL,2015,0.0,2.0,0.0,0.0,0.0,1.0,0.0,74.0,0.0,598.0,14.0,0.0,,2.7,,0.0,0.0,
029,GAVEA,2015,0.0,1.0,0.0,1.0,0.0,0.0,1.0,200.0,0.0,58.0,8.0,16.0,0.0,0.5,,1.72,0.0,0.0
160,GERICINo,2015,0.0,0.0,0.0,0.0,0.0,0.0,0.0,0.0,0.0,1.0,0.0,0.0,,,,0.0,,
016,GLORIA,2015,0.0,0.0,0.0,0.0,0.0,0.0,0.0,93.0,0.0,32.0,9.0,4.0,,0.0,,0.0,0.0,0.0
038,GRAJAU,2015,0.0,2.0,0.0,1.0,0.0,1.0,2.0,256.0,0.0,92.0,25.0,20.0,0.0,0.78,,1.09,0.0,5.0
133,GRUMARI,2015,0.0,0.0,0.0,0.0,0.0,0.0,0.0,0.0,0.0,0.0,0.0,0.0,,,,,,
106,GUADALUPE,2015,0.0,1.0,0.0,6.0,1.0,1.0,2.0,217.0,0.0,357.0,58.0,24.0,0.0,0.46,,1.68,1.72,4.17
151,GUARATIBA,2015,0.0,6.0,0.0,8.0,1.0,1.0,3.0,479.0,0.0,1450.0,139.0,6.0,0.0,1.25,,0.55,0.72,16.67
050,HIGIENOPOLIS,2015,0.0,0.0,0.0,0.0,0.0,1.0,0.0,102.0,0.0,59.0,9.0,1.0,,0.0,,0.0,0.0,100.0
087,HONORIO GURGEL,2015,0.0,0.0,0.0,3.0,0.0,1.0,1.0,118.0,0.0,167.0,39.0,11.0,0.0,0.0,,1.8,0.0,9.09
021,HUMAITA,2015,0.0,0.0,0.0,0.0,0.0,0.0,0.0,138.0,0.0,6.0,1.0,6.0,,0.0,,0.0,0.0,0.0
999,IGNORADO BAIRRO-MRJ,2015,0.0,1.0,0.0,1.0,0.0,0.0,1.0,19.0,0.0,28.0,5.0,2.0,0.0,5.26,,3.57,0.0,0.0
164,ILHA DE GUARATIBA,2015,0.0,0.0,0.0,0.0,0.0,0.0,0.0,0.0,0.0,0.0,0.0,0.0,,,,,,
998,ILHA DO GOVERNADOR - IGNORADO,2015,0.0,0.0,0.0,0.0,0.0,0.0,0.0,13.0,0.0,19.0,2.0,0.0,,0.0,,0.0,0.0,
054,INHAUMA,2015,0.0,3.0,0.0,5.0,0.0,2.0,3.0,289.0,0.0,414.0,115.0,3.0,0.0,1.04,,1.21,0.0,66.67
146,INHOAIBA,2015,0.0,2.0,0.0,5.0,1.0,2.0,1.0,235.0,2.0,642.0,122.0,2.0,0.0,0.85,0.0,0.78,0.82,100.0
025,IPANEMA,2015,0.0,1.0,0.0,1.0,1.0,0.0,1.0,268.0,2.0,31.0,12.0,21.0,0.0,0.37,0.0,3.23,8.33,0.0
076,IRAJA,2015,1.0,4.0,0.0,9.0,1.0,3.0,3.0,476.0,1.0,540.0,140.0,21.0,33.33,0.84,0.0,1.67,0.71,14.29
127,ITANHANGA,2015,0.0,3.0,0.0,6.0,0.0,3.0,1.0,216.0,0.0,434.0,29.0,22.0,0.0,1.39,,1.38,0.0,13.64
163,JABOUR,2015,0.0,0.0,0.0,0.0,0.0,0.0,0.0,0.0,0.0,0.0,0.0,0.0,,,,,,
051,JACARE,2015,0.0,3.0,0.0,1.0,0.0,0.0,0.0,116.0,0.0,214.0,51.0,2.0,,2.59,,0.47,0.0,0.0
115,JACAREPAGUA,2015,0.0,14.0,0.0,14.0,3.0,4.0,16.0,1071.0,2.0,1731.0,108.0,156.0,0.0,1.31,0.0,0.81,2.78,2.56
155,JACAREZINHO,2015,0.0,2.0,0.0,5.0,0.0,1.0,0.0,62.0,0.0,199.0,49.0,2.0,,3.23,,2.51,0.0,50.0
049,JARDIM AMERICA,2015,0.0,1.0,0.0,1.0,1.0,0.0,1.0,152.0,1.0,236.0,55.0,10.0,0.0,0.66,0.0,0.42,1.82,0.0
028,JARDIM BOTANICO,2015,0.0,1.0,0.0,0.0,0.0,0.0,2.0,154.0,0.0,18.0,4.0,13.0,0.0,0.65,,0.0,0.0,0.0
100,JARDIM CARIOCA,2015,0.0,0.0,0.0,1.0,0.0,0.0,2.0,143.0,0.0,177.0,20.0,5.0,0.0,0.0,,0.56,0.0,0.0
099,JARDIM GUANABARA,2015,0.0,1.0,0.0,2.0,0.0,1.0,1.0,187.0,0.0,43.0,3.0,5.0,0.0,0.53,,4.65,0.0,20.0
137,JARDIM SULACAP,2015,0.0,0.0,0.0,1.0,0.0,0.0,0.0,129.0,0.0,126.0,14.0,1.0,,0.0,,0.79,0.0,0.0
126,JOA,2015,0.0,0.0,0.0,0.0,0.0,0.0,0.0,7.0,0.0,4.0,0.0,0.0,,0.0,,0.0,,
027,LAGOA,2015,0.0,1.0,0.0,0.0,0.0,0.0,1.0,170.0,0.0,12.0,1.0,7.0,0.0,0.59,,0.0,0.0,0.0
161,LAPA,2015,0.0,0.0,0.0,0.0,0.0,0.0,0.0,0.0,0.0,0.0,0.0,0.0,,,,,,
017,LARANJEIRAS,2015,0.0,3.0,0.0,1.0,0.0,0.0,2.0,357.0,0.0,39.0,13.0,29.0,0.0,0.84,,2.56,0.0,0.0
026,LEBLON,2015,0.0,4.0,0.0,0.0,0.0,0.0,0.0,342.0,2.0,35.0,9.0,20.0,,1.17,0.0,0.0,0.0,0.0
023,LEME,2015,0.0,1.0,0.0,0.0,1.0,0.0,2.0,80.0,1.0,25.0,14.0,9.0,0.0,1.25,0.0,0.0,7.14,0.0
062,LINS DE VASCONCELOS,2015,0.0,4.0,0.0,3.0,0.0,0.0,0.0,148.0,0.0,257.0,95.0,4.0,,2.7,,1.17,0.0,0.0
083,MADUREIRA,2015,0.0,5.0,0.0,4.0,1.0,3.0,12.0,201.0,0.0,370.0,139.0,17.0,0.0,2.49,,1.08,0.72,17.65
138,MAGALHAES BASTOS,2015,0.0,2.0,0.0,1.0,0.0,0.0,1.0,89.0,0.0,199.0,8.0,2.0,0.0,2.25,,0.5,0.0,0.0
011,MANGUEIRA,2015,0.0,0.0,0.0,4.0,0.0,0.0,1.0,44.0,0.0,183.0,76.0,0.0,0.0,0.0,,2.19,0.0,
039,MANGUINHOS,2015,0.0,3.0,0.0,2.0,0.0,3.0,1.0,137.0,0.0,254.0,54.0,6.0,0.0,2.19,,0.79,0.0,50.0
035,MARACANA,2015,0.0,0.0,0.0,0.0,0.0,0.0,5.0,169.0,0.0,34.0,9.0,12.0,0.0,0.0,,0.0,0.0,0.0
090,MARECHAL HERMES,2015,0.0,4.0,0.0,3.0,0.0,0.0,0.0,208.0,0.0,285.0,57.0,20.0,,1.92,,1.05,0.0,0.0
052,MARIA DA GRACA,2015,0.0,0.0,0.0,2.0,0.0,0.0,1.0,62.0,0.0,29.0,9.0,1.0,0.0,0.0,,6.9,0.0,0.0
063,MEIER,2015,0.0,1.0,0.0,2.0,0.0,0.0,2.0,322.0,0.0,108.0,24.0,18.0,0.0,0.31,,1.85,0.0,0.0
102,MONERO,2015,0.0,0.0,0.0,0.0,0.0,0.0,0.0,34.0,0.0,13.0,1.0,0.0,,0.0,,0.0,0.0,
042,OLARIA,2015,1.0,2.0,0.0,10.0,0.0,0.0,2.0,237.0,1.0,286.0,63.0,6.0,50.0,0.84,0.0,3.5,0.0,0.0
088,OSWALDO CRUZ,2015,0.0,1.0,0.0,2.0,0.0,0.0,0.0,140.0,1.0,199.0,55.0,8.0,,0.71,0.0,1.01,0.0,0.0
148,PACIENCIA,2015,0.0,7.0,0.0,16.0,0.0,1.0,3.0,405.0,0.0,1007.0,221.0,29.0,0.0,1.73,,1.59,0.0,3.45
140,PADRE MIGUEL,2015,0.0,4.0,0.0,2.0,0.0,0.0,0.0,235.0,1.0,624.0,40.0,1.0,,1.7,0.0,0.32,0.0,0.0
013,PAQUETA,2015,0.0,1.0,0.0,1.0,0.0,1.0,0.0,12.0,0.0,20.0,5.0,2.0,,8.33,,5.0,0.0,50.0
047,PARADA DE LUCAS,2015,0.0,2.0,0.0,1.0,1.0,0.0,3.0,108.0,0.0,181.0,36.0,7.0,0.0,1.85,,0.55,2.78,0.0
108,PARQUE ANCHIETA,2015,0.0,4.0,0.0,3.0,0.0,0.0,1.0,101.0,1.0,141.0,23.0,3.0,0.0,3.96,0.0,2.13,0.0,0.0
158,PARQUE COLUMBIA,2015,0.0,1.0,0.0,1.0,0.0,0.0,0.0,15.0,0.0,37.0,5.0,3.0,,6.67,,2.7,0.0,0.0
114,PAVUNA,2015,0.0,7.0,0.0,16.0,3.0,0.0,7.0,322.0,3.0,723.0,151.0,16.0,0.0,2.17,0.0,2.21,1.99,0.0
121,PECHINCHA,2015,0.0,4.0,0.0,1.0,0.0,0.0,1.0,337.0,1.0,202.0,24.0,5.0,0.0,1.19,0.0,0.5,0.0,0.0
153,PEDRA DE GUARATIBA,2015,0.0,5.0,0.0,1.0,0.0,0.0,0.0,95.0,0.0,300.0,14.0,4.0,,5.26,,0.33,0.0,0.0
043,PENHA,2015,0.0,0.0,0.0,6.0,1.0,0.0,5.0,274.0,0.0,483.0,123.0,7.0,0.0,0.0,,1.24,0.81,0.0
044,PENHA CIRCULAR,2015,0.0,3.0,0.0,7.0,0.0,0.0,0.0,231.0,0.0,246.0,62.0,6.0,,1.3,,2.85,0.0,0.0
069,PIEDADE,2015,0.0,3.0,0.0,2.0,0.0,1.0,2.0,233.0,0.0,279.0,75.0,3.0,0.0,1.29,,0.72,0.0,33.33
071,PILARES,2015,0.0,1.0,0.0,3.0,0.0,0.0,2.0,129.0,0.0,146.0,42.0,3.0,0.0,0.78,,2.05,0.0,0.0
094,PITANGUEIRAS,2015,0.0,0.0,0.0,0.0,0.0,1.0,0.0,48.0,0.0,91.0,9.0,1.0,,0.0,,0.0,0.0,100.0
103,PORTUGUESA,2015,0.0,3.0,0.0,0.0,0.0,0.0,1.0,94.0,0.0,110.0,9.0,4.0,0.0,3.19,,0.0,0.0,0.0
032,PRACA DA BANDEIRA,2015,0.0,1.0,0.0,0.0,0.0,1.0,2.0,49.0,0.0,28.0,4.0,4.0,0.0,2.04,,0.0,0.0,25.0
124,PRACA SECA,2015,0.0,4.0,0.0,7.0,0.0,1.0,0.0,334.0,0.0,503.0,79.0,17.0,,1.2,,1.39,0.0,5.88
095,PRAIA DA BANDEIRA,2015,0.0,0.0,0.0,0.0,0.0,0.0,1.0,28.0,0.0,31.0,1.0,3.0,0.0,0.0,,0.0,0.0,0.0
079,QUINTINO BOCAIUVA,2015,0.0,1.0,0.0,1.0,0.0,0.0,2.0,180.0,0.0,181.0,40.0,3.0,0.0,0.56,,0.55,0.0,0.0
041,RAMOS,2015,0.0,1.0,0.0,3.0,0.0,1.0,1.0,242.0,0.0,370.0,48.0,6.0,0.0,0.41,,0.81,0.0,16.67
139,REALENGO,2015,0.0,14.0,0.0,15.0,3.0,1.0,2.0,687.0,2.0,1611.0,95.0,7.0,0.0,2.04,0.0,0.93,3.16,14.29
132,RECREIO BANDEIRANTES,2015,0.0,11.0,0.0,1.0,0.0,0.0,2.0,782.0,1.0,560.0,16.0,8.0,0.0,1.41,0.0,0.18,0.0,0.0
059,RIACHUELO,2015,0.0,4.0,0.0,1.0,0.0,1.0,3.0,76.0,0.0,40.0,8.0,5.0,0.0,5.26,,2.5,0.0,20.0
091,RIBEIRA,2015,0.0,0.0,0.0,0.0,0.0,0.0,0.0,28.0,0.0,4.0,1.0,2.0,,0.0,,0.0,0.0,0.0
109,RICARDO ALBUQUERQUE,2015,0.0,1.0,0.0,2.0,0.0,0.0,0.0,93.0,0.0,225.0,49.0,10.0,,1.08,,0.89,0.0,0.0
007,RIO COMPRIDO,2015,0.0,1.0,0.0,4.0,0.0,1.0,1.0,227.0,0.0,259.0,90.0,12.0,0.0,0.44,,1.54,0.0,8.33
058,ROCHA,2015,0.0,0.0,0.0,1.0,1.0,0.0,0.0,61.0,0.0,72.0,22.0,0.0,,0.0,,1.39,4.55,
086,ROCHA MIRANDA,2015,0.0,0.0,0.0,5.0,0.0,2.0,0.0,162.0,0.0,306.0,90.0,23.0,,0.0,,1.63,0.0,8.7
154,ROCINHA,2015,0.0,2.0,0.0,1.0,0.0,0.0,3.0,418.0,0.0,513.0,81.0,117.0,0.0,0.48,,0.19,0.0,0.0
060,SAMPAIO,2015,0.0,1.0,0.0,1.0,2.0,2.0,0.0,52.0,0.0,74.0,23.0,2.0,,1.92,,1.35,8.7,100.0
149,SANTA CRUZ,2015,0.0,16.0,0.0,51.0,2.0,5.0,11.0,935.0,2.0,2571.0,633.0,19.0,0.0,1.71,0.0,1.98,0.32,26.32
014,SANTA TERESA,2015,0.0,7.0,0.0,3.0,0.0,0.0,3.0,219.0,1.0,217.0,68.0,15.0,0.0,3.2,0.0,1.38,0.0,0.0
143,SANTISSIMO,2015,0.0,4.0,0.0,5.0,0.0,1.0,2.0,232.0,1.0,575.0,31.0,4.0,0.0,1.72,0.0,0.87,0.0,25.0
003,SANTO CRISTO,2015,0.0,1.0,0.0,1.0,0.0,0.0,0.0,67.0,0.0,104.0,35.0,3.0,,1.49,,0.96,0.0,0.0
031,SAO CONRADO,2015,0.0,0.0,0.0,0.0,0.0,0.0,1.0,79.0,0.0,11.0,7.0,0.0,0.0,0.0,,0.0,0.0,
010,SAO CRISTOVAO,2015,0.0,5.0,0.0,1.0,0.0,0.0,3.0,275.0,0.0,302.0,59.0,5.0,0.0,1.82,,0.33,0.0,0.0
057,SAO FRANCISCO XAVIER,2015,0.0,0.0,0.0,0.0,0.0,0.0,2.0,35.0,0.0,28.0,14.0,0.0,0.0,0.0,,0.0,0.0,
001,SAUDE,2015,0.0,0.0,0.0,1.0,0.0,0.0,0.0,23.0,0.0,33.0,3.0,1.0,,0.0,,3.03,0.0,0.0
142,SENADOR CAMARA,2015,0.0,13.0,0.0,17.0,2.0,1.0,2.0,333.0,0.0,1064.0,71.0,5.0,0.0,3.9,,1.6,2.82,20.0
145,SENADOR VASCONCELOS,2015,0.0,1.0,0.0,2.0,0.0,0.0,3.0,108.0,0.0,261.0,28.0,1.0,0.0,0.93,,0.77,0.0,0.0
150,SEPETIBA,2015,0.0,4.0,0.0,9.0,0.0,2.0,5.0,237.0,0.0,538.0,97.0,8.0,0.0,1.69,,1.67,0.0,25.0
123,TANQUE,2015,0.0,1.0,0.0,0.0,0.0,0.0,0.0,200.0,0.0,348.0,43.0,5.0,,0.5,,0.0,0.0,0.0
122,TAQUARA,2015,0.0,13.0,0.0,5.0,1.0,4.0,1.0,672.0,0.0,911.0,125.0,9.0,0.0,1.93,,0.55,0.8,44.44
101,TAUA,2015,0.0,2.0,0.0,2.0,0.0,0.0,3.0,126.0,0.0,199.0,33.0,0.0,0.0,1.59,,1.01,0.0,
033,TIJUCA,2015,0.0,6.0,0.0,2.0,1.0,0.0,9.0,972.0,1.0,385.0,163.0,71.0,0.0,0.62,0.0,0.52,0.61,0.0
064,TODOS OS SANTOS,2015,0.0,1.0,0.0,0.0,0.0,0.0,0.0,126.0,0.0,39.0,9.0,3.0,,0.79,,0.0,0.0,0.0
056,TOMAS COELHO,2015,0.0,0.0,0.0,0.0,0.0,0.0,0.0,97.0,0.0,171.0,33.0,3.0,,0.0,,0.0,0.0,0.0
085,TURIACU,2015,0.0,1.0,0.0,2.0,0.0,0.0,1.0,47.0,0.0,102.0,36.0,4.0,0.0,2.13,,1.96,0.0,0.0
022,URCA,2015,0.0,1.0,0.0,0.0,0.0,0.0,0.0,49.0,0.0,7.0,1.0,4.0,,2.04,,0.0,0.0,0.0
131,VARGEM GRANDE,2015,0.0,1.0,0.0,2.0,0.0,0.0,0.0,73.0,0.0,216.0,7.0,1.0,,1.37,,0.93,0.0,0.0
130,VARGEM PEQUENA,2015,0.0,1.0,0.0,2.0,0.0,1.0,1.0,94.0,0.0,270.0,13.0,2.0,0.0,1.06,,0.74,0.0,50.0
159,VASCO DA GAMA,2015,0.0,1.0,0.0,1.0,0.0,1.0,1.0,34.0,0.0,41.0,2.0,3.0,0.0,2.94,,2.44,0.0,33.33
084,VAZ LOBO,2015,0.0,0.0,0.0,0.0,0.0,0.0,1.0,69.0,0.0,122.0,44.0,7.0,0.0,0.0,,0.0,0.0,0.0
073,VICENTE DE CARVALHO,2015,0.0,1.0,0.0,0.0,1.0,0.0,1.0,112.0,0.0,180.0,49.0,6.0,0.0,0.89,,0.0,2.04,0.0
030,VIDIGAL,2015,0.0,2.0,0.0,1.0,0.0,0.0,0.0,84.0,0.0,108.0,31.0,19.0,,2.38,,0.93,0.0,0.0
048,VIGARIO GERAL,2015,0.0,2.0,0.0,4.0,0.0,0.0,8.0,99.0,0.0,282.0,79.0,3.0,0.0,2.02,,1.42,0.0,0.0
074,VILA DA PENHA,2015,0.0,0.0,0.0,0.0,0.0,0.0,2.0,164.0,0.0,93.0,20.0,7.0,0.0,0.0,,0.0,0.0,0.0
036,VILA ISABEL,2015,0.0,1.0,0.0,5.0,1.0,1.0,7.0,404.0,0.0,262.0,93.0,23.0,0.0,0.25,,1.91,1.08,4.35
162,VILA KENNEDY,2015,0.0,0.0,0.0,0.0,0.0,0.0,0.0,0.0,0.0,0.0,0.0,0.0,,,,,,
072,VILA KOSMOS,2015,0.0,2.0,0.0,1.0,0.0,0.0,0.0,50.0,1.0,67.0,11.0,1.0,,4.0,0.0,1.49,0.0,0.0
135,VILA MILITAR,2015,0.0,3.0,0.0,0.0,0.0,0.0,0.0,47.0,0.0,60.0,4.0,0.0,,6.38,,0.0,0.0,
125,VILA VALQUEIRE,2015,0.0,1.0,0.0,1.0,0.0,0.0,0.0,225.0,0.0,154.0,35.0,7.0,,0.44,,0.65,0.0,0.0
075,VISTA ALEGRE,2015,0.0,0.0,0.0,1.0,0.0,0.0,1.0,49.0,0.0,39.0,4.0,0.0,0.0,0.0,,2.56,0.0,
092,ZUMBI,2015,0.0,0.0,0.0,0.0,0.0,0.0,0.0,18.0,0.0,10.0,3.0,0.0,,0.0,,0.0,0.0,
070,ABOLICAO,2016,0.0,1.0,0.0,0.0,0.0,0.0,0.0,49.0,0.0,67.0,6.0,0.0,,2.04,,0.0,0.0,
111,ACARI,2016,0.0,4.0,0.0,2.0,0.0,2.0,6.0,104.0,1.0,331.0,56.0,0.0,0.0,3.85,0.0,0.6,0.0,
067,AGUA SANTA,2016,0.0,0.0,0.0,1.0,0.0,0.0,0.0,32.0,1.0,57.0,6.0,0.0,,0.0,0.0,1.75,0.0,
034,ALTO DA BOA VISTA,2016,0.0,1.0,0.0,1.0,0.0,0.0,0.0,64.0,0.0,60.0,22.0,2.0,,1.56,,1.67,0.0,0.0
107,ANCHIETA,2016,0.0,3.0,0.0,7.0,0.0,0.0,1.0,268.0,1.0,518.0,134.0,88.0,0.0,1.12,0.0,1.35,0.0,0.0
037,ANDARAI,2016,0.0,2.0,0.0,1.0,0.0,0.0,1.0,145.0,0.0,125.0,38.0,4.0,0.0,1.38,,0.8,0.0,0.0
116,ANIL,2016,0.0,1.0,0.0,1.0,0.0,0.0,1.0,175.0,0.0,226.0,18.0,1.0,0.0,0.57,,0.44,0.0,0.0
097,BANCARIOS,2016,0.0,1.0,0.0,0.0,0.0,0.0,0.0,80.0,0.0,95.0,15.0,0.0,,1.25,,0.0,0.0,
141,BANGU,2016,0.0,9.0,0.0,25.0,2.0,10.0,6.0,784.0,4.0,2274.0,322.0,14.0,0.0,1.15,0.0,1.1,0.62,71.43
128,BARRA DA TIJUCA,2016,0.0,4.0,0.0,0.0,0.0,1.0,5.0,1197.0,0.0,172.0,16.0,8.0,0.0,0.33,,0.0,0.0,12.5
152,BARRA DE GUARATIBA,2016,0.0,0.0,0.0,0.0,0.0,0.0,1.0,16.0,0.0,40.0,3.0,0.0,0.0,0.0,,0.0,0.0,
165,BARRA OLIMPICA,2016,0.0,0.0,0.0,0.0,0.0,0.0,0.0,0.0,0.0,0.0,0.0,0.0,,,,,,
112,BARROS FILHO,2016,0.0,0.0,0.0,3.0,0.0,0.0,0.0,64.0,0.0,153.0,42.0,11.0,,0.0,,1.96,0.0,0.0
012,BENFICA,2016,0.0,1.0,0.0,3.0,0.0,1.0,0.0,174.0,0.0,261.0,46.0,3.0,,0.57,,1.15,0.0,33.33
089,BENTO RIBEIRO,2016,0.0,3.0,0.0,3.0,1.0,1.0,0.0,171.0,0.0,245.0,51.0,26.0,,1.75,,1.22,1.96,3.85
040,BONSUCESSO,2016,0.0,2.0,0.0,3.0,0.0,0.0,7.0,313.0,1.0,708.0,125.0,3.0,0.0,0.64,0.0,0.42,0.0,0.0
020,BOTAFOGO,2016,0.0,3.0,0.0,4.0,0.0,0.0,2.0,608.0,1.0,114.0,30.0,20.0,0.0,0.49,0.0,3.51,0.0,0.0
045,BRAS DE PINA,2016,0.0,4.0,0.0,5.0,1.0,0.0,1.0,186.0,0.0,352.0,70.0,3.0,0.0,2.15,,1.42,1.43,0.0
065,CACHAMBI,2016,0.0,3.0,0.0,4.0,0.0,1.0,1.0,195.0,1.0,153.0,23.0,4.0,0.0,1.54,0.0,2.61,0.0,25.0
093,CACUIA,2016,0.0,0.0,0.0,2.0,0.0,0.0,0.0,62.0,0.0,57.0,14.0,1.0,,0.0,,3.51,0.0,0.0
004,CAJU,2016,0.0,3.0,0.0,2.0,0.0,0.0,1.0,151.0,0.0,265.0,41.0,2.0,0.0,1.99,,0.75,0.0,0.0
129,CAMORIM,2016,0.0,0.0,0.0,0.0,0.0,0.0,0.0,45.0,0.0,35.0,3.0,1.0,,0.0,,0.0,0.0,0.0
078,CAMPINHO,2016,0.0,1.0,0.0,0.0,0.0,0.0,0.0,65.0,0.0,86.0,18.0,1.0,,1.54,,0.0,0.0,0.0
136,CAMPO DOS AFONSOS,2016,0.0,0.0,0.0,0.0,0.0,0.0,0.0,15.0,0.0,10.0,3.0,0.0,,0.0,,0.0,0.0,
144,CAMPO GRANDE,2016,0.0,30.0,0.0,27.0,1.0,2.0,6.0,1781.0,4.0,2851.0,381.0,25.0,0.0,1.68,0.0,0.95,0.26,8.0
082,CASCADURA,2016,0.0,4.0,0.0,4.0,2.0,0.0,1.0,133.0,0.0,204.0,46.0,9.0,0.0,3.01,,1.96,4.35,0.0
018,CATETE,2016,0.0,1.0,0.0,0.0,0.0,0.0,1.0,121.0,0.0,32.0,15.0,3.0,0.0,0.83,,0.0,0.0,0.0
006,CATUMBI,2016,0.0,1.0,0.0,0.0,0.0,0.0,0.0,64.0,0.0,121.0,55.0,2.0,,1.56,,0.0,0.0,0.0
080,CAVALCANTE,2016,0.0,1.0,0.0,2.0,0.0,1.0,0.0,54.0,0.0,129.0,31.0,5.0,,1.85,,1.55,0.0,20.0
005,CENTRO,2016,0.0,5.0,0.0,0.0,0.0,1.0,1.0,177.0,3.0,176.0,35.0,1.0,0.0,2.82,0.0,0.0,0.0,100.0
118,CIDADE DE DEUS,2016,0.0,3.0,0.0,6.0,0.0,0.0,2.0,78.0,0.0,666.0,83.0,0.0,0.0,3.85,,0.9,0.0,
008,CIDADE NOVA,2016,0.0,0.0,0.0,0.0,0.0,0.0,0.0,24.0,0.0,33.0,14.0,1.0,,0.0,,0.0,0.0,0.0
105,CIDADE UNIVERSITARIA,2016,0.0,0.0,0.0,0.0,0.0,0.0,0.0,11.0,0.0,13.0,0.0,1.0,,0.0,,0.0,,0.0
096,COCOTA,2016,0.0,0.0,0.0,0.0,0.0,0.0,0.0,40.0,0.0,23.0,5.0,0.0,,0.0,,0.0,0.0,
110,COELHO NETO,2016,0.0,1.0,0.0,3.0,0.0,1.0,0.0,119.0,0.0,224.0,50.0,10.0,,0.84,,1.34,0.0,10.0
077,COLEGIO,2016,0.0,2.0,0.0,2.0,0.0,0.0,0.0,112.0,1.0,242.0,61.0,8.0,,1.79,0.0,0.83,0.0,0.0
157,COMPLEXO DA MARE,2016,0.0,21.0,0.0,12.0,3.0,3.0,3.0,352.0,0.0,768.0,146.0,6.0,0.0,5.97,,1.56,2.05,50.0
156,COMPLEXO DO ALEMAO,2016,0.0,3.0,0.0,12.0,2.0,2.0,1.0,158.0,0.0,460.0,56.0,5.0,0.0,1.9,,2.61,3.57,40.0
024,COPACABANA,2016,0.0,5.0,0.0,0.0,0.0,2.0,5.0,702.0,1.0,218.0,76.0,36.0,0.0,0.71,0.0,0.0,0.0,5.56
046,CORDOVIL,2016,0.0,1.0,0.0,3.0,2.0,1.0,2.0,141.0,0.0,361.0,98.0,3.0,0.0,0.71,,0.83,2.04,33.33
019,COSME VELHO,2016,0.0,1.0,0.0,1.0,0.0,0.0,0.0,42.0,0.0,29.0,20.0,2.0,,2.38,,3.45,0.0,0.0
147,COSMOS,2016,0.0,4.0,0.0,8.0,0.0,0.0,4.0,314.0,1.0,764.0,107.0,9.0,0.0,1.27,0.0,1.05,0.0,0.0
113,COSTA BARROS,2016,0.0,2.0,0.0,7.0,1.0,3.0,0.0,124.0,0.0,413.0,117.0,16.0,,1.61,,1.69,0.85,18.75
119,CURICICA,2016,0.0,4.0,0.0,3.0,1.0,0.0,2.0,225.0,0.0,552.0,58.0,5.0,0.0,1.78,,0.54,1.72,0.0
053,DEL CASTILHO,2016,0.0,2.0,0.0,1.0,0.0,0.0,0.0,122.0,0.0,149.0,19.0,0.0,,1.64,,0.67,0.0,
134,DEODORO,2016,0.0,0.0,0.0,3.0,1.0,0.0,0.0,46.0,0.0,120.0,31.0,12.0,,0.0,,2.5,3.23,0.0
068,ENCANTADO,2016,0.0,3.0,0.0,0.0,0.0,0.0,1.0,54.0,0.0,74.0,12.0,1.0,0.0,5.56,,0.0,0.0,0.0
081,ENGENHEIRO LEAL,2016,0.0,0.0,0.0,3.0,0.0,0.0,0.0,10.0,0.0,48.0,12.0,0.0,,0.0,,6.25,0.0,
055,ENGENHO DA RAINHA,2016,0.0,2.0,0.0,4.0,0.0,1.0,0.0,123.0,0.0,196.0,34.0,1.0,,1.63,,2.04,0.0,100.0
066,ENGENHO DE DENTRO,2016,0.0,4.0,0.0,1.0,1.0,1.0,0.0,264.0,1.0,282.0,48.0,2.0,,1.52,0.0,0.35,2.08,50.0
061,ENGENHO NOVO,2016,0.0,4.0,0.0,2.0,1.0,0.0,2.0,178.0,0.0,304.0,66.0,3.0,0.0,2.25,,0.66,1.52,0.0
009,ESTACIO,2016,0.0,1.0,0.0,2.0,1.0,0.0,1.0,78.0,0.0,106.0,58.0,2.0,0.0,1.28,,1.89,1.72,0.0
015,FLAMENGO,2016,0.0,0.0,0.0,0.0,0.0,0.0,2.0,291.0,0.0,28.0,10.0,9.0,0.0,0.0,,0.0,0.0,0.0
098,FREGUESIA-ILHA,2016,0.0,1.0,0.0,1.0,0.0,0.0,1.0,113.0,0.0,142.0,23.0,1.0,0.0,0.88,,0.7,0.0,0.0
120,FREGUESIA-JPA,2016,0.0,4.0,0.0,3.0,2.0,3.0,3.0,516.0,0.0,268.0,26.0,4.0,0.0,0.78,,1.12,7.69,75.0
104,GALEAO,2016,0.0,5.0,0.0,0.0,0.0,0.0,0.0,122.0,0.0,183.0,30.0,2.0,,4.1,,0.0,0.0,0.0
002,GAMBOA,2016,0.0,2.0,0.0,1.0,0.0,0.0,1.0,48.0,0.0,99.0,23.0,0.0,0.0,4.17,,1.01,0.0,
117,GARDENIA AZUL,2016,0.0,1.0,0.0,2.0,0.0,0.0,2.0,106.0,0.0,455.0,29.0,1.0,0.0,0.94,,0.44,0.0,0.0
029,GAVEA,2016,0.0,1.0,0.0,1.0,0.0,0.0,0.0,182.0,0.0,68.0,8.0,7.0,,0.55,,1.47,0.0,0.0
160,GERICINo,2016,0.0,0.0,0.0,0.0,0.0,0.0,0.0,1.0,0.0,0.0,0.0,0.0,,0.0,,,,
016,GLORIA,2016,0.0,0.0,0.0,0.0,0.0,0.0,2.0,69.0,0.0,18.0,15.0,2.0,0.0,0.0,,0.0,0.0,0.0
038,GRAJAU,2016,0.0,3.0,0.0,1.0,0.0,0.0,0.0,201.0,0.0,97.0,25.0,3.0,,1.49,,1.03,0.0,0.0
133,GRUMARI,2016,0.0,0.0,0.0,0.0,0.0,0.0,0.0,2.0,0.0,0.0,1.0,0.0,,0.0,,,0.0,
106,GUADALUPE,2016,0.0,0.0,0.0,4.0,0.0,0.0,0.0,152.0,1.0,297.0,75.0,60.0,,0.0,0.0,1.35,0.0,0.0
151,GUARATIBA,2016,0.0,7.0,0.0,20.0,1.0,1.0,2.0,524.0,1.0,1270.0,129.0,10.0,0.0,1.34,0.0,1.57,0.78,10.0
050,HIGIENOPOLIS,2016,0.0,1.0,0.0,2.0,0.0,0.0,2.0,67.0,0.0,85.0,9.0,1.0,0.0,1.49,,2.35,0.0,0.0
087,HONORIO GURGEL,2016,0.0,1.0,0.0,1.0,0.0,0.0,0.0,93.0,0.0,158.0,44.0,15.0,,1.08,,0.63,0.0,0.0
021,HUMAITA,2016,0.0,1.0,0.0,0.0,0.0,0.0,1.0,125.0,0.0,17.0,1.0,2.0,0.0,0.8,,0.0,0.0,0.0
999,IGNORADO BAIRRO-MRJ,2016,0.0,2.0,0.0,0.0,0.0,0.0,0.0,11.0,0.0,49.0,10.0,4.0,,18.18,,0.0,0.0,0.0
164,ILHA DE GUARATIBA,2016,0.0,0.0,0.0,0.0,0.0,0.0,0.0,0.0,0.0,0.0,0.0,0.0,,,,,,
998,ILHA DO GOVERNADOR - IGNORADO,2016,0.0,0.0,0.0,0.0,0.0,0.0,0.0,95.0,1.0,121.0,25.0,0.0,,0.0,0.0,0.0,0.0,
054,INHAUMA,2016,0.0,2.0,0.0,1.0,0.0,0.0,3.0,188.0,1.0,500.0,55.0,2.0,0.0,1.06,0.0,0.2,0.0,0.0
146,INHOAIBA,2016,0.0,5.0,0.0,10.0,0.0,0.0,0.0,244.0,0.0,641.0,99.0,1.0,,2.05,,1.56,0.0,0.0
025,IPANEMA,2016,0.0,3.0,0.0,0.0,0.0,0.0,4.0,207.0,0.0,28.0,17.0,3.0,0.0,1.45,,0.0,0.0,0.0
076,IRAJA,2016,0.0,6.0,0.0,4.0,1.0,0.0,5.0,460.0,1.0,494.0,111.0,10.0,0.0,1.3,0.0,0.81,0.9,0.0
127,ITANHANGA,2016,0.0,11.0,0.0,4.0,0.0,1.0,0.0,287.0,0.0,352.0,12.0,11.0,,3.83,,1.14,0.0,9.09
163,JABOUR,2016,0.0,0.0,0.0,0.0,0.0,0.0,0.0,0.0,0.0,0.0,0.0,0.0,,,,,,
051,JACARE,2016,0.0,0.0,0.0,2.0,2.0,0.0,1.0,67.0,0.0,207.0,44.0,2.0,0.0,0.0,,0.97,4.55,0.0
115,JACAREPAGUA,2016,0.0,20.0,0.0,18.0,2.0,2.0,6.0,1005.0,1.0,1464.0,113.0,74.0,0.0,1.99,0.0,1.23,1.77,2.7
155,JACAREZINHO,2016,0.0,1.0,0.0,3.0,1.0,1.0,0.0,53.0,0.0,223.0,45.0,0.0,,1.89,,1.35,2.22,
049,JARDIM AMERICA,2016,0.0,2.0,0.0,2.0,0.0,0.0,2.0,134.0,1.0,229.0,41.0,4.0,0.0,1.49,0.0,0.87,0.0,0.0
028,JARDIM BOTANICO,2016,0.0,0.0,0.0,0.0,0.0,0.0,0.0,135.0,0.0,12.0,3.0,4.0,,0.0,,0.0,0.0,0.0
100,JARDIM CARIOCA,2016,0.0,8.0,0.0,3.0,0.0,0.0,1.0,113.0,0.0,138.0,16.0,3.0,0.0,7.08,,2.17,0.0,0.0
099,JARDIM GUANABARA,2016,0.0,0.0,0.0,0.0,0.0,0.0,0.0,166.0,0.0,37.0,6.0,2.0,,0.0,,0.0,0.0,0.0
137,JARDIM SULACAP,2016,0.0,0.0,0.0,1.0,0.0,0.0,0.0,101.0,0.0,92.0,10.0,3.0,,0.0,,1.09,0.0,0.0
126,JOA,2016,0.0,0.0,0.0,0.0,0.0,0.0,0.0,4.0,0.0,3.0,0.0,0.0,,0.0,,0.0,,
027,LAGOA,2016,0.0,1.0,0.0,0.0,0.0,0.0,1.0,106.0,0.0,11.0,1.0,2.0,0.0,0.94,,0.0,0.0,0.0
161,LAPA,2016,0.0,0.0,0.0,0.0,0.0,0.0,0.0,0.0,0.0,0.0,0.0,0.0,,,,,,
017,LARANJEIRAS,2016,0.0,1.0,0.0,0.0,0.0,0.0,1.0,302.0,1.0,39.0,8.0,7.0,0.0,0.33,0.0,0.0,0.0,0.0
026,LEBLON,2016,0.0,1.0,0.0,1.0,0.0,0.0,2.0,293.0,0.0,24.0,11.0,9.0,0.0,0.34,,4.17,0.0,0.0
023,LEME,2016,0.0,0.0,0.0,2.0,0.0,1.0,2.0,71.0,0.0,42.0,14.0,3.0,0.0,0.0,,4.76,0.0,33.33
062,LINS DE VASCONCELOS,2016,0.0,1.0,0.0,1.0,0.0,1.0,1.0,109.0,0.0,239.0,70.0,3.0,0.0,0.92,,0.42,0.0,33.33
083,MADUREIRA,2016,0.0,3.0,0.0,3.0,0.0,2.0,8.0,195.0,0.0,349.0,124.0,11.0,0.0,1.54,,0.86,0.0,18.18
138,MAGALHAES BASTOS,2016,0.0,1.0,0.0,2.0,0.0,2.0,0.0,80.0,0.0,166.0,20.0,0.0,,1.25,,1.2,0.0,
011,MANGUEIRA,2016,0.0,2.0,0.0,1.0,0.0,0.0,0.0,53.0,0.0,173.0,52.0,0.0,,3.77,,0.58,0.0,
039,MANGUINHOS,2016,0.0,4.0,0.0,3.0,0.0,3.0,0.0,121.0,1.0,319.0,51.0,2.0,,3.31,0.0,0.94,0.0,150.0
035,MARACANA,2016,0.0,0.0,0.0,0.0,0.0,0.0,1.0,141.0,0.0,29.0,4.0,2.0,0.0,0.0,,0.0,0.0,0.0
090,MARECHAL HERMES,2016,0.0,3.0,1.0,3.0,0.0,1.0,1.0,190.0,0.0,224.0,58.0,39.0,0.0,1.58,,1.34,0.0,2.56
052,MARIA DA GRACA,2016,0.0,0.0,0.0,0.0,0.0,0.0,0.0,32.0,0.0,26.0,6.0,2.0,,0.0,,0.0,0.0,0.0
063,MEIER,2016,0.0,1.0,0.0,0.0,0.0,2.0,4.0,272.0,1.0,129.0,19.0,4.0,0.0,0.37,0.0,0.0,0.0,50.0
102,MONERO,2016,0.0,0.0,0.0,0.0,0.0,0.0,0.0,27.0,0.0,12.0,0.0,0.0,,0.0,,0.0,,
042,OLARIA,2016,0.0,4.0,0.0,2.0,1.0,1.0,0.0,208.0,1.0,278.0,65.0,2.0,,1.92,0.0,0.72,1.54,50.0
088,OSWALDO CRUZ,2016,0.0,0.0,0.0,0.0,0.0,1.0,0.0,126.0,0.0,166.0,56.0,10.0,,0.0,,0.0,0.0,10.0
148,PACIENCIA,2016,0.0,3.0,0.0,26.0,1.0,0.0,5.0,379.0,1.0,915.0,235.0,36.0,0.0,0.79,0.0,2.84,0.43,0.0
140,PADRE MIGUEL,2016,0.0,4.0,0.0,6.0,0.0,0.0,0.0,222.0,0.0,596.0,46.0,0.0,,1.8,,1.01,0.0,
013,PAQUETA,2016,0.0,1.0,0.0,0.0,0.0,0.0,1.0,16.0,0.0,15.0,3.0,1.0,0.0,6.25,,0.0,0.0,0.0
047,PARADA DE LUCAS,2016,0.0,0.0,0.0,2.0,0.0,0.0,2.0,102.0,0.0,184.0,32.0,2.0,0.0,0.0,,1.09,0.0,0.0
108,PARQUE ANCHIETA,2016,0.0,0.0,0.0,2.0,0.0,1.0,0.0,59.0,0.0,87.0,22.0,12.0,,0.0,,2.3,0.0,8.33
158,PARQUE COLUMBIA,2016,0.0,1.0,0.0,2.0,0.0,0.0,1.0,11.0,0.0,31.0,5.0,0.0,0.0,9.09,,6.45,0.0,
114,PAVUNA,2016,0.0,4.0,0.0,5.0,0.0,0.0,4.0,326.0,2.0,618.0,141.0,32.0,0.0,1.23,0.0,0.81,0.0,0.0
121,PECHINCHA,2016,0.0,2.0,0.0,1.0,0.0,0.0,2.0,273.0,0.0,158.0,20.0,0.0,0.0,0.73,,0.63,0.0,
153,PEDRA DE GUARATIBA,2016,0.0,0.0,0.0,2.0,0.0,0.0,2.0,115.0,0.0,364.0,33.0,2.0,0.0,0.0,,0.55,0.0,0.0
043,PENHA,2016,0.0,2.0,0.0,8.0,0.0,1.0,1.0,300.0,1.0,476.0,137.0,5.0,0.0,0.67,0.0,1.68,0.0,20.0
044,PENHA CIRCULAR,2016,0.0,2.0,0.0,3.0,1.0,0.0,0.0,159.0,0.0,223.0,52.0,1.0,,1.26,,1.35,1.92,0.0
069,PIEDADE,2016,0.0,3.0,0.0,3.0,0.0,1.0,0.0,186.0,0.0,256.0,52.0,1.0,,1.61,,1.17,0.0,100.0
071,PILARES,2016,0.0,0.0,1.0,2.0,0.0,1.0,5.0,126.0,0.0,172.0,25.0,2.0,0.0,0.0,,1.16,0.0,50.0
094,PITANGUEIRAS,2016,0.0,0.0,0.0,1.0,0.0,0.0,0.0,63.0,0.0,81.0,11.0,1.0,,0.0,,1.23,0.0,0.0
103,PORTUGUESA,2016,0.0,0.0,0.0,0.0,0.0,0.0,0.0,81.0,0.0,76.0,7.0,2.0,,0.0,,0.0,0.0,0.0
032,PRACA DA BANDEIRA,2016,0.0,1.0,0.0,0.0,0.0,0.0,0.0,71.0,0.0,41.0,4.0,1.0,,1.41,,0.0,0.0,0.0
124,PRACA SECA,2016,0.0,5.0,0.0,4.0,0.0,2.0,0.0,325.0,0.0,426.0,85.0,12.0,,1.54,,0.94,0.0,16.67
095,PRAIA DA BANDEIRA,2016,0.0,0.0,0.0,1.0,0.0,0.0,0.0,26.0,0.0,12.0,3.0,0.0,,0.0,,8.33,0.0,
079,QUINTINO BOCAIUVA,2016,0.0,2.0,0.0,3.0,0.0,0.0,0.0,129.0,0.0,187.0,43.0,3.0,,1.55,,1.6,0.0,0.0
041,RAMOS,2016,0.0,2.0,0.0,5.0,0.0,0.0,0.0,245.0,0.0,448.0,62.0,5.0,,0.82,,1.12,0.0,0.0
139,REALENGO,2016,0.0,9.0,0.0,14.0,3.0,3.0,1.0,580.0,4.0,1481.0,166.0,9.0,0.0,1.55,0.0,0.95,1.81,33.33
132,RECREIO BANDEIRANTES,2016,0.0,4.0,0.0,5.0,0.0,0.0,2.0,813.0,0.0,474.0,9.0,1.0,0.0,0.49,,1.05,0.0,0.0
059,RIACHUELO,2016,0.0,0.0,0.0,0.0,0.0,0.0,0.0,66.0,0.0,45.0,10.0,2.0,,0.0,,0.0,0.0,0.0
091,RIBEIRA,2016,0.0,0.0,0.0,0.0,0.0,0.0,1.0,21.0,0.0,4.0,1.0,0.0,0.0,0.0,,0.0,0.0,
109,RICARDO ALBUQUERQUE,2016,0.0,3.0,0.0,2.0,0.0,0.0,2.0,85.0,0.0,171.0,45.0,34.0,0.0,3.53,,1.17,0.0,0.0
007,RIO COMPRIDO,2016,0.0,2.0,0.0,3.0,0.0,0.0,5.0,222.0,0.0,225.0,86.0,5.0,0.0,0.9,,1.33,0.0,0.0
058,ROCHA,2016,0.0,0.0,0.0,1.0,0.0,0.0,0.0,58.0,1.0,95.0,25.0,1.0,,0.0,0.0,1.05,0.0,0.0
086,ROCHA MIRANDA,2016,0.0,3.0,0.0,3.0,0.0,1.0,0.0,175.0,0.0,279.0,86.0,25.0,,1.71,,1.08,0.0,4.0
154,ROCINHA,2016,0.0,10.0,0.0,7.0,0.0,0.0,5.0,390.0,1.0,535.0,74.0,56.0,0.0,2.56,0.0,1.31,0.0,0.0
060,SAMPAIO,2016,0.0,0.0,0.0,2.0,1.0,0.0,2.0,31.0,0.0,82.0,16.0,0.0,0.0,0.0,,2.44,6.25,
149,SANTA CRUZ,2016,1.0,22.0,0.0,50.0,6.0,4.0,8.0,843.0,2.0,2179.0,610.0,34.0,12.5,2.61,0.0,2.29,0.98,11.76
014,SANTA TERESA,2016,0.0,2.0,0.0,2.0,1.0,0.0,1.0,200.0,0.0,203.0,59.0,3.0,0.0,1.0,,0.99,1.69,0.0
143,SANTISSIMO,2016,0.0,6.0,0.0,1.0,0.0,0.0,1.0,202.0,0.0,430.0,55.0,2.0,0.0,2.97,,0.23,0.0,0.0
003,SANTO CRISTO,2016,0.0,0.0,0.0,1.0,0.0,0.0,1.0,49.0,0.0,109.0,39.0,1.0,0.0,0.0,,0.92,0.0,0.0
031,SAO CONRADO,2016,0.0,0.0,0.0,0.0,0.0,0.0,1.0,56.0,0.0,17.0,3.0,2.0,0.0,0.0,,0.0,0.0,0.0
010,SAO CRISTOVAO,2016,0.0,2.0,0.0,2.0,1.0,0.0,1.0,249.0,0.0,288.0,50.0,3.0,0.0,0.8,,0.69,2.0,0.0
057,SAO FRANCISCO XAVIER,2016,0.0,0.0,0.0,0.0,0.0,1.0,0.0,38.0,0.0,49.0,7.0,1.0,,0.0,,0.0,0.0,100.0
001,SAUDE,2016,0.0,1.0,0.0,0.0,0.0,0.0,0.0,7.0,0.0,22.0,9.0,0.0,,14.29,,0.0,0.0,
142,SENADOR CAMARA,2016,0.0,5.0,0.0,11.0,2.0,1.0,1.0,319.0,2.0,995.0,85.0,3.0,0.0,1.57,0.0,1.11,2.35,33.33
145,SENADOR VASCONCELOS,2016,0.0,0.0,0.0,3.0,1.0,0.0,1.0,91.0,0.0,214.0,24.0,0.0,0.0,0.0,,1.4,4.17,
150,SEPETIBA,2016,0.0,9.0,0.0,8.0,4.0,0.0,2.0,234.0,1.0,500.0,96.0,5.0,0.0,3.85,0.0,1.6,4.17,0.0
123,TANQUE,2016,0.0,7.0,0.0,3.0,0.0,1.0,1.0,154.0,0.0,337.0,42.0,1.0,0.0,4.55,,0.89,0.0,100.0
122,TAQUARA,2016,0.0,8.0,0.0,6.0,3.0,4.0,2.0,685.0,0.0,826.0,120.0,11.0,0.0,1.17,,0.73,2.5,36.36
101,TAUA,2016,0.0,4.0,0.0,2.0,0.0,1.0,0.0,89.0,0.0,118.0,10.0,3.0,,4.49,,1.69,0.0,33.33
033,TIJUCA,2016,0.0,9.0,0.0,3.0,1.0,0.0,13.0,950.0,1.0,373.0,176.0,18.0,0.0,0.95,0.0,0.8,0.57,0.0
064,TODOS OS SANTOS,2016,0.0,0.0,0.0,1.0,0.0,0.0,3.0,104.0,0.0,41.0,2.0,0.0,0.0,0.0,,2.44,0.0,
056,TOMAS COELHO,2016,0.0,1.0,0.0,0.0,0.0,1.0,2.0,71.0,0.0,145.0,23.0,3.0,0.0,1.41,,0.0,0.0,33.33
085,TURIACU,2016,0.0,0.0,0.0,1.0,0.0,0.0,1.0,40.0,0.0,82.0,24.0,4.0,0.0,0.0,,1.22,0.0,0.0
022,URCA,2016,0.0,0.0,0.0,0.0,0.0,0.0,0.0,38.0,0.0,3.0,2.0,0.0,,0.0,,0.0,0.0,
131,VARGEM GRANDE,2016,0.0,1.0,0.0,1.0,0.0,0.0,1.0,94.0,0.0,209.0,18.0,3.0,0.0,1.06,,0.48,0.0,0.0
130,VARGEM PEQUENA,2016,0.0,1.0,0.0,1.0,0.0,1.0,0.0,140.0,0.0,256.0,22.0,0.0,,0.71,,0.39,0.0,
159,VASCO DA GAMA,2016,0.0,1.0,0.0,1.0,0.0,0.0,0.0,26.0,0.0,35.0,5.0,0.0,,3.85,,2.86,0.0,
084,VAZ LOBO,2016,0.0,0.0,0.0,4.0,0.0,0.0,3.0,61.0,0.0,118.0,47.0,5.0,0.0,0.0,,3.39,0.0,0.0
073,VICENTE DE CARVALHO,2016,0.0,0.0,0.0,1.0,0.0,0.0,1.0,102.0,0.0,162.0,42.0,2.0,0.0,0.0,,0.62,0.0,0.0
030,VIDIGAL,2016,0.0,0.0,0.0,2.0,0.0,0.0,0.0,59.0,1.0,109.0,28.0,10.0,,0.0,0.0,1.83,0.0,0.0
048,VIGARIO GERAL,2016,0.0,2.0,0.0,5.0,2.0,1.0,1.0,103.0,0.0,249.0,62.0,4.0,0.0,1.94,,2.01,3.23,25.0
074,VILA DA PENHA,2016,0.0,0.0,0.0,0.0,0.0,0.0,0.0,136.0,0.0,82.0,17.0,2.0,,0.0,,0.0,0.0,0.0
036,VILA ISABEL,2016,0.0,4.0,0.0,0.0,0.0,2.0,4.0,358.0,0.0,243.0,57.0,10.0,0.0,1.12,,0.0,0.0,20.0
162,VILA KENNEDY,2016,0.0,0.0,0.0,0.0,0.0,0.0,0.0,0.0,0.0,0.0,0.0,0.0,,,,,,
072,VILA KOSMOS,2016,0.0,1.0,0.0,0.0,1.0,0.0,0.0,39.0,0.0,64.0,17.0,2.0,,2.56,,0.0,5.88,0.0
135,VILA MILITAR,2016,0.0,0.0,0.0,1.0,0.0,0.0,0.0,37.0,0.0,47.0,6.0,0.0,,0.0,,2.13,0.0,
125,VILA VALQUEIRE,2016,0.0,2.0,0.0,3.0,0.0,1.0,0.0,181.0,0.0,139.0,28.0,4.0,,1.1,,2.16,0.0,25.0
075,VISTA ALEGRE,2016,0.0,1.0,0.0,1.0,0.0,1.0,0.0,72.0,0.0,41.0,7.0,0.0,,1.39,,2.44,0.0,
092,ZUMBI,2016,0.0,0.0,0.0,0.0,0.0,0.0,0.0,12.0,0.0,12.0,1.0,0.0,,0.0,,0.0,0.0,
070,ABOLICAO,2017,0.0,2.0,0.0,0.0,0.0,0.0,0.0,62.0,0.0,45.0,11.0,0.0,,3.23,,0.0,0.0,
111,ACARI,2017,0.0,3.0,0.0,7.0,0.0,3.0,3.0,134.0,1.0,374.0,49.0,2.0,0.0,2.24,0.0,1.87,0.0,150.0
067,AGUA SANTA,2017,0.0,2.0,0.0,0.0,0.0,0.0,0.0,26.0,0.0,36.0,7.0,0.0,,7.69,,0.0,0.0,
034,ALTO DA BOA VISTA,2017,0.0,0.0,0.0,1.0,1.0,0.0,0.0,39.0,0.0,56.0,13.0,1.0,,0.0,,1.79,7.69,0.0
107,ANCHIETA,2017,0.0,4.0,0.0,5.0,0.0,1.0,0.0,202.0,0.0,452.0,103.0,127.0,,1.98,,1.11,0.0,0.79
037,ANDARAI,2017,0.0,2.0,0.0,2.0,0.0,1.0,0.0,185.0,1.0,143.0,36.0,7.0,,1.08,0.0,1.4,0.0,14.29
116,ANIL,2017,0.0,2.0,0.0,1.0,0.0,0.0,0.0,181.0,1.0,227.0,20.0,3.0,,1.1,0.0,0.44,0.0,0.0
097,BANCARIOS,2017,0.0,2.0,0.0,0.0,0.0,0.0,0.0,57.0,0.0,88.0,17.0,0.0,,3.51,,0.0,0.0,
141,BANGU,2017,0.0,7.0,0.0,24.0,5.0,3.0,9.0,800.0,2.0,2124.0,411.0,11.0,0.0,0.88,0.0,1.13,1.22,27.27
128,BARRA DA TIJUCA,2017,0.0,6.0,0.0,0.0,0.0,2.0,3.0,1189.0,0.0,206.0,12.0,21.0,0.0,0.5,,0.0,0.0,9.52
152,BARRA DE GUARATIBA,2017,0.0,1.0,0.0,1.0,0.0,0.0,0.0,22.0,0.0,49.0,5.0,0.0,,4.55,,2.04,0.0,
165,BARRA OLIMPICA,2017,0.0,0.0,0.0,0.0,0.0,0.0,0.0,0.0,0.0,0.0,0.0,0.0,,,,,,
112,BARROS FILHO,2017,0.0,0.0,0.0,2.0,0.0,1.0,0.0,63.0,0.0,180.0,26.0,8.0,,0.0,,1.11,0.0,12.5
012,BENFICA,2017,0.0,3.0,0.0,2.0,1.0,0.0,0.0,187.0,1.0,288.0,47.0,7.0,,1.6,0.0,0.69,2.13,0.0
089,BENTO RIBEIRO,2017,0.0,3.0,0.0,3.0,0.0,1.0,1.0,168.0,0.0,201.0,45.0,69.0,0.0,1.79,,1.49,0.0,1.45
040,BONSUCESSO,2017,0.0,3.0,0.0,3.0,0.0,1.0,0.0,203.0,0.0,327.0,52.0,1.0,,1.48,,0.92,0.0,100.0
020,BOTAFOGO,2017,0.0,1.0,0.0,1.0,1.0,0.0,1.0,577.0,1.0,112.0,37.0,26.0,0.0,0.17,0.0,0.89,2.7,0.0
045,BRAS DE PINA,2017,0.0,3.0,0.0,0.0,1.0,2.0,1.0,230.0,1.0,304.0,66.0,5.0,0.0,1.3,0.0,0.0,1.52,40.0
065,CACHAMBI,2017,0.0,0.0,0.0,0.0,0.0,0.0,0.0,207.0,0.0,139.0,24.0,4.0,,0.0,,0.0,0.0,0.0
093,CACUIA,2017,0.0,0.0,0.0,0.0,0.0,0.0,0.0,62.0,0.0,58.0,6.0,1.0,,0.0,,0.0,0.0,0.0
004,CAJU,2017,0.0,4.0,0.0,1.0,1.0,1.0,2.0,137.0,0.0,274.0,40.0,1.0,0.0,2.92,,0.36,2.5,100.0
129,CAMORIM,2017,0.0,0.0,0.0,0.0,0.0,0.0,0.0,50.0,0.0,38.0,4.0,0.0,,0.0,,0.0,0.0,
078,CAMPINHO,2017,0.0,0.0,0.0,0.0,0.0,0.0,0.0,60.0,0.0,68.0,16.0,20.0,,0.0,,0.0,0.0,0.0
136,CAMPO DOS AFONSOS,2017,0.0,0.0,0.0,0.0,0.0,0.0,0.0,9.0,0.0,10.0,0.0,0.0,,0.0,,0.0,,
144,CAMPO GRANDE,2017,0.0,18.0,0.0,25.0,2.0,2.0,10.0,1620.0,1.0,3130.0,455.0,28.0,0.0,1.11,0.0,0.8,0.44,7.14
082,CASCADURA,2017,0.0,3.0,0.0,1.0,0.0,0.0,2.0,145.0,0.0,213.0,66.0,20.0,0.0,2.07,,0.47,0.0,0.0
018,CATETE,2017,0.0,0.0,0.0,0.0,0.0,0.0,1.0,151.0,0.0,80.0,14.0,5.0,0.0,0.0,,0.0,0.0,0.0
006,CATUMBI,2017,0.0,0.0,0.0,1.0,3.0,0.0,1.0,51.0,0.0,104.0,40.0,2.0,0.0,0.0,,0.96,7.5,0.0
080,CAVALCANTE,2017,0.0,1.0,0.0,2.0,0.0,1.0,1.0,53.0,0.0,129.0,23.0,7.0,0.0,1.89,,1.55,0.0,14.29
005,CENTRO,2017,0.0,3.0,0.0,1.0,0.0,0.0,3.0,161.0,1.0,139.0,51.0,6.0,0.0,1.86,0.0,0.72,0.0,0.0
118,CIDADE DE DEUS,2017,0.0,1.0,0.0,8.0,1.0,2.0,0.0,101.0,1.0,619.0,124.0,2.0,,0.99,0.0,1.29,0.81,100.0
008,CIDADE NOVA,2017,0.0,0.0,0.0,0.0,0.0,0.0,0.0,25.0,2.0,33.0,14.0,0.0,,0.0,0.0,0.0,0.0,
105,CIDADE UNIVERSITARIA,2017,0.0,0.0,0.0,0.0,0.0,0.0,0.0,8.0,0.0,10.0,5.0,0.0,,0.0,,0.0,0.0,
096,COCOTA,2017,0.0,0.0,0.0,0.0,0.0,0.0,0.0,35.0,0.0,30.0,7.0,0.0,,0.0,,0.0,0.0,
110,COELHO NETO,2017,0.0,2.0,0.0,2.0,0.0,1.0,0.0,108.0,0.0,188.0,44.0,20.0,,1.85,,1.06,0.0,5.0
077,COLEGIO,2017,0.0,1.0,0.0,3.0,0.0,1.0,1.0,102.0,0.0,249.0,69.0,14.0,0.0,0.98,,1.2,0.0,7.14
157,COMPLEXO DA MARE,2017,0.0,9.0,0.0,13.0,0.0,4.0,2.0,464.0,0.0,1176.0,183.0,5.0,0.0,1.94,,1.11,0.0,80.0
156,COMPLEXO DO ALEMAO,2017,0.0,3.0,0.0,6.0,1.0,2.0,0.0,166.0,0.0,593.0,66.0,0.0,,1.81,,1.01,1.52,
024,COPACABANA,2017,0.0,6.0,0.0,3.0,1.0,1.0,2.0,687.0,0.0,285.0,67.0,54.0,0.0,0.87,,1.05,1.49,1.85
046,CORDOVIL,2017,0.0,3.0,0.0,5.0,1.0,2.0,0.0,155.0,0.0,318.0,68.0,7.0,,1.94,,1.57,1.47,28.57
019,COSME VELHO,2017,0.0,1.0,0.0,0.0,0.0,0.0,1.0,48.0,0.0,27.0,25.0,6.0,0.0,2.08,,0.0,0.0,0.0
147,COSMOS,2017,0.0,3.0,0.0,14.0,3.0,1.0,1.0,253.0,0.0,865.0,134.0,6.0,0.0,1.19,,1.62,2.24,16.67
113,COSTA BARROS,2017,0.0,4.0,0.0,5.0,0.0,0.0,1.0,120.0,0.0,387.0,77.0,29.0,0.0,3.33,,1.29,0.0,0.0
119,CURICICA,2017,0.0,4.0,0.0,3.0,1.0,2.0,2.0,254.0,0.0,565.0,67.0,5.0,0.0,1.57,,0.53,1.49,40.0
053,DEL CASTILHO,2017,0.0,2.0,0.0,1.0,0.0,1.0,0.0,137.0,0.0,125.0,18.0,2.0,,1.46,,0.8,0.0,50.0
134,DEODORO,2017,0.0,0.0,0.0,0.0,0.0,0.0,0.0,55.0,0.0,83.0,16.0,19.0,,0.0,,0.0,0.0,0.0
068,ENCANTADO,2017,0.0,0.0,0.0,1.0,0.0,0.0,0.0,57.0,0.0,68.0,7.0,1.0,,0.0,,1.47,0.0,0.0
081,ENGENHEIRO LEAL,2017,0.0,0.0,0.0,1.0,0.0,0.0,0.0,10.0,0.0,41.0,13.0,1.0,,0.0,,2.44,0.0,0.0
055,ENGENHO DA RAINHA,2017,0.0,2.0,0.0,1.0,0.0,1.0,1.0,108.0,0.0,191.0,35.0,3.0,0.0,1.85,,0.52,0.0,33.33
066,ENGENHO DE DENTRO,2017,0.0,7.0,0.0,5.0,1.0,1.0,2.0,283.0,0.0,281.0,28.0,5.0,0.0,2.47,,1.78,3.57,20.0
061,ENGENHO NOVO,2017,0.0,2.0,0.0,3.0,1.0,0.0,0.0,180.0,0.0,316.0,55.0,3.0,,1.11,,0.95,1.82,0.0
009,ESTACIO,2017,0.0,1.0,0.0,1.0,0.0,0.0,0.0,78.0,0.0,143.0,52.0,2.0,,1.28,,0.7,0.0,0.0
015,FLAMENGO,2017,0.0,1.0,0.0,0.0,0.0,0.0,3.0,275.0,0.0,35.0,14.0,22.0,0.0,0.36,,0.0,0.0,0.0
098,FREGUESIA-ILHA,2017,0.0,0.0,0.0,0.0,0.0,0.0,1.0,98.0,0.0,128.0,16.0,4.0,0.0,0.0,,0.0,0.0,0.0
120,FREGUESIA-JPA,2017,0.0,5.0,0.0,1.0,0.0,1.0,0.0,502.0,0.0,254.0,33.0,6.0,,1.0,,0.39,0.0,16.67
104,GALEAO,2017,0.0,0.0,0.0,1.0,0.0,0.0,0.0,112.0,0.0,189.0,29.0,1.0,,0.0,,0.53,0.0,0.0
002,GAMBOA,2017,0.0,0.0,0.0,0.0,0.0,0.0,0.0,40.0,0.0,95.0,30.0,1.0,,0.0,,0.0,0.0,0.0
117,GARDENIA AZUL,2017,0.0,1.0,0.0,3.0,0.0,0.0,0.0,113.0,0.0,430.0,46.0,2.0,,0.88,,0.7,0.0,0.0
029,GAVEA,2017,0.0,2.0,0.0,1.0,1.0,0.0,0.0,99.0,1.0,23.0,10.0,12.0,,2.02,0.0,4.35,10.0,0.0
160,GERICINo,2017,0.0,0.0,0.0,0.0,0.0,0.0,0.0,1.0,0.0,8.0,7.0,0.0,,0.0,,0.0,0.0,
016,GLORIA,2017,0.0,0.0,0.0,0.0,0.0,0.0,0.0,57.0,0.0,21.0,3.0,5.0,,0.0,,0.0,0.0,0.0
038,GRAJAU,2017,0.0,3.0,0.0,1.0,0.0,0.0,2.0,205.0,2.0,114.0,16.0,3.0,0.0,1.46,0.0,0.88,0.0,0.0
133,GRUMARI,2017,0.0,0.0,0.0,0.0,0.0,0.0,0.0,0.0,0.0,1.0,1.0,0.0,,,,0.0,0.0,
106,GUADALUPE,2017,0.0,0.0,0.0,3.0,0.0,1.0,2.0,178.0,0.0,305.0,56.0,77.0,0.0,0.0,,0.98,0.0,1.3
151,GUARATIBA,2017,0.0,5.0,0.0,14.0,3.0,2.0,4.0,509.0,1.0,1527.0,148.0,12.0,0.0,0.98,0.0,0.92,2.03,16.67
050,HIGIENOPOLIS,2017,0.0,0.0,0.0,0.0,0.0,0.0,0.0,67.0,0.0,63.0,10.0,2.0,,0.0,,0.0,0.0,0.0
087,HONORIO GURGEL,2017,0.0,2.0,0.0,2.0,1.0,1.0,1.0,116.0,1.0,174.0,35.0,18.0,0.0,1.72,0.0,1.15,2.86,5.56
021,HUMAITA,2017,0.0,0.0,0.0,0.0,0.0,0.0,0.0,108.0,0.0,1.0,1.0,5.0,,0.0,,0.0,0.0,0.0
999,IGNORADO BAIRRO-MRJ,2017,0.0,1.0,0.0,3.0,1.0,0.0,0.0,17.0,0.0,55.0,5.0,1.0,,5.88,,5.45,20.0,0.0
164,ILHA DE GUARATIBA,2017,0.0,0.0,0.0,0.0,0.0,0.0,0.0,0.0,0.0,0.0,0.0,0.0,,,,,,
998,ILHA DO GOVERNADOR - IGNORADO,2017,0.0,0.0,0.0,0.0,0.0,0.0,0.0,75.0,1.0,106.0,22.0,0.0,,0.0,0.0,0.0,0.0,
054,INHAUMA,2017,0.0,2.0,0.0,2.0,0.0,2.0,0.0,220.0,0.0,410.0,59.0,2.0,,0.91,,0.49,0.0,100.0
146,INHOAIBA,2017,0.0,3.0,0.0,11.0,0.0,1.0,1.0,192.0,0.0,745.0,104.0,2.0,0.0,1.56,,1.48,0.0,50.0
025,IPANEMA,2017,0.0,1.0,0.0,0.0,0.0,1.0,2.0,230.0,0.0,26.0,18.0,16.0,0.0,0.43,,0.0,0.0,6.25
076,IRAJA,2017,0.0,3.0,0.0,5.0,2.0,0.0,1.0,427.0,1.0,476.0,83.0,14.0,0.0,0.7,0.0,1.05,2.41,0.0
127,ITANHANGA,2017,0.0,5.0,0.0,6.0,0.0,0.0,2.0,361.0,0.0,524.0,33.0,19.0,0.0,1.39,,1.15,0.0,0.0
163,JABOUR,2017,0.0,0.0,0.0,0.0,0.0,0.0,0.0,0.0,0.0,0.0,0.0,0.0,,,,,,
051,JACARE,2017,0.0,0.0,0.0,1.0,1.0,0.0,1.0,71.0,0.0,228.0,36.0,0.0,0.0,0.0,,0.44,2.78,
115,JACAREPAGUA,2017,0.0,17.0,0.0,12.0,0.0,4.0,3.0,1190.0,1.0,1413.0,147.0,57.0,0.0,1.43,0.0,0.85,0.0,7.02
155,JACAREZINHO,2017,0.0,3.0,0.0,6.0,1.0,1.0,1.0,31.0,0.0,199.0,35.0,0.0,0.0,9.68,,3.02,2.86,
049,JARDIM AMERICA,2017,0.0,1.0,0.0,2.0,1.0,0.0,2.0,147.0,0.0,223.0,19.0,5.0,0.0,0.68,,0.9,5.26,0.0
028,JARDIM BOTANICO,2017,0.0,1.0,0.0,0.0,0.0,0.0,0.0,156.0,0.0,19.0,6.0,3.0,,0.64,,0.0,0.0,0.0
100,JARDIM CARIOCA,2017,0.0,3.0,0.0,0.0,0.0,0.0,0.0,114.0,1.0,143.0,10.0,2.0,,2.63,0.0,0.0,0.0,0.0
099,JARDIM GUANABARA,2017,0.0,2.0,0.0,0.0,0.0,0.0,2.0,179.0,0.0,36.0,3.0,8.0,0.0,1.12,,0.0,0.0,0.0
137,JARDIM SULACAP,2017,0.0,0.0,0.0,0.0,0.0,0.0,0.0,99.0,0.0,80.0,7.0,0.0,,0.0,,0.0,0.0,
126,JOA,2017,0.0,0.0,0.0,0.0,0.0,0.0,0.0,1.0,0.0,1.0,0.0,0.0,,0.0,,0.0,,
027,LAGOA,2017,0.0,2.0,0.0,0.0,0.0,0.0,0.0,174.0,0.0,11.0,1.0,7.0,,1.15,,0.0,0.0,0.0
161,LAPA,2017,0.0,0.0,0.0,0.0,0.0,0.0,0.0,0.0,0.0,0.0,0.0,0.0,,,,,,
017,LARANJEIRAS,2017,0.0,2.0,0.0,0.0,0.0,0.0,0.0,326.0,1.0,42.0,21.0,11.0,,0.61,0.0,0.0,0.0,0.0
026,LEBLON,2017,0.0,2.0,0.0,0.0,0.0,0.0,0.0,299.0,0.0,32.0,9.0,13.0,,0.67,,0.0,0.0,0.0
023,LEME,2017,0.0,0.0,0.0,0.0,0.0,0.0,1.0,87.0,0.0,22.0,16.0,6.0,0.0,0.0,,0.0,0.0,0.0
062,LINS DE VASCONCELOS,2017,0.0,0.0,0.0,1.0,1.0,2.0,1.0,111.0,0.0,286.0,54.0,5.0,0.0,0.0,,0.35,1.85,40.0
083,MADUREIRA,2017,0.0,3.0,0.0,3.0,0.0,1.0,2.0,167.0,1.0,332.0,106.0,57.0,0.0,1.8,0.0,0.9,0.0,1.75
138,MAGALHAES BASTOS,2017,0.0,1.0,0.0,0.0,0.0,1.0,1.0,80.0,0.0,148.0,27.0,1.0,0.0,1.25,,0.0,0.0,100.0
011,MANGUEIRA,2017,0.0,1.0,0.0,2.0,1.0,1.0,0.0,62.0,0.0,184.0,75.0,1.0,,1.61,,1.09,1.33,100.0
039,MANGUINHOS,2017,0.0,0.0,0.0,7.0,1.0,0.0,0.0,134.0,0.0,307.0,42.0,1.0,,0.0,,2.28,2.38,0.0
035,MARACANA,2017,0.0,2.0,0.0,0.0,0.0,0.0,0.0,163.0,0.0,29.0,3.0,9.0,,1.23,,0.0,0.0,0.0
090,MARECHAL HERMES,2017,0.0,7.0,0.0,3.0,2.0,1.0,1.0,162.0,1.0,211.0,71.0,78.0,0.0,4.32,0.0,1.42,2.82,1.28
052,MARIA DA GRACA,2017,0.0,1.0,0.0,0.0,0.0,0.0,0.0,56.0,0.0,39.0,4.0,0.0,,1.79,,0.0,0.0,
063,MEIER,2017,0.0,2.0,0.0,0.0,0.0,0.0,4.0,232.0,0.0,122.0,29.0,8.0,0.0,0.86,,0.0,0.0,0.0
102,MONERO,2017,0.0,1.0,0.0,0.0,0.0,0.0,0.0,19.0,0.0,6.0,1.0,0.0,,5.26,,0.0,0.0,
042,OLARIA,2017,0.0,1.0,0.0,3.0,0.0,0.0,1.0,242.0,0.0,313.0,72.0,2.0,0.0,0.41,,0.96,0.0,0.0
088,OSWALDO CRUZ,2017,0.0,1.0,0.0,3.0,0.0,1.0,1.0,112.0,0.0,170.0,44.0,42.0,0.0,0.89,,1.76,0.0,2.38
148,PACIENCIA,2017,0.0,8.0,0.0,13.0,0.0,0.0,6.0,401.0,0.0,910.0,223.0,54.0,0.0,2.0,,1.43,0.0,0.0
140,PADRE MIGUEL,2017,0.0,4.0,0.0,5.0,1.0,0.0,2.0,186.0,0.0,451.0,112.0,6.0,0.0,2.15,,1.11,0.89,0.0
013,PAQUETA,2017,0.0,0.0,0.0,0.0,0.0,0.0,0.0,12.0,0.0,24.0,5.0,0.0,,0.0,,0.0,0.0,
047,PARADA DE LUCAS,2017,0.0,0.0,0.0,1.0,0.0,1.0,0.0,102.0,0.0,173.0,39.0,2.0,,0.0,,0.58,0.0,50.0
108,PARQUE ANCHIETA,2017,0.0,0.0,0.0,2.0,0.0,1.0,0.0,70.0,0.0,112.0,24.0,31.0,,0.0,,1.79,0.0,3.23
158,PARQUE COLUMBIA,2017,0.0,0.0,0.0,2.0,0.0,0.0,0.0,19.0,0.0,30.0,4.0,1.0,,0.0,,6.67,0.0,0.0
114,PAVUNA,2017,0.0,3.0,0.0,12.0,3.0,0.0,0.0,373.0,1.0,755.0,144.0,32.0,,0.8,0.0,1.59,2.08,0.0
121,PECHINCHA,2017,0.0,2.0,0.0,0.0,0.0,0.0,0.0,302.0,0.0,167.0,22.0,2.0,,0.66,,0.0,0.0,0.0
153,PEDRA DE GUARATIBA,2017,0.0,3.0,0.0,2.0,0.0,0.0,1.0,115.0,1.0,282.0,24.0,1.0,0.0,2.61,0.0,0.71,0.0,0.0
043,PENHA,2017,0.0,4.0,0.0,4.0,1.0,4.0,1.0,277.0,0.0,517.0,100.0,8.0,0.0,1.44,,0.77,1.0,50.0
044,PENHA CIRCULAR,2017,0.0,5.0,0.0,8.0,0.0,1.0,0.0,197.0,1.0,307.0,59.0,6.0,,2.54,0.0,2.61,0.0,16.67
069,PIEDADE,2017,0.0,2.0,0.0,2.0,1.0,0.0,0.0,188.0,0.0,300.0,45.0,4.0,,1.06,,0.67,2.22,0.0
071,PILARES,2017,0.0,1.0,0.0,2.0,1.0,0.0,0.0,97.0,0.0,176.0,36.0,2.0,,1.03,,1.14,2.78,0.0
094,PITANGUEIRAS,2017,0.0,0.0,0.0,0.0,0.0,0.0,1.0,54.0,2.0,77.0,6.0,0.0,0.0,0.0,0.0,0.0,0.0,
103,PORTUGUESA,2017,0.0,2.0,0.0,0.0,0.0,0.0,0.0,99.0,0.0,63.0,14.0,2.0,,2.02,,0.0,0.0,0.0
032,PRACA DA BANDEIRA,2017,0.0,2.0,0.0,0.0,0.0,0.0,1.0,56.0,0.0,28.0,5.0,3.0,0.0,3.57,,0.0,0.0,0.0
124,PRACA SECA,2017,0.0,5.0,0.0,2.0,2.0,1.0,1.0,295.0,1.0,470.0,116.0,22.0,0.0,1.69,0.0,0.43,1.72,4.55
095,PRAIA DA BANDEIRA,2017,0.0,1.0,0.0,0.0,1.0,0.0,0.0,37.0,0.0,13.0,3.0,1.0,,2.7,,0.0,33.33,0.0
079,QUINTINO BOCAIUVA,2017,0.0,1.0,0.0,0.0,0.0,1.0,2.0,129.0,0.0,163.0,47.0,12.0,0.0,0.78,,0.0,0.0,8.33
041,RAMOS,2017,0.0,0.0,0.0,1.0,0.0,0.0,2.0,199.0,0.0,312.0,38.0,3.0,0.0,0.0,,0.32,0.0,0.0
139,REALENGO,2017,0.0,6.0,0.0,11.0,3.0,1.0,5.0,558.0,0.0,1255.0,286.0,11.0,0.0,1.08,,0.88,1.05,9.09
132,RECREIO BANDEIRANTES,2017,0.0,12.0,0.0,3.0,1.0,0.0,0.0,815.0,0.0,481.0,32.0,9.0,,1.47,,0.62,3.12,0.0
059,RIACHUELO,2017,0.0,1.0,0.0,0.0,0.0,0.0,1.0,51.0,0.0,30.0,9.0,1.0,0.0,1.96,,0.0,0.0,0.0
091,RIBEIRA,2017,0.0,0.0,0.0,0.0,0.0,0.0,0.0,23.0,0.0,9.0,1.0,1.0,,0.0,,0.0,0.0,0.0
109,RICARDO ALBUQUERQUE,2017,0.0,0.0,1.0,4.0,0.0,1.0,0.0,76.0,0.0,179.0,41.0,53.0,,0.0,,2.23,0.0,1.89
007,RIO COMPRIDO,2017,0.0,4.0,0.0,3.0,0.0,0.0,3.0,197.0,1.0,250.0,87.0,11.0,0.0,2.03,0.0,1.2,0.0,0.0
058,ROCHA,2017,0.0,0.0,0.0,1.0,0.0,0.0,0.0,57.0,1.0,95.0,21.0,2.0,,0.0,0.0,1.05,0.0,0.0
086,ROCHA MIRANDA,2017,0.0,0.0,0.0,4.0,0.0,0.0,1.0,156.0,0.0,277.0,88.0,23.0,0.0,0.0,,1.44,0.0,0.0
154,ROCINHA,2017,0.0,5.0,0.0,6.0,0.0,0.0,1.0,381.0,1.0,549.0,101.0,53.0,0.0,1.31,0.0,1.09,0.0,0.0
060,SAMPAIO,2017,0.0,0.0,0.0,0.0,1.0,1.0,0.0,33.0,0.0,92.0,18.0,0.0,,0.0,,0.0,5.56,
149,SANTA CRUZ,2017,0.0,13.0,0.0,25.0,6.0,1.0,10.0,853.0,4.0,2273.0,692.0,39.0,0.0,1.52,0.0,1.1,0.87,2.56
014,SANTA TERESA,2017,0.0,3.0,0.0,3.0,0.0,0.0,0.0,163.0,2.0,166.0,75.0,4.0,,1.84,0.0,1.81,0.0,0.0
143,SANTISSIMO,2017,0.0,1.0,0.0,2.0,1.0,0.0,3.0,171.0,0.0,524.0,70.0,4.0,0.0,0.58,,0.38,1.43,0.0
003,SANTO CRISTO,2017,0.0,0.0,0.0,0.0,0.0,0.0,1.0,55.0,0.0,106.0,29.0,2.0,0.0,0.0,,0.0,0.0,0.0
031,SAO CONRADO,2017,0.0,0.0,0.0,0.0,0.0,0.0,0.0,61.0,0.0,15.0,3.0,0.0,,0.0,,0.0,0.0,
010,SAO CRISTOVAO,2017,0.0,2.0,0.0,1.0,2.0,0.0,0.0,187.0,0.0,223.0,57.0,7.0,,1.07,,0.45,3.51,0.0
057,SAO FRANCISCO XAVIER,2017,0.0,0.0,0.0,1.0,0.0,0.0,1.0,33.0,0.0,37.0,7.0,3.0,0.0,0.0,,2.7,0.0,0.0
001,SAUDE,2017,0.0,0.0,0.0,0.0,0.0,0.0,0.0,16.0,0.0,31.0,5.0,0.0,,0.0,,0.0,0.0,
142,SENADOR CAMARA,2017,0.0,6.0,0.0,17.0,0.0,1.0,2.0,303.0,0.0,962.0,144.0,11.0,0.0,1.98,,1.77,0.0,9.09
145,SENADOR VASCONCELOS,2017,0.0,2.0,0.0,7.0,1.0,1.0,1.0,106.0,0.0,261.0,42.0,1.0,0.0,1.89,,2.68,2.38,100.0
150,SEPETIBA,2017,0.0,1.0,0.0,5.0,0.0,0.0,2.0,239.0,0.0,442.0,106.0,8.0,0.0,0.42,,1.13,0.0,0.0
123,TANQUE,2017,0.0,2.0,0.0,3.0,1.0,1.0,1.0,167.0,1.0,324.0,48.0,4.0,0.0,1.2,0.0,0.93,2.08,25.0
122,TAQUARA,2017,0.0,7.0,0.0,10.0,1.0,2.0,2.0,713.0,1.0,797.0,122.0,16.0,0.0,0.98,0.0,1.25,0.82,12.5
101,TAUA,2017,0.0,1.0,0.0,2.0,0.0,0.0,0.0,119.0,0.0,173.0,21.0,1.0,,0.84,,1.16,0.0,0.0
033,TIJUCA,2017,0.0,2.0,0.0,6.0,5.0,1.0,13.0,826.0,0.0,322.0,157.0,27.0,0.0,0.24,,1.86,3.18,3.7
064,TODOS OS SANTOS,2017,0.0,1.0,0.0,0.0,0.0,0.0,0.0,141.0,0.0,47.0,4.0,2.0,,0.71,,0.0,0.0,0.0
056,TOMAS COELHO,2017,0.0,0.0,0.0,2.0,0.0,0.0,0.0,72.0,0.0,154.0,22.0,2.0,,0.0,,1.3,0.0,0.0
085,TURIACU,2017,0.0,1.0,0.0,4.0,0.0,0.0,0.0,57.0,0.0,118.0,39.0,7.0,,1.75,,3.39,0.0,0.0
022,URCA,2017,0.0,0.0,0.0,0.0,0.0,0.0,0.0,46.0,0.0,8.0,1.0,2.0,,0.0,,0.0,0.0,0.0
131,VARGEM GRANDE,2017,0.0,3.0,0.0,3.0,0.0,0.0,1.0,101.0,0.0,206.0,20.0,1.0,0.0,2.97,,1.46,0.0,0.0
130,VARGEM PEQUENA,2017,0.0,0.0,0.0,3.0,0.0,0.0,0.0,124.0,0.0,252.0,24.0,0.0,,0.0,,1.19,0.0,
159,VASCO DA GAMA,2017,0.0,2.0,0.0,0.0,2.0,0.0,0.0,65.0,0.0,76.0,19.0,1.0,,3.08,,0.0,10.53,0.0
084,VAZ LOBO,2017,0.0,2.0,0.0,0.0,0.0,0.0,0.0,51.0,0.0,121.0,32.0,7.0,,3.92,,0.0,0.0,0.0
073,VICENTE DE CARVALHO,2017,0.0,0.0,0.0,0.0,1.0,0.0,3.0,106.0,0.0,200.0,44.0,7.0,0.0,0.0,,0.0,2.27,0.0
030,VIDIGAL,2017,0.0,0.0,0.0,2.0,0.0,1.0,1.0,75.0,0.0,102.0,24.0,9.0,0.0,0.0,,1.96,0.0,11.11
048,VIGARIO GERAL,2017,0.0,3.0,0.0,7.0,2.0,0.0,2.0,132.0,1.0,316.0,77.0,2.0,0.0,2.27,0.0,2.22,2.6,0.0
074,VILA DA PENHA,2017,0.0,0.0,0.0,0.0,0.0,0.0,2.0,141.0,0.0,79.0,12.0,6.0,0.0,0.0,,0.0,0.0,0.0
036,VILA ISABEL,2017,0.0,1.0,0.0,1.0,1.0,2.0,3.0,308.0,0.0,271.0,72.0,15.0,0.0,0.32,,0.37,1.39,13.33
162,VILA KENNEDY,2017,0.0,0.0,0.0,0.0,0.0,0.0,0.0,0.0,0.0,1.0,0.0,0.0,,,,0.0,,
072,VILA KOSMOS,2017,0.0,2.0,0.0,2.0,0.0,0.0,0.0,53.0,0.0,56.0,12.0,3.0,,3.77,,3.57,0.0,0.0
135,VILA MILITAR,2017,0.0,1.0,0.0,0.0,0.0,0.0,0.0,51.0,0.0,50.0,23.0,4.0,,1.96,,0.0,0.0,0.0
125,VILA VALQUEIRE,2017,0.0,1.0,0.0,0.0,0.0,0.0,1.0,180.0,0.0,171.0,35.0,8.0,0.0,0.56,,0.0,0.0,0.0
075,VISTA ALEGRE,2017,0.0,0.0,0.0,1.0,0.0,0.0,0.0,59.0,0.0,32.0,7.0,1.0,,0.0,,3.12,0.0,0.0
092,ZUMBI,2017,0.0,1.0,0.0,0.0,0.0,0.0,0.0,5.0,0.0,7.0,1.0,1.0,,20.0,,0.0,0.0,0.0
070,ABOLICAO,2018,0.0,0.0,0.0,0.0,0.0,0.0,1.0,36.0,0.0,40.0,5.0,3.0,0.0,0.0,,0.0,0.0,0.0
111,ACARI,2018,0.0,1.0,0.0,8.0,2.0,2.0,0.0,123.0,0.0,356.0,37.0,11.0,,0.81,,2.25,5.41,18.18
067,AGUA SANTA,2018,0.0,2.0,0.0,2.0,0.0,0.0,0.0,36.0,0.0,50.0,10.0,1.0,,5.56,,4.0,0.0,0.0
034,ALTO DA BOA VISTA,2018,0.0,0.0,0.0,1.0,0.0,0.0,0.0,38.0,0.0,42.0,18.0,2.0,,0.0,,2.38,0.0,0.0
107,ANCHIETA,2018,0.0,3.0,0.0,7.0,1.0,0.0,1.0,202.0,0.0,472.0,134.0,70.0,0.0,1.49,,1.48,0.75,0.0
037,ANDARAI,2018,0.0,2.0,0.0,2.0,0.0,0.0,3.0,185.0,1.0,143.0,34.0,3.0,0.0,1.08,0.0,1.4,0.0,0.0
116,ANIL,2018,0.0,4.0,0.0,0.0,0.0,0.0,1.0,173.0,0.0,228.0,30.0,4.0,0.0,2.31,,0.0,0.0,0.0
097,BANCARIOS,2018,0.0,0.0,0.0,0.0,0.0,0.0,0.0,52.0,0.0,84.0,13.0,1.0,,0.0,,0.0,0.0,0.0
141,BANGU,2018,0.0,10.0,0.0,13.0,0.0,5.0,10.0,746.0,2.0,1740.0,446.0,11.0,0.0,1.34,0.0,0.75,0.0,45.45
128,BARRA DA TIJUCA,2018,0.0,6.0,0.0,3.0,0.0,2.0,2.0,1122.0,0.0,195.0,14.0,20.0,0.0,0.53,,1.54,0.0,10.0
152,BARRA DE GUARATIBA,2018,0.0,0.0,0.0,2.0,0.0,0.0,0.0,20.0,0.0,37.0,8.0,0.0,,0.0,,5.41,0.0,
165,BARRA OLIMPICA,2018,0.0,0.0,0.0,0.0,0.0,0.0,0.0,0.0,0.0,0.0,0.0,0.0,,,,,,
112,BARROS FILHO,2018,0.0,0.0,0.0,0.0,0.0,1.0,2.0,43.0,0.0,169.0,42.0,14.0,0.0,0.0,,0.0,0.0,7.14
012,BENFICA,2018,0.0,2.0,0.0,0.0,1.0,0.0,2.0,160.0,0.0,277.0,49.0,3.0,0.0,1.25,,0.0,2.04,0.0
089,BENTO RIBEIRO,2018,0.0,2.0,0.0,2.0,0.0,1.0,1.0,147.0,0.0,223.0,56.0,30.0,0.0,1.36,,0.9,0.0,3.33
040,BONSUCESSO,2018,0.0,0.0,0.0,2.0,0.0,1.0,0.0,193.0,0.0,372.0,46.0,2.0,,0.0,,0.54,0.0,50.0
020,BOTAFOGO,2018,0.0,6.0,0.0,0.0,0.0,0.0,3.0,521.0,0.0,126.0,25.0,38.0,0.0,1.15,,0.0,0.0,0.0
045,BRAS DE PINA,2018,0.0,2.0,0.0,7.0,1.0,2.0,1.0,209.0,1.0,305.0,59.0,7.0,0.0,0.96,0.0,2.3,1.69,28.57
065,CACHAMBI,2018,0.0,0.0,0.0,2.0,0.0,0.0,1.0,217.0,1.0,136.0,35.0,9.0,0.0,0.0,0.0,1.47,0.0,0.0
093,CACUIA,2018,0.0,4.0,0.0,2.0,0.0,0.0,0.0,49.0,0.0,45.0,9.0,1.0,,8.16,,4.44,0.0,0.0
004,CAJU,2018,0.0,1.0,0.0,2.0,0.0,0.0,5.0,137.0,1.0,248.0,45.0,2.0,0.0,0.73,0.0,0.81,0.0,0.0
129,CAMORIM,2018,0.0,0.0,0.0,0.0,0.0,0.0,0.0,59.0,0.0,31.0,11.0,0.0,,0.0,,0.0,0.0,
078,CAMPINHO,2018,0.0,1.0,0.0,2.0,0.0,1.0,0.0,55.0,0.0,71.0,19.0,14.0,,1.82,,2.82,0.0,7.14
136,CAMPO DOS AFONSOS,2018,0.0,0.0,0.0,0.0,0.0,0.0,0.0,19.0,0.0,16.0,3.0,0.0,,0.0,,0.0,0.0,
144,CAMPO GRANDE,2018,0.0,18.0,0.0,31.0,1.0,6.0,12.0,1674.0,5.0,2769.0,554.0,32.0,0.0,1.08,0.0,1.12,0.18,18.75
082,CASCADURA,2018,0.0,5.0,0.0,5.0,0.0,0.0,2.0,122.0,0.0,187.0,56.0,11.0,0.0,4.1,,2.67,0.0,0.0
018,CATETE,2018,0.0,0.0,0.0,4.0,0.0,0.0,1.0,108.0,1.0,88.0,25.0,2.0,0.0,0.0,0.0,4.55,0.0,0.0
006,CATUMBI,2018,0.0,0.0,0.0,2.0,0.0,0.0,3.0,36.0,0.0,104.0,35.0,2.0,0.0,0.0,,1.92,0.0,0.0
080,CAVALCANTE,2018,0.0,2.0,0.0,2.0,0.0,0.0,0.0,44.0,0.0,139.0,39.0,3.0,,4.55,,1.44,0.0,0.0
005,CENTRO,2018,0.0,2.0,0.0,2.0,0.0,0.0,4.0,119.0,0.0,129.0,38.0,5.0,0.0,1.68,,1.55,0.0,0.0
118,CIDADE DE DEUS,2018,0.0,1.0,0.0,5.0,1.0,3.0,0.0,113.0,0.0,536.0,183.0,1.0,,0.88,,0.93,0.55,300.0
008,CIDADE NOVA,2018,0.0,0.0,0.0,2.0,0.0,1.0,0.0,25.0,0.0,32.0,9.0,0.0,,0.0,,6.25,0.0,
105,CIDADE UNIVERSITARIA,2018,0.0,0.0,0.0,0.0,0.0,0.0,0.0,4.0,0.0,18.0,1.0,0.0,,0.0,,0.0,0.0,
096,COCOTA,2018,0.0,0.0,0.0,0.0,0.0,0.0,0.0,29.0,0.0,30.0,7.0,0.0,,0.0,,0.0,0.0,
110,COELHO NETO,2018,0.0,2.0,0.0,3.0,0.0,2.0,0.0,110.0,0.0,226.0,57.0,15.0,,1.82,,1.33,0.0,13.33
077,COLEGIO,2018,0.0,2.0,0.0,4.0,1.0,1.0,1.0,124.0,1.0,221.0,69.0,16.0,0.0,1.61,0.0,1.81,1.45,6.25
157,COMPLEXO DA MARE,2018,0.0,6.0,0.0,13.0,1.0,5.0,7.0,421.0,1.0,1165.0,153.0,7.0,0.0,1.43,0.0,1.12,0.65,71.43
156,COMPLEXO DO ALEMAO,2018,0.0,2.0,0.0,2.0,0.0,1.0,0.0,98.0,0.0,362.0,48.0,1.0,,2.04,,0.55,0.0,100.0
024,COPACABANA,2018,0.0,6.0,0.0,2.0,1.0,2.0,0.0,646.0,2.0,277.0,67.0,43.0,,0.93,0.0,0.72,1.49,4.65
046,CORDOVIL,2018,0.0,3.0,0.0,1.0,0.0,2.0,3.0,144.0,0.0,281.0,79.0,5.0,0.0,2.08,,0.36,0.0,40.0
019,COSME VELHO,2018,0.0,1.0,0.0,0.0,1.0,0.0,1.0,30.0,0.0,30.0,23.0,0.0,0.0,3.33,,0.0,4.35,
147,COSMOS,2018,0.0,3.0,0.0,10.0,1.0,0.0,2.0,251.0,3.0,737.0,153.0,6.0,0.0,1.2,0.0,1.36,0.65,0.0
113,COSTA BARROS,2018,0.0,1.0,0.0,4.0,2.0,0.0,1.0,118.0,0.0,430.0,102.0,27.0,0.0,0.85,,0.93,1.96,0.0
119,CURICICA,2018,0.0,3.0,0.0,3.0,0.0,0.0,1.0,240.0,1.0,517.0,95.0,9.0,0.0,1.25,0.0,0.58,0.0,0.0
053,DEL CASTILHO,2018,0.0,2.0,0.0,1.0,0.0,1.0,1.0,160.0,0.0,139.0,23.0,4.0,0.0,1.25,,0.72,0.0,25.0
134,DEODORO,2018,0.0,0.0,0.0,1.0,0.0,0.0,0.0,20.0,0.0,78.0,17.0,10.0,,0.0,,1.28,0.0,0.0
068,ENCANTADO,2018,0.0,1.0,0.0,0.0,0.0,0.0,1.0,63.0,0.0,77.0,11.0,1.0,0.0,1.59,,0.0,0.0,0.0
081,ENGENHEIRO LEAL,2018,0.0,0.0,0.0,0.0,0.0,1.0,0.0,21.0,0.0,33.0,7.0,0.0,,0.0,,0.0,0.0,
055,ENGENHO DA RAINHA,2018,0.0,0.0,0.0,1.0,0.0,1.0,0.0,93.0,0.0,175.0,37.0,3.0,,0.0,,0.57,0.0,33.33
066,ENGENHO DE DENTRO,2018,0.0,5.0,0.0,1.0,0.0,0.0,2.0,203.0,0.0,298.0,44.0,9.0,0.0,2.46,,0.34,0.0,0.0
061,ENGENHO NOVO,2018,0.0,3.0,0.0,2.0,0.0,0.0,2.0,187.0,0.0,288.0,55.0,3.0,0.0,1.6,,0.69,0.0,0.0
009,ESTACIO,2018,0.0,2.0,0.0,1.0,0.0,0.0,7.0,76.0,0.0,148.0,55.0,1.0,0.0,2.63,,0.68,0.0,0.0
015,FLAMENGO,2018,0.0,0.0,0.0,0.0,0.0,0.0,3.0,281.0,0.0,38.0,14.0,15.0,0.0,0.0,,0.0,0.0,0.0
098,FREGUESIA-ILHA,2018,0.0,0.0,0.0,1.0,0.0,1.0,0.0,101.0,1.0,133.0,25.0,2.0,,0.0,0.0,0.75,0.0,50.0
120,FREGUESIA-JPA,2018,0.0,0.0,0.0,1.0,1.0,1.0,1.0,509.0,0.0,255.0,53.0,6.0,0.0,0.0,,0.39,1.89,16.67
104,GALEAO,2018,0.0,2.0,0.0,3.0,0.0,0.0,1.0,80.0,0.0,150.0,37.0,3.0,0.0,2.5,,2.0,0.0,0.0
002,GAMBOA,2018,0.0,1.0,0.0,1.0,1.0,0.0,0.0,50.0,1.0,78.0,31.0,1.0,,2.0,0.0,1.28,3.23,0.0
117,GARDENIA AZUL,2018,0.0,1.0,0.0,1.0,0.0,1.0,0.0,130.0,1.0,411.0,63.0,3.0,,0.77,0.0,0.24,0.0,33.33
029,GAVEA,2018,0.0,1.0,0.0,0.0,0.0,0.0,0.0,160.0,0.0,53.0,7.0,9.0,,0.62,,0.0,0.0,0.0
160,GERICINo,2018,0.0,0.0,0.0,0.0,0.0,0.0,0.0,0.0,0.0,1.0,0.0,0.0,,,,0.0,,
016,GLORIA,2018,0.0,1.0,0.0,0.0,0.0,1.0,0.0,40.0,0.0,18.0,2.0,4.0,,2.5,,0.0,0.0,25.0
038,GRAJAU,2018,0.0,1.0,0.0,4.0,0.0,0.0,0.0,195.0,0.0,102.0,22.0,10.0,,0.51,,3.92,0.0,0.0
133,GRUMARI,2018,0.0,0.0,0.0,0.0,0.0,0.0,0.0,1.0,0.0,2.0,0.0,0.0,,0.0,,0.0,,
106,GUADALUPE,2018,0.0,2.0,0.0,3.0,2.0,3.0,3.0,182.0,0.0,335.0,89.0,41.0,0.0,1.1,,0.9,2.25,7.32
151,GUARATIBA,2018,0.0,5.0,0.0,19.0,2.0,3.0,7.0,517.0,1.0,1358.0,192.0,9.0,0.0,0.97,0.0,1.4,1.04,33.33
050,HIGIENOPOLIS,2018,0.0,1.0,0.0,0.0,0.0,1.0,0.0,76.0,0.0,58.0,8.0,2.0,,1.32,,0.0,0.0,50.0
087,HONORIO GURGEL,2018,0.0,1.0,0.0,2.0,0.0,2.0,0.0,110.0,0.0,187.0,41.0,9.0,,0.91,,1.07,0.0,22.22
021,HUMAITA,2018,0.0,1.0,0.0,0.0,0.0,0.0,0.0,103.0,0.0,8.0,1.0,4.0,,0.97,,0.0,0.0,0.0
999,IGNORADO BAIRRO-MRJ,2018,0.0,1.0,0.0,1.0,0.0,0.0,1.0,47.0,0.0,142.0,23.0,11.0,0.0,2.13,,0.7,0.0,0.0
164,ILHA DE GUARATIBA,2018,0.0,0.0,0.0,0.0,0.0,0.0,0.0,0.0,0.0,0.0,0.0,0.0,,,,,,
998,ILHA DO GOVERNADOR - IGNORADO,2018,0.0,0.0,0.0,0.0,0.0,0.0,1.0,154.0,2.0,170.0,38.0,3.0,0.0,0.0,0.0,0.0,0.0,0.0
054,INHAUMA,2018,0.0,0.0,0.0,1.0,2.0,2.0,2.0,206.0,0.0,570.0,60.0,3.0,0.0,0.0,,0.18,3.33,66.67
146,INHOAIBA,2018,0.0,3.0,0.0,6.0,0.0,0.0,0.0,200.0,1.0,701.0,119.0,7.0,,1.5,0.0,0.86,0.0,0.0
025,IPANEMA,2018,0.0,2.0,0.0,1.0,0.0,0.0,3.0,243.0,0.0,43.0,8.0,16.0,0.0,0.82,,2.33,0.0,0.0
076,IRAJA,2018,0.0,4.0,0.0,5.0,0.0,1.0,1.0,400.0,0.0,487.0,100.0,18.0,0.0,1.0,,1.03,0.0,5.56
127,ITANHANGA,2018,0.0,5.0,0.0,4.0,1.0,2.0,0.0,339.0,1.0,447.0,37.0,17.0,,1.47,0.0,0.89,2.7,11.76
163,JABOUR,2018,0.0,0.0,0.0,0.0,0.0,0.0,0.0,0.0,0.0,0.0,0.0,0.0,,,,,,
051,JACARE,2018,0.0,0.0,0.0,1.0,0.0,0.0,3.0,40.0,0.0,89.0,20.0,3.0,0.0,0.0,,1.12,0.0,0.0
115,JACAREPAGUA,2018,0.0,17.0,0.0,16.0,4.0,7.0,3.0,1184.0,2.0,1270.0,155.0,52.0,0.0,1.44,0.0,1.26,2.58,13.46
155,JACAREZINHO,2018,0.0,1.0,0.0,2.0,0.0,1.0,0.0,84.0,0.0,263.0,65.0,2.0,,1.19,,0.76,0.0,50.0
049,JARDIM AMERICA,2018,0.0,2.0,0.0,4.0,0.0,1.0,2.0,128.0,1.0,256.0,52.0,5.0,0.0,1.56,0.0,1.56,0.0,20.0
028,JARDIM BOTANICO,2018,0.0,0.0,0.0,0.0,0.0,0.0,0.0,136.0,0.0,26.0,3.0,6.0,,0.0,,0.0,0.0,0.0
100,JARDIM CARIOCA,2018,0.0,1.0,0.0,0.0,0.0,0.0,0.0,106.0,1.0,117.0,10.0,0.0,,0.94,0.0,0.0,0.0,
099,JARDIM GUANABARA,2018,0.0,3.0,0.0,0.0,0.0,0.0,0.0,165.0,0.0,38.0,3.0,6.0,,1.82,,0.0,0.0,0.0
137,JARDIM SULACAP,2018,0.0,0.0,0.0,0.0,0.0,0.0,0.0,96.0,0.0,93.0,11.0,1.0,,0.0,,0.0,0.0,0.0
126,JOA,2018,0.0,0.0,0.0,0.0,0.0,0.0,0.0,2.0,0.0,2.0,0.0,1.0,,0.0,,0.0,,0.0
027,LAGOA,2018,0.0,1.0,0.0,0.0,0.0,0.0,2.0,135.0,0.0,11.0,1.0,1.0,0.0,0.74,,0.0,0.0,0.0
161,LAPA,2018,0.0,0.0,0.0,1.0,0.0,0.0,1.0,30.0,0.0,21.0,8.0,0.0,0.0,0.0,,4.76,0.0,
017,LARANJEIRAS,2018,0.0,0.0,0.0,1.0,0.0,0.0,2.0,300.0,0.0,49.0,21.0,16.0,0.0,0.0,,2.04,0.0,0.0
026,LEBLON,2018,0.0,0.0,0.0,0.0,0.0,0.0,3.0,300.0,0.0,16.0,11.0,15.0,0.0,0.0,,0.0,0.0,0.0
023,LEME,2018,0.0,0.0,0.0,0.0,0.0,0.0,0.0,68.0,0.0,32.0,18.0,1.0,,0.0,,0.0,0.0,0.0
062,LINS DE VASCONCELOS,2018,0.0,1.0,0.0,0.0,0.0,0.0,0.0,111.0,0.0,299.0,56.0,3.0,,0.9,,0.0,0.0,0.0
083,MADUREIRA,2018,0.0,2.0,0.0,4.0,1.0,0.0,3.0,137.0,2.0,306.0,111.0,29.0,0.0,1.46,0.0,1.31,0.9,0.0
138,MAGALHAES BASTOS,2018,0.0,1.0,0.0,4.0,0.0,0.0,1.0,75.0,0.0,188.0,33.0,2.0,0.0,1.33,,2.13,0.0,0.0
011,MANGUEIRA,2018,0.0,1.0,0.0,0.0,1.0,0.0,0.0,55.0,2.0,183.0,65.0,1.0,,1.82,0.0,0.0,1.54,0.0
039,MANGUINHOS,2018,0.0,5.0,0.0,6.0,1.0,0.0,0.0,143.0,1.0,285.0,54.0,1.0,,3.5,0.0,2.11,1.85,0.0
035,MARACANA,2018,0.0,1.0,0.0,2.0,0.0,0.0,1.0,176.0,0.0,30.0,14.0,10.0,0.0,0.57,,6.67,0.0,0.0
090,MARECHAL HERMES,2018,0.0,4.0,0.0,3.0,1.0,0.0,1.0,147.0,0.0,241.0,50.0,41.0,0.0,2.72,,1.24,2.0,0.0
052,MARIA DA GRACA,2018,0.0,1.0,0.0,0.0,0.0,0.0,0.0,41.0,1.0,36.0,3.0,1.0,,2.44,0.0,0.0,0.0,0.0
063,MEIER,2018,0.0,2.0,0.0,1.0,0.0,2.0,0.0,191.0,0.0,116.0,11.0,7.0,,1.05,,0.86,0.0,28.57
102,MONERO,2018,0.0,0.0,0.0,0.0,0.0,0.0,0.0,26.0,0.0,6.0,2.0,1.0,,0.0,,0.0,0.0,0.0
042,OLARIA,2018,0.0,3.0,0.0,2.0,0.0,3.0,2.0,204.0,1.0,318.0,72.0,2.0,0.0,1.47,0.0,0.63,0.0,150.0
088,OSWALDO CRUZ,2018,0.0,1.0,0.0,3.0,0.0,0.0,1.0,101.0,0.0,186.0,50.0,20.0,0.0,0.99,,1.61,0.0,0.0
148,PACIENCIA,2018,0.0,3.0,0.0,12.0,4.0,1.0,6.0,358.0,2.0,951.0,271.0,29.0,0.0,0.84,0.0,1.26,1.48,3.45
140,PADRE MIGUEL,2018,0.0,3.0,0.0,9.0,1.0,0.0,1.0,255.0,2.0,473.0,126.0,4.0,0.0,1.18,0.0,1.9,0.79,0.0
013,PAQUETA,2018,0.0,0.0,0.0,0.0,0.0,0.0,1.0,19.0,0.0,15.0,2.0,1.0,0.0,0.0,,0.0,0.0,0.0
047,PARADA DE LUCAS,2018,0.0,2.0,0.0,4.0,0.0,0.0,1.0,118.0,0.0,195.0,28.0,9.0,0.0,1.69,,2.05,0.0,0.0
108,PARQUE ANCHIETA,2018,0.0,1.0,0.0,2.0,0.0,0.0,0.0,76.0,0.0,97.0,26.0,12.0,,1.32,,2.06,0.0,0.0
158,PARQUE COLUMBIA,2018,0.0,0.0,0.0,0.0,0.0,1.0,0.0,19.0,0.0,38.0,6.0,0.0,,0.0,,0.0,0.0,
114,PAVUNA,2018,0.0,5.0,0.0,16.0,0.0,2.0,1.0,315.0,0.0,638.0,141.0,22.0,0.0,1.59,,2.51,0.0,9.09
121,PECHINCHA,2018,0.0,1.0,0.0,0.0,0.0,0.0,0.0,259.0,0.0,169.0,21.0,2.0,,0.39,,0.0,0.0,0.0
153,PEDRA DE GUARATIBA,2018,0.0,0.0,0.0,0.0,0.0,0.0,1.0,140.0,1.0,373.0,47.0,2.0,0.0,0.0,0.0,0.0,0.0,0.0
043,PENHA,2018,0.0,3.0,0.0,5.0,0.0,1.0,1.0,279.0,1.0,445.0,104.0,10.0,0.0,1.08,0.0,1.12,0.0,10.0
044,PENHA CIRCULAR,2018,0.0,1.0,0.0,4.0,1.0,0.0,1.0,209.0,0.0,268.0,57.0,8.0,0.0,0.48,,1.49,1.75,0.0
069,PIEDADE,2018,0.0,5.0,0.0,0.0,0.0,1.0,1.0,149.0,0.0,269.0,54.0,2.0,0.0,3.36,,0.0,0.0,50.0
071,PILARES,2018,0.0,0.0,0.0,1.0,0.0,0.0,4.0,90.0,0.0,172.0,40.0,1.0,0.0,0.0,,0.58,0.0,0.0
094,PITANGUEIRAS,2018,0.0,1.0,0.0,2.0,1.0,0.0,0.0,41.0,0.0,34.0,10.0,0.0,,2.44,,5.88,10.0,
103,PORTUGUESA,2018,0.0,1.0,0.0,1.0,0.0,0.0,0.0,83.0,1.0,51.0,7.0,1.0,,1.2,0.0,1.96,0.0,0.0
032,PRACA DA BANDEIRA,2018,0.0,0.0,0.0,0.0,0.0,0.0,1.0,42.0,0.0,21.0,1.0,3.0,0.0,0.0,,0.0,0.0,0.0
124,PRACA SECA,2018,0.0,3.0,0.0,5.0,1.0,3.0,0.0,280.0,0.0,414.0,97.0,23.0,,1.07,,1.21,1.03,13.04
095,PRAIA DA BANDEIRA,2018,0.0,0.0,0.0,0.0,0.0,0.0,0.0,28.0,0.0,12.0,4.0,1.0,,0.0,,0.0,0.0,0.0
079,QUINTINO BOCAIUVA,2018,0.0,4.0,0.0,0.0,1.0,2.0,0.0,117.0,0.0,173.0,51.0,5.0,,3.42,,0.0,1.96,40.0
041,RAMOS,2018,0.0,2.0,0.0,1.0,0.0,0.0,4.0,236.0,0.0,330.0,60.0,3.0,0.0,0.85,,0.3,0.0,0.0
139,REALENGO,2018,0.0,13.0,0.0,12.0,3.0,0.0,6.0,602.0,0.0,1250.0,312.0,12.0,0.0,2.16,,0.96,0.96,0.0
132,RECREIO BANDEIRANTES,2018,0.0,5.0,0.0,5.0,0.0,2.0,3.0,886.0,0.0,476.0,49.0,11.0,0.0,0.56,,1.05,0.0,18.18
059,RIACHUELO,2018,0.0,1.0,0.0,0.0,0.0,1.0,0.0,52.0,0.0,42.0,7.0,1.0,,1.92,,0.0,0.0,100.0
091,RIBEIRA,2018,0.0,1.0,0.0,0.0,0.0,0.0,0.0,21.0,0.0,7.0,0.0,0.0,,4.76,,0.0,,
109,RICARDO ALBUQUERQUE,2018,0.0,3.0,0.0,2.0,1.0,0.0,2.0,91.0,0.0,189.0,56.0,32.0,0.0,3.3,,1.06,1.79,0.0
007,RIO COMPRIDO,2018,0.0,6.0,0.0,3.0,0.0,0.0,2.0,196.0,2.0,223.0,82.0,5.0,0.0,3.06,0.0,1.35,0.0,0.0
058,ROCHA,2018,0.0,0.0,0.0,2.0,0.0,0.0,0.0,51.0,0.0,71.0,22.0,2.0,,0.0,,2.82,0.0,0.0
086,ROCHA MIRANDA,2018,0.0,3.0,0.0,6.0,0.0,0.0,0.0,155.0,0.0,295.0,84.0,14.0,,1.94,,2.03,0.0,0.0
154,ROCINHA,2018,0.0,7.0,0.0,1.0,2.0,2.0,0.0,348.0,0.0,509.0,60.0,33.0,,2.01,,0.2,3.33,6.06
060,SAMPAIO,2018,0.0,1.0,0.0,0.0,0.0,0.0,0.0,34.0,0.0,105.0,24.0,0.0,,2.94,,0.0,0.0,
149,SANTA CRUZ,2018,0.0,10.0,0.0,55.0,3.0,1.0,17.0,820.0,1.0,2305.0,623.0,50.0,0.0,1.22,0.0,2.39,0.48,2.0
014,SANTA TERESA,2018,0.0,1.0,0.0,1.0,1.0,0.0,3.0,161.0,0.0,186.0,82.0,6.0,0.0,0.62,,0.54,1.22,0.0
143,SANTISSIMO,2018,0.0,5.0,0.0,6.0,0.0,1.0,1.0,209.0,0.0,453.0,94.0,4.0,0.0,2.39,,1.32,0.0,25.0
003,SANTO CRISTO,2018,0.0,0.0,0.0,0.0,0.0,0.0,1.0,57.0,0.0,121.0,35.0,1.0,0.0,0.0,,0.0,0.0,0.0
031,SAO CONRADO,2018,0.0,0.0,0.0,0.0,0.0,0.0,0.0,63.0,1.0,27.0,4.0,3.0,,0.0,0.0,0.0,0.0,0.0
010,SAO CRISTOVAO,2018,0.0,0.0,0.0,0.0,0.0,0.0,5.0,223.0,0.0,274.0,75.0,4.0,0.0,0.0,,0.0,0.0,0.0
057,SAO FRANCISCO XAVIER,2018,0.0,1.0,0.0,1.0,0.0,0.0,2.0,22.0,0.0,32.0,7.0,0.0,0.0,4.55,,3.12,0.0,
001,SAUDE,2018,0.0,0.0,0.0,0.0,0.0,0.0,0.0,16.0,0.0,20.0,4.0,1.0,,0.0,,0.0,0.0,0.0
142,SENADOR CAMARA,2018,0.0,3.0,0.0,8.0,2.0,1.0,3.0,330.0,1.0,885.0,174.0,3.0,0.0,0.91,0.0,0.9,1.15,33.33
145,SENADOR VASCONCELOS,2018,0.0,1.0,0.0,0.0,0.0,1.0,1.0,103.0,0.0,239.0,42.0,2.0,0.0,0.97,,0.0,0.0,50.0
150,SEPETIBA,2018,0.0,1.0,0.0,5.0,0.0,0.0,6.0,228.0,0.0,490.0,102.0,7.0,0.0,0.44,,1.02,0.0,0.0
123,TANQUE,2018,0.0,2.0,0.0,3.0,0.0,0.0,1.0,178.0,1.0,327.0,58.0,15.0,0.0,1.12,0.0,0.92,0.0,0.0
122,TAQUARA,2018,0.0,5.0,0.0,5.0,0.0,1.0,1.0,611.0,0.0,783.0,134.0,15.0,0.0,0.82,,0.64,0.0,6.67
101,TAUA,2018,0.0,1.0,0.0,3.0,0.0,1.0,1.0,102.0,0.0,101.0,19.0,4.0,0.0,0.98,,2.97,0.0,25.0
033,TIJUCA,2018,0.0,9.0,0.0,5.0,0.0,0.0,10.0,804.0,0.0,359.0,166.0,45.0,0.0,1.12,,1.39,0.0,0.0
064,TODOS OS SANTOS,2018,0.0,1.0,0.0,1.0,0.0,1.0,0.0,103.0,0.0,53.0,7.0,2.0,,0.97,,1.89,0.0,50.0
056,TOMAS COELHO,2018,0.0,1.0,0.0,1.0,0.0,2.0,0.0,69.0,1.0,143.0,39.0,2.0,,1.45,0.0,0.7,0.0,100.0
085,TURIACU,2018,0.0,0.0,0.0,3.0,0.0,0.0,0.0,45.0,0.0,103.0,36.0,8.0,,0.0,,2.91,0.0,0.0
022,URCA,2018,0.0,0.0,0.0,0.0,0.0,0.0,0.0,48.0,0.0,16.0,1.0,3.0,,0.0,,0.0,0.0,0.0
131,VARGEM GRANDE,2018,0.0,2.0,0.0,0.0,0.0,0.0,0.0,112.0,0.0,184.0,24.0,1.0,,1.79,,0.0,0.0,0.0
130,VARGEM PEQUENA,2018,0.0,0.0,0.0,1.0,0.0,1.0,0.0,166.0,0.0,231.0,27.0,1.0,,0.0,,0.43,0.0,100.0
159,VASCO DA GAMA,2018,0.0,1.0,0.0,0.0,0.0,2.0,0.0,39.0,0.0,36.0,3.0,1.0,,2.56,,0.0,0.0,200.0
084,VAZ LOBO,2018,0.0,1.0,0.0,0.0,1.0,1.0,0.0,58.0,0.0,103.0,45.0,7.0,,1.72,,0.0,2.22,14.29
073,VICENTE DE CARVALHO,2018,0.0,0.0,0.0,3.0,1.0,0.0,2.0,105.0,0.0,162.0,45.0,10.0,0.0,0.0,,1.85,2.22,0.0
030,VIDIGAL,2018,0.0,3.0,0.0,2.0,0.0,0.0,0.0,79.0,0.0,114.0,34.0,9.0,,3.8,,1.75,0.0,0.0
048,VIGARIO GERAL,2018,0.0,2.0,0.0,9.0,1.0,0.0,1.0,88.0,0.0,258.0,58.0,4.0,0.0,2.27,,3.49,1.72,0.0
074,VILA DA PENHA,2018,0.0,0.0,0.0,0.0,0.0,0.0,0.0,142.0,0.0,81.0,18.0,6.0,,0.0,,0.0,0.0,0.0
036,VILA ISABEL,2018,0.0,6.0,0.0,1.0,0.0,2.0,5.0,334.0,0.0,238.0,64.0,24.0,0.0,1.8,,0.42,0.0,8.33
162,VILA KENNEDY,2018,0.0,3.0,0.0,1.0,0.0,0.0,0.0,55.0,0.0,202.0,52.0,0.0,,5.45,,0.5,0.0,
072,VILA KOSMOS,2018,0.0,2.0,0.0,1.0,0.0,0.0,0.0,65.0,0.0,84.0,15.0,4.0,,3.08,,1.19,0.0,0.0
135,VILA MILITAR,2018,0.0,0.0,0.0,2.0,0.0,1.0,1.0,61.0,1.0,83.0,21.0,5.0,0.0,0.0,0.0,2.41,0.0,20.0
125,VILA VALQUEIRE,2018,0.0,1.0,0.0,0.0,0.0,0.0,0.0,185.0,1.0,159.0,30.0,10.0,,0.54,0.0,0.0,0.0,0.0
075,VISTA ALEGRE,2018,0.0,0.0,0.0,0.0,0.0,1.0,0.0,45.0,0.0,37.0,7.0,2.0,,0.0,,0.0,0.0,50.0
092,ZUMBI,2018,0.0,0.0,0.0,0.0,0.0,0.0,0.0,13.0,0.0,4.0,1.0,1.0,,0.0,,0.0,0.0,0.0
070,ABOLICAO,2019,0.0,0.0,0.0,0.0,0.0,1.0,0.0,55.0,0.0,48.0,8.0,2.0,,0.0,,0.0,0.0,50.0
111,ACARI,2019,0.0,2.0,0.0,2.0,2.0,1.0,2.0,80.0,0.0,264.0,61.0,3.0,0.0,2.5,,0.76,3.28,33.33
067,AGUA SANTA,2019,0.0,0.0,0.0,0.0,1.0,0.0,0.0,22.0,0.0,52.0,5.0,0.0,,0.0,,0.0,20.0,
034,ALTO DA BOA VISTA,2019,0.0,2.0,0.0,0.0,0.0,0.0,2.0,34.0,0.0,42.0,24.0,2.0,0.0,5.88,,0.0,0.0,0.0
107,ANCHIETA,2019,0.0,6.0,0.0,5.0,1.0,1.0,3.0,226.0,1.0,493.0,146.0,74.0,0.0,2.65,0.0,1.01,0.68,1.35
037,ANDARAI,2019,0.0,1.0,0.0,2.0,0.0,1.0,0.0,144.0,0.0,96.0,35.0,5.0,,0.69,,2.08,0.0,20.0
116,ANIL,2019,0.0,2.0,0.0,1.0,0.0,0.0,0.0,189.0,0.0,198.0,29.0,4.0,,1.06,,0.51,0.0,0.0
097,BANCARIOS,2019,0.0,0.0,0.0,0.0,0.0,0.0,0.0,53.0,0.0,80.0,12.0,1.0,,0.0,,0.0,0.0,0.0
141,BANGU,2019,1.0,8.0,0.0,16.0,2.0,1.0,25.0,749.0,2.0,1578.0,373.0,17.0,4.0,1.07,0.0,1.01,0.54,5.88
128,BARRA DA TIJUCA,2019,0.0,9.0,0.0,0.0,0.0,0.0,0.0,1101.0,0.0,209.0,17.0,16.0,,0.82,,0.0,0.0,0.0
152,BARRA DE GUARATIBA,2019,0.0,0.0,0.0,0.0,0.0,0.0,0.0,26.0,0.0,28.0,4.0,0.0,,0.0,,0.0,0.0,
165,BARRA OLIMPICA,2019,0.0,0.0,0.0,0.0,0.0,0.0,0.0,0.0,0.0,0.0,0.0,0.0,,,,,,
112,BARROS FILHO,2019,0.0,0.0,0.0,0.0,1.0,1.0,4.0,32.0,0.0,141.0,50.0,8.0,0.0,0.0,,0.0,2.0,12.5
012,BENFICA,2019,0.0,1.0,0.0,5.0,0.0,2.0,1.0,171.0,0.0,295.0,71.0,4.0,0.0,0.58,,1.69,0.0,50.0
089,BENTO RIBEIRO,2019,0.0,2.0,0.0,0.0,0.0,0.0,0.0,146.0,1.0,189.0,54.0,27.0,,1.37,0.0,0.0,0.0,0.0
040,BONSUCESSO,2019,0.0,3.0,0.0,1.0,0.0,0.0,6.0,274.0,0.0,530.0,73.0,2.0,0.0,1.09,,0.19,0.0,0.0
020,BOTAFOGO,2019,0.0,1.0,0.0,0.0,0.0,0.0,3.0,495.0,1.0,108.0,30.0,26.0,0.0,0.2,0.0,0.0,0.0,0.0
045,BRAS DE PINA,2019,0.0,0.0,0.0,3.0,0.0,0.0,1.0,142.0,0.0,245.0,81.0,7.0,0.0,0.0,,1.22,0.0,0.0
065,CACHAMBI,2019,0.0,3.0,0.0,2.0,0.0,0.0,0.0,178.0,0.0,142.0,18.0,3.0,,1.69,,1.41,0.0,0.0
093,CACUIA,2019,0.0,4.0,0.0,1.0,0.0,0.0,0.0,35.0,0.0,51.0,6.0,3.0,,11.43,,1.96,0.0,0.0
004,CAJU,2019,0.0,1.0,0.0,1.0,0.0,1.0,5.0,109.0,0.0,229.0,45.0,3.0,0.0,0.92,,0.44,0.0,33.33
129,CAMORIM,2019,0.0,0.0,0.0,0.0,0.0,0.0,3.0,61.0,1.0,60.0,8.0,1.0,0.0,0.0,0.0,0.0,0.0,0.0
078,CAMPINHO,2019,0.0,1.0,0.0,1.0,0.0,1.0,0.0,48.0,0.0,80.0,31.0,12.0,,2.08,,1.25,0.0,8.33
136,CAMPO DOS AFONSOS,2019,0.0,0.0,0.0,0.0,0.0,0.0,0.0,10.0,0.0,4.0,3.0,1.0,,0.0,,0.0,0.0,0.0
144,CAMPO GRANDE,2019,0.0,22.0,0.0,22.0,6.0,0.0,32.0,1556.0,3.0,2755.0,468.0,37.0,0.0,1.41,0.0,0.8,1.28,0.0
082,CASCADURA,2019,0.0,0.0,0.0,3.0,1.0,1.0,0.0,105.0,0.0,197.0,57.0,19.0,,0.0,,1.52,1.75,5.26
018,CATETE,2019,0.0,2.0,0.0,0.0,1.0,0.0,2.0,106.0,0.0,50.0,16.0,10.0,0.0,1.89,,0.0,6.25,0.0
006,CATUMBI,2019,0.0,1.0,0.0,1.0,0.0,0.0,1.0,49.0,1.0,103.0,52.0,4.0,0.0,2.04,0.0,0.97,0.0,0.0
080,CAVALCANTE,2019,0.0,3.0,0.0,3.0,0.0,0.0,0.0,56.0,0.0,105.0,29.0,4.0,,5.36,,2.86,0.0,0.0
005,CENTRO,2019,0.0,2.0,0.0,2.0,0.0,1.0,3.0,128.0,2.0,140.0,45.0,7.0,0.0,1.56,0.0,1.43,0.0,14.29
118,CIDADE DE DEUS,2019,0.0,3.0,0.0,3.0,0.0,1.0,0.0,85.0,0.0,477.0,156.0,2.0,,3.53,,0.63,0.0,50.0
008,CIDADE NOVA,2019,0.0,0.0,0.0,0.0,0.0,0.0,1.0,22.0,0.0,39.0,11.0,0.0,0.0,0.0,,0.0,0.0,
105,CIDADE UNIVERSITARIA,2019,0.0,0.0,0.0,0.0,0.0,0.0,0.0,9.0,0.0,15.0,2.0,0.0,,0.0,,0.0,0.0,
096,COCOTA,2019,0.0,2.0,0.0,0.0,0.0,0.0,1.0,37.0,1.0,34.0,2.0,2.0,0.0,5.41,0.0,0.0,0.0,0.0
110,COELHO NETO,2019,0.0,3.0,0.0,4.0,1.0,0.0,1.0,98.0,1.0,208.0,63.0,11.0,0.0,3.06,0.0,1.92,1.59,0.0
077,COLEGIO,2019,0.0,1.0,0.0,4.0,0.0,0.0,1.0,93.0,1.0,173.0,72.0,11.0,0.0,1.08,0.0,2.31,0.0,0.0
157,COMPLEXO DA MARE,2019,0.0,8.0,0.0,10.0,0.0,3.0,4.0,266.0,1.0,858.0,125.0,5.0,0.0,3.01,0.0,1.17,0.0,60.0
156,COMPLEXO DO ALEMAO,2019,0.0,0.0,0.0,2.0,1.0,3.0,0.0,70.0,0.0,312.0,44.0,1.0,,0.0,,0.64,2.27,300.0
024,COPACABANA,2019,0.0,7.0,0.0,2.0,0.0,0.0,1.0,642.0,2.0,277.0,78.0,59.0,0.0,1.09,0.0,0.72,0.0,0.0
046,CORDOVIL,2019,0.0,0.0,0.0,6.0,1.0,4.0,5.0,105.0,0.0,228.0,78.0,8.0,0.0,0.0,,2.63,1.28,50.0
019,COSME VELHO,2019,0.0,1.0,0.0,0.0,0.0,0.0,0.0,24.0,0.0,24.0,17.0,2.0,,4.17,,0.0,0.0,0.0
147,COSMOS,2019,0.0,1.0,0.0,7.0,1.0,0.0,4.0,270.0,0.0,676.0,132.0,9.0,0.0,0.37,,1.04,0.76,0.0
113,COSTA BARROS,2019,0.0,0.0,0.0,5.0,2.0,2.0,1.0,85.0,1.0,337.0,110.0,18.0,0.0,0.0,0.0,1.48,1.82,11.11
119,CURICICA,2019,0.0,2.0,0.0,2.0,1.0,1.0,1.0,240.0,0.0,545.0,110.0,3.0,0.0,0.83,,0.37,0.91,33.33
053,DEL CASTILHO,2019,0.0,0.0,0.0,1.0,0.0,1.0,0.0,127.0,1.0,153.0,20.0,4.0,,0.0,0.0,0.65,0.0,25.0
134,DEODORO,2019,0.0,1.0,0.0,0.0,0.0,0.0,0.0,39.0,0.0,73.0,21.0,3.0,,2.56,,0.0,0.0,0.0
068,ENCANTADO,2019,0.0,1.0,0.0,0.0,0.0,0.0,0.0,41.0,0.0,56.0,12.0,0.0,,2.44,,0.0,0.0,
081,ENGENHEIRO LEAL,2019,0.0,0.0,0.0,0.0,0.0,0.0,0.0,15.0,1.0,28.0,17.0,10.0,,0.0,0.0,0.0,0.0,0.0
055,ENGENHO DA RAINHA,2019,0.0,0.0,0.0,3.0,0.0,0.0,1.0,85.0,0.0,164.0,31.0,3.0,0.0,0.0,,1.83,0.0,0.0
066,ENGENHO DE DENTRO,2019,0.0,0.0,0.0,3.0,0.0,0.0,2.0,221.0,0.0,249.0,41.0,2.0,0.0,0.0,,1.2,0.0,0.0
061,ENGENHO NOVO,2019,0.0,2.0,0.0,0.0,1.0,0.0,0.0,144.0,0.0,287.0,77.0,2.0,,1.39,,0.0,1.3,0.0
009,ESTACIO,2019,0.0,0.0,0.0,2.0,0.0,0.0,2.0,62.0,0.0,113.0,53.0,3.0,0.0,0.0,,1.77,0.0,0.0
015,FLAMENGO,2019,0.0,1.0,0.0,0.0,0.0,0.0,3.0,279.0,1.0,58.0,17.0,8.0,0.0,0.36,0.0,0.0,0.0,0.0
098,FREGUESIA-ILHA,2019,0.0,0.0,0.0,1.0,0.0,0.0,0.0,79.0,1.0,88.0,21.0,2.0,,0.0,0.0,1.14,0.0,0.0
120,FREGUESIA-JPA,2019,0.0,4.0,0.0,1.0,0.0,2.0,2.0,406.0,0.0,277.0,37.0,8.0,0.0,0.99,,0.36,0.0,25.0
104,GALEAO,2019,0.0,4.0,0.0,2.0,1.0,1.0,3.0,108.0,0.0,185.0,33.0,3.0,0.0,3.7,,1.08,3.03,33.33
002,GAMBOA,2019,0.0,0.0,0.0,2.0,0.0,0.0,3.0,53.0,0.0,76.0,22.0,0.0,0.0,0.0,,2.63,0.0,
117,GARDENIA AZUL,2019,0.0,3.0,0.0,1.0,1.0,1.0,0.0,118.0,1.0,362.0,71.0,2.0,,2.54,0.0,0.28,1.41,50.0
029,GAVEA,2019,0.0,2.0,0.0,0.0,0.0,0.0,0.0,131.0,0.0,38.0,8.0,10.0,,1.53,,0.0,0.0,0.0
160,GERICINo,2019,0.0,0.0,0.0,0.0,0.0,0.0,0.0,2.0,0.0,1.0,0.0,0.0,,0.0,,0.0,,
016,GLORIA,2019,0.0,1.0,0.0,0.0,0.0,0.0,1.0,80.0,0.0,49.0,7.0,4.0,0.0,1.25,,0.0,0.0,0.0
038,GRAJAU,2019,0.0,2.0,0.0,1.0,1.0,0.0,0.0,188.0,0.0,103.0,15.0,7.0,,1.06,,0.97,6.67,0.0
133,GRUMARI,2019,0.0,0.0,0.0,0.0,0.0,0.0,0.0,2.0,0.0,1.0,0.0,0.0,,0.0,,0.0,,
106,GUADALUPE,2019,0.0,3.0,0.0,3.0,0.0,1.0,6.0,166.0,1.0,282.0,97.0,47.0,0.0,1.81,0.0,1.06,0.0,2.13
151,GUARATIBA,2019,0.0,8.0,0.0,19.0,1.0,1.0,1.0,463.0,1.0,1188.0,190.0,8.0,0.0,1.73,0.0,1.6,0.53,12.5
050,HIGIENOPOLIS,2019,0.0,1.0,0.0,0.0,0.0,0.0,0.0,68.0,0.0,56.0,11.0,0.0,,1.47,,0.0,0.0,
087,HONORIO GURGEL,2019,0.0,4.0,0.0,2.0,0.0,0.0,4.0,59.0,1.0,152.0,54.0,11.0,0.0,6.78,0.0,1.32,0.0,0.0
021,HUMAITA,2019,0.0,1.0,0.0,0.0,0.0,0.0,1.0,107.0,0.0,12.0,1.0,6.0,0.0,0.93,,0.0,0.0,0.0
999,IGNORADO BAIRRO-MRJ,2019,0.0,1.0,0.0,1.0,0.0,0.0,2.0,69.0,0.0,181.0,28.0,18.0,0.0,1.45,,0.55,0.0,0.0
164,ILHA DE GUARATIBA,2019,0.0,0.0,0.0,0.0,0.0,0.0,0.0,0.0,0.0,0.0,0.0,0.0,,,,,,
998,ILHA DO GOVERNADOR - IGNORADO,2019,0.0,0.0,0.0,0.0,0.0,0.0,2.0,107.0,1.0,145.0,25.0,2.0,0.0,0.0,0.0,0.0,0.0,0.0
054,INHAUMA,2019,0.0,1.0,0.0,2.0,1.0,3.0,2.0,183.0,1.0,513.0,76.0,3.0,0.0,0.55,0.0,0.39,1.32,100.0
146,INHOAIBA,2019,0.0,6.0,0.0,8.0,1.0,0.0,2.0,187.0,1.0,615.0,122.0,2.0,0.0,3.21,0.0,1.3,0.82,0.0
025,IPANEMA,2019,0.0,1.0,0.0,0.0,0.0,1.0,1.0,216.0,0.0,38.0,10.0,10.0,0.0,0.46,,0.0,0.0,10.0
076,IRAJA,2019,0.0,7.0,0.0,5.0,1.0,3.0,3.0,368.0,0.0,418.0,113.0,21.0,0.0,1.9,,1.2,0.88,14.29
127,ITANHANGA,2019,1.0,4.0,0.0,5.0,1.0,0.0,2.0,275.0,1.0,402.0,42.0,41.0,50.0,1.45,0.0,1.24,2.38,0.0
163,JABOUR,2019,0.0,0.0,0.0,0.0,0.0,0.0,0.0,0.0,0.0,0.0,0.0,0.0,,,,,,
051,JACARE,2019,0.0,1.0,0.0,1.0,1.0,1.0,0.0,48.0,0.0,162.0,38.0,1.0,,2.08,,0.62,2.63,100.0
115,JACAREPAGUA,2019,0.0,11.0,0.0,11.0,2.0,7.0,12.0,950.0,1.0,980.0,128.0,170.0,0.0,1.16,0.0,1.12,1.56,4.12
155,JACAREZINHO,2019,0.0,1.0,0.0,5.0,0.0,0.0,0.0,46.0,0.0,184.0,46.0,1.0,,2.17,,2.72,0.0,0.0
049,JARDIM AMERICA,2019,0.0,2.0,0.0,0.0,0.0,0.0,6.0,118.0,0.0,207.0,50.0,3.0,0.0,1.69,,0.0,0.0,0.0
028,JARDIM BOTANICO,2019,0.0,0.0,0.0,0.0,0.0,0.0,0.0,113.0,0.0,15.0,5.0,7.0,,0.0,,0.0,0.0,0.0
100,JARDIM CARIOCA,2019,0.0,1.0,0.0,1.0,1.0,0.0,1.0,91.0,0.0,111.0,21.0,2.0,0.0,1.1,,0.9,4.76,0.0
099,JARDIM GUANABARA,2019,0.0,1.0,0.0,0.0,0.0,0.0,0.0,152.0,0.0,50.0,6.0,1.0,,0.66,,0.0,0.0,0.0
137,JARDIM SULACAP,2019,0.0,0.0,0.0,0.0,0.0,0.0,1.0,93.0,0.0,85.0,16.0,2.0,0.0,0.0,,0.0,0.0,0.0
126,JOA,2019,0.0,0.0,0.0,0.0,0.0,0.0,0.0,2.0,0.0,2.0,1.0,0.0,,0.0,,0.0,0.0,
027,LAGOA,2019,0.0,1.0,0.0,0.0,0.0,0.0,1.0,115.0,0.0,18.0,5.0,7.0,0.0,0.87,,0.0,0.0,0.0
161,LAPA,2019,0.0,0.0,0.0,0.0,0.0,0.0,1.0,18.0,0.0,9.0,4.0,1.0,0.0,0.0,,0.0,0.0,0.0
017,LARANJEIRAS,2019,0.0,1.0,0.0,0.0,0.0,0.0,3.0,234.0,0.0,44.0,15.0,19.0,0.0,0.43,,0.0,0.0,0.0
026,LEBLON,2019,0.0,2.0,0.0,0.0,0.0,0.0,1.0,276.0,1.0,20.0,7.0,10.0,0.0,0.72,0.0,0.0,0.0,0.0
023,LEME,2019,0.0,0.0,0.0,1.0,0.0,0.0,0.0,59.0,0.0,41.0,18.0,2.0,,0.0,,2.44,0.0,0.0
062,LINS DE VASCONCELOS,2019,0.0,0.0,0.0,4.0,0.0,0.0,1.0,90.0,0.0,256.0,63.0,8.0,0.0,0.0,,1.56,0.0,0.0
083,MADUREIRA,2019,0.0,3.0,0.0,3.0,0.0,0.0,1.0,165.0,0.0,304.0,130.0,26.0,0.0,1.82,,0.99,0.0,0.0
138,MAGALHAES BASTOS,2019,0.0,0.0,0.0,1.0,0.0,0.0,4.0,87.0,0.0,159.0,19.0,1.0,0.0,0.0,,0.63,0.0,0.0
011,MANGUEIRA,2019,0.0,0.0,0.0,3.0,2.0,0.0,1.0,42.0,0.0,149.0,74.0,0.0,0.0,0.0,,2.01,2.7,
039,MANGUINHOS,2019,0.0,1.0,0.0,2.0,0.0,1.0,0.0,109.0,0.0,253.0,51.0,1.0,,0.92,,0.79,0.0,100.0
035,MARACANA,2019,0.0,0.0,0.0,0.0,0.0,0.0,0.0,140.0,0.0,35.0,9.0,4.0,,0.0,,0.0,0.0,0.0
090,MARECHAL HERMES,2019,0.0,7.0,0.0,3.0,0.0,1.0,3.0,131.0,0.0,184.0,60.0,35.0,0.0,5.34,,1.63,0.0,2.86
052,MARIA DA GRACA,2019,0.0,0.0,0.0,1.0,0.0,0.0,0.0,23.0,0.0,31.0,1.0,0.0,,0.0,,3.23,0.0,
063,MEIER,2019,0.0,0.0,0.0,1.0,0.0,0.0,1.0,199.0,1.0,128.0,20.0,7.0,0.0,0.0,0.0,0.78,0.0,0.0
102,MONERO,2019,0.0,0.0,0.0,0.0,0.0,0.0,0.0,21.0,0.0,8.0,0.0,0.0,,0.0,,0.0,,
042,OLARIA,2019,0.0,8.0,0.0,1.0,0.0,0.0,1.0,183.0,1.0,263.0,67.0,7.0,0.0,4.37,0.0,0.38,0.0,0.0
088,OSWALDO CRUZ,2019,0.0,3.0,0.0,1.0,0.0,0.0,0.0,108.0,0.0,133.0,54.0,11.0,,2.78,,0.75,0.0,0.0
148,PACIENCIA,2019,0.0,13.0,0.0,15.0,1.0,0.0,5.0,307.0,0.0,822.0,236.0,16.0,0.0,4.23,,1.82,0.42,0.0
140,PADRE MIGUEL,2019,0.0,6.0,0.0,6.0,0.0,0.0,14.0,213.0,0.0,405.0,136.0,3.0,0.0,2.82,,1.48,0.0,0.0
013,PAQUETA,2019,0.0,0.0,0.0,0.0,0.0,0.0,0.0,13.0,1.0,28.0,7.0,1.0,,0.0,0.0,0.0,0.0,0.0
047,PARADA DE LUCAS,2019,0.0,2.0,0.0,2.0,0.0,1.0,3.0,90.0,0.0,164.0,54.0,7.0,0.0,2.22,,1.22,0.0,14.29
108,PARQUE ANCHIETA,2019,0.0,0.0,0.0,0.0,0.0,0.0,1.0,59.0,0.0,85.0,19.0,5.0,0.0,0.0,,0.0,0.0,0.0
158,PARQUE COLUMBIA,2019,0.0,0.0,0.0,0.0,0.0,0.0,1.0,11.0,0.0,38.0,7.0,0.0,0.0,0.0,,0.0,0.0,
114,PAVUNA,2019,0.0,5.0,0.0,9.0,1.0,1.0,3.0,247.0,0.0,576.0,177.0,30.0,0.0,2.02,,1.56,0.56,3.33
121,PECHINCHA,2019,0.0,1.0,0.0,1.0,0.0,0.0,0.0,245.0,0.0,157.0,17.0,4.0,,0.41,,0.64,0.0,0.0
153,PEDRA DE GUARATIBA,2019,0.0,1.0,0.0,3.0,0.0,0.0,1.0,120.0,0.0,391.0,40.0,3.0,0.0,0.83,,0.77,0.0,0.0
043,PENHA,2019,0.0,6.0,0.0,2.0,1.0,1.0,1.0,245.0,0.0,525.0,133.0,10.0,0.0,2.45,,0.38,0.75,10.0
044,PENHA CIRCULAR,2019,0.0,5.0,0.0,2.0,1.0,1.0,0.0,116.0,1.0,206.0,49.0,2.0,,4.31,0.0,0.97,2.04,50.0
069,PIEDADE,2019,0.0,4.0,0.0,3.0,1.0,2.0,2.0,152.0,0.0,237.0,44.0,2.0,0.0,2.63,,1.27,2.27,100.0
071,PILARES,2019,0.0,0.0,0.0,4.0,1.0,1.0,2.0,108.0,0.0,176.0,30.0,1.0,0.0,0.0,,2.27,3.33,100.0
094,PITANGUEIRAS,2019,0.0,1.0,0.0,1.0,0.0,0.0,0.0,35.0,1.0,49.0,10.0,2.0,,2.86,0.0,2.04,0.0,0.0
103,PORTUGUESA,2019,0.0,0.0,0.0,1.0,0.0,1.0,0.0,83.0,1.0,77.0,13.0,2.0,,0.0,0.0,1.3,0.0,50.0
032,PRACA DA BANDEIRA,2019,0.0,0.0,0.0,0.0,0.0,0.0,0.0,56.0,0.0,27.0,10.0,4.0,,0.0,,0.0,0.0,0.0
124,PRACA SECA,2019,0.0,4.0,0.0,6.0,0.0,1.0,0.0,235.0,0.0,352.0,88.0,38.0,,1.7,,1.7,0.0,2.63
095,PRAIA DA BANDEIRA,2019,0.0,1.0,0.0,0.0,0.0,0.0,0.0,14.0,0.0,9.0,3.0,3.0,,7.14,,0.0,0.0,0.0
079,QUINTINO BOCAIUVA,2019,0.0,1.0,0.0,1.0,0.0,1.0,1.0,93.0,0.0,134.0,37.0,8.0,0.0,1.08,,0.75,0.0,12.5
041,RAMOS,2019,0.0,4.0,0.0,3.0,1.0,1.0,9.0,230.0,0.0,407.0,79.0,4.0,0.0,1.74,,0.74,1.27,25.0
139,REALENGO,2019,0.0,12.0,0.0,18.0,0.0,2.0,15.0,597.0,0.0,1099.0,317.0,13.0,0.0,2.01,,1.64,0.0,15.38
132,RECREIO BANDEIRANTES,2019,0.0,6.0,0.0,2.0,0.0,2.0,1.0,873.0,0.0,513.0,65.0,5.0,0.0,0.69,,0.39,0.0,40.0
059,RIACHUELO,2019,0.0,0.0,0.0,1.0,0.0,0.0,0.0,39.0,0.0,43.0,13.0,4.0,,0.0,,2.33,0.0,0.0
091,RIBEIRA,2019,0.0,0.0,0.0,0.0,0.0,0.0,0.0,21.0,0.0,2.0,0.0,2.0,,0.0,,0.0,,0.0
109,RICARDO ALBUQUERQUE,2019,0.0,2.0,0.0,6.0,0.0,1.0,0.0,85.0,0.0,162.0,54.0,29.0,,2.35,,3.7,0.0,3.45
007,RIO COMPRIDO,2019,0.0,2.0,0.0,1.0,0.0,0.0,2.0,186.0,1.0,221.0,80.0,5.0,0.0,1.08,0.0,0.45,0.0,0.0
058,ROCHA,2019,0.0,0.0,0.0,2.0,0.0,0.0,0.0,52.0,0.0,71.0,16.0,2.0,,0.0,,2.82,0.0,0.0
086,ROCHA MIRANDA,2019,0.0,2.0,0.0,4.0,0.0,1.0,2.0,137.0,0.0,223.0,70.0,20.0,0.0,1.46,,1.79,0.0,5.0
154,ROCINHA,2019,0.0,4.0,0.0,3.0,0.0,1.0,1.0,292.0,2.0,387.0,55.0,143.0,0.0,1.37,0.0,0.78,0.0,0.7
060,SAMPAIO,2019,0.0,0.0,0.0,0.0,0.0,0.0,0.0,38.0,0.0,79.0,22.0,0.0,,0.0,,0.0,0.0,
149,SANTA CRUZ,2019,0.0,12.0,0.0,40.0,1.0,1.0,17.0,842.0,4.0,2177.0,672.0,25.0,0.0,1.43,0.0,1.84,0.15,4.0
014,SANTA TERESA,2019,0.0,3.0,0.0,3.0,0.0,0.0,4.0,139.0,0.0,177.0,73.0,6.0,0.0,2.16,,1.69,0.0,0.0
143,SANTISSIMO,2019,0.0,7.0,0.0,5.0,0.0,0.0,3.0,199.0,0.0,419.0,90.0,6.0,0.0,3.52,,1.19,0.0,0.0
003,SANTO CRISTO,2019,0.0,2.0,0.0,3.0,0.0,0.0,0.0,46.0,0.0,109.0,47.0,2.0,,4.35,,2.75,0.0,0.0
031,SAO CONRADO,2019,0.0,5.0,0.0,0.0,0.0,1.0,0.0,82.0,0.0,18.0,5.0,5.0,,6.1,,0.0,0.0,20.0
010,SAO CRISTOVAO,2019,0.0,1.0,0.0,0.0,1.0,0.0,1.0,217.0,1.0,253.0,79.0,6.0,0.0,0.46,0.0,0.0,1.27,0.0
057,SAO FRANCISCO XAVIER,2019,0.0,0.0,0.0,1.0,0.0,0.0,0.0,26.0,0.0,28.0,9.0,0.0,,0.0,,3.57,0.0,
001,SAUDE,2019,0.0,0.0,0.0,1.0,0.0,0.0,0.0,15.0,0.0,27.0,9.0,0.0,,0.0,,3.7,0.0,
142,SENADOR CAMARA,2019,0.0,6.0,0.0,10.0,0.0,3.0,4.0,306.0,0.0,740.0,133.0,10.0,0.0,1.96,,1.35,0.0,30.0
145,SENADOR VASCONCELOS,2019,0.0,3.0,0.0,1.0,0.0,1.0,0.0,95.0,1.0,174.0,35.0,1.0,,3.16,0.0,0.57,0.0,100.0
150,SEPETIBA,2019,0.0,4.0,0.0,7.0,1.0,0.0,3.0,210.0,0.0,476.0,109.0,4.0,0.0,1.9,,1.47,0.92,0.0
123,TANQUE,2019,0.0,0.0,0.0,0.0,0.0,0.0,0.0,131.0,1.0,267.0,62.0,10.0,,0.0,0.0,0.0,0.0,0.0
122,TAQUARA,2019,0.0,3.0,0.0,6.0,0.0,1.0,2.0,606.0,2.0,791.0,147.0,19.0,0.0,0.5,0.0,0.76,0.0,5.26
101,TAUA,2019,0.0,1.0,0.0,3.0,1.0,3.0,1.0,99.0,0.0,119.0,13.0,4.0,0.0,1.01,,2.52,7.69,75.0
033,TIJUCA,2019,0.0,3.0,0.0,5.0,0.0,0.0,10.0,772.0,2.0,323.0,174.0,30.0,0.0,0.39,0.0,1.55,0.0,0.0
064,TODOS OS SANTOS,2019,0.0,0.0,0.0,0.0,0.0,0.0,0.0,86.0,1.0,41.0,8.0,1.0,,0.0,0.0,0.0,0.0,0.0
056,TOMAS COELHO,2019,0.0,1.0,0.0,1.0,0.0,1.0,0.0,60.0,0.0,148.0,24.0,3.0,,1.67,,0.68,0.0,33.33
085,TURIACU,2019,0.0,1.0,0.0,5.0,0.0,1.0,0.0,34.0,0.0,78.0,29.0,8.0,,2.94,,6.41,0.0,12.5
022,URCA,2019,0.0,0.0,0.0,0.0,0.0,0.0,0.0,35.0,0.0,7.0,0.0,1.0,,0.0,,0.0,,0.0
131,VARGEM GRANDE,2019,0.0,3.0,0.0,2.0,0.0,1.0,1.0,86.0,0.0,172.0,26.0,3.0,0.0,3.49,,1.16,0.0,33.33
130,VARGEM PEQUENA,2019,0.0,0.0,0.0,2.0,1.0,2.0,0.0,116.0,0.0,224.0,41.0,3.0,,0.0,,0.89,2.44,66.67
159,VASCO DA GAMA,2019,0.0,2.0,0.0,1.0,0.0,0.0,0.0,18.0,0.0,15.0,5.0,0.0,,11.11,,6.67,0.0,
084,VAZ LOBO,2019,0.0,1.0,0.0,4.0,1.0,0.0,2.0,46.0,0.0,104.0,48.0,7.0,0.0,2.17,,3.85,2.08,0.0
073,VICENTE DE CARVALHO,2019,0.0,4.0,0.0,3.0,1.0,1.0,1.0,110.0,0.0,138.0,47.0,7.0,0.0,3.64,,2.17,2.13,14.29
030,VIDIGAL,2019,0.0,1.0,0.0,2.0,0.0,0.0,0.0,65.0,0.0,84.0,15.0,38.0,,1.54,,2.38,0.0,0.0
048,VIGARIO GERAL,2019,0.0,3.0,0.0,2.0,0.0,0.0,5.0,69.0,0.0,229.0,64.0,0.0,0.0,4.35,,0.87,0.0,
074,VILA DA PENHA,2019,0.0,1.0,0.0,2.0,0.0,0.0,1.0,176.0,1.0,102.0,33.0,4.0,0.0,0.57,0.0,1.96,0.0,0.0
036,VILA ISABEL,2019,0.0,5.0,0.0,2.0,0.0,0.0,5.0,280.0,0.0,202.0,66.0,6.0,0.0,1.79,,0.99,0.0,0.0
162,VILA KENNEDY,2019,0.0,2.0,0.0,3.0,0.0,0.0,0.0,52.0,0.0,125.0,43.0,2.0,,3.85,,2.4,0.0,0.0
072,VILA KOSMOS,2019,0.0,3.0,0.0,0.0,0.0,0.0,0.0,36.0,0.0,50.0,13.0,2.0,,8.33,,0.0,0.0,0.0
135,VILA MILITAR,2019,0.0,1.0,0.0,0.0,0.0,0.0,1.0,48.0,0.0,45.0,7.0,6.0,0.0,2.08,,0.0,0.0,0.0
125,VILA VALQUEIRE,2019,0.0,2.0,0.0,0.0,0.0,0.0,2.0,178.0,0.0,112.0,25.0,10.0,0.0,1.12,,0.0,0.0,0.0
075,VISTA ALEGRE,2019,0.0,0.0,0.0,0.0,0.0,0.0,0.0,56.0,0.0,45.0,15.0,4.0,,0.0,,0.0,0.0,0.0
092,ZUMBI,2019,0.0,0.0,0.0,0.0,0.0,0.0,0.0,7.0,0.0,7.0,1.0,0.0,,0.0,,0.0,0.0,
070,ABOLICAO,2020,0.0,1.0,0.0,0.0,0.0,0.0,0.0,31.0,0.0,42.0,7.0,0.0,,3.23,,0.0,0.0,
111,ACARI,2020,0.0,1.0,0.0,5.0,0.0,0.0,1.0,87.0,0.0,241.0,64.0,14.0,0.0,1.15,,2.07,0.0,0.0
067,AGUA SANTA,2020,0.0,1.0,0.0,0.0,0.0,0.0,0.0,23.0,0.0,45.0,1.0,0.0,,4.35,,0.0,0.0,
034,ALTO DA BOA VISTA,2020,0.0,0.0,0.0,1.0,0.0,0.0,0.0,35.0,0.0,35.0,20.0,2.0,,0.0,,2.86,0.0,0.0
107,ANCHIETA,2020,0.0,2.0,0.0,9.0,1.0,2.0,3.0,189.0,0.0,455.0,139.0,40.0,0.0,1.06,,1.98,0.72,5.0
037,ANDARAI,2020,0.0,7.0,0.0,2.0,0.0,0.0,0.0,135.0,0.0,114.0,32.0,15.0,,5.19,,1.75,0.0,0.0
116,ANIL,2020,0.0,0.0,0.0,3.0,0.0,0.0,2.0,167.0,0.0,243.0,26.0,6.0,0.0,0.0,,1.23,0.0,0.0
097,BANCARIOS,2020,0.0,2.0,0.0,0.0,0.0,1.0,2.0,59.0,1.0,75.0,20.0,2.0,0.0,3.39,0.0,0.0,0.0,50.0
141,BANGU,2020,0.0,16.0,0.0,25.0,0.0,1.0,38.0,679.0,6.0,1513.0,420.0,20.0,0.0,2.36,0.0,1.65,0.0,5.0
128,BARRA DA TIJUCA,2020,0.0,5.0,0.0,1.0,0.0,0.0,6.0,986.0,1.0,147.0,21.0,68.0,0.0,0.51,0.0,0.68,0.0,0.0
152,BARRA DE GUARATIBA,2020,0.0,0.0,0.0,0.0,0.0,0.0,0.0,22.0,0.0,50.0,6.0,1.0,,0.0,,0.0,0.0,0.0
165,BARRA OLIMPICA,2020,0.0,0.0,0.0,0.0,0.0,0.0,0.0,0.0,0.0,0.0,0.0,0.0,,,,,,
112,BARROS FILHO,2020,0.0,0.0,0.0,2.0,0.0,0.0,0.0,50.0,0.0,135.0,58.0,10.0,,0.0,,1.48,0.0,0.0
012,BENFICA,2020,0.0,0.0,0.0,0.0,0.0,2.0,1.0,141.0,0.0,217.0,63.0,4.0,0.0,0.0,,0.0,0.0,50.0
089,BENTO RIBEIRO,2020,0.0,0.0,0.0,1.0,0.0,2.0,1.0,142.0,0.0,191.0,63.0,17.0,0.0,0.0,,0.52,0.0,11.76
040,BONSUCESSO,2020,0.0,4.0,0.0,2.0,0.0,2.0,4.0,239.0,0.0,455.0,89.0,9.0,0.0,1.67,,0.44,0.0,22.22
020,BOTAFOGO,2020,0.0,6.0,0.0,1.0,0.0,0.0,3.0,363.0,1.0,87.0,40.0,90.0,0.0,1.65,0.0,1.15,0.0,0.0
045,BRAS DE PINA,2020,0.0,2.0,0.0,3.0,2.0,2.0,1.0,149.0,0.0,209.0,90.0,10.0,0.0,1.34,,1.44,2.22,20.0
065,CACHAMBI,2020,0.0,2.0,0.0,0.0,0.0,0.0,1.0,177.0,0.0,121.0,24.0,7.0,0.0,1.13,,0.0,0.0,0.0
093,CACUIA,2020,0.0,0.0,0.0,1.0,1.0,0.0,0.0,45.0,0.0,46.0,14.0,2.0,,0.0,,2.17,7.14,0.0
004,CAJU,2020,0.0,1.0,0.0,2.0,0.0,1.0,6.0,101.0,1.0,201.0,33.0,5.0,0.0,0.99,0.0,1.0,0.0,20.0
129,CAMORIM,2020,0.0,1.0,0.0,0.0,0.0,0.0,2.0,48.0,0.0,28.0,8.0,3.0,0.0,2.08,,0.0,0.0,0.0
078,CAMPINHO,2020,0.0,0.0,0.0,0.0,0.0,0.0,0.0,48.0,0.0,65.0,27.0,4.0,,0.0,,0.0,0.0,0.0
136,CAMPO DOS AFONSOS,2020,0.0,0.0,0.0,0.0,0.0,0.0,1.0,20.0,0.0,7.0,2.0,0.0,0.0,0.0,,0.0,0.0,
144,CAMPO GRANDE,2020,0.0,21.0,0.0,25.0,2.0,0.0,48.0,1482.0,3.0,2399.0,587.0,42.0,0.0,1.42,0.0,1.04,0.34,0.0
082,CASCADURA,2020,0.0,1.0,0.0,1.0,0.0,1.0,0.0,96.0,1.0,163.0,63.0,6.0,,1.04,0.0,0.61,0.0,16.67
018,CATETE,2020,0.0,0.0,0.0,0.0,1.0,0.0,2.0,73.0,0.0,70.0,18.0,12.0,0.0,0.0,,0.0,5.56,0.0
006,CATUMBI,2020,0.0,1.0,0.0,2.0,0.0,0.0,2.0,35.0,0.0,87.0,44.0,3.0,0.0,2.86,,2.3,0.0,0.0
080,CAVALCANTE,2020,0.0,1.0,0.0,2.0,1.0,0.0,0.0,34.0,0.0,112.0,43.0,3.0,,2.94,,1.79,2.33,0.0
005,CENTRO,2020,0.0,0.0,0.0,0.0,0.0,0.0,2.0,94.0,2.0,116.0,48.0,9.0,0.0,0.0,0.0,0.0,0.0,0.0
118,CIDADE DE DEUS,2020,0.0,2.0,0.0,5.0,1.0,1.0,1.0,86.0,0.0,507.0,165.0,3.0,0.0,2.33,,0.99,0.61,33.33
008,CIDADE NOVA,2020,0.0,0.0,0.0,1.0,0.0,0.0,1.0,16.0,0.0,27.0,8.0,1.0,0.0,0.0,,3.7,0.0,0.0
105,CIDADE UNIVERSITARIA,2020,0.0,0.0,0.0,0.0,0.0,0.0,0.0,4.0,0.0,4.0,2.0,0.0,,0.0,,0.0,0.0,
096,COCOTA,2020,0.0,0.0,0.0,0.0,0.0,0.0,0.0,30.0,0.0,35.0,8.0,0.0,,0.0,,0.0,0.0,
110,COELHO NETO,2020,0.0,1.0,0.0,2.0,1.0,0.0,3.0,81.0,0.0,152.0,72.0,7.0,0.0,1.23,,1.32,1.39,0.0
077,COLEGIO,2020,0.0,2.0,0.0,3.0,0.0,1.0,0.0,83.0,0.0,187.0,62.0,14.0,,2.41,,1.6,0.0,7.14
157,COMPLEXO DA MARE,2020,0.0,9.0,0.0,12.0,1.0,1.0,6.0,264.0,1.0,747.0,162.0,5.0,0.0,3.41,0.0,1.61,0.62,20.0
156,COMPLEXO DO ALEMAO,2020,0.0,3.0,0.0,3.0,3.0,1.0,2.0,36.0,1.0,95.0,17.0,0.0,0.0,8.33,0.0,3.16,17.65,
024,COPACABANA,2020,0.0,3.0,0.0,2.0,1.0,1.0,6.0,449.0,4.0,218.0,72.0,123.0,0.0,0.67,0.0,0.92,1.39,0.81
046,CORDOVIL,2020,0.0,2.0,0.0,2.0,0.0,0.0,2.0,95.0,0.0,230.0,90.0,7.0,0.0,2.11,,0.87,0.0,0.0
019,COSME VELHO,2020,0.0,0.0,0.0,1.0,0.0,0.0,0.0,25.0,1.0,21.0,35.0,10.0,,0.0,0.0,4.76,0.0,0.0
147,COSMOS,2020,0.0,4.0,0.0,10.0,0.0,0.0,9.0,240.0,0.0,723.0,194.0,7.0,0.0,1.67,,1.38,0.0,0.0
113,COSTA BARROS,2020,0.0,0.0,0.0,3.0,0.0,0.0,4.0,99.0,0.0,373.0,155.0,19.0,0.0,0.0,,0.8,0.0,0.0
119,CURICICA,2020,0.0,6.0,0.0,3.0,0.0,1.0,3.0,170.0,0.0,426.0,79.0,4.0,0.0,3.53,,0.7,0.0,25.0
053,DEL CASTILHO,2020,0.0,1.0,0.0,1.0,0.0,1.0,0.0,108.0,0.0,119.0,15.0,7.0,,0.93,,0.84,0.0,14.29
134,DEODORO,2020,0.0,0.0,0.0,0.0,0.0,0.0,0.0,19.0,1.0,73.0,38.0,4.0,,0.0,0.0,0.0,0.0,0.0
068,ENCANTADO,2020,0.0,1.0,0.0,0.0,0.0,0.0,1.0,46.0,0.0,47.0,13.0,1.0,0.0,2.17,,0.0,0.0,0.0
081,ENGENHEIRO LEAL,2020,0.0,0.0,0.0,1.0,0.0,0.0,0.0,17.0,0.0,40.0,18.0,0.0,,0.0,,2.5,0.0,
055,ENGENHO DA RAINHA,2020,0.0,2.0,0.0,1.0,0.0,1.0,1.0,70.0,0.0,152.0,38.0,6.0,0.0,2.86,,0.66,0.0,16.67
066,ENGENHO DE DENTRO,2020,0.0,3.0,0.0,5.0,1.0,0.0,2.0,171.0,0.0,273.0,39.0,9.0,0.0,1.75,,1.83,2.56,0.0
061,ENGENHO NOVO,2020,0.0,3.0,0.0,3.0,0.0,2.0,0.0,137.0,0.0,267.0,49.0,11.0,,2.19,,1.12,0.0,18.18
009,ESTACIO,2020,0.0,0.0,0.0,0.0,0.0,0.0,3.0,43.0,0.0,100.0,56.0,4.0,0.0,0.0,,0.0,0.0,0.0
015,FLAMENGO,2020,0.0,3.0,0.0,1.0,0.0,0.0,3.0,187.0,0.0,31.0,9.0,49.0,0.0,1.6,,3.23,0.0,0.0
098,FREGUESIA-ILHA,2020,0.0,0.0,0.0,2.0,0.0,0.0,7.0,69.0,0.0,85.0,21.0,9.0,0.0,0.0,,2.35,0.0,0.0
120,FREGUESIA-JPA,2020,0.0,5.0,0.0,3.0,0.0,0.0,0.0,389.0,2.0,246.0,52.0,19.0,,1.29,0.0,1.22,0.0,0.0
104,GALEAO,2020,0.0,2.0,0.0,1.0,1.0,0.0,11.0,120.0,0.0,174.0,41.0,4.0,0.0,1.67,,0.57,2.44,0.0
002,GAMBOA,2020,0.0,1.0,0.0,1.0,0.0,0.0,1.0,45.0,0.0,83.0,24.0,1.0,0.0,2.22,,1.2,0.0,0.0
117,GARDENIA AZUL,2020,0.0,0.0,0.0,5.0,1.0,0.0,0.0,107.0,1.0,379.0,72.0,2.0,,0.0,0.0,1.32,1.39,0.0
029,GAVEA,2020,0.0,1.0,0.0,1.0,0.0,0.0,0.0,85.0,0.0,30.0,10.0,22.0,,1.18,,3.33,0.0,0.0
160,GERICINo,2020,0.0,0.0,0.0,0.0,0.0,0.0,0.0,1.0,0.0,0.0,0.0,0.0,,0.0,,,,
016,GLORIA,2020,0.0,0.0,0.0,0.0,0.0,0.0,1.0,39.0,0.0,24.0,5.0,9.0,0.0,0.0,,0.0,0.0,0.0
038,GRAJAU,2020,0.0,0.0,0.0,0.0,0.0,0.0,1.0,136.0,0.0,76.0,23.0,16.0,0.0,0.0,,0.0,0.0,0.0
133,GRUMARI,2020,0.0,0.0,0.0,0.0,0.0,0.0,0.0,2.0,0.0,3.0,0.0,0.0,,0.0,,0.0,,
106,GUADALUPE,2020,0.0,1.0,0.0,5.0,0.0,1.0,2.0,140.0,0.0,280.0,82.0,18.0,0.0,0.71,,1.79,0.0,5.56
151,GUARATIBA,2020,0.0,10.0,0.0,18.0,1.0,0.0,15.0,488.0,0.0,1144.0,271.0,16.0,0.0,2.05,,1.57,0.37,0.0
050,HIGIENOPOLIS,2020,0.0,0.0,0.0,0.0,0.0,0.0,1.0,59.0,0.0,43.0,13.0,2.0,0.0,0.0,,0.0,0.0,0.0
087,HONORIO GURGEL,2020,0.0,1.0,0.0,2.0,0.0,0.0,0.0,65.0,0.0,135.0,51.0,4.0,,1.54,,1.48,0.0,0.0
021,HUMAITA,2020,0.0,0.0,0.0,0.0,0.0,0.0,0.0,68.0,0.0,7.0,5.0,16.0,,0.0,,0.0,0.0,0.0
999,IGNORADO BAIRRO-MRJ,2020,0.0,1.0,0.0,1.0,0.0,0.0,0.0,50.0,0.0,107.0,12.0,6.0,,2.0,,0.93,0.0,0.0
164,ILHA DE GUARATIBA,2020,0.0,0.0,0.0,0.0,0.0,0.0,0.0,0.0,0.0,0.0,0.0,0.0,,,,,,
998,ILHA DO GOVERNADOR - IGNORADO,2020,0.0,0.0,0.0,0.0,0.0,0.0,1.0,41.0,0.0,75.0,12.0,0.0,0.0,0.0,,0.0,0.0,
054,INHAUMA,2020,0.0,2.0,0.0,1.0,1.0,0.0,3.0,158.0,1.0,594.0,88.0,6.0,0.0,1.27,0.0,0.17,1.14,0.0
146,INHOAIBA,2020,0.0,13.0,0.0,9.0,0.0,1.0,10.0,228.0,0.0,535.0,138.0,9.0,0.0,5.7,,1.68,0.0,11.11
025,IPANEMA,2020,0.0,1.0,0.0,0.0,0.0,0.0,1.0,175.0,0.0,27.0,7.0,44.0,0.0,0.57,,0.0,0.0,0.0
076,IRAJA,2020,0.0,0.0,0.0,2.0,0.0,0.0,2.0,320.0,0.0,371.0,130.0,24.0,0.0,0.0,,0.54,0.0,0.0
127,ITANHANGA,2020,0.0,6.0,0.0,3.0,0.0,1.0,1.0,261.0,2.0,358.0,43.0,44.0,0.0,2.3,0.0,0.84,0.0,2.27
163,JABOUR,2020,0.0,0.0,0.0,0.0,0.0,0.0,0.0,0.0,0.0,0.0,0.0,0.0,,,,,,
051,JACARE,2020,0.0,1.0,0.0,0.0,0.0,1.0,1.0,71.0,0.0,219.0,39.0,2.0,0.0,1.41,,0.0,0.0,50.0
115,JACAREPAGUA,2020,0.0,12.0,0.0,7.0,7.0,2.0,8.0,982.0,2.0,1081.0,172.0,168.0,0.0,1.22,0.0,0.65,4.07,1.19
155,JACAREZINHO,2020,0.0,0.0,0.0,2.0,1.0,1.0,0.0,25.0,0.0,152.0,27.0,1.0,,0.0,,1.32,3.7,100.0
049,JARDIM AMERICA,2020,0.0,3.0,0.0,5.0,0.0,0.0,4.0,100.0,0.0,192.0,51.0,6.0,0.0,3.0,,2.6,0.0,0.0
028,JARDIM BOTANICO,2020,0.0,0.0,0.0,2.0,0.0,0.0,1.0,77.0,0.0,11.0,2.0,31.0,0.0,0.0,,18.18,0.0,0.0
100,JARDIM CARIOCA,2020,0.0,1.0,0.0,1.0,0.0,0.0,0.0,89.0,0.0,117.0,24.0,7.0,,1.12,,0.85,0.0,0.0
099,JARDIM GUANABARA,2020,0.0,1.0,0.0,0.0,0.0,1.0,0.0,120.0,0.0,34.0,7.0,14.0,,0.83,,0.0,0.0,7.14
137,JARDIM SULACAP,2020,0.0,0.0,0.0,0.0,0.0,0.0,1.0,102.0,0.0,76.0,17.0,2.0,0.0,0.0,,0.0,0.0,0.0
126,JOA,2020,0.0,0.0,0.0,0.0,0.0,0.0,0.0,1.0,0.0,1.0,0.0,2.0,,0.0,,0.0,,0.0
027,LAGOA,2020,0.0,1.0,0.0,0.0,0.0,0.0,0.0,116.0,0.0,7.0,2.0,23.0,,0.86,,0.0,0.0,0.0
161,LAPA,2020,0.0,0.0,0.0,0.0,0.0,0.0,0.0,29.0,0.0,13.0,7.0,0.0,,0.0,,0.0,0.0,
017,LARANJEIRAS,2020,0.0,2.0,0.0,0.0,0.0,0.0,0.0,167.0,3.0,44.0,11.0,48.0,,1.2,0.0,0.0,0.0,0.0
026,LEBLON,2020,0.0,3.0,0.0,0.0,0.0,0.0,1.0,205.0,0.0,20.0,5.0,56.0,0.0,1.46,,0.0,0.0,0.0
023,LEME,2020,0.0,1.0,0.0,0.0,0.0,0.0,0.0,67.0,0.0,20.0,15.0,16.0,,1.49,,0.0,0.0,0.0
062,LINS DE VASCONCELOS,2020,0.0,2.0,0.0,5.0,0.0,1.0,0.0,80.0,1.0,255.0,51.0,11.0,,2.5,0.0,1.96,0.0,9.09
083,MADUREIRA,2020,0.0,0.0,0.0,2.0,0.0,1.0,1.0,138.0,0.0,262.0,121.0,21.0,0.0,0.0,,0.76,0.0,4.76
138,MAGALHAES BASTOS,2020,0.0,3.0,0.0,2.0,1.0,1.0,3.0,77.0,0.0,129.0,32.0,1.0,0.0,3.9,,1.55,3.12,100.0
011,MANGUEIRA,2020,0.0,1.0,0.0,1.0,1.0,0.0,0.0,32.0,0.0,115.0,91.0,1.0,,3.12,,0.87,1.1,0.0
039,MANGUINHOS,2020,0.0,3.0,0.0,2.0,0.0,2.0,1.0,115.0,1.0,233.0,86.0,5.0,0.0,2.61,0.0,0.86,0.0,40.0
035,MARACANA,2020,0.0,0.0,0.0,0.0,0.0,0.0,1.0,123.0,0.0,23.0,7.0,19.0,0.0,0.0,,0.0,0.0,0.0
090,MARECHAL HERMES,2020,0.0,2.0,0.0,4.0,0.0,1.0,2.0,139.0,0.0,204.0,66.0,32.0,0.0,1.44,,1.96,0.0,3.12
052,MARIA DA GRACA,2020,0.0,0.0,0.0,0.0,0.0,0.0,0.0,21.0,0.0,22.0,5.0,2.0,,0.0,,0.0,0.0,0.0
063,MEIER,2020,0.0,2.0,0.0,1.0,0.0,0.0,4.0,138.0,0.0,82.0,11.0,11.0,0.0,1.45,,1.22,0.0,0.0
102,MONERO,2020,0.0,0.0,0.0,0.0,0.0,0.0,0.0,19.0,0.0,7.0,0.0,2.0,,0.0,,0.0,,0.0
042,OLARIA,2020,0.0,2.0,0.0,4.0,0.0,1.0,4.0,185.0,0.0,194.0,93.0,7.0,0.0,1.08,,2.06,0.0,14.29
088,OSWALDO CRUZ,2020,0.0,0.0,0.0,1.0,0.0,0.0,0.0,72.0,0.0,123.0,64.0,9.0,,0.0,,0.81,0.0,0.0
148,PACIENCIA,2020,0.0,6.0,0.0,13.0,0.0,1.0,11.0,323.0,1.0,814.0,273.0,15.0,0.0,1.86,0.0,1.6,0.0,6.67
140,PADRE MIGUEL,2020,0.0,1.0,0.0,1.0,0.0,0.0,12.0,173.0,4.0,306.0,138.0,2.0,0.0,0.58,0.0,0.33,0.0,0.0
013,PAQUETA,2020,0.0,0.0,0.0,0.0,0.0,0.0,0.0,14.0,0.0,10.0,5.0,2.0,,0.0,,0.0,0.0,0.0
047,PARADA DE LUCAS,2020,0.0,2.0,0.0,2.0,0.0,2.0,1.0,83.0,0.0,149.0,39.0,8.0,0.0,2.41,,1.34,0.0,25.0
108,PARQUE ANCHIETA,2020,0.0,2.0,0.0,1.0,0.0,0.0,1.0,63.0,0.0,98.0,39.0,7.0,0.0,3.17,,1.02,0.0,0.0
158,PARQUE COLUMBIA,2020,0.0,0.0,0.0,1.0,0.0,0.0,0.0,7.0,0.0,25.0,9.0,0.0,,0.0,,4.0,0.0,
114,PAVUNA,2020,0.0,2.0,0.0,10.0,2.0,0.0,7.0,219.0,0.0,549.0,178.0,31.0,0.0,0.91,,1.82,1.12,0.0
121,PECHINCHA,2020,0.0,1.0,0.0,1.0,0.0,1.0,4.0,232.0,0.0,154.0,26.0,10.0,0.0,0.43,,0.65,0.0,10.0
153,PEDRA DE GUARATIBA,2020,0.0,1.0,0.0,2.0,0.0,1.0,5.0,106.0,0.0,305.0,43.0,3.0,0.0,0.94,,0.66,0.0,33.33
043,PENHA,2020,0.0,2.0,0.0,8.0,1.0,4.0,2.0,272.0,2.0,386.0,147.0,10.0,0.0,0.74,0.0,2.07,0.68,40.0
044,PENHA CIRCULAR,2020,0.0,2.0,0.0,2.0,0.0,1.0,2.0,129.0,0.0,221.0,60.0,6.0,0.0,1.55,,0.9,0.0,16.67
069,PIEDADE,2020,0.0,0.0,0.0,0.0,0.0,0.0,1.0,124.0,0.0,241.0,48.0,7.0,0.0,0.0,,0.0,0.0,0.0
071,PILARES,2020,0.0,0.0,0.0,2.0,0.0,0.0,0.0,57.0,0.0,156.0,29.0,10.0,,0.0,,1.28,0.0,0.0
094,PITANGUEIRAS,2020,0.0,0.0,0.0,2.0,0.0,0.0,0.0,28.0,1.0,41.0,6.0,4.0,,0.0,0.0,4.88,0.0,0.0
103,PORTUGUESA,2020,0.0,0.0,0.0,0.0,0.0,0.0,0.0,57.0,0.0,73.0,13.0,4.0,,0.0,,0.0,0.0,0.0
032,PRACA DA BANDEIRA,2020,0.0,0.0,0.0,0.0,0.0,0.0,0.0,36.0,1.0,24.0,8.0,5.0,,0.0,0.0,0.0,0.0,0.0
124,PRACA SECA,2020,0.0,2.0,0.0,1.0,0.0,2.0,0.0,206.0,0.0,331.0,106.0,21.0,,0.97,,0.3,0.0,9.52
095,PRAIA DA BANDEIRA,2020,0.0,1.0,0.0,0.0,0.0,0.0,0.0,14.0,0.0,12.0,4.0,3.0,,7.14,,0.0,0.0,0.0
079,QUINTINO BOCAIUVA,2020,0.0,2.0,0.0,0.0,0.0,1.0,0.0,82.0,0.0,136.0,47.0,5.0,,2.44,,0.0,0.0,20.0
041,RAMOS,2020,0.0,1.0,0.0,2.0,0.0,1.0,4.0,213.0,1.0,519.0,100.0,7.0,0.0,0.47,0.0,0.39,0.0,14.29
139,REALENGO,2020,0.0,5.0,0.0,13.0,3.0,2.0,28.0,516.0,4.0,1050.0,358.0,13.0,0.0,0.97,0.0,1.24,0.84,15.38
132,RECREIO BANDEIRANTES,2020,0.0,7.0,0.0,0.0,0.0,0.0,4.0,841.0,0.0,470.0,60.0,30.0,0.0,0.83,,0.0,0.0,0.0
059,RIACHUELO,2020,0.0,0.0,0.0,0.0,0.0,0.0,1.0,44.0,0.0,33.0,14.0,2.0,0.0,0.0,,0.0,0.0,0.0
091,RIBEIRA,2020,0.0,0.0,0.0,0.0,0.0,0.0,0.0,19.0,0.0,6.0,4.0,2.0,,0.0,,0.0,0.0,0.0
109,RICARDO ALBUQUERQUE,2020,0.0,1.0,0.0,1.0,0.0,0.0,2.0,72.0,0.0,166.0,53.0,17.0,0.0,1.39,,0.6,0.0,0.0
007,RIO COMPRIDO,2020,1.0,0.0,0.0,2.0,0.0,1.0,7.0,153.0,2.0,174.0,67.0,13.0,14.29,0.0,0.0,1.15,0.0,7.69
058,ROCHA,2020,0.0,0.0,0.0,1.0,0.0,1.0,0.0,53.0,0.0,74.0,30.0,1.0,,0.0,,1.35,0.0,100.0
086,ROCHA MIRANDA,2020,0.0,2.0,0.0,3.0,0.0,0.0,1.0,104.0,1.0,217.0,85.0,14.0,0.0,1.92,0.0,1.38,0.0,0.0
154,ROCINHA,2020,0.0,4.0,0.0,2.0,1.0,0.0,1.0,279.0,1.0,321.0,68.0,144.0,0.0,1.43,0.0,0.62,1.47,0.0
060,SAMPAIO,2020,0.0,1.0,0.0,0.0,0.0,0.0,0.0,27.0,0.0,73.0,22.0,3.0,,3.7,,0.0,0.0,0.0
149,SANTA CRUZ,2020,0.0,8.0,0.0,42.0,4.0,3.0,23.0,739.0,4.0,1950.0,714.0,42.0,0.0,1.08,0.0,2.15,0.56,7.14
014,SANTA TERESA,2020,0.0,3.0,0.0,3.0,0.0,0.0,6.0,144.0,1.0,143.0,76.0,18.0,0.0,2.08,0.0,2.1,0.0,0.0
143,SANTISSIMO,2020,0.0,4.0,0.0,4.0,0.0,1.0,5.0,173.0,2.0,437.0,89.0,11.0,0.0,2.31,0.0,0.92,0.0,9.09
003,SANTO CRISTO,2020,0.0,2.0,0.0,2.0,0.0,0.0,2.0,41.0,1.0,80.0,46.0,3.0,0.0,4.88,0.0,2.5,0.0,0.0
031,SAO CONRADO,2020,0.0,0.0,0.0,0.0,0.0,0.0,1.0,50.0,0.0,11.0,2.0,14.0,0.0,0.0,,0.0,0.0,0.0
010,SAO CRISTOVAO,2020,0.0,1.0,0.0,3.0,1.0,0.0,6.0,201.0,1.0,213.0,69.0,15.0,0.0,0.5,0.0,1.41,1.45,0.0
057,SAO FRANCISCO XAVIER,2020,0.0,0.0,0.0,0.0,0.0,0.0,0.0,21.0,1.0,30.0,7.0,1.0,,0.0,0.0,0.0,0.0,0.0
001,SAUDE,2020,0.0,0.0,0.0,0.0,0.0,0.0,1.0,12.0,0.0,16.0,8.0,0.0,0.0,0.0,,0.0,0.0,
142,SENADOR CAMARA,2020,0.0,7.0,0.0,16.0,1.0,5.0,7.0,299.0,1.0,822.0,171.0,8.0,0.0,2.34,0.0,1.95,0.58,62.5
145,SENADOR VASCONCELOS,2020,0.0,3.0,0.0,6.0,1.0,1.0,3.0,77.0,0.0,209.0,50.0,0.0,0.0,3.9,,2.87,2.0,
150,SEPETIBA,2020,0.0,6.0,0.0,11.0,1.0,0.0,3.0,189.0,2.0,481.0,109.0,13.0,0.0,3.17,0.0,2.29,0.92,0.0
123,TANQUE,2020,0.0,2.0,0.0,3.0,0.0,0.0,1.0,130.0,0.0,278.0,60.0,9.0,0.0,1.54,,1.08,0.0,0.0
122,TAQUARA,2020,0.0,9.0,0.0,4.0,0.0,0.0,1.0,597.0,0.0,737.0,127.0,27.0,0.0,1.51,,0.54,0.0,0.0
101,TAUA,2020,0.0,2.0,0.0,3.0,0.0,0.0,4.0,70.0,1.0,111.0,26.0,4.0,0.0,2.86,0.0,2.7,0.0,0.0
033,TIJUCA,2020,0.0,6.0,0.0,3.0,1.0,1.0,11.0,595.0,2.0,273.0,144.0,93.0,0.0,1.01,0.0,1.1,0.69,1.08
064,TODOS OS SANTOS,2020,0.0,0.0,0.0,1.0,0.0,0.0,2.0,92.0,0.0,38.0,6.0,6.0,0.0,0.0,,2.63,0.0,0.0
056,TOMAS COELHO,2020,0.0,0.0,0.0,0.0,0.0,1.0,0.0,85.0,0.0,146.0,22.0,3.0,,0.0,,0.0,0.0,33.33
085,TURIACU,2020,0.0,0.0,0.0,2.0,1.0,0.0,0.0,37.0,0.0,83.0,40.0,11.0,,0.0,,2.41,2.5,0.0
022,URCA,2020,0.0,1.0,0.0,0.0,0.0,0.0,0.0,44.0,0.0,5.0,1.0,8.0,,2.27,,0.0,0.0,0.0
131,VARGEM GRANDE,2020,0.0,1.0,0.0,1.0,1.0,2.0,2.0,109.0,0.0,173.0,32.0,2.0,0.0,0.92,,0.58,3.12,100.0
130,VARGEM PEQUENA,2020,0.0,4.0,0.0,2.0,0.0,1.0,2.0,146.0,0.0,237.0,40.0,1.0,0.0,2.74,,0.84,0.0,100.0
159,VASCO DA GAMA,2020,0.0,1.0,0.0,2.0,1.0,0.0,0.0,31.0,0.0,24.0,5.0,2.0,,3.23,,8.33,20.0,0.0
084,VAZ LOBO,2020,0.0,2.0,0.0,2.0,1.0,0.0,0.0,52.0,0.0,102.0,41.0,3.0,,3.85,,1.96,2.44,0.0
073,VICENTE DE CARVALHO,2020,0.0,2.0,0.0,1.0,0.0,0.0,0.0,62.0,0.0,126.0,41.0,10.0,,3.23,,0.79,0.0,0.0
030,VIDIGAL,2020,0.0,1.0,0.0,1.0,0.0,1.0,0.0,53.0,0.0,79.0,18.0,24.0,,1.89,,1.27,0.0,4.17
048,VIGARIO GERAL,2020,0.0,0.0,1.0,5.0,0.0,0.0,0.0,62.0,0.0,195.0,87.0,7.0,,0.0,,2.56,0.0,0.0
074,VILA DA PENHA,2020,0.0,1.0,0.0,0.0,0.0,0.0,2.0,120.0,0.0,78.0,28.0,13.0,0.0,0.83,,0.0,0.0,0.0
036,VILA ISABEL,2020,0.0,4.0,0.0,0.0,1.0,0.0,8.0,255.0,1.0,223.0,72.0,38.0,0.0,1.57,0.0,0.0,1.39,0.0
162,VILA KENNEDY,2020,0.0,1.0,0.0,4.0,0.0,0.0,1.0,43.0,0.0,136.0,52.0,1.0,0.0,2.33,,2.94,0.0,0.0
072,VILA KOSMOS,2020,0.0,0.0,0.0,0.0,0.0,0.0,0.0,51.0,0.0,49.0,18.0,8.0,,0.0,,0.0,0.0,0.0
135,VILA MILITAR,2020,0.0,0.0,0.0,1.0,0.0,0.0,1.0,59.0,1.0,67.0,22.0,0.0,0.0,0.0,0.0,1.49,0.0,
125,VILA VALQUEIRE,2020,0.0,1.0,0.0,2.0,0.0,0.0,1.0,148.0,0.0,116.0,28.0,8.0,0.0,0.68,,1.72,0.0,0.0
075,VISTA ALEGRE,2020,0.0,1.0,0.0,0.0,0.0,0.0,0.0,42.0,0.0,30.0,7.0,5.0,,2.38,,0.0,0.0,0.0
092,ZUMBI,2020,0.0,0.0,0.0,0.0,0.0,0.0,1.0,8.0,0.0,4.0,3.0,0.0,0.0,0.0,,0.0,0.0,
070,ABOLICAO,2021,0.0,0.0,0.0,1.0,0.0,0.0,0.0,45.0,0.0,33.0,13.0,0.0,,0.0,,3.03,0.0,
111,ACARI,2021,0.0,1.0,0.0,6.0,0.0,1.0,0.0,78.0,0.0,230.0,71.0,0.0,,1.28,,2.61,0.0,
067,AGUA SANTA,2021,0.0,1.0,0.0,0.0,0.0,0.0,0.0,19.0,0.0,30.0,8.0,1.0,,5.26,,0.0,0.0,0.0
034,ALTO DA BOA VISTA,2021,0.0,0.0,0.0,0.0,0.0,0.0,1.0,37.0,0.0,35.0,24.0,2.0,0.0,0.0,,0.0,0.0,0.0
107,ANCHIETA,2021,0.0,7.0,0.0,7.0,1.0,0.0,3.0,149.0,0.0,392.0,143.0,1.0,0.0,4.7,,1.79,0.7,0.0
037,ANDARAI,2021,0.0,2.0,0.0,0.0,1.0,0.0,0.0,118.0,0.0,69.0,28.0,7.0,,1.69,,0.0,3.57,0.0
116,ANIL,2021,0.0,5.0,0.0,1.0,0.0,0.0,1.0,169.0,0.0,183.0,28.0,0.0,0.0,2.96,,0.55,0.0,
097,BANCARIOS,2021,0.0,1.0,0.0,1.0,0.0,0.0,3.0,51.0,1.0,66.0,16.0,1.0,0.0,1.96,0.0,1.52,0.0,0.0
141,BANGU,2021,0.0,13.0,0.0,20.0,2.0,1.0,26.0,592.0,2.0,1458.0,469.0,3.0,0.0,2.2,0.0,1.37,0.43,33.33
128,BARRA DA TIJUCA,2021,0.0,12.0,0.0,2.0,0.0,0.0,1.0,977.0,0.0,119.0,16.0,26.0,0.0,1.23,,1.68,0.0,0.0
152,BARRA DE GUARATIBA,2021,0.0,0.0,0.0,0.0,0.0,0.0,1.0,22.0,0.0,43.0,5.0,0.0,0.0,0.0,,0.0,0.0,
165,BARRA OLIMPICA,2021,0.0,0.0,0.0,0.0,0.0,0.0,0.0,0.0,0.0,0.0,0.0,0.0,,,,,,
112,BARROS FILHO,2021,0.0,1.0,0.0,2.0,0.0,0.0,0.0,47.0,0.0,126.0,45.0,1.0,,2.13,,1.59,0.0,0.0
012,BENFICA,2021,0.0,3.0,0.0,1.0,0.0,1.0,2.0,112.0,1.0,197.0,58.0,0.0,0.0,2.68,0.0,0.51,0.0,
089,BENTO RIBEIRO,2021,0.0,3.0,0.0,4.0,1.0,1.0,1.0,113.0,0.0,165.0,60.0,2.0,0.0,2.65,,2.42,1.67,50.0
040,BONSUCESSO,2021,0.0,1.0,0.0,0.0,0.0,3.0,2.0,163.0,0.0,336.0,76.0,3.0,0.0,0.61,,0.0,0.0,100.0
020,BOTAFOGO,2021,0.0,4.0,0.0,1.0,0.0,0.0,2.0,342.0,0.0,88.0,32.0,33.0,0.0,1.17,,1.14,0.0,0.0
045,BRAS DE PINA,2021,0.0,2.0,0.0,3.0,1.0,0.0,1.0,152.0,0.0,217.0,76.0,2.0,0.0,1.32,,1.38,1.32,0.0
065,CACHAMBI,2021,0.0,1.0,0.0,1.0,0.0,0.0,1.0,163.0,0.0,115.0,23.0,7.0,0.0,0.61,,0.87,0.0,0.0
093,CACUIA,2021,0.0,1.0,0.0,0.0,0.0,0.0,0.0,42.0,0.0,33.0,7.0,1.0,,2.38,,0.0,0.0,0.0
004,CAJU,2021,0.0,3.0,0.0,1.0,0.0,0.0,5.0,108.0,0.0,186.0,35.0,0.0,0.0,2.78,,0.54,0.0,
129,CAMORIM,2021,0.0,0.0,0.0,1.0,0.0,0.0,4.0,45.0,1.0,26.0,7.0,0.0,0.0,0.0,0.0,3.85,0.0,
078,CAMPINHO,2021,0.0,0.0,0.0,0.0,1.0,0.0,0.0,44.0,0.0,50.0,16.0,0.0,,0.0,,0.0,6.25,
136,CAMPO DOS AFONSOS,2021,0.0,1.0,0.0,0.0,0.0,0.0,1.0,20.0,0.0,4.0,4.0,0.0,0.0,5.0,,0.0,0.0,
144,CAMPO GRANDE,2021,0.0,14.0,0.0,27.0,3.0,1.0,31.0,1333.0,1.0,2136.0,605.0,17.0,0.0,1.05,0.0,1.26,0.5,5.88
082,CASCADURA,2021,0.0,1.0,0.0,1.0,0.0,1.0,0.0,71.0,0.0,157.0,53.0,2.0,,1.41,,0.64,0.0,50.0
018,CATETE,2021,0.0,1.0,0.0,0.0,0.0,0.0,0.0,64.0,1.0,61.0,12.0,5.0,,1.56,0.0,0.0,0.0,0.0
006,CATUMBI,2021,0.0,1.0,0.0,1.0,0.0,0.0,3.0,45.0,0.0,90.0,40.0,2.0,0.0,2.22,,1.11,0.0,0.0
080,CAVALCANTE,2021,0.0,1.0,0.0,1.0,0.0,0.0,0.0,32.0,0.0,96.0,29.0,1.0,,3.12,,1.04,0.0,0.0
005,CENTRO,2021,1.0,1.0,0.0,0.0,1.0,1.0,3.0,85.0,3.0,108.0,33.0,9.0,33.33,1.18,0.0,0.0,3.03,11.11
118,CIDADE DE DEUS,2021,0.0,1.0,0.0,6.0,0.0,1.0,1.0,90.0,0.0,395.0,166.0,1.0,0.0,1.11,,1.52,0.0,100.0
008,CIDADE NOVA,2021,0.0,0.0,0.0,0.0,0.0,0.0,0.0,18.0,0.0,31.0,10.0,0.0,,0.0,,0.0,0.0,
105,CIDADE UNIVERSITARIA,2021,0.0,0.0,0.0,0.0,0.0,0.0,0.0,3.0,0.0,9.0,3.0,0.0,,0.0,,0.0,0.0,
096,COCOTA,2021,0.0,0.0,0.0,0.0,0.0,1.0,0.0,26.0,0.0,35.0,6.0,2.0,,0.0,,0.0,0.0,50.0
110,COELHO NETO,2021,0.0,0.0,0.0,2.0,0.0,0.0,0.0,70.0,0.0,170.0,53.0,0.0,,0.0,,1.18,0.0,
077,COLEGIO,2021,0.0,1.0,0.0,4.0,0.0,0.0,1.0,80.0,0.0,198.0,60.0,0.0,0.0,1.25,,2.02,0.0,
157,COMPLEXO DA MARE,2021,0.0,8.0,0.0,9.0,0.0,3.0,7.0,264.0,2.0,954.0,152.0,0.0,0.0,3.03,0.0,0.94,0.0,
156,COMPLEXO DO ALEMAO,2021,0.0,1.0,0.0,2.0,0.0,1.0,0.0,36.0,0.0,148.0,26.0,0.0,,2.78,,1.35,0.0,
024,COPACABANA,2021,0.0,4.0,0.0,2.0,0.0,0.0,3.0,423.0,2.0,223.0,101.0,33.0,0.0,0.95,0.0,0.9,0.0,0.0
046,CORDOVIL,2021,0.0,0.0,0.0,1.0,1.0,3.0,0.0,92.0,0.0,243.0,81.0,2.0,,0.0,,0.41,1.23,150.0
019,COSME VELHO,2021,0.0,0.0,0.0,1.0,1.0,0.0,2.0,25.0,0.0,24.0,18.0,1.0,0.0,0.0,,4.17,5.56,0.0
147,COSMOS,2021,0.0,3.0,0.0,20.0,0.0,3.0,9.0,259.0,1.0,634.0,223.0,10.0,0.0,1.16,0.0,3.15,0.0,30.0
113,COSTA BARROS,2021,0.0,1.0,0.0,4.0,2.0,1.0,1.0,84.0,0.0,322.0,114.0,0.0,0.0,1.19,,1.24,1.75,
119,CURICICA,2021,0.0,2.0,0.0,3.0,1.0,0.0,2.0,170.0,0.0,360.0,102.0,0.0,0.0,1.18,,0.83,0.98,
053,DEL CASTILHO,2021,0.0,0.0,0.0,3.0,0.0,1.0,1.0,97.0,0.0,141.0,17.0,4.0,0.0,0.0,,2.13,0.0,25.0
134,DEODORO,2021,0.0,0.0,0.0,0.0,0.0,0.0,0.0,25.0,0.0,66.0,41.0,0.0,,0.0,,0.0,0.0,
068,ENCANTADO,2021,0.0,0.0,0.0,0.0,0.0,0.0,0.0,39.0,0.0,48.0,8.0,1.0,,0.0,,0.0,0.0,0.0
081,ENGENHEIRO LEAL,2021,0.0,0.0,0.0,1.0,0.0,0.0,0.0,7.0,0.0,34.0,17.0,0.0,,0.0,,2.94,0.0,
055,ENGENHO DA RAINHA,2021,0.0,1.0,0.0,2.0,0.0,0.0,0.0,60.0,0.0,155.0,30.0,1.0,,1.67,,1.29,0.0,0.0
066,ENGENHO DE DENTRO,2021,0.0,1.0,0.0,1.0,0.0,1.0,2.0,149.0,0.0,218.0,36.0,5.0,0.0,0.67,,0.46,0.0,20.0
061,ENGENHO NOVO,2021,0.0,1.0,0.0,4.0,1.0,0.0,2.0,123.0,0.0,250.0,43.0,4.0,0.0,0.81,,1.6,2.33,0.0
009,ESTACIO,2021,0.0,0.0,0.0,4.0,0.0,0.0,0.0,48.0,0.0,92.0,53.0,0.0,,0.0,,4.35,0.0,
015,FLAMENGO,2021,0.0,0.0,0.0,0.0,0.0,0.0,0.0,169.0,0.0,21.0,20.0,19.0,,0.0,,0.0,0.0,0.0
098,FREGUESIA-ILHA,2021,0.0,3.0,0.0,1.0,0.0,0.0,3.0,81.0,0.0,128.0,38.0,2.0,0.0,3.7,,0.78,0.0,0.0
120,FREGUESIA-JPA,2021,0.0,2.0,0.0,2.0,0.0,0.0,2.0,350.0,0.0,202.0,53.0,2.0,0.0,0.57,,0.99,0.0,0.0
104,GALEAO,2021,0.0,1.0,0.0,2.0,0.0,0.0,6.0,127.0,1.0,169.0,57.0,1.0,0.0,0.79,0.0,1.18,0.0,0.0
002,GAMBOA,2021,0.0,1.0,0.0,1.0,0.0,0.0,2.0,42.0,1.0,84.0,25.0,0.0,0.0,2.38,0.0,1.19,0.0,
117,GARDENIA AZUL,2021,0.0,1.0,0.0,3.0,0.0,0.0,6.0,96.0,0.0,296.0,62.0,0.0,0.0,1.04,,1.01,0.0,
029,GAVEA,2021,0.0,0.0,0.0,0.0,0.0,0.0,0.0,86.0,1.0,35.0,10.0,11.0,,0.0,0.0,0.0,0.0,0.0
160,GERICINo,2021,0.0,0.0,0.0,0.0,0.0,0.0,0.0,4.0,0.0,7.0,1.0,0.0,,0.0,,0.0,0.0,
016,GLORIA,2021,0.0,0.0,0.0,0.0,0.0,0.0,2.0,36.0,0.0,18.0,4.0,1.0,0.0,0.0,,0.0,0.0,0.0
038,GRAJAU,2021,0.0,1.0,0.0,0.0,0.0,1.0,0.0,120.0,1.0,69.0,14.0,10.0,,0.83,0.0,0.0,0.0,10.0
133,GRUMARI,2021,0.0,0.0,0.0,0.0,0.0,0.0,0.0,0.0,0.0,3.0,2.0,0.0,,,,0.0,0.0,
106,GUADALUPE,2021,0.0,3.0,0.0,1.0,1.0,0.0,2.0,126.0,0.0,286.0,79.0,1.0,0.0,2.38,,0.35,1.27,0.0
151,GUARATIBA,2021,0.0,5.0,0.0,15.0,0.0,1.0,25.0,444.0,1.0,1157.0,265.0,6.0,0.0,1.13,0.0,1.3,0.0,16.67
050,HIGIENOPOLIS,2021,0.0,1.0,0.0,1.0,0.0,0.0,2.0,42.0,0.0,51.0,10.0,3.0,0.0,2.38,,1.96,0.0,0.0
087,HONORIO GURGEL,2021,0.0,1.0,0.0,1.0,0.0,0.0,0.0,55.0,0.0,112.0,42.0,1.0,,1.82,,0.89,0.0,0.0
021,HUMAITA,2021,0.0,0.0,0.0,0.0,0.0,0.0,0.0,52.0,0.0,10.0,1.0,5.0,,0.0,,0.0,0.0,0.0
999,IGNORADO BAIRRO-MRJ,2021,0.0,1.0,0.0,1.0,1.0,1.0,2.0,9.0,0.0,35.0,14.0,1.0,0.0,11.11,,2.86,7.14,100.0
164,ILHA DE GUARATIBA,2021,0.0,0.0,0.0,0.0,0.0,0.0,0.0,0.0,0.0,0.0,0.0,0.0,,,,,,
998,ILHA DO GOVERNADOR - IGNORADO,2021,0.0,0.0,0.0,0.0,0.0,0.0,0.0,31.0,0.0,34.0,3.0,0.0,,0.0,,0.0,0.0,
054,INHAUMA,2021,0.0,2.0,0.0,3.0,0.0,0.0,2.0,188.0,2.0,507.0,73.0,1.0,0.0,1.06,0.0,0.59,0.0,0.0
146,INHOAIBA,2021,0.0,1.0,0.0,8.0,2.0,0.0,8.0,209.0,2.0,525.0,174.0,4.0,0.0,0.48,0.0,1.52,1.15,0.0
025,IPANEMA,2021,0.0,0.0,0.0,0.0,0.0,0.0,0.0,201.0,1.0,17.0,5.0,21.0,,0.0,0.0,0.0,0.0,0.0
076,IRAJA,2021,0.0,4.0,0.0,7.0,0.0,0.0,4.0,320.0,1.0,354.0,128.0,9.0,0.0,1.25,0.0,1.98,0.0,0.0
127,ITANHANGA,2021,0.0,7.0,0.0,3.0,0.0,3.0,2.0,255.0,0.0,396.0,44.0,12.0,0.0,2.75,,0.76,0.0,25.0
163,JABOUR,2021,0.0,0.0,0.0,0.0,0.0,0.0,0.0,0.0,0.0,0.0,0.0,0.0,,,,,,
051,JACARE,2021,0.0,3.0,0.0,1.0,0.0,1.0,2.0,59.0,0.0,207.0,45.0,1.0,0.0,5.08,,0.48,0.0,100.0
115,JACAREPAGUA,2021,0.0,10.0,0.0,16.0,0.0,3.0,15.0,1018.0,1.0,1152.0,178.0,49.0,0.0,0.98,0.0,1.39,0.0,6.12
155,JACAREZINHO,2021,0.0,0.0,0.0,1.0,1.0,0.0,1.0,31.0,1.0,142.0,30.0,0.0,0.0,0.0,0.0,0.7,3.33,
049,JARDIM AMERICA,2021,0.0,0.0,0.0,1.0,0.0,0.0,2.0,76.0,1.0,176.0,43.0,4.0,0.0,0.0,0.0,0.57,0.0,0.0
028,JARDIM BOTANICO,2021,0.0,1.0,0.0,0.0,0.0,0.0,1.0,79.0,0.0,13.0,2.0,3.0,0.0,1.27,,0.0,0.0,0.0
100,JARDIM CARIOCA,2021,0.0,2.0,0.0,1.0,0.0,1.0,2.0,74.0,0.0,111.0,22.0,4.0,0.0,2.7,,0.9,0.0,25.0
099,JARDIM GUANABARA,2021,0.0,2.0,0.0,2.0,0.0,0.0,0.0,137.0,0.0,36.0,7.0,6.0,,1.46,,5.56,0.0,0.0
137,JARDIM SULACAP,2021,0.0,1.0,0.0,0.0,0.0,0.0,1.0,96.0,0.0,52.0,23.0,1.0,0.0,1.04,,0.0,0.0,0.0
126,JOA,2021,0.0,0.0,0.0,0.0,0.0,0.0,0.0,7.0,0.0,0.0,0.0,0.0,,0.0,,,,
027,LAGOA,2021,0.0,0.0,0.0,0.0,0.0,0.0,1.0,96.0,0.0,3.0,0.0,5.0,0.0,0.0,,0.0,,0.0
161,LAPA,2021,0.0,1.0,0.0,0.0,0.0,0.0,1.0,15.0,0.0,8.0,8.0,0.0,0.0,6.67,,0.0,0.0,
017,LARANJEIRAS,2021,0.0,1.0,0.0,1.0,1.0,0.0,0.0,174.0,0.0,35.0,14.0,21.0,,0.57,,2.86,7.14,0.0
026,LEBLON,2021,0.0,2.0,0.0,2.0,0.0,0.0,0.0,172.0,0.0,23.0,7.0,26.0,,1.16,,8.7,0.0,0.0
023,LEME,2021,0.0,0.0,0.0,2.0,0.0,0.0,0.0,49.0,1.0,22.0,11.0,4.0,,0.0,0.0,9.09,0.0,0.0
062,LINS DE VASCONCELOS,2021,0.0,3.0,0.0,2.0,0.0,1.0,1.0,100.0,0.0,235.0,33.0,1.0,0.0,3.0,,0.85,0.0,100.0
083,MADUREIRA,2021,0.0,1.0,0.0,8.0,0.0,1.0,1.0,106.0,0.0,241.0,108.0,0.0,0.0,0.94,,3.32,0.0,
138,MAGALHAES BASTOS,2021,0.0,1.0,0.0,2.0,0.0,0.0,0.0,47.0,1.0,118.0,39.0,0.0,,2.13,0.0,1.69,0.0,
011,MANGUEIRA,2021,0.0,2.0,0.0,2.0,1.0,2.0,0.0,41.0,0.0,128.0,79.0,0.0,,4.88,,1.56,1.27,
039,MANGUINHOS,2021,0.0,1.0,0.0,2.0,0.0,0.0,0.0,101.0,0.0,204.0,77.0,1.0,,0.99,,0.98,0.0,0.0
035,MARACANA,2021,0.0,0.0,0.0,0.0,1.0,0.0,0.0,95.0,0.0,29.0,13.0,7.0,,0.0,,0.0,7.69,0.0
090,MARECHAL HERMES,2021,0.0,4.0,0.0,0.0,0.0,1.0,0.0,116.0,1.0,217.0,78.0,0.0,,3.45,0.0,0.0,0.0,
052,MARIA DA GRACA,2021,0.0,0.0,0.0,0.0,0.0,0.0,0.0,25.0,0.0,29.0,6.0,0.0,,0.0,,0.0,0.0,
063,MEIER,2021,0.0,1.0,0.0,1.0,0.0,0.0,1.0,143.0,0.0,83.0,19.0,3.0,0.0,0.7,,1.2,0.0,0.0
102,MONERO,2021,0.0,0.0,0.0,0.0,0.0,0.0,0.0,22.0,0.0,5.0,1.0,1.0,,0.0,,0.0,0.0,0.0
042,OLARIA,2021,0.0,2.0,0.0,1.0,0.0,0.0,3.0,149.0,0.0,226.0,88.0,1.0,0.0,1.34,,0.44,0.0,0.0
088,OSWALDO CRUZ,2021,0.0,1.0,0.0,1.0,0.0,1.0,1.0,82.0,0.0,139.0,55.0,1.0,0.0,1.22,,0.72,0.0,100.0
148,PACIENCIA,2021,0.0,4.0,0.0,20.0,0.0,1.0,10.0,316.0,0.0,795.0,267.0,6.0,0.0,1.27,,2.52,0.0,16.67
140,PADRE MIGUEL,2021,0.0,4.0,0.0,5.0,0.0,0.0,7.0,152.0,1.0,326.0,116.0,1.0,0.0,2.63,0.0,1.53,0.0,0.0
013,PAQUETA,2021,0.0,0.0,0.0,0.0,0.0,0.0,0.0,16.0,0.0,19.0,4.0,0.0,,0.0,,0.0,0.0,
047,PARADA DE LUCAS,2021,0.0,0.0,0.0,1.0,0.0,1.0,2.0,75.0,0.0,189.0,41.0,1.0,0.0,0.0,,0.53,0.0,100.0
108,PARQUE ANCHIETA,2021,0.0,2.0,0.0,0.0,0.0,0.0,1.0,65.0,0.0,93.0,37.0,1.0,0.0,3.08,,0.0,0.0,0.0
158,PARQUE COLUMBIA,2021,0.0,0.0,0.0,1.0,0.0,0.0,0.0,15.0,0.0,36.0,5.0,0.0,,0.0,,2.78,0.0,
114,PAVUNA,2021,0.0,2.0,0.0,14.0,1.0,0.0,3.0,208.0,1.0,522.0,176.0,0.0,0.0,0.96,0.0,2.68,0.57,
121,PECHINCHA,2021,0.0,1.0,0.0,2.0,0.0,0.0,2.0,202.0,1.0,125.0,26.0,0.0,0.0,0.5,0.0,1.6,0.0,
153,PEDRA DE GUARATIBA,2021,0.0,0.0,0.0,3.0,0.0,0.0,3.0,118.0,0.0,270.0,44.0,1.0,0.0,0.0,,1.11,0.0,0.0
043,PENHA,2021,0.0,2.0,0.0,5.0,2.0,2.0,7.0,205.0,2.0,365.0,122.0,5.0,0.0,0.98,0.0,1.37,1.64,40.0
044,PENHA CIRCULAR,2021,0.0,1.0,0.0,0.0,1.0,0.0,0.0,116.0,0.0,193.0,65.0,3.0,,0.86,,0.0,1.54,0.0
069,PIEDADE,2021,0.0,2.0,0.0,0.0,0.0,0.0,0.0,107.0,0.0,216.0,44.0,0.0,,1.87,,0.0,0.0,
071,PILARES,2021,0.0,4.0,0.0,1.0,1.0,1.0,2.0,61.0,0.0,140.0,25.0,0.0,0.0,6.56,,0.71,4.0,
094,PITANGUEIRAS,2021,0.0,0.0,0.0,1.0,0.0,0.0,0.0,33.0,0.0,46.0,6.0,0.0,,0.0,,2.17,0.0,
103,PORTUGUESA,2021,0.0,0.0,0.0,0.0,0.0,0.0,4.0,72.0,0.0,62.0,15.0,1.0,0.0,0.0,,0.0,0.0,0.0
032,PRACA DA BANDEIRA,2021,0.0,0.0,0.0,1.0,0.0,0.0,1.0,28.0,1.0,27.0,5.0,2.0,0.0,0.0,0.0,3.7,0.0,0.0
124,PRACA SECA,2021,0.0,3.0,0.0,5.0,1.0,0.0,2.0,183.0,2.0,370.0,92.0,4.0,0.0,1.64,0.0,1.35,1.09,0.0
095,PRAIA DA BANDEIRA,2021,0.0,0.0,0.0,0.0,0.0,0.0,0.0,22.0,1.0,10.0,4.0,1.0,,0.0,0.0,0.0,0.0,0.0
079,QUINTINO BOCAIUVA,2021,0.0,1.0,0.0,4.0,0.0,0.0,1.0,73.0,0.0,128.0,24.0,1.0,0.0,1.37,,3.12,0.0,0.0
041,RAMOS,2021,0.0,2.0,0.0,4.0,0.0,3.0,4.0,155.0,0.0,400.0,76.0,1.0,0.0,1.29,,1.0,0.0,300.0
139,REALENGO,2021,0.0,7.0,0.0,12.0,2.0,2.0,30.0,507.0,2.0,998.0,326.0,6.0,0.0,1.38,0.0,1.2,0.61,33.33
132,RECREIO BANDEIRANTES,2021,0.0,4.0,0.0,1.0,0.0,0.0,11.0,828.0,1.0,448.0,49.0,16.0,0.0,0.48,0.0,0.22,0.0,0.0
059,RIACHUELO,2021,0.0,0.0,0.0,0.0,0.0,0.0,0.0,30.0,0.0,34.0,6.0,6.0,,0.0,,0.0,0.0,0.0
091,RIBEIRA,2021,0.0,0.0,0.0,0.0,0.0,0.0,0.0,8.0,0.0,6.0,1.0,3.0,,0.0,,0.0,0.0,0.0
109,RICARDO ALBUQUERQUE,2021,0.0,2.0,0.0,3.0,0.0,0.0,1.0,71.0,0.0,175.0,58.0,1.0,0.0,2.82,,1.71,0.0,0.0
007,RIO COMPRIDO,2021,0.0,2.0,0.0,2.0,0.0,0.0,2.0,125.0,1.0,145.0,91.0,7.0,0.0,1.6,0.0,1.38,0.0,0.0
058,ROCHA,2021,0.0,0.0,0.0,2.0,0.0,1.0,0.0,38.0,1.0,91.0,17.0,2.0,,0.0,0.0,2.2,0.0,50.0
086,ROCHA MIRANDA,2021,0.0,0.0,0.0,2.0,0.0,0.0,1.0,120.0,0.0,223.0,89.0,2.0,0.0,0.0,,0.9,0.0,0.0
154,ROCINHA,2021,0.0,8.0,0.0,4.0,2.0,1.0,3.0,216.0,2.0,300.0,66.0,34.0,0.0,3.7,0.0,1.33,3.03,2.94
060,SAMPAIO,2021,0.0,0.0,0.0,0.0,0.0,0.0,1.0,29.0,0.0,77.0,13.0,0.0,0.0,0.0,,0.0,0.0,
149,SANTA CRUZ,2021,0.0,14.0,0.0,35.0,3.0,2.0,23.0,710.0,2.0,1928.0,732.0,11.0,0.0,1.97,0.0,1.82,0.41,18.18
014,SANTA TERESA,2021,0.0,0.0,0.0,4.0,0.0,1.0,3.0,133.0,1.0,133.0,85.0,1.0,0.0,0.0,0.0,3.01,0.0,100.0
143,SANTISSIMO,2021,0.0,2.0,0.0,2.0,0.0,0.0,3.0,158.0,0.0,397.0,99.0,1.0,0.0,1.27,,0.5,0.0,0.0
003,SANTO CRISTO,2021,0.0,1.0,0.0,1.0,0.0,0.0,6.0,38.0,2.0,76.0,44.0,2.0,0.0,2.63,0.0,1.32,0.0,0.0
031,SAO CONRADO,2021,0.0,1.0,0.0,0.0,0.0,0.0,0.0,56.0,0.0,4.0,2.0,6.0,,1.79,,0.0,0.0,0.0
010,SAO CRISTOVAO,2021,0.0,3.0,0.0,2.0,0.0,0.0,3.0,165.0,0.0,191.0,64.0,2.0,0.0,1.82,,1.05,0.0,0.0
057,SAO FRANCISCO XAVIER,2021,0.0,0.0,0.0,1.0,0.0,0.0,0.0,21.0,0.0,21.0,12.0,1.0,,0.0,,4.76,0.0,0.0
001,SAUDE,2021,0.0,0.0,0.0,0.0,0.0,0.0,0.0,8.0,0.0,17.0,6.0,1.0,,0.0,,0.0,0.0,0.0
142,SENADOR CAMARA,2021,0.0,5.0,0.0,13.0,4.0,1.0,13.0,259.0,1.0,712.0,206.0,2.0,0.0,1.93,0.0,1.83,1.94,50.0
145,SENADOR VASCONCELOS,2021,0.0,1.0,0.0,1.0,1.0,0.0,5.0,79.0,1.0,202.0,53.0,1.0,0.0,1.27,0.0,0.5,1.89,0.0
150,SEPETIBA,2021,0.0,3.0,0.0,5.0,0.0,0.0,0.0,184.0,2.0,440.0,113.0,1.0,,1.63,0.0,1.14,0.0,0.0
123,TANQUE,2021,0.0,1.0,0.0,2.0,0.0,0.0,1.0,113.0,0.0,263.0,59.0,1.0,0.0,0.88,,0.76,0.0,0.0
122,TAQUARA,2021,0.0,6.0,0.0,8.0,1.0,1.0,5.0,498.0,0.0,630.0,133.0,6.0,0.0,1.2,,1.27,0.75,16.67
101,TAUA,2021,0.0,0.0,0.0,0.0,0.0,1.0,1.0,113.0,0.0,108.0,36.0,0.0,0.0,0.0,,0.0,0.0,
033,TIJUCA,2021,0.0,6.0,0.0,5.0,0.0,0.0,9.0,516.0,1.0,225.0,145.0,27.0,0.0,1.16,0.0,2.22,0.0,0.0
064,TODOS OS SANTOS,2021,0.0,0.0,0.0,1.0,0.0,0.0,1.0,81.0,0.0,37.0,12.0,3.0,0.0,0.0,,2.7,0.0,0.0
056,TOMAS COELHO,2021,0.0,1.0,0.0,2.0,0.0,0.0,2.0,60.0,1.0,145.0,42.0,3.0,0.0,1.67,0.0,1.38,0.0,0.0
085,TURIACU,2021,0.0,0.0,0.0,0.0,0.0,0.0,0.0,28.0,0.0,78.0,34.0,0.0,,0.0,,0.0,0.0,
022,URCA,2021,0.0,0.0,0.0,0.0,0.0,0.0,0.0,26.0,1.0,10.0,2.0,6.0,,0.0,0.0,0.0,0.0,0.0
131,VARGEM GRANDE,2021,0.0,0.0,0.0,2.0,0.0,0.0,1.0,68.0,0.0,146.0,32.0,0.0,0.0,0.0,,1.37,0.0,
130,VARGEM PEQUENA,2021,0.0,0.0,0.0,0.0,0.0,0.0,0.0,156.0,0.0,183.0,50.0,0.0,,0.0,,0.0,0.0,
159,VASCO DA GAMA,2021,0.0,1.0,0.0,0.0,0.0,1.0,0.0,33.0,0.0,39.0,7.0,1.0,,3.03,,0.0,0.0,100.0
084,VAZ LOBO,2021,0.0,2.0,0.0,2.0,1.0,0.0,0.0,38.0,1.0,101.0,41.0,0.0,,5.26,0.0,1.98,2.44,
073,VICENTE DE CARVALHO,2021,0.0,0.0,0.0,1.0,3.0,0.0,2.0,66.0,0.0,110.0,38.0,2.0,0.0,0.0,,0.91,7.89,0.0
030,VIDIGAL,2021,0.0,1.0,0.0,0.0,1.0,0.0,1.0,54.0,0.0,60.0,27.0,6.0,0.0,1.85,,0.0,3.7,0.0
048,VIGARIO GERAL,2021,0.0,1.0,0.0,4.0,0.0,1.0,0.0,75.0,0.0,268.0,73.0,1.0,,1.33,,1.49,0.0,100.0
074,VILA DA PENHA,2021,0.0,2.0,0.0,2.0,0.0,0.0,0.0,112.0,0.0,44.0,14.0,6.0,,1.79,,4.55,0.0,0.0
036,VILA ISABEL,2021,0.0,3.0,0.0,4.0,0.0,0.0,1.0,235.0,1.0,191.0,62.0,10.0,0.0,1.28,0.0,2.09,0.0,0.0
162,VILA KENNEDY,2021,0.0,1.0,0.0,2.0,0.0,0.0,4.0,17.0,0.0,63.0,17.0,0.0,0.0,5.88,,3.17,0.0,
072,VILA KOSMOS,2021,0.0,0.0,0.0,1.0,0.0,0.0,1.0,45.0,0.0,58.0,18.0,0.0,0.0,0.0,,1.72,0.0,
135,VILA MILITAR,2021,0.0,2.0,0.0,0.0,0.0,0.0,0.0,72.0,0.0,55.0,24.0,0.0,,2.78,,0.0,0.0,
125,VILA VALQUEIRE,2021,0.0,1.0,0.0,0.0,0.0,0.0,0.0,126.0,0.0,93.0,34.0,1.0,,0.79,,0.0,0.0,0.0
075,VISTA ALEGRE,2021,0.0,0.0,0.0,1.0,0.0,0.0,2.0,25.0,0.0,20.0,7.0,2.0,0.0,0.0,,5.0,0.0,0.0
092,ZUMBI,2021,0.0,0.0,0.0,0.0,0.0,0.0,0.0,15.0,0.0,7.0,1.0,0.0,,0.0,,0.0,0.0,
070,ABOLICAO,2022,0.0,0.0,0.0,0.0,0.0,0.0,0.0,43.0,0.0,38.0,16.0,1.0,,0.0,,0.0,0.0,0.0
111,ACARI,2022,0.0,1.0,0.0,6.0,1.0,1.0,0.0,76.0,0.0,246.0,67.0,18.0,,1.32,,2.44,1.49,5.56
067,AGUA SANTA,2022,0.0,0.0,0.0,0.0,0.0,0.0,0.0,23.0,0.0,39.0,7.0,0.0,,0.0,,0.0,0.0,
034,ALTO DA BOA VISTA,2022,0.0,0.0,0.0,0.0,0.0,0.0,0.0,28.0,0.0,22.0,16.0,4.0,,0.0,,0.0,0.0,0.0
107,ANCHIETA,2022,0.0,3.0,0.0,3.0,0.0,1.0,3.0,162.0,0.0,398.0,157.0,26.0,0.0,1.85,,0.75,0.0,3.85
037,ANDARAI,2022,0.0,1.0,0.0,0.0,1.0,1.0,1.0,121.0,0.0,78.0,41.0,28.0,0.0,0.83,,0.0,2.44,3.57
116,ANIL,2022,0.0,0.0,0.0,1.0,0.0,0.0,4.0,188.0,0.0,184.0,56.0,7.0,0.0,0.0,,0.54,0.0,0.0
097,BANCARIOS,2022,0.0,1.0,0.0,0.0,0.0,1.0,3.0,76.0,0.0,81.0,22.0,4.0,0.0,1.32,,0.0,0.0,25.0
141,BANGU,2022,0.0,10.0,0.0,13.0,4.0,0.0,22.0,630.0,1.0,1292.0,486.0,30.0,0.0,1.59,0.0,1.01,0.82,0.0
128,BARRA DA TIJUCA,2022,0.0,0.0,0.0,0.0,0.0,1.0,6.0,957.0,1.0,152.0,21.0,73.0,0.0,0.0,0.0,0.0,0.0,1.37
152,BARRA DE GUARATIBA,2022,0.0,0.0,0.0,0.0,0.0,0.0,1.0,18.0,0.0,54.0,10.0,0.0,0.0,0.0,,0.0,0.0,
165,BARRA OLIMPICA,2022,0.0,0.0,0.0,0.0,0.0,0.0,0.0,0.0,0.0,0.0,0.0,0.0,,,,,,
112,BARROS FILHO,2022,0.0,2.0,0.0,3.0,1.0,0.0,0.0,26.0,0.0,115.0,37.0,9.0,,7.69,,2.61,2.7,0.0
012,BENFICA,2022,0.0,1.0,0.0,2.0,0.0,1.0,0.0,98.0,0.0,163.0,60.0,0.0,,1.02,,1.23,0.0,
089,BENTO RIBEIRO,2022,0.0,2.0,0.0,1.0,1.0,0.0,0.0,83.0,0.0,151.0,53.0,14.0,,2.41,,0.66,1.89,0.0
040,BONSUCESSO,2022,0.0,2.0,0.0,0.0,0.0,0.0,6.0,219.0,0.0,406.0,106.0,5.0,0.0,0.91,,0.0,0.0,0.0
020,BOTAFOGO,2022,0.0,0.0,0.0,4.0,0.0,0.0,1.0,332.0,0.0,95.0,24.0,121.0,0.0,0.0,,4.21,0.0,0.0
045,BRAS DE PINA,2022,0.0,0.0,0.0,2.0,0.0,0.0,2.0,119.0,0.0,201.0,80.0,15.0,0.0,0.0,,1.0,0.0,0.0
065,CACHAMBI,2022,0.0,3.0,0.0,0.0,0.0,0.0,2.0,148.0,0.0,106.0,28.0,22.0,0.0,2.03,,0.0,0.0,0.0
093,CACUIA,2022,0.0,0.0,0.0,3.0,0.0,1.0,0.0,36.0,0.0,42.0,10.0,1.0,,0.0,,7.14,0.0,100.0
004,CAJU,2022,0.0,2.0,0.0,3.0,0.0,1.0,2.0,104.0,2.0,178.0,43.0,2.0,0.0,1.92,0.0,1.69,0.0,50.0
129,CAMORIM,2022,0.0,0.0,0.0,0.0,0.0,0.0,0.0,63.0,0.0,47.0,13.0,0.0,,0.0,,0.0,0.0,
078,CAMPINHO,2022,0.0,2.0,0.0,1.0,0.0,0.0,1.0,41.0,0.0,40.0,14.0,4.0,0.0,4.88,,2.5,0.0,0.0
136,CAMPO DOS AFONSOS,2022,0.0,1.0,0.0,0.0,0.0,0.0,0.0,23.0,0.0,6.0,2.0,0.0,,4.35,,0.0,0.0,
144,CAMPO GRANDE,2022,0.0,16.0,0.0,21.0,4.0,0.0,35.0,1316.0,7.0,1898.0,586.0,58.0,0.0,1.22,0.0,1.11,0.68,0.0
082,CASCADURA,2022,0.0,1.0,0.0,2.0,1.0,1.0,3.0,73.0,0.0,154.0,65.0,9.0,0.0,1.37,,1.3,1.54,11.11
018,CATETE,2022,0.0,0.0,0.0,1.0,0.0,0.0,0.0,72.0,0.0,61.0,22.0,19.0,,0.0,,1.64,0.0,0.0
006,CATUMBI,2022,0.0,4.0,0.0,0.0,0.0,1.0,2.0,25.0,0.0,69.0,48.0,4.0,0.0,16.0,,0.0,0.0,25.0
080,CAVALCANTE,2022,0.0,1.0,0.0,3.0,0.0,0.0,0.0,33.0,0.0,91.0,29.0,4.0,,3.03,,3.3,0.0,0.0
005,CENTRO,2022,0.0,2.0,0.0,5.0,1.0,0.0,4.0,90.0,2.0,95.0,43.0,10.0,0.0,2.22,0.0,5.26,2.33,0.0
118,CIDADE DE DEUS,2022,0.0,1.0,0.0,6.0,1.0,1.0,4.0,75.0,0.0,304.0,207.0,1.0,0.0,1.33,,1.97,0.48,100.0
008,CIDADE NOVA,2022,0.0,1.0,0.0,0.0,0.0,0.0,2.0,17.0,0.0,14.0,11.0,2.0,0.0,5.88,,0.0,0.0,0.0
105,CIDADE UNIVERSITARIA,2022,0.0,0.0,0.0,0.0,0.0,0.0,0.0,3.0,0.0,5.0,2.0,0.0,,0.0,,0.0,0.0,
096,COCOTA,2022,0.0,0.0,0.0,0.0,0.0,0.0,0.0,22.0,0.0,21.0,6.0,3.0,,0.0,,0.0,0.0,0.0
110,COELHO NETO,2022,0.0,2.0,0.0,1.0,1.0,0.0,1.0,63.0,0.0,155.0,45.0,20.0,0.0,3.17,,0.65,2.22,0.0
077,COLEGIO,2022,1.0,0.0,0.0,6.0,2.0,0.0,1.0,80.0,0.0,182.0,69.0,18.0,100.0,0.0,,3.3,2.9,0.0
157,COMPLEXO DA MARE,2022,0.0,12.0,0.0,15.0,0.0,2.0,5.0,163.0,3.0,741.0,114.0,7.0,0.0,7.36,0.0,2.02,0.0,28.57
156,COMPLEXO DO ALEMAO,2022,0.0,9.0,0.0,5.0,1.0,1.0,1.0,39.0,0.0,145.0,45.0,2.0,0.0,23.08,,3.45,2.22,50.0
024,COPACABANA,2022,0.0,6.0,0.0,0.0,1.0,1.0,3.0,434.0,5.0,235.0,81.0,116.0,0.0,1.38,0.0,0.0,1.23,0.86
046,CORDOVIL,2022,0.0,2.0,0.0,2.0,2.0,1.0,0.0,79.0,0.0,201.0,77.0,12.0,,2.53,,1.0,2.6,8.33
019,COSME VELHO,2022,0.0,0.0,0.0,0.0,0.0,0.0,0.0,17.0,1.0,21.0,21.0,5.0,,0.0,0.0,0.0,0.0,0.0
147,COSMOS,2022,0.0,6.0,0.0,8.0,0.0,1.0,6.0,254.0,0.0,567.0,232.0,12.0,0.0,2.36,,1.41,0.0,8.33
113,COSTA BARROS,2022,0.0,2.0,0.0,4.0,0.0,3.0,0.0,88.0,0.0,297.0,124.0,31.0,,2.27,,1.35,0.0,9.68
119,CURICICA,2022,0.0,0.0,0.0,2.0,1.0,0.0,7.0,195.0,0.0,360.0,126.0,7.0,0.0,0.0,,0.56,0.79,0.0
053,DEL CASTILHO,2022,0.0,2.0,0.0,1.0,0.0,0.0,0.0,111.0,1.0,121.0,14.0,5.0,,1.8,0.0,0.83,0.0,0.0
134,DEODORO,2022,0.0,0.0,0.0,0.0,0.0,0.0,0.0,37.0,0.0,82.0,33.0,5.0,,0.0,,0.0,0.0,0.0
068,ENCANTADO,2022,0.0,1.0,0.0,0.0,0.0,1.0,1.0,36.0,0.0,44.0,9.0,1.0,0.0,2.78,,0.0,0.0,100.0
081,ENGENHEIRO LEAL,2022,0.0,1.0,0.0,0.0,0.0,1.0,0.0,13.0,0.0,33.0,18.0,2.0,,7.69,,0.0,0.0,50.0
055,ENGENHO DA RAINHA,2022,0.0,1.0,0.0,2.0,0.0,0.0,0.0,78.0,0.0,141.0,47.0,6.0,,1.28,,1.42,0.0,0.0
066,ENGENHO DE DENTRO,2022,0.0,3.0,0.0,2.0,1.0,0.0,2.0,145.0,0.0,193.0,40.0,13.0,0.0,2.07,,1.04,2.5,0.0
061,ENGENHO NOVO,2022,0.0,0.0,0.0,4.0,0.0,1.0,1.0,123.0,3.0,209.0,81.0,11.0,0.0,0.0,0.0,1.91,0.0,9.09
009,ESTACIO,2022,0.0,1.0,0.0,2.0,2.0,0.0,4.0,56.0,1.0,76.0,38.0,3.0,0.0,1.79,0.0,2.63,5.26,0.0
015,FLAMENGO,2022,0.0,0.0,0.0,1.0,0.0,0.0,0.0,157.0,0.0,48.0,24.0,75.0,,0.0,,2.08,0.0,0.0
098,FREGUESIA-ILHA,2022,0.0,2.0,0.0,0.0,0.0,0.0,2.0,60.0,0.0,71.0,16.0,6.0,0.0,3.33,,0.0,0.0,0.0
120,FREGUESIA-JPA,2022,0.0,2.0,0.0,1.0,1.0,1.0,4.0,363.0,1.0,183.0,58.0,17.0,0.0,0.55,0.0,0.55,1.72,5.88
104,GALEAO,2022,0.0,1.0,0.0,0.0,0.0,0.0,4.0,116.0,1.0,174.0,46.0,6.0,0.0,0.86,0.0,0.0,0.0,0.0
002,GAMBOA,2022,0.0,3.0,0.0,0.0,2.0,0.0,0.0,34.0,2.0,56.0,33.0,6.0,,8.82,0.0,0.0,6.06,0.0
117,GARDENIA AZUL,2022,0.0,1.0,0.0,3.0,0.0,1.0,8.0,101.0,0.0,335.0,85.0,0.0,0.0,0.99,,0.9,0.0,
029,GAVEA,2022,0.0,0.0,0.0,0.0,0.0,0.0,0.0,60.0,1.0,59.0,11.0,36.0,,0.0,0.0,0.0,0.0,0.0
160,GERICINo,2022,0.0,1.0,0.0,0.0,0.0,0.0,0.0,0.0,0.0,0.0,0.0,0.0,,,,,,
016,GLORIA,2022,0.0,0.0,0.0,0.0,0.0,0.0,0.0,17.0,0.0,11.0,4.0,12.0,,0.0,,0.0,0.0,0.0
038,GRAJAU,2022,0.0,0.0,0.0,4.0,1.0,0.0,0.0,118.0,0.0,73.0,14.0,29.0,,0.0,,5.48,7.14,0.0
133,GRUMARI,2022,0.0,0.0,0.0,0.0,0.0,0.0,0.0,0.0,0.0,2.0,0.0,0.0,,,,0.0,,
106,GUADALUPE,2022,0.0,1.0,0.0,1.0,0.0,0.0,2.0,121.0,0.0,252.0,83.0,23.0,0.0,0.83,,0.4,0.0,0.0
151,GUARATIBA,2022,1.0,7.0,0.0,25.0,3.0,0.0,23.0,452.0,0.0,1037.0,267.0,12.0,4.35,1.55,,2.41,1.12,0.0
050,HIGIENOPOLIS,2022,0.0,0.0,0.0,3.0,0.0,0.0,1.0,41.0,0.0,57.0,9.0,6.0,0.0,0.0,,5.26,0.0,0.0
087,HONORIO GURGEL,2022,0.0,4.0,0.0,2.0,0.0,0.0,1.0,66.0,0.0,115.0,44.0,5.0,0.0,6.06,,1.74,0.0,0.0
021,HUMAITA,2022,0.0,1.0,0.0,0.0,1.0,0.0,0.0,49.0,1.0,16.0,5.0,16.0,,2.04,0.0,0.0,20.0,0.0
999,IGNORADO BAIRRO-MRJ,2022,0.0,0.0,0.0,0.0,0.0,0.0,0.0,15.0,0.0,47.0,6.0,3.0,,0.0,,0.0,0.0,0.0
164,ILHA DE GUARATIBA,2022,0.0,0.0,0.0,0.0,0.0,0.0,0.0,0.0,0.0,0.0,0.0,0.0,,,,,,
998,ILHA DO GOVERNADOR - IGNORADO,2022,0.0,0.0,0.0,0.0,0.0,0.0,0.0,2.0,0.0,2.0,0.0,0.0,,0.0,,0.0,,
054,INHAUMA,2022,0.0,1.0,0.0,3.0,2.0,0.0,1.0,154.0,1.0,303.0,68.0,3.0,0.0,0.65,0.0,0.99,2.94,0.0
146,INHOAIBA,2022,0.0,1.0,0.0,5.0,1.0,0.0,3.0,166.0,0.0,489.0,159.0,7.0,0.0,0.6,,1.02,0.63,0.0
025,IPANEMA,2022,0.0,2.0,0.0,0.0,0.0,0.0,2.0,147.0,0.0,27.0,7.0,69.0,0.0,1.36,,0.0,0.0,0.0
076,IRAJA,2022,0.0,5.0,0.0,6.0,0.0,0.0,3.0,304.0,0.0,353.0,122.0,47.0,0.0,1.64,,1.7,0.0,0.0
127,ITANHANGA,2022,0.0,6.0,0.0,3.0,0.0,1.0,9.0,241.0,2.0,392.0,65.0,12.0,0.0,2.49,0.0,0.77,0.0,8.33
163,JABOUR,2022,0.0,0.0,0.0,0.0,0.0,0.0,0.0,0.0,0.0,1.0,0.0,0.0,,,,0.0,,
051,JACARE,2022,0.0,1.0,0.0,1.0,0.0,0.0,0.0,65.0,0.0,184.0,45.0,2.0,,1.54,,0.54,0.0,0.0
115,JACAREPAGUA,2022,0.0,11.0,0.0,9.0,1.0,3.0,20.0,848.0,3.0,816.0,172.0,98.0,0.0,1.3,0.0,1.1,0.58,3.06
155,JACAREZINHO,2022,0.0,2.0,0.0,0.0,1.0,0.0,0.0,35.0,0.0,109.0,26.0,0.0,,5.71,,0.0,3.85,
049,JARDIM AMERICA,2022,0.0,1.0,0.0,2.0,0.0,0.0,0.0,76.0,1.0,155.0,51.0,8.0,,1.32,0.0,1.29,0.0,0.0
028,JARDIM BOTANICO,2022,0.0,0.0,0.0,0.0,0.0,0.0,1.0,74.0,0.0,11.0,4.0,28.0,0.0,0.0,,0.0,0.0,0.0
100,JARDIM CARIOCA,2022,0.0,2.0,0.0,0.0,0.0,1.0,2.0,94.0,0.0,89.0,22.0,6.0,0.0,2.13,,0.0,0.0,16.67
099,JARDIM GUANABARA,2022,0.0,1.0,0.0,1.0,1.0,0.0,1.0,133.0,0.0,30.0,12.0,18.0,0.0,0.75,,3.33,8.33,0.0
137,JARDIM SULACAP,2022,0.0,0.0,0.0,1.0,0.0,0.0,2.0,106.0,0.0,69.0,20.0,3.0,0.0,0.0,,1.45,0.0,0.0
126,JOA,2022,0.0,0.0,0.0,0.0,0.0,0.0,0.0,7.0,0.0,1.0,0.0,0.0,,0.0,,0.0,,
027,LAGOA,2022,0.0,1.0,0.0,0.0,0.0,0.0,0.0,85.0,0.0,8.0,2.0,43.0,,1.18,,0.0,0.0,0.0
161,LAPA,2022,0.0,1.0,0.0,0.0,0.0,0.0,0.0,5.0,0.0,8.0,2.0,0.0,,20.0,,0.0,0.0,
017,LARANJEIRAS,2022,0.0,0.0,0.0,0.0,0.0,2.0,2.0,153.0,0.0,48.0,17.0,65.0,0.0,0.0,,0.0,0.0,3.08
026,LEBLON,2022,0.0,0.0,0.0,0.0,0.0,0.0,0.0,174.0,0.0,28.0,6.0,83.0,,0.0,,0.0,0.0,0.0
023,LEME,2022,0.0,1.0,0.0,0.0,0.0,0.0,0.0,43.0,0.0,26.0,23.0,12.0,,2.33,,0.0,0.0,0.0
062,LINS DE VASCONCELOS,2022,0.0,0.0,0.0,1.0,3.0,0.0,2.0,89.0,0.0,195.0,47.0,12.0,0.0,0.0,,0.51,6.38,0.0
083,MADUREIRA,2022,0.0,2.0,0.0,1.0,1.0,1.0,3.0,95.0,0.0,230.0,111.0,23.0,0.0,2.11,,0.43,0.9,4.35
138,MAGALHAES BASTOS,2022,0.0,1.0,0.0,4.0,0.0,0.0,0.0,59.0,0.0,122.0,44.0,3.0,,1.69,,3.28,0.0,0.0
011,MANGUEIRA,2022,0.0,2.0,0.0,1.0,1.0,1.0,1.0,49.0,0.0,101.0,80.0,4.0,0.0,4.08,,0.99,1.25,25.0
039,MANGUINHOS,2022,0.0,2.0,0.0,3.0,0.0,0.0,1.0,105.0,1.0,213.0,68.0,3.0,0.0,1.9,0.0,1.41,0.0,0.0
035,MARACANA,2022,0.0,3.0,0.0,1.0,0.0,0.0,3.0,90.0,0.0,26.0,12.0,30.0,0.0,3.33,,3.85,0.0,0.0
090,MARECHAL HERMES,2022,0.0,2.0,0.0,1.0,1.0,1.0,1.0,123.0,0.0,150.0,61.0,26.0,0.0,1.63,,0.67,1.64,3.85
052,MARIA DA GRACA,2022,0.0,0.0,0.0,0.0,1.0,0.0,0.0,28.0,0.0,29.0,13.0,1.0,,0.0,,0.0,7.69,0.0
063,MEIER,2022,0.0,1.0,0.0,0.0,0.0,1.0,1.0,126.0,0.0,80.0,24.0,11.0,0.0,0.79,,0.0,0.0,9.09
102,MONERO,2022,0.0,0.0,0.0,0.0,0.0,0.0,0.0,17.0,0.0,3.0,2.0,2.0,,0.0,,0.0,0.0,0.0
042,OLARIA,2022,0.0,4.0,0.0,1.0,2.0,1.0,2.0,163.0,2.0,210.0,101.0,14.0,0.0,2.45,0.0,0.48,1.98,7.14
088,OSWALDO CRUZ,2022,0.0,1.0,0.0,1.0,1.0,0.0,0.0,80.0,0.0,116.0,39.0,9.0,,1.25,,0.86,2.56,0.0
148,PACIENCIA,2022,0.0,1.0,0.0,11.0,1.0,0.0,9.0,275.0,0.0,701.0,254.0,12.0,0.0,0.36,,1.57,0.39,0.0
140,PADRE MIGUEL,2022,0.0,2.0,0.0,2.0,0.0,0.0,6.0,135.0,0.0,268.0,99.0,2.0,0.0,1.48,,0.75,0.0,0.0
013,PAQUETA,2022,0.0,1.0,0.0,0.0,0.0,0.0,0.0,15.0,0.0,11.0,6.0,1.0,,6.67,,0.0,0.0,0.0
047,PARADA DE LUCAS,2022,0.0,2.0,0.0,0.0,0.0,2.0,0.0,86.0,1.0,143.0,40.0,10.0,,2.33,0.0,0.0,0.0,20.0
108,PARQUE ANCHIETA,2022,0.0,1.0,0.0,0.0,0.0,0.0,0.0,48.0,0.0,59.0,30.0,2.0,,2.08,,0.0,0.0,0.0
158,PARQUE COLUMBIA,2022,0.0,1.0,0.0,0.0,0.0,0.0,0.0,2.0,0.0,16.0,2.0,0.0,,50.0,,0.0,0.0,
114,PAVUNA,2022,0.0,5.0,0.0,4.0,1.0,1.0,2.0,177.0,1.0,450.0,148.0,38.0,0.0,2.82,0.0,0.89,0.68,2.63
121,PECHINCHA,2022,0.0,4.0,0.0,1.0,0.0,0.0,0.0,246.0,0.0,144.0,35.0,8.0,,1.63,,0.69,0.0,0.0
153,PEDRA DE GUARATIBA,2022,0.0,2.0,0.0,1.0,0.0,0.0,8.0,123.0,1.0,275.0,70.0,5.0,0.0,1.63,0.0,0.36,0.0,0.0
043,PENHA,2022,0.0,3.0,0.0,5.0,0.0,0.0,4.0,199.0,0.0,352.0,149.0,11.0,0.0,1.51,,1.42,0.0,0.0
044,PENHA CIRCULAR,2022,0.0,4.0,0.0,3.0,1.0,0.0,0.0,98.0,0.0,186.0,68.0,8.0,,4.08,,1.61,1.47,0.0
069,PIEDADE,2022,0.0,2.0,0.0,0.0,0.0,0.0,1.0,127.0,0.0,172.0,45.0,2.0,0.0,1.57,,0.0,0.0,0.0
071,PILARES,2022,0.0,0.0,0.0,2.0,1.0,0.0,0.0,72.0,0.0,121.0,33.0,3.0,,0.0,,1.65,3.03,0.0
094,PITANGUEIRAS,2022,0.0,2.0,0.0,0.0,0.0,0.0,0.0,38.0,0.0,39.0,10.0,2.0,,5.26,,0.0,0.0,0.0
103,PORTUGUESA,2022,0.0,0.0,0.0,0.0,0.0,0.0,1.0,68.0,1.0,62.0,10.0,12.0,0.0,0.0,0.0,0.0,0.0,0.0
032,PRACA DA BANDEIRA,2022,0.0,0.0,0.0,1.0,0.0,0.0,0.0,35.0,0.0,16.0,7.0,2.0,,0.0,,6.25,0.0,0.0
124,PRACA SECA,2022,0.0,2.0,0.0,5.0,2.0,0.0,1.0,172.0,0.0,270.0,106.0,19.0,0.0,1.16,,1.85,1.89,0.0
095,PRAIA DA BANDEIRA,2022,0.0,0.0,0.0,0.0,0.0,0.0,0.0,10.0,0.0,3.0,2.0,1.0,,0.0,,0.0,0.0,0.0
079,QUINTINO BOCAIUVA,2022,0.0,1.0,0.0,3.0,0.0,0.0,1.0,84.0,0.0,119.0,30.0,9.0,0.0,1.19,,2.52,0.0,0.0
041,RAMOS,2022,0.0,2.0,0.0,0.0,1.0,0.0,4.0,275.0,1.0,467.0,103.0,11.0,0.0,0.73,0.0,0.0,0.97,0.0
139,REALENGO,2022,0.0,5.0,0.0,7.0,0.0,1.0,10.0,443.0,0.0,865.0,357.0,15.0,0.0,1.13,,0.81,0.0,6.67
132,RECREIO BANDEIRANTES,2022,0.0,4.0,0.0,8.0,0.0,1.0,2.0,819.0,1.0,405.0,71.0,26.0,0.0,0.49,0.0,1.98,0.0,3.85
059,RIACHUELO,2022,0.0,1.0,0.0,0.0,0.0,0.0,1.0,26.0,0.0,24.0,8.0,4.0,0.0,3.85,,0.0,0.0,0.0
091,RIBEIRA,2022,0.0,1.0,0.0,0.0,0.0,0.0,1.0,8.0,0.0,9.0,1.0,2.0,0.0,12.5,,0.0,0.0,0.0
109,RICARDO ALBUQUERQUE,2022,0.0,0.0,0.0,1.0,1.0,1.0,1.0,66.0,0.0,142.0,66.0,11.0,0.0,0.0,,0.7,1.52,9.09
007,RIO COMPRIDO,2022,0.0,2.0,0.0,2.0,1.0,0.0,6.0,127.0,2.0,159.0,90.0,14.0,0.0,1.57,0.0,1.26,1.11,0.0
058,ROCHA,2022,0.0,1.0,0.0,0.0,1.0,1.0,0.0,56.0,0.0,83.0,39.0,9.0,,1.79,,0.0,2.56,11.11
086,ROCHA MIRANDA,2022,0.0,2.0,0.0,5.0,0.0,1.0,0.0,94.0,0.0,177.0,72.0,17.0,,2.13,,2.82,0.0,5.88
154,ROCINHA,2022,0.0,7.0,0.0,3.0,0.0,0.0,14.0,259.0,3.0,322.0,58.0,79.0,0.0,2.7,0.0,0.93,0.0,0.0
060,SAMPAIO,2022,0.0,0.0,0.0,1.0,0.0,0.0,0.0,30.0,0.0,71.0,23.0,4.0,,0.0,,1.41,0.0,0.0
149,SANTA CRUZ,2022,0.0,11.0,1.0,32.0,5.0,2.0,17.0,664.0,5.0,1773.0,662.0,30.0,0.0,1.66,20.0,1.8,0.76,6.67
014,SANTA TERESA,2022,0.0,1.0,0.0,1.0,0.0,0.0,4.0,116.0,2.0,149.0,65.0,16.0,0.0,0.86,0.0,0.67,0.0,0.0
143,SANTISSIMO,2022,0.0,2.0,0.0,5.0,0.0,1.0,3.0,158.0,1.0,273.0,77.0,5.0,0.0,1.27,0.0,1.83,0.0,20.0
003,SANTO CRISTO,2022,0.0,1.0,0.0,3.0,1.0,0.0,2.0,28.0,1.0,79.0,39.0,2.0,0.0,3.57,0.0,3.8,2.56,0.0
031,SAO CONRADO,2022,0.0,0.0,0.0,0.0,0.0,0.0,1.0,50.0,0.0,18.0,5.0,10.0,0.0,0.0,,0.0,0.0,0.0
010,SAO CRISTOVAO,2022,0.0,1.0,0.0,0.0,1.0,0.0,2.0,184.0,0.0,179.0,62.0,11.0,0.0,0.54,,0.0,1.61,0.0
057,SAO FRANCISCO XAVIER,2022,0.0,0.0,0.0,0.0,0.0,0.0,2.0,19.0,0.0,27.0,10.0,2.0,0.0,0.0,,0.0,0.0,0.0
001,SAUDE,2022,0.0,0.0,0.0,2.0,0.0,0.0,0.0,16.0,0.0,16.0,6.0,2.0,,0.0,,12.5,0.0,0.0
142,SENADOR CAMARA,2022,0.0,0.0,0.0,6.0,2.0,0.0,17.0,270.0,0.0,609.0,235.0,12.0,0.0,0.0,,0.99,0.85,0.0
145,SENADOR VASCONCELOS,2022,0.0,2.0,0.0,2.0,0.0,0.0,4.0,75.0,0.0,164.0,59.0,4.0,0.0,2.67,,1.22,0.0,0.0
150,SEPETIBA,2022,0.0,4.0,0.0,8.0,1.0,0.0,7.0,188.0,0.0,404.0,122.0,11.0,0.0,2.13,,1.98,0.82,0.0
123,TANQUE,2022,0.0,0.0,0.0,3.0,0.0,1.0,0.0,107.0,1.0,210.0,57.0,6.0,,0.0,0.0,1.43,0.0,16.67
122,TAQUARA,2022,0.0,7.0,0.0,7.0,3.0,0.0,6.0,538.0,3.0,544.0,204.0,13.0,0.0,1.3,0.0,1.29,1.47,0.0
101,TAUA,2022,0.0,5.0,0.0,0.0,0.0,0.0,1.0,77.0,0.0,95.0,26.0,5.0,0.0,6.49,,0.0,0.0,0.0
033,TIJUCA,2022,0.0,6.0,0.0,3.0,0.0,0.0,7.0,499.0,1.0,251.0,133.0,136.0,0.0,1.2,0.0,1.2,0.0,0.0
064,TODOS OS SANTOS,2022,0.0,0.0,0.0,0.0,0.0,0.0,1.0,79.0,0.0,35.0,15.0,10.0,0.0,0.0,,0.0,0.0,0.0
056,TOMAS COELHO,2022,0.0,0.0,0.0,1.0,1.0,0.0,0.0,61.0,0.0,127.0,39.0,3.0,,0.0,,0.79,2.56,0.0
085,TURIACU,2022,0.0,0.0,0.0,1.0,2.0,0.0,0.0,30.0,0.0,81.0,40.0,3.0,,0.0,,1.23,5.0,0.0
022,URCA,2022,0.0,2.0,0.0,0.0,0.0,0.0,0.0,34.0,0.0,5.0,5.0,9.0,,5.88,,0.0,0.0,0.0
131,VARGEM GRANDE,2022,0.0,1.0,0.0,3.0,0.0,0.0,0.0,114.0,0.0,136.0,47.0,5.0,,0.88,,2.21,0.0,0.0
130,VARGEM PEQUENA,2022,0.0,2.0,0.0,2.0,0.0,0.0,6.0,147.0,0.0,166.0,45.0,1.0,0.0,1.36,,1.2,0.0,0.0
159,VASCO DA GAMA,2022,0.0,1.0,0.0,1.0,0.0,2.0,0.0,6.0,0.0,13.0,0.0,0.0,,16.67,,7.69,,
084,VAZ LOBO,2022,0.0,1.0,0.0,1.0,0.0,0.0,0.0,40.0,1.0,71.0,38.0,5.0,,2.5,0.0,1.41,0.0,0.0
073,VICENTE DE CARVALHO,2022,0.0,0.0,0.0,2.0,0.0,0.0,0.0,63.0,0.0,111.0,49.0,12.0,,0.0,,1.8,0.0,0.0
030,VIDIGAL,2022,0.0,0.0,0.0,1.0,0.0,1.0,5.0,59.0,2.0,63.0,14.0,19.0,0.0,0.0,0.0,1.59,0.0,5.26
048,VIGARIO GERAL,2022,0.0,2.0,0.0,2.0,0.0,0.0,1.0,76.0,0.0,194.0,84.0,16.0,0.0,2.63,,1.03,0.0,0.0
074,VILA DA PENHA,2022,0.0,1.0,0.0,1.0,0.0,0.0,0.0,89.0,0.0,50.0,14.0,8.0,,1.12,,2.0,0.0,0.0
036,VILA ISABEL,2022,0.0,2.0,0.0,1.0,1.0,1.0,6.0,196.0,0.0,165.0,72.0,40.0,0.0,1.02,,0.61,1.39,2.5
162,VILA KENNEDY,2022,0.0,0.0,0.0,1.0,0.0,0.0,1.0,9.0,0.0,28.0,6.0,0.0,0.0,0.0,,3.57,0.0,
072,VILA KOSMOS,2022,0.0,3.0,0.0,0.0,0.0,0.0,0.0,34.0,0.0,50.0,24.0,0.0,,8.82,,0.0,0.0,
135,VILA MILITAR,2022,0.0,0.0,0.0,1.0,0.0,0.0,0.0,48.0,0.0,33.0,7.0,2.0,,0.0,,3.03,0.0,0.0
125,VILA VALQUEIRE,2022,0.0,1.0,0.0,1.0,0.0,0.0,1.0,147.0,1.0,102.0,38.0,15.0,0.0,0.68,0.0,0.98,0.0,0.0
075,VISTA ALEGRE,2022,0.0,1.0,0.0,0.0,0.0,0.0,0.0,28.0,0.0,18.0,9.0,0.0,,3.57,,0.0,0.0,
092,ZUMBI,2022,0.0,0.0,0.0,0.0,0.0,0.0,0.0,11.0,0.0,9.0,3.0,2.0,,0.0,,0.0,0.0,0.0
070,ABOLICAO,2023,0.0,0.0,0.0,0.0,0.0,0.0,0.0,34.0,0.0,43.0,9.0,0.0,,0.0,,0.0,0.0,
111,ACARI,2023,0.0,1.0,0.0,4.0,0.0,0.0,2.0,76.0,0.0,244.0,86.0,7.0,0.0,1.32,,1.64,0.0,0.0
067,AGUA SANTA,2023,0.0,0.0,0.0,0.0,0.0,0.0,0.0,17.0,0.0,31.0,6.0,0.0,,0.0,,0.0,0.0,
034,ALTO DA BOA VISTA,2023,0.0,1.0,0.0,1.0,0.0,0.0,2.0,35.0,0.0,37.0,24.0,1.0,0.0,2.86,,2.7,0.0,0.0
107,ANCHIETA,2023,0.0,1.0,0.0,6.0,2.0,0.0,2.0,159.0,0.0,319.0,145.0,16.0,0.0,0.63,,1.88,1.38,0.0
037,ANDARAI,2023,0.0,0.0,0.0,1.0,1.0,0.0,3.0,115.0,0.0,82.0,36.0,1.0,0.0,0.0,,1.22,2.78,0.0
116,ANIL,2023,0.0,0.0,0.0,0.0,0.0,0.0,4.0,164.0,0.0,150.0,49.0,0.0,0.0,0.0,,0.0,0.0,
097,BANCARIOS,2023,0.0,2.0,0.0,1.0,1.0,0.0,1.0,34.0,0.0,68.0,20.0,0.0,0.0,5.88,,1.47,5.0,
141,BANGU,2023,0.0,6.0,0.0,17.0,1.0,0.0,11.0,555.0,0.0,1127.0,439.0,6.0,0.0,1.08,,1.51,0.23,0.0
128,BARRA DA TIJUCA,2023,0.0,5.0,0.0,3.0,0.0,0.0,8.0,982.0,0.0,165.0,11.0,2.0,0.0,0.51,,1.82,0.0,0.0
152,BARRA DE GUARATIBA,2023,0.0,0.0,0.0,0.0,1.0,0.0,2.0,24.0,0.0,52.0,11.0,0.0,0.0,0.0,,0.0,9.09,
165,BARRA OLIMPICA,2023,0.0,3.0,0.0,0.0,0.0,0.0,0.0,0.0,0.0,0.0,0.0,0.0,,,,,,
112,BARROS FILHO,2023,0.0,0.0,0.0,0.0,2.0,1.0,0.0,38.0,0.0,109.0,67.0,8.0,,0.0,,0.0,2.99,12.5
012,BENFICA,2023,0.0,1.0,0.0,1.0,0.0,1.0,1.0,125.0,0.0,189.0,92.0,1.0,0.0,0.8,,0.53,0.0,100.0
089,BENTO RIBEIRO,2023,0.0,2.0,0.0,2.0,0.0,0.0,1.0,100.0,2.0,149.0,66.0,1.0,0.0,2.0,0.0,1.34,0.0,0.0
040,BONSUCESSO,2023,0.0,3.0,0.0,3.0,0.0,0.0,1.0,143.0,3.0,194.0,55.0,1.0,0.0,2.1,0.0,1.55,0.0,0.0
020,BOTAFOGO,2023,0.0,2.0,0.0,1.0,0.0,0.0,10.0,381.0,2.0,108.0,32.0,1.0,0.0,0.52,0.0,0.93,0.0,0.0
045,BRAS DE PINA,2023,0.0,2.0,0.0,4.0,0.0,0.0,1.0,115.0,0.0,195.0,77.0,2.0,0.0,1.74,,2.05,0.0,0.0
065,CACHAMBI,2023,0.0,4.0,0.0,0.0,0.0,0.0,2.0,158.0,0.0,114.0,18.0,2.0,0.0,2.53,,0.0,0.0,0.0
093,CACUIA,2023,0.0,1.0,0.0,1.0,0.0,0.0,0.0,38.0,0.0,38.0,14.0,0.0,,2.63,,2.63,0.0,
004,CAJU,2023,0.0,2.0,0.0,4.0,0.0,0.0,1.0,93.0,3.0,181.0,50.0,1.0,0.0,2.15,0.0,2.21,0.0,0.0
129,CAMORIM,2023,0.0,0.0,0.0,0.0,0.0,0.0,0.0,42.0,0.0,30.0,8.0,0.0,,0.0,,0.0,0.0,
078,CAMPINHO,2023,0.0,1.0,0.0,1.0,0.0,0.0,1.0,39.0,0.0,35.0,29.0,3.0,0.0,2.56,,2.86,0.0,0.0
136,CAMPO DOS AFONSOS,2023,0.0,0.0,0.0,0.0,0.0,0.0,1.0,18.0,0.0,12.0,10.0,0.0,0.0,0.0,,0.0,0.0,
144,CAMPO GRANDE,2023,1.0,14.0,0.0,25.0,1.0,1.0,32.0,1231.0,4.0,1798.0,597.0,23.0,3.12,1.14,0.0,1.39,0.17,4.35
082,CASCADURA,2023,0.0,2.0,0.0,3.0,0.0,1.0,0.0,91.0,0.0,146.0,50.0,6.0,,2.2,,2.05,0.0,16.67
018,CATETE,2023,0.0,0.0,0.0,0.0,1.0,0.0,3.0,79.0,0.0,65.0,21.0,1.0,0.0,0.0,,0.0,4.76,0.0
006,CATUMBI,2023,0.0,0.0,0.0,1.0,0.0,0.0,2.0,34.0,0.0,56.0,35.0,0.0,0.0,0.0,,1.79,0.0,
080,CAVALCANTE,2023,0.0,1.0,0.0,2.0,1.0,0.0,0.0,45.0,0.0,79.0,25.0,4.0,,2.22,,2.53,4.0,0.0
005,CENTRO,2023,0.0,2.0,0.0,1.0,1.0,0.0,1.0,78.0,5.0,73.0,40.0,3.0,0.0,2.56,0.0,1.37,2.5,0.0
118,CIDADE DE DEUS,2023,0.0,1.0,0.0,2.0,0.0,0.0,0.0,77.0,2.0,288.0,191.0,1.0,,1.3,0.0,0.69,0.0,0.0
008,CIDADE NOVA,2023,0.0,1.0,0.0,0.0,0.0,0.0,0.0,12.0,0.0,19.0,10.0,0.0,,8.33,,0.0,0.0,
105,CIDADE UNIVERSITARIA,2023,0.0,0.0,0.0,0.0,0.0,0.0,0.0,5.0,0.0,5.0,3.0,0.0,,0.0,,0.0,0.0,
096,COCOTA,2023,0.0,0.0,0.0,0.0,0.0,0.0,0.0,22.0,0.0,12.0,5.0,0.0,,0.0,,0.0,0.0,
110,COELHO NETO,2023,0.0,0.0,0.0,0.0,0.0,0.0,1.0,70.0,0.0,176.0,63.0,4.0,0.0,0.0,,0.0,0.0,0.0
077,COLEGIO,2023,0.0,3.0,0.0,4.0,1.0,0.0,0.0,95.0,0.0,159.0,62.0,5.0,,3.16,,2.52,1.61,0.0
157,COMPLEXO DA MARE,2023,0.0,11.0,0.0,16.0,4.0,2.0,6.0,382.0,2.0,945.0,233.0,8.0,0.0,2.88,0.0,1.69,1.72,25.0
156,COMPLEXO DO ALEMAO,2023,0.0,2.0,0.0,6.0,1.0,0.0,1.0,93.0,0.0,236.0,76.0,4.0,0.0,2.15,,2.54,1.32,0.0
024,COPACABANA,2023,0.0,5.0,0.0,1.0,0.0,0.0,18.0,510.0,2.0,250.0,85.0,1.0,0.0,0.98,0.0,0.4,0.0,0.0
046,CORDOVIL,2023,0.0,2.0,0.0,6.0,2.0,1.0,2.0,93.0,0.0,181.0,82.0,7.0,0.0,2.15,,3.31,2.44,14.29
019,COSME VELHO,2023,0.0,0.0,0.0,1.0,0.0,0.0,0.0,19.0,0.0,19.0,13.0,0.0,,0.0,,5.26,0.0,
147,COSMOS,2023,0.0,0.0,0.0,9.0,3.0,0.0,7.0,260.0,0.0,576.0,203.0,3.0,0.0,0.0,,1.56,1.48,0.0
113,COSTA BARROS,2023,0.0,3.0,0.0,1.0,1.0,0.0,0.0,83.0,0.0,226.0,104.0,6.0,,3.61,,0.44,0.96,0.0
119,CURICICA,2023,0.0,2.0,0.0,0.0,0.0,1.0,4.0,128.0,0.0,231.0,80.0,6.0,0.0,1.56,,0.0,0.0,16.67
053,DEL CASTILHO,2023,0.0,0.0,0.0,0.0,0.0,0.0,2.0,95.0,0.0,103.0,29.0,2.0,0.0,0.0,,0.0,0.0,0.0
134,DEODORO,2023,0.0,0.0,0.0,1.0,0.0,0.0,0.0,24.0,1.0,65.0,30.0,2.0,,0.0,0.0,1.54,0.0,0.0
068,ENCANTADO,2023,0.0,0.0,0.0,0.0,0.0,0.0,0.0,41.0,0.0,41.0,11.0,0.0,,0.0,,0.0,0.0,
081,ENGENHEIRO LEAL,2023,0.0,0.0,0.0,1.0,0.0,0.0,1.0,14.0,1.0,38.0,14.0,2.0,0.0,0.0,0.0,2.63,0.0,0.0
055,ENGENHO DA RAINHA,2023,0.0,0.0,0.0,0.0,0.0,0.0,2.0,71.0,0.0,133.0,42.0,0.0,0.0,0.0,,0.0,0.0,
066,ENGENHO DE DENTRO,2023,0.0,1.0,0.0,2.0,1.0,0.0,1.0,134.0,0.0,183.0,44.0,4.0,0.0,0.75,,1.09,2.27,0.0
061,ENGENHO NOVO,2023,0.0,3.0,0.0,2.0,0.0,0.0,1.0,129.0,0.0,210.0,88.0,0.0,0.0,2.33,,0.95,0.0,
009,ESTACIO,2023,0.0,1.0,0.0,4.0,0.0,0.0,3.0,44.0,0.0,89.0,38.0,1.0,0.0,2.27,,4.49,0.0,0.0
015,FLAMENGO,2023,0.0,0.0,0.0,0.0,0.0,0.0,2.0,199.0,1.0,52.0,12.0,2.0,0.0,0.0,0.0,0.0,0.0,0.0
098,FREGUESIA-ILHA,2023,0.0,0.0,0.0,1.0,0.0,0.0,1.0,66.0,0.0,78.0,20.0,0.0,0.0,0.0,,1.28,0.0,
120,FREGUESIA-JPA,2023,0.0,4.0,0.0,1.0,0.0,0.0,3.0,344.0,1.0,172.0,72.0,3.0,0.0,1.16,0.0,0.58,0.0,0.0
104,GALEAO,2023,0.0,4.0,0.0,1.0,2.0,2.0,9.0,105.0,1.0,153.0,40.0,1.0,0.0,3.81,0.0,0.65,5.0,200.0
002,GAMBOA,2023,0.0,1.0,0.0,2.0,1.0,1.0,3.0,20.0,2.0,62.0,37.0,1.0,0.0,5.0,0.0,3.23,2.7,100.0
117,GARDENIA AZUL,2023,0.0,1.0,0.0,4.0,1.0,1.0,2.0,82.0,1.0,248.0,90.0,1.0,0.0,1.22,0.0,1.61,1.11,100.0
029,GAVEA,2023,0.0,1.0,0.0,0.0,0.0,0.0,5.0,96.0,1.0,45.0,17.0,1.0,0.0,1.04,0.0,0.0,0.0,0.0
160,GERICINo,2023,0.0,0.0,0.0,0.0,0.0,0.0,0.0,2.0,0.0,13.0,4.0,0.0,,0.0,,0.0,0.0,
016,GLORIA,2023,0.0,0.0,0.0,0.0,0.0,0.0,0.0,31.0,0.0,18.0,8.0,0.0,,0.0,,0.0,0.0,
038,GRAJAU,2023,0.0,1.0,0.0,3.0,1.0,0.0,3.0,127.0,0.0,68.0,24.0,0.0,0.0,0.79,,4.41,4.17,
133,GRUMARI,2023,0.0,0.0,0.0,0.0,0.0,0.0,0.0,2.0,0.0,1.0,1.0,0.0,,0.0,,0.0,0.0,
106,GUADALUPE,2023,0.0,2.0,0.0,3.0,0.0,0.0,2.0,113.0,0.0,217.0,63.0,5.0,0.0,1.77,,1.38,0.0,0.0
151,GUARATIBA,2023,0.0,7.0,0.0,13.0,2.0,0.0,18.0,471.0,1.0,1056.0,286.0,8.0,0.0,1.49,0.0,1.23,0.7,0.0
050,HIGIENOPOLIS,2023,0.0,1.0,0.0,0.0,0.0,0.0,0.0,43.0,0.0,50.0,8.0,1.0,,2.33,,0.0,0.0,0.0
087,HONORIO GURGEL,2023,0.0,2.0,0.0,4.0,0.0,0.0,0.0,54.0,0.0,89.0,38.0,5.0,,3.7,,4.49,0.0,0.0
021,HUMAITA,2023,0.0,1.0,0.0,0.0,0.0,0.0,2.0,52.0,0.0,14.0,4.0,1.0,0.0,1.92,,0.0,0.0,0.0
999,IGNORADO BAIRRO-MRJ,2023,0.0,1.0,0.0,3.0,0.0,0.0,1.0,15.0,2.0,69.0,8.0,5.0,0.0,6.67,0.0,4.35,0.0,0.0
164,ILHA DE GUARATIBA,2023,0.0,0.0,0.0,0.0,0.0,0.0,0.0,2.0,0.0,6.0,1.0,0.0,,0.0,,0.0,0.0,
998,ILHA DO GOVERNADOR - IGNORADO,2023,0.0,0.0,0.0,0.0,0.0,0.0,0.0,6.0,0.0,5.0,0.0,0.0,,0.0,,0.0,,
054,INHAUMA,2023,0.0,1.0,0.0,6.0,1.0,2.0,0.0,138.0,1.0,358.0,73.0,3.0,,0.72,0.0,1.68,1.37,66.67
146,INHOAIBA,2023,0.0,2.0,0.0,9.0,1.0,0.0,8.0,162.0,0.0,421.0,155.0,2.0,0.0,1.23,,2.14,0.65,0.0
025,IPANEMA,2023,0.0,1.0,0.0,0.0,0.0,0.0,5.0,199.0,0.0,44.0,8.0,4.0,0.0,0.5,,0.0,0.0,0.0
076,IRAJA,2023,0.0,1.0,0.0,9.0,0.0,0.0,4.0,293.0,2.0,361.0,111.0,15.0,0.0,0.34,0.0,2.49,0.0,0.0
127,ITANHANGA,2023,0.0,9.0,0.0,5.0,0.0,0.0,6.0,293.0,1.0,454.0,62.0,3.0,0.0,3.07,0.0,1.1,0.0,0.0
163,JABOUR,2023,0.0,0.0,0.0,0.0,0.0,0.0,0.0,1.0,0.0,0.0,0.0,0.0,,0.0,,,,
051,JACARE,2023,0.0,0.0,0.0,0.0,0.0,0.0,1.0,33.0,0.0,94.0,37.0,0.0,0.0,0.0,,0.0,0.0,
115,JACAREPAGUA,2023,0.0,9.0,0.0,8.0,2.0,0.0,28.0,962.0,5.0,1199.0,286.0,9.0,0.0,0.94,0.0,0.67,0.7,0.0
155,JACAREZINHO,2023,0.0,2.0,0.0,4.0,0.0,0.0,0.0,50.0,0.0,196.0,68.0,2.0,,4.0,,2.04,0.0,0.0
049,JARDIM AMERICA,2023,0.0,0.0,0.0,3.0,0.0,0.0,0.0,91.0,0.0,144.0,42.0,6.0,,0.0,,2.08,0.0,0.0
028,JARDIM BOTANICO,2023,0.0,0.0,0.0,0.0,0.0,0.0,1.0,85.0,0.0,14.0,10.0,0.0,0.0,0.0,,0.0,0.0,
100,JARDIM CARIOCA,2023,0.0,0.0,0.0,1.0,0.0,0.0,2.0,67.0,0.0,96.0,24.0,0.0,0.0,0.0,,1.04,0.0,
099,JARDIM GUANABARA,2023,0.0,0.0,0.0,0.0,0.0,1.0,0.0,132.0,0.0,36.0,8.0,0.0,,0.0,,0.0,0.0,
137,JARDIM SULACAP,2023,0.0,0.0,0.0,0.0,0.0,0.0,2.0,94.0,0.0,63.0,16.0,1.0,0.0,0.0,,0.0,0.0,0.0
126,JOA,2023,0.0,0.0,0.0,0.0,0.0,0.0,0.0,3.0,0.0,0.0,1.0,0.0,,0.0,,,0.0,
027,LAGOA,2023,0.0,1.0,0.0,1.0,1.0,0.0,3.0,96.0,0.0,13.0,3.0,2.0,0.0,1.04,,7.69,33.33,0.0
161,LAPA,2023,0.0,2.0,0.0,1.0,0.0,0.0,0.0,14.0,0.0,10.0,9.0,0.0,,14.29,,10.0,0.0,
017,LARANJEIRAS,2023,0.0,3.0,0.0,2.0,0.0,1.0,5.0,191.0,1.0,48.0,11.0,1.0,0.0,1.57,0.0,4.17,0.0,100.0
026,LEBLON,2023,0.0,4.0,0.0,0.0,0.0,0.0,4.0,218.0,0.0,27.0,8.0,2.0,0.0,1.83,,0.0,0.0,0.0
023,LEME,2023,0.0,0.0,0.0,1.0,0.0,0.0,2.0,53.0,0.0,28.0,7.0,0.0,0.0,0.0,,3.57,0.0,
062,LINS DE VASCONCELOS,2023,0.0,2.0,0.0,3.0,0.0,0.0,1.0,84.0,0.0,190.0,57.0,0.0,0.0,2.38,,1.58,0.0,
083,MADUREIRA,2023,0.0,2.0,0.0,5.0,1.0,0.0,2.0,99.0,0.0,179.0,99.0,4.0,0.0,2.02,,2.79,1.01,0.0
138,MAGALHAES BASTOS,2023,0.0,0.0,0.0,0.0,0.0,0.0,1.0,58.0,0.0,114.0,39.0,2.0,0.0,0.0,,0.0,0.0,0.0
011,MANGUEIRA,2023,0.0,1.0,0.0,2.0,2.0,0.0,1.0,33.0,0.0,114.0,79.0,1.0,0.0,3.03,,1.75,2.53,0.0
039,MANGUINHOS,2023,0.0,1.0,0.0,5.0,1.0,0.0,0.0,68.0,0.0,183.0,95.0,2.0,,1.47,,2.73,1.05,0.0
035,MARACANA,2023,0.0,1.0,0.0,0.0,0.0,0.0,2.0,94.0,0.0,35.0,12.0,0.0,0.0,1.06,,0.0,0.0,
090,MARECHAL HERMES,2023,0.0,1.0,0.0,4.0,1.0,0.0,1.0,108.0,0.0,222.0,83.0,5.0,0.0,0.93,,1.8,1.2,0.0
052,MARIA DA GRACA,2023,0.0,0.0,0.0,1.0,1.0,0.0,1.0,27.0,0.0,19.0,11.0,0.0,0.0,0.0,,5.26,9.09,
063,MEIER,2023,0.0,2.0,0.0,0.0,1.0,0.0,2.0,145.0,0.0,82.0,28.0,0.0,0.0,1.38,,0.0,3.57,
102,MONERO,2023,0.0,0.0,0.0,0.0,0.0,0.0,1.0,13.0,0.0,4.0,4.0,0.0,0.0,0.0,,0.0,0.0,
042,OLARIA,2023,0.0,3.0,0.0,0.0,0.0,2.0,1.0,158.0,1.0,168.0,75.0,0.0,0.0,1.9,0.0,0.0,0.0,
088,OSWALDO CRUZ,2023,0.0,3.0,0.0,6.0,0.0,0.0,1.0,82.0,0.0,114.0,56.0,2.0,0.0,3.66,,5.26,0.0,0.0
148,PACIENCIA,2023,0.0,5.0,0.0,10.0,0.0,0.0,7.0,267.0,0.0,641.0,282.0,14.0,0.0,1.87,,1.56,0.0,0.0
140,PADRE MIGUEL,2023,0.0,2.0,0.0,2.0,0.0,0.0,3.0,149.0,2.0,291.0,101.0,1.0,0.0,1.34,0.0,0.69,0.0,0.0
013,PAQUETA,2023,0.0,0.0,0.0,1.0,0.0,0.0,1.0,9.0,0.0,9.0,6.0,0.0,0.0,0.0,,11.11,0.0,
047,PARADA DE LUCAS,2023,0.0,2.0,0.0,1.0,0.0,2.0,2.0,82.0,0.0,128.0,59.0,2.0,0.0,2.44,,0.78,0.0,100.0
108,PARQUE ANCHIETA,2023,0.0,0.0,0.0,1.0,0.0,0.0,2.0,58.0,0.0,74.0,33.0,4.0,0.0,0.0,,1.35,0.0,0.0
158,PARQUE COLUMBIA,2023,0.0,2.0,0.0,1.0,0.0,0.0,1.0,37.0,1.0,56.0,19.0,0.0,0.0,5.41,0.0,1.79,0.0,
114,PAVUNA,2023,0.0,7.0,0.0,11.0,1.0,0.0,4.0,218.0,1.0,528.0,206.0,23.0,0.0,3.21,0.0,2.08,0.49,0.0
121,PECHINCHA,2023,0.0,1.0,0.0,1.0,0.0,0.0,3.0,215.0,2.0,133.0,42.0,1.0,0.0,0.47,0.0,0.75,0.0,0.0
153,PEDRA DE GUARATIBA,2023,0.0,0.0,0.0,1.0,0.0,0.0,3.0,64.0,0.0,133.0,28.0,1.0,0.0,0.0,,0.75,0.0,0.0
043,PENHA,2023,0.0,4.0,0.0,1.0,1.0,2.0,2.0,206.0,0.0,289.0,152.0,2.0,0.0,1.94,,0.35,0.66,100.0
044,PENHA CIRCULAR,2023,0.0,2.0,0.0,2.0,1.0,0.0,2.0,136.0,0.0,192.0,68.0,1.0,0.0,1.47,,1.04,1.47,0.0
069,PIEDADE,2023,0.0,2.0,0.0,2.0,0.0,0.0,0.0,128.0,0.0,184.0,62.0,1.0,,1.56,,1.09,0.0,0.0
071,PILARES,2023,0.0,2.0,0.0,2.0,1.0,2.0,1.0,58.0,0.0,131.0,39.0,1.0,0.0,3.45,,1.53,2.56,200.0
094,PITANGUEIRAS,2023,0.0,1.0,0.0,0.0,0.0,0.0,0.0,37.0,0.0,45.0,14.0,1.0,,2.7,,0.0,0.0,0.0
103,PORTUGUESA,2023,0.0,1.0,0.0,0.0,0.0,0.0,1.0,71.0,0.0,65.0,15.0,0.0,0.0,1.41,,0.0,0.0,
032,PRACA DA BANDEIRA,2023,0.0,0.0,0.0,1.0,1.0,0.0,1.0,31.0,0.0,23.0,7.0,0.0,0.0,0.0,,4.35,14.29,
124,PRACA SECA,2023,0.0,4.0,0.0,2.0,0.0,3.0,2.0,206.0,1.0,282.0,105.0,11.0,0.0,1.94,0.0,0.71,0.0,27.27
095,PRAIA DA BANDEIRA,2023,0.0,0.0,0.0,0.0,0.0,0.0,0.0,21.0,0.0,15.0,4.0,0.0,,0.0,,0.0,0.0,
079,QUINTINO BOCAIUVA,2023,0.0,1.0,0.0,1.0,0.0,0.0,0.0,79.0,0.0,97.0,42.0,1.0,,1.27,,1.03,0.0,0.0
041,RAMOS,2023,0.0,3.0,0.0,2.0,0.0,1.0,6.0,157.0,0.0,268.0,75.0,1.0,0.0,1.91,,0.75,0.0,100.0
139,REALENGO,2023,0.0,4.0,0.0,15.0,0.0,0.0,10.0,442.0,1.0,843.0,319.0,5.0,0.0,0.9,0.0,1.78,0.0,0.0
132,RECREIO BANDEIRANTES,2023,0.0,7.0,0.0,8.0,0.0,0.0,7.0,744.0,2.0,413.0,89.0,3.0,0.0,0.94,0.0,1.94,0.0,0.0
059,RIACHUELO,2023,0.0,1.0,0.0,0.0,0.0,0.0,1.0,42.0,0.0,22.0,10.0,1.0,0.0,2.38,,0.0,0.0,0.0
091,RIBEIRA,2023,0.0,0.0,0.0,0.0,0.0,0.0,0.0,14.0,0.0,4.0,1.0,1.0,,0.0,,0.0,0.0,0.0
109,RICARDO ALBUQUERQUE,2023,0.0,1.0,0.0,1.0,2.0,0.0,1.0,71.0,0.0,134.0,59.0,4.0,0.0,1.41,,0.75,3.39,0.0
007,RIO COMPRIDO,2023,0.0,1.0,0.0,3.0,2.0,0.0,5.0,112.0,0.0,155.0,70.0,1.0,0.0,0.89,,1.94,2.86,0.0
058,ROCHA,2023,0.0,1.0,0.0,0.0,0.0,0.0,1.0,50.0,0.0,74.0,30.0,0.0,0.0,2.0,,0.0,0.0,
086,ROCHA MIRANDA,2023,0.0,1.0,0.0,4.0,1.0,1.0,3.0,102.0,0.0,156.0,92.0,5.0,0.0,0.98,,2.56,1.09,20.0
154,ROCINHA,2023,0.0,7.0,0.0,4.0,1.0,0.0,11.0,213.0,1.0,354.0,74.0,4.0,0.0,3.29,0.0,1.13,1.35,0.0
060,SAMPAIO,2023,0.0,0.0,0.0,1.0,0.0,0.0,0.0,30.0,0.0,55.0,31.0,1.0,,0.0,,1.82,0.0,0.0
149,SANTA CRUZ,2023,0.0,11.0,0.0,31.0,3.0,1.0,9.0,692.0,3.0,1673.0,704.0,28.0,0.0,1.59,0.0,1.85,0.43,3.57
014,SANTA TERESA,2023,0.0,0.0,0.0,0.0,0.0,0.0,4.0,114.0,1.0,132.0,62.0,0.0,0.0,0.0,0.0,0.0,0.0,
143,SANTISSIMO,2023,0.0,2.0,0.0,1.0,1.0,0.0,3.0,138.0,1.0,277.0,99.0,3.0,0.0,1.45,0.0,0.36,1.01,0.0
003,SANTO CRISTO,2023,0.0,2.0,0.0,2.0,0.0,0.0,2.0,42.0,0.0,51.0,39.0,1.0,0.0,4.76,,3.92,0.0,0.0
031,SAO CONRADO,2023,0.0,0.0,0.0,0.0,0.0,0.0,2.0,36.0,0.0,14.0,4.0,0.0,0.0,0.0,,0.0,0.0,
010,SAO CRISTOVAO,2023,0.0,0.0,0.0,1.0,0.0,0.0,2.0,116.0,0.0,134.0,60.0,0.0,0.0,0.0,,0.75,0.0,
057,SAO FRANCISCO XAVIER,2023,0.0,0.0,0.0,2.0,0.0,0.0,1.0,20.0,0.0,20.0,8.0,0.0,0.0,0.0,,10.0,0.0,
001,SAUDE,2023,0.0,0.0,0.0,1.0,2.0,0.0,1.0,12.0,0.0,13.0,14.0,0.0,0.0,0.0,,7.69,14.29,
142,SENADOR CAMARA,2023,0.0,7.0,0.0,11.0,0.0,0.0,6.0,242.0,1.0,619.0,199.0,3.0,0.0,2.89,0.0,1.78,0.0,0.0
145,SENADOR VASCONCELOS,2023,0.0,1.0,0.0,1.0,0.0,0.0,0.0,78.0,0.0,137.0,51.0,1.0,,1.28,,0.73,0.0,0.0
150,SEPETIBA,2023,0.0,4.0,0.0,5.0,0.0,0.0,8.0,197.0,0.0,435.0,133.0,9.0,0.0,2.03,,1.15,0.0,0.0
123,TANQUE,2023,0.0,1.0,0.0,2.0,0.0,0.0,2.0,114.0,0.0,196.0,67.0,5.0,0.0,0.88,,1.02,0.0,0.0
122,TAQUARA,2023,0.0,10.0,0.0,10.0,1.0,0.0,6.0,435.0,1.0,479.0,178.0,7.0,0.0,2.3,0.0,2.09,0.56,0.0
101,TAUA,2023,0.0,1.0,0.0,1.0,0.0,0.0,2.0,79.0,0.0,117.0,28.0,0.0,0.0,1.27,,0.85,0.0,
033,TIJUCA,2023,0.0,1.0,0.0,1.0,2.0,3.0,23.0,578.0,1.0,288.0,149.0,3.0,0.0,0.17,0.0,0.35,1.34,100.0
064,TODOS OS SANTOS,2023,0.0,0.0,0.0,1.0,1.0,0.0,1.0,81.0,0.0,45.0,15.0,0.0,0.0,0.0,,2.22,6.67,
056,TOMAS COELHO,2023,0.0,2.0,0.0,1.0,0.0,1.0,0.0,62.0,2.0,124.0,41.0,1.0,,3.23,0.0,0.81,0.0,100.0
085,TURIACU,2023,0.0,1.0,0.0,4.0,0.0,0.0,0.0,36.0,0.0,63.0,37.0,4.0,,2.78,,6.35,0.0,0.0
022,URCA,2023,0.0,1.0,0.0,0.0,0.0,0.0,1.0,27.0,0.0,11.0,3.0,0.0,0.0,3.7,,0.0,0.0,
131,VARGEM GRANDE,2023,0.0,4.0,0.0,1.0,0.0,1.0,5.0,109.0,0.0,135.0,43.0,0.0,0.0,3.67,,0.74,0.0,
130,VARGEM PEQUENA,2023,0.0,3.0,0.0,2.0,0.0,0.0,7.0,156.0,0.0,188.0,56.0,1.0,0.0,1.92,,1.06,0.0,0.0
159,VASCO DA GAMA,2023,0.0,0.0,0.0,1.0,1.0,0.0,0.0,21.0,0.0,32.0,6.0,0.0,,0.0,,3.12,16.67,
084,VAZ LOBO,2023,0.0,0.0,0.0,2.0,0.0,0.0,1.0,33.0,0.0,81.0,36.0,4.0,0.0,0.0,,2.47,0.0,0.0
073,VICENTE DE CARVALHO,2023,0.0,0.0,0.0,1.0,0.0,0.0,0.0,74.0,0.0,90.0,39.0,4.0,,0.0,,1.11,0.0,0.0
030,VIDIGAL,2023,0.0,0.0,0.0,3.0,0.0,0.0,1.0,47.0,0.0,89.0,54.0,0.0,0.0,0.0,,3.37,0.0,
048,VIGARIO GERAL,2023,0.0,2.0,0.0,3.0,0.0,0.0,1.0,89.0,0.0,206.0,91.0,3.0,0.0,2.25,,1.46,0.0,0.0
074,VILA DA PENHA,2023,0.0,1.0,0.0,1.0,0.0,0.0,2.0,67.0,1.0,46.0,17.0,1.0,0.0,1.49,0.0,2.17,0.0,0.0
036,VILA ISABEL,2023,0.0,1.0,0.0,2.0,0.0,1.0,3.0,202.0,0.0,167.0,87.0,1.0,0.0,0.5,,1.2,0.0,100.0
162,VILA KENNEDY,2023,0.0,1.0,0.0,3.0,1.0,0.0,0.0,75.0,1.0,140.0,61.0,0.0,,1.33,0.0,2.14,1.64,
072,VILA KOSMOS,2023,1.0,0.0,0.0,1.0,0.0,0.0,1.0,34.0,0.0,53.0,26.0,1.0,100.0,0.0,,1.89,0.0,0.0
135,VILA MILITAR,2023,0.0,1.0,0.0,1.0,0.0,0.0,2.0,72.0,0.0,55.0,21.0,1.0,0.0,1.39,,1.82,0.0,0.0
125,VILA VALQUEIRE,2023,0.0,0.0,0.0,2.0,0.0,0.0,1.0,146.0,0.0,100.0,30.0,8.0,0.0,0.0,,2.0,0.0,0.0
075,VISTA ALEGRE,2023,0.0,1.0,0.0,0.0,0.0,0.0,0.0,44.0,0.0,18.0,13.0,0.0,,2.27,,0.0,0.0,
092,ZUMBI,2023,0.0,0.0,0.0,0.0,0.0,0.0,0.0,8.0,1.0,8.0,0.0,0.0,,0.0,0.0,0.0,,
070,ABOLICAO,2024,0.0,0.0,0.0,0.0,0.0,0.0,0.0,37.0,0.0,23.0,15.0,0.0,,0.0,,0.0,0.0,
111,ACARI,2024,0.0,2.0,0.0,3.0,0.0,0.0,0.0,62.0,0.0,237.0,78.0,2.0,,3.23,,1.27,0.0,0.0
067,AGUA SANTA,2024,0.0,1.0,0.0,2.0,0.0,0.0,0.0,31.0,0.0,20.0,6.0,0.0,,3.23,,10.0,0.0,
034,ALTO DA BOA VISTA,2024,0.0,0.0,0.0,0.0,0.0,0.0,0.0,22.0,0.0,25.0,8.0,0.0,,0.0,,0.0,0.0,
107,ANCHIETA,2024,0.0,3.0,0.0,5.0,0.0,2.0,0.0,135.0,1.0,294.0,118.0,6.0,,2.22,0.0,1.7,0.0,33.33
037,ANDARAI,2024,0.0,0.0,0.0,1.0,0.0,1.0,2.0,112.0,0.0,69.0,38.0,1.0,0.0,0.0,,1.45,0.0,100.0
116,ANIL,2024,0.0,1.0,0.0,1.0,0.0,0.0,2.0,172.0,0.0,146.0,32.0,1.0,0.0,0.58,,0.68,0.0,0.0
097,BANCARIOS,2024,0.0,0.0,0.0,1.0,0.0,0.0,3.0,49.0,0.0,58.0,15.0,2.0,0.0,0.0,,1.72,0.0,0.0
141,BANGU,2024,0.0,5.0,0.0,13.0,2.0,1.0,13.0,507.0,6.0,963.0,426.0,12.0,0.0,0.99,0.0,1.35,0.47,8.33
128,BARRA DA TIJUCA,2024,1.0,4.0,0.0,3.0,0.0,0.0,5.0,969.0,1.0,158.0,25.0,5.0,20.0,0.41,0.0,1.9,0.0,0.0
152,BARRA DE GUARATIBA,2024,0.0,1.0,0.0,1.0,1.0,0.0,0.0,16.0,0.0,31.0,8.0,0.0,,6.25,,3.23,12.5,
165,BARRA OLIMPICA,2024,0.0,1.0,0.0,0.0,0.0,0.0,0.0,374.0,1.0,119.0,26.0,2.0,,0.27,0.0,0.0,0.0,0.0
112,BARROS FILHO,2024,0.0,0.0,0.0,1.0,0.0,0.0,1.0,43.0,1.0,100.0,48.0,2.0,0.0,0.0,0.0,1.0,0.0,0.0
012,BENFICA,2024,0.0,2.0,0.0,3.0,1.0,0.0,1.0,94.0,0.0,154.0,59.0,0.0,0.0,2.13,,1.95,1.69,
089,BENTO RIBEIRO,2024,0.0,0.0,0.0,1.0,0.0,0.0,1.0,106.0,0.0,114.0,65.0,3.0,0.0,0.0,,0.88,0.0,0.0
040,BONSUCESSO,2024,0.0,2.0,0.0,0.0,0.0,0.0,0.0,77.0,2.0,147.0,49.0,2.0,,2.6,0.0,0.0,0.0,0.0
020,BOTAFOGO,2024,0.0,2.0,0.0,4.0,0.0,0.0,2.0,370.0,1.0,125.0,33.0,11.0,0.0,0.54,0.0,3.2,0.0,0.0
045,BRAS DE PINA,2024,0.0,0.0,0.0,1.0,0.0,1.0,0.0,110.0,0.0,170.0,76.0,3.0,,0.0,,0.59,0.0,33.33
065,CACHAMBI,2024,0.0,1.0,0.0,0.0,0.0,0.0,1.0,144.0,1.0,101.0,26.0,0.0,0.0,0.69,0.0,0.0,0.0,
093,CACUIA,2024,0.0,1.0,0.0,0.0,0.0,0.0,0.0,34.0,0.0,36.0,11.0,2.0,,2.94,,0.0,0.0,0.0
004,CAJU,2024,0.0,2.0,0.0,0.0,0.0,0.0,2.0,97.0,0.0,152.0,45.0,2.0,0.0,2.06,,0.0,0.0,0.0
129,CAMORIM,2024,0.0,0.0,0.0,0.0,0.0,0.0,1.0,8.0,0.0,9.0,5.0,0.0,0.0,0.0,,0.0,0.0,
078,CAMPINHO,2024,0.0,0.0,0.0,3.0,1.0,0.0,1.0,36.0,0.0,39.0,13.0,0.0,0.0,0.0,,7.69,7.69,
136,CAMPO DOS AFONSOS,2024,0.0,0.0,0.0,0.0,0.0,0.0,0.0,22.0,0.0,7.0,3.0,0.0,,0.0,,0.0,0.0,
144,CAMPO GRANDE,2024,0.0,7.0,0.0,17.0,0.0,1.0,19.0,1155.0,6.0,1692.0,511.0,27.0,0.0,0.61,0.0,1.0,0.0,3.7
082,CASCADURA,2024,0.0,0.0,0.0,1.0,1.0,1.0,1.0,70.0,0.0,117.0,60.0,6.0,0.0,0.0,,0.85,1.67,16.67
018,CATETE,2024,0.0,1.0,0.0,0.0,0.0,0.0,1.0,89.0,0.0,58.0,14.0,1.0,0.0,1.12,,0.0,0.0,0.0
006,CATUMBI,2024,0.0,0.0,0.0,2.0,0.0,0.0,1.0,31.0,0.0,59.0,46.0,1.0,0.0,0.0,,3.39,0.0,0.0
080,CAVALCANTE,2024,0.0,1.0,0.0,0.0,1.0,0.0,0.0,41.0,0.0,74.0,26.0,2.0,,2.44,,0.0,3.85,0.0
005,CENTRO,2024,0.0,2.0,0.0,2.0,1.0,0.0,0.0,62.0,1.0,83.0,32.0,0.0,,3.23,0.0,2.41,3.12,
118,CIDADE DE DEUS,2024,0.0,1.0,0.0,5.0,0.0,2.0,2.0,62.0,1.0,305.0,113.0,2.0,0.0,1.61,0.0,1.64,0.0,100.0
008,CIDADE NOVA,2024,0.0,0.0,0.0,1.0,0.0,0.0,0.0,13.0,0.0,20.0,6.0,0.0,,0.0,,5.0,0.0,
105,CIDADE UNIVERSITARIA,2024,0.0,0.0,0.0,0.0,0.0,0.0,0.0,6.0,0.0,4.0,1.0,0.0,,0.0,,0.0,0.0,
096,COCOTA,2024,0.0,0.0,0.0,0.0,0.0,0.0,0.0,20.0,0.0,12.0,4.0,1.0,,0.0,,0.0,0.0,0.0
110,COELHO NETO,2024,0.0,0.0,0.0,1.0,0.0,0.0,0.0,66.0,0.0,123.0,53.0,1.0,,0.0,,0.81,0.0,0.0
077,COLEGIO,2024,0.0,3.0,0.0,1.0,0.0,0.0,0.0,88.0,1.0,129.0,57.0,1.0,,3.41,0.0,0.78,0.0,0.0
157,COMPLEXO DA MARE,2024,0.0,8.0,0.0,13.0,2.0,2.0,9.0,434.0,7.0,842.0,195.0,9.0,0.0,1.84,0.0,1.54,1.03,22.22
156,COMPLEXO DO ALEMAO,2024,0.0,4.0,0.0,3.0,4.0,0.0,0.0,117.0,2.0,274.0,99.0,0.0,,3.42,0.0,1.09,4.04,
024,COPACABANA,2024,0.0,5.0,0.0,1.0,0.0,0.0,3.0,405.0,1.0,224.0,68.0,8.0,0.0,1.23,0.0,0.45,0.0,0.0
046,CORDOVIL,2024,0.0,3.0,0.0,2.0,1.0,0.0,1.0,84.0,0.0,158.0,75.0,5.0,0.0,3.57,,1.27,1.33,0.0
019,COSME VELHO,2024,0.0,1.0,0.0,1.0,0.0,1.0,1.0,23.0,0.0,16.0,9.0,0.0,0.0,4.35,,6.25,0.0,
147,COSMOS,2024,0.0,4.0,0.0,5.0,2.0,0.0,5.0,229.0,2.0,540.0,220.0,16.0,0.0,1.75,0.0,0.93,0.91,0.0
113,COSTA BARROS,2024,0.0,1.0,0.0,1.0,2.0,1.0,0.0,83.0,0.0,193.0,100.0,6.0,,1.2,,0.52,2.0,16.67
119,CURICICA,2024,0.0,0.0,0.0,2.0,0.0,0.0,2.0,112.0,1.0,198.0,36.0,0.0,0.0,0.0,0.0,1.01,0.0,
053,DEL CASTILHO,2024,0.0,0.0,0.0,1.0,0.0,0.0,1.0,108.0,0.0,96.0,29.0,5.0,0.0,0.0,,1.04,0.0,0.0
134,DEODORO,2024,0.0,0.0,0.0,1.0,1.0,0.0,0.0,44.0,0.0,45.0,22.0,3.0,,0.0,,2.22,4.55,0.0
068,ENCANTADO,2024,0.0,1.0,0.0,0.0,0.0,0.0,0.0,48.0,0.0,33.0,14.0,0.0,,2.08,,0.0,0.0,
081,ENGENHEIRO LEAL,2024,0.0,0.0,0.0,1.0,0.0,1.0,0.0,9.0,0.0,25.0,11.0,1.0,,0.0,,4.0,0.0,100.0
055,ENGENHO DA RAINHA,2024,0.0,1.0,0.0,6.0,0.0,0.0,0.0,72.0,0.0,106.0,49.0,1.0,,1.39,,5.66,0.0,0.0
066,ENGENHO DE DENTRO,2024,0.0,0.0,0.0,0.0,0.0,0.0,2.0,136.0,1.0,148.0,52.0,2.0,0.0,0.0,0.0,0.0,0.0,0.0
061,ENGENHO NOVO,2024,0.0,1.0,0.0,4.0,1.0,2.0,2.0,93.0,1.0,145.0,84.0,3.0,0.0,1.08,0.0,2.76,1.19,66.67
009,ESTACIO,2024,0.0,1.0,0.0,5.0,0.0,0.0,0.0,34.0,0.0,87.0,53.0,1.0,,2.94,,5.75,0.0,0.0
015,FLAMENGO,2024,0.0,1.0,0.0,1.0,0.0,0.0,2.0,179.0,0.0,51.0,20.0,4.0,0.0,0.56,,1.96,0.0,0.0
098,FREGUESIA-ILHA,2024,0.0,1.0,0.0,3.0,0.0,0.0,0.0,49.0,0.0,72.0,34.0,1.0,,2.04,,4.17,0.0,0.0
120,FREGUESIA-JPA,2024,0.0,2.0,0.0,1.0,0.0,1.0,3.0,319.0,0.0,209.0,45.0,1.0,0.0,0.63,,0.48,0.0,100.0
104,GALEAO,2024,0.0,2.0,0.0,0.0,1.0,1.0,2.0,102.0,2.0,154.0,35.0,8.0,0.0,1.96,0.0,0.0,2.86,12.5
002,GAMBOA,2024,0.0,0.0,0.0,1.0,0.0,0.0,0.0,24.0,0.0,68.0,23.0,1.0,,0.0,,1.47,0.0,0.0
117,GARDENIA AZUL,2024,0.0,3.0,0.0,0.0,0.0,0.0,0.0,85.0,1.0,208.0,39.0,0.0,,3.53,0.0,0.0,0.0,
029,GAVEA,2024,0.0,1.0,0.0,0.0,0.0,0.0,0.0,73.0,0.0,30.0,10.0,1.0,,1.37,,0.0,0.0,0.0
160,GERICINo,2024,0.0,0.0,0.0,0.0,0.0,0.0,0.0,8.0,0.0,6.0,0.0,0.0,,0.0,,0.0,,
016,GLORIA,2024,0.0,1.0,0.0,0.0,0.0,0.0,0.0,28.0,0.0,9.0,6.0,0.0,,3.57,,0.0,0.0,
038,GRAJAU,2024,0.0,3.0,0.0,0.0,0.0,0.0,0.0,127.0,0.0,55.0,26.0,1.0,,2.36,,0.0,0.0,0.0
133,GRUMARI,2024,0.0,0.0,0.0,0.0,0.0,0.0,0.0,0.0,0.0,0.0,1.0,0.0,,,,,0.0,
106,GUADALUPE,2024,0.0,1.0,0.0,4.0,0.0,0.0,1.0,89.0,0.0,192.0,69.0,3.0,0.0,1.12,,2.08,0.0,0.0
151,GUARATIBA,2024,0.0,10.0,0.0,14.0,3.0,0.0,10.0,488.0,3.0,1073.0,273.0,9.0,0.0,2.05,0.0,1.3,1.1,0.0
050,HIGIENOPOLIS,2024,0.0,2.0,0.0,1.0,0.0,0.0,1.0,51.0,1.0,50.0,22.0,0.0,0.0,3.92,0.0,2.0,0.0,
087,HONORIO GURGEL,2024,0.0,0.0,0.0,3.0,0.0,1.0,1.0,43.0,0.0,90.0,41.0,0.0,0.0,0.0,,3.33,0.0,
021,HUMAITA,2024,0.0,0.0,0.0,0.0,0.0,0.0,0.0,63.0,0.0,11.0,3.0,1.0,,0.0,,0.0,0.0,0.0
999,IGNORADO BAIRRO-MRJ,2024,0.0,1.0,0.0,0.0,0.0,0.0,0.0,3.0,1.0,18.0,3.0,1.0,,33.33,0.0,0.0,0.0,0.0
164,ILHA DE GUARATIBA,2024,0.0,1.0,0.0,0.0,0.0,0.0,1.0,23.0,0.0,30.0,6.0,0.0,0.0,4.35,,0.0,0.0,
998,ILHA DO GOVERNADOR - IGNORADO,2024,0.0,0.0,0.0,0.0,0.0,0.0,0.0,3.0,0.0,2.0,0.0,0.0,,0.0,,0.0,,
054,INHAUMA,2024,0.0,2.0,0.0,2.0,0.0,1.0,1.0,127.0,0.0,246.0,101.0,3.0,0.0,1.57,,0.81,0.0,33.33
146,INHOAIBA,2024,0.0,3.0,0.0,6.0,0.0,1.0,5.0,177.0,1.0,390.0,158.0,1.0,0.0,1.69,0.0,1.54,0.0,100.0
025,IPANEMA,2024,0.0,0.0,0.0,0.0,0.0,0.0,2.0,205.0,0.0,38.0,4.0,8.0,0.0,0.0,,0.0,0.0,0.0
076,IRAJA,2024,0.0,5.0,0.0,2.0,0.0,0.0,3.0,255.0,1.0,312.0,106.0,5.0,0.0,1.96,0.0,0.64,0.0,0.0
127,ITANHANGA,2024,0.0,2.0,0.0,0.0,1.0,1.0,3.0,270.0,2.0,388.0,51.0,2.0,0.0,0.74,0.0,0.0,1.96,50.0
163,JABOUR,2024,0.0,0.0,0.0,0.0,0.0,0.0,0.0,8.0,0.0,8.0,2.0,0.0,,0.0,,0.0,0.0,
051,JACARE,2024,0.0,0.0,0.0,2.0,0.0,0.0,0.0,29.0,0.0,50.0,40.0,1.0,,0.0,,4.0,0.0,0.0
115,JACAREPAGUA,2024,0.0,15.0,0.0,5.0,0.0,2.0,6.0,636.0,3.0,1132.0,249.0,6.0,0.0,2.36,0.0,0.44,0.0,33.33
155,JACAREZINHO,2024,0.0,0.0,0.0,3.0,1.0,3.0,1.0,55.0,0.0,175.0,90.0,0.0,0.0,0.0,,1.71,1.11,
049,JARDIM AMERICA,2024,0.0,2.0,0.0,2.0,0.0,1.0,1.0,58.0,0.0,94.0,27.0,0.0,0.0,3.45,,2.13,0.0,
028,JARDIM BOTANICO,2024,0.0,0.0,0.0,0.0,0.0,0.0,0.0,71.0,0.0,22.0,8.0,1.0,,0.0,,0.0,0.0,0.0
100,JARDIM CARIOCA,2024,0.0,1.0,0.0,1.0,0.0,0.0,0.0,74.0,0.0,73.0,21.0,6.0,,1.35,,1.37,0.0,0.0
099,JARDIM GUANABARA,2024,0.0,1.0,0.0,0.0,0.0,0.0,1.0,118.0,1.0,32.0,7.0,1.0,0.0,0.85,0.0,0.0,0.0,0.0
137,JARDIM SULACAP,2024,0.0,0.0,0.0,0.0,0.0,0.0,0.0,70.0,0.0,38.0,15.0,0.0,,0.0,,0.0,0.0,
126,JOA,2024,0.0,0.0,0.0,0.0,0.0,0.0,0.0,4.0,0.0,3.0,0.0,0.0,,0.0,,0.0,,
027,LAGOA,2024,0.0,1.0,0.0,1.0,0.0,0.0,1.0,108.0,0.0,11.0,3.0,5.0,0.0,0.93,,9.09,0.0,0.0
161,LAPA,2024,0.0,0.0,0.0,1.0,0.0,0.0,1.0,13.0,0.0,21.0,9.0,0.0,0.0,0.0,,4.76,0.0,
017,LARANJEIRAS,2024,0.0,4.0,0.0,0.0,0.0,1.0,0.0,170.0,1.0,51.0,13.0,5.0,,2.35,0.0,0.0,0.0,20.0
026,LEBLON,2024,0.0,5.0,0.0,1.0,0.0,0.0,1.0,211.0,1.0,22.0,7.0,5.0,0.0,2.37,0.0,4.55,0.0,0.0
023,LEME,2024,0.0,1.0,0.0,0.0,0.0,0.0,0.0,50.0,0.0,20.0,19.0,0.0,,2.0,,0.0,0.0,
062,LINS DE VASCONCELOS,2024,0.0,0.0,0.0,3.0,1.0,0.0,1.0,87.0,0.0,128.0,105.0,1.0,0.0,0.0,,2.34,0.95,0.0
083,MADUREIRA,2024,0.0,3.0,0.0,5.0,2.0,0.0,0.0,100.0,1.0,194.0,95.0,5.0,,3.0,0.0,2.58,2.11,0.0
138,MAGALHAES BASTOS,2024,0.0,0.0,0.0,6.0,0.0,0.0,3.0,53.0,0.0,98.0,35.0,1.0,0.0,0.0,,6.12,0.0,0.0
011,MANGUEIRA,2024,0.0,1.0,0.0,3.0,1.0,1.0,0.0,37.0,0.0,123.0,87.0,0.0,,2.7,,2.44,1.15,
039,MANGUINHOS,2024,0.0,2.0,0.0,4.0,0.0,2.0,3.0,88.0,0.0,209.0,79.0,1.0,0.0,2.27,,1.91,0.0,200.0
035,MARACANA,2024,0.0,0.0,0.0,1.0,0.0,0.0,2.0,88.0,1.0,31.0,12.0,1.0,0.0,0.0,0.0,3.23,0.0,0.0
090,MARECHAL HERMES,2024,0.0,0.0,0.0,1.0,0.0,0.0,1.0,102.0,0.0,153.0,73.0,4.0,0.0,0.0,,0.65,0.0,0.0
052,MARIA DA GRACA,2024,0.0,2.0,0.0,0.0,0.0,0.0,0.0,20.0,0.0,17.0,7.0,0.0,,10.0,,0.0,0.0,
063,MEIER,2024,0.0,0.0,0.0,1.0,0.0,0.0,0.0,120.0,0.0,54.0,22.0,0.0,,0.0,,1.85,0.0,
102,MONERO,2024,0.0,0.0,0.0,0.0,0.0,0.0,0.0,18.0,0.0,10.0,3.0,2.0,,0.0,,0.0,0.0,0.0
042,OLARIA,2024,0.0,2.0,0.0,4.0,1.0,0.0,4.0,136.0,1.0,156.0,80.0,2.0,0.0,1.47,0.0,2.56,1.25,0.0
088,OSWALDO CRUZ,2024,0.0,2.0,0.0,1.0,1.0,0.0,0.0,67.0,2.0,92.0,46.0,3.0,,2.99,0.0,1.09,2.17,0.0
148,PACIENCIA,2024,0.0,5.0,0.0,9.0,3.0,1.0,9.0,232.0,2.0,575.0,262.0,30.0,0.0,2.16,0.0,1.57,1.15,3.33
140,PADRE MIGUEL,2024,0.0,7.0,0.0,4.0,0.0,0.0,6.0,137.0,1.0,254.0,100.0,2.0,0.0,5.11,0.0,1.57,0.0,0.0
013,PAQUETA,2024,0.0,2.0,0.0,0.0,0.0,0.0,0.0,9.0,0.0,6.0,4.0,0.0,,22.22,,0.0,0.0,
047,PARADA DE LUCAS,2024,0.0,1.0,0.0,3.0,0.0,0.0,0.0,72.0,0.0,128.0,59.0,3.0,,1.39,,2.34,0.0,0.0
108,PARQUE ANCHIETA,2024,0.0,2.0,0.0,0.0,0.0,0.0,1.0,60.0,0.0,78.0,34.0,3.0,0.0,3.33,,0.0,0.0,0.0
158,PARQUE COLUMBIA,2024,0.0,0.0,0.0,1.0,0.0,0.0,0.0,14.0,0.0,45.0,17.0,1.0,,0.0,,2.22,0.0,0.0
114,PAVUNA,2024,0.0,2.0,0.0,4.0,1.0,0.0,3.0,186.0,1.0,461.0,205.0,10.0,0.0,1.08,0.0,0.87,0.49,0.0
121,PECHINCHA,2024,0.0,5.0,0.0,1.0,0.0,0.0,1.0,167.0,0.0,107.0,20.0,3.0,0.0,2.99,,0.93,0.0,0.0
153,PEDRA DE GUARATIBA,2024,0.0,2.0,0.0,2.0,0.0,0.0,0.0,41.0,0.0,107.0,14.0,0.0,,4.88,,1.87,0.0,
043,PENHA,2024,0.0,7.0,0.0,7.0,0.0,0.0,0.0,174.0,1.0,278.0,134.0,1.0,,4.02,0.0,2.52,0.0,0.0
044,PENHA CIRCULAR,2024,0.0,5.0,0.0,2.0,0.0,1.0,1.0,133.0,0.0,155.0,66.0,1.0,0.0,3.76,,1.29,0.0,100.0
069,PIEDADE,2024,0.0,2.0,0.0,1.0,1.0,0.0,0.0,113.0,0.0,162.0,61.0,2.0,,1.77,,0.62,1.64,0.0
071,PILARES,2024,0.0,2.0,0.0,2.0,0.0,0.0,1.0,81.0,0.0,81.0,38.0,0.0,0.0,2.47,,2.47,0.0,
094,PITANGUEIRAS,2024,0.0,0.0,0.0,1.0,0.0,1.0,0.0,34.0,0.0,42.0,7.0,3.0,,0.0,,2.38,0.0,33.33
103,PORTUGUESA,2024,0.0,0.0,0.0,1.0,0.0,0.0,1.0,47.0,0.0,53.0,12.0,1.0,0.0,0.0,,1.89,0.0,0.0
032,PRACA DA BANDEIRA,2024,0.0,1.0,0.0,0.0,0.0,1.0,2.0,32.0,0.0,12.0,4.0,1.0,0.0,3.12,,0.0,0.0,100.0
124,PRACA SECA,2024,0.0,4.0,0.0,2.0,0.0,0.0,0.0,165.0,0.0,254.0,96.0,5.0,,2.42,,0.79,0.0,0.0
095,PRAIA DA BANDEIRA,2024,0.0,0.0,0.0,0.0,0.0,0.0,0.0,24.0,0.0,10.0,4.0,0.0,,0.0,,0.0,0.0,
079,QUINTINO BOCAIUVA,2024,0.0,2.0,0.0,0.0,1.0,0.0,1.0,78.0,0.0,96.0,34.0,3.0,0.0,2.56,,0.0,2.94,0.0
041,RAMOS,2024,0.0,0.0,0.0,3.0,0.0,0.0,3.0,147.0,0.0,181.0,49.0,1.0,0.0,0.0,,1.66,0.0,0.0
139,REALENGO,2024,0.0,7.0,0.0,10.0,4.0,0.0,16.0,410.0,5.0,716.0,306.0,11.0,0.0,1.71,0.0,1.4,1.31,0.0
132,RECREIO BANDEIRANTES,2024,0.0,10.0,0.0,3.0,0.0,2.0,8.0,725.0,1.0,371.0,66.0,6.0,0.0,1.38,0.0,0.81,0.0,33.33
059,RIACHUELO,2024,0.0,0.0,0.0,0.0,0.0,0.0,0.0,24.0,0.0,31.0,9.0,0.0,,0.0,,0.0,0.0,
091,RIBEIRA,2024,0.0,1.0,0.0,0.0,0.0,0.0,0.0,17.0,0.0,6.0,3.0,0.0,,5.88,,0.0,0.0,
109,RICARDO ALBUQUERQUE,2024,0.0,2.0,0.0,2.0,1.0,0.0,0.0,59.0,0.0,123.0,47.0,2.0,,3.39,,1.63,2.13,0.0
007,RIO COMPRIDO,2024,0.0,0.0,0.0,2.0,0.0,0.0,1.0,114.0,0.0,156.0,79.0,2.0,0.0,0.0,,1.28,0.0,0.0
058,ROCHA,2024,0.0,0.0,0.0,1.0,0.0,0.0,0.0,35.0,1.0,61.0,39.0,1.0,,0.0,0.0,1.64,0.0,0.0
086,ROCHA MIRANDA,2024,0.0,1.0,0.0,1.0,0.0,0.0,0.0,97.0,1.0,177.0,88.0,3.0,,1.03,0.0,0.56,0.0,0.0
154,ROCINHA,2024,0.0,2.0,0.0,4.0,1.0,0.0,1.0,200.0,1.0,393.0,88.0,1.0,0.0,1.0,0.0,1.02,1.14,0.0
060,SAMPAIO,2024,0.0,1.0,0.0,0.0,0.0,0.0,0.0,25.0,0.0,51.0,26.0,1.0,,4.0,,0.0,0.0,0.0
149,SANTA CRUZ,2024,0.0,9.0,0.0,31.0,1.0,2.0,21.0,638.0,3.0,1551.0,622.0,97.0,0.0,1.41,0.0,2.0,0.16,2.06
014,SANTA TERESA,2024,0.0,2.0,0.0,3.0,0.0,0.0,4.0,102.0,2.0,121.0,65.0,1.0,0.0,1.96,0.0,2.48,0.0,0.0
143,SANTISSIMO,2024,0.0,2.0,0.0,4.0,0.0,0.0,5.0,145.0,0.0,244.0,87.0,2.0,0.0,1.38,,1.64,0.0,0.0
003,SANTO CRISTO,2024,0.0,0.0,0.0,1.0,0.0,0.0,1.0,36.0,0.0,49.0,28.0,4.0,0.0,0.0,,2.04,0.0,0.0
031,SAO CONRADO,2024,0.0,1.0,0.0,1.0,0.0,0.0,0.0,55.0,0.0,8.0,6.0,2.0,,1.82,,12.5,0.0,0.0
010,SAO CRISTOVAO,2024,0.0,2.0,0.0,0.0,0.0,0.0,0.0,112.0,0.0,110.0,42.0,0.0,,1.79,,0.0,0.0,
057,SAO FRANCISCO XAVIER,2024,0.0,0.0,0.0,1.0,0.0,0.0,2.0,19.0,0.0,19.0,10.0,0.0,0.0,0.0,,5.26,0.0,
001,SAUDE,2024,0.0,1.0,0.0,2.0,1.0,0.0,0.0,8.0,0.0,12.0,10.0,0.0,,12.5,,16.67,10.0,
142,SENADOR CAMARA,2024,0.0,4.0,0.0,8.0,1.0,1.0,11.0,242.0,0.0,519.0,196.0,4.0,0.0,1.65,,1.54,0.51,25.0
145,SENADOR VASCONCELOS,2024,0.0,2.0,0.0,0.0,0.0,0.0,3.0,89.0,0.0,137.0,74.0,0.0,0.0,2.25,,0.0,0.0,
150,SEPETIBA,2024,0.0,5.0,0.0,5.0,1.0,0.0,4.0,161.0,0.0,383.0,125.0,37.0,0.0,3.11,,1.31,0.8,0.0
123,TANQUE,2024,0.0,1.0,0.0,1.0,1.0,0.0,0.0,130.0,0.0,223.0,63.0,5.0,,0.77,,0.45,1.59,0.0
122,TAQUARA,2024,1.0,2.0,0.0,8.0,0.0,1.0,8.0,446.0,0.0,394.0,117.0,5.0,12.5,0.45,,2.03,0.0,20.0
101,TAUA,2024,0.0,2.0,0.0,2.0,0.0,1.0,2.0,65.0,0.0,110.0,30.0,3.0,0.0,3.08,,1.82,0.0,33.33
033,TIJUCA,2024,0.0,5.0,0.0,4.0,3.0,0.0,4.0,476.0,2.0,270.0,145.0,13.0,0.0,1.05,0.0,1.48,2.07,0.0
064,TODOS OS SANTOS,2024,0.0,1.0,0.0,0.0,0.0,0.0,1.0,88.0,0.0,27.0,11.0,0.0,0.0,1.14,,0.0,0.0,
056,TOMAS COELHO,2024,0.0,2.0,0.0,2.0,0.0,2.0,0.0,47.0,0.0,102.0,58.0,0.0,,4.26,,1.96,0.0,
085,TURIACU,2024,0.0,0.0,0.0,1.0,0.0,0.0,0.0,23.0,0.0,64.0,42.0,0.0,,0.0,,1.56,0.0,
022,URCA,2024,0.0,0.0,0.0,0.0,0.0,0.0,0.0,33.0,0.0,12.0,3.0,2.0,,0.0,,0.0,0.0,0.0
131,VARGEM GRANDE,2024,0.0,2.0,0.0,2.0,0.0,0.0,1.0,78.0,0.0,138.0,23.0,1.0,0.0,2.56,,1.45,0.0,0.0
130,VARGEM PEQUENA,2024,0.0,1.0,0.0,1.0,1.0,0.0,4.0,127.0,0.0,176.0,32.0,1.0,0.0,0.79,,0.57,3.12,0.0
159,VASCO DA GAMA,2024,0.0,2.0,0.0,1.0,0.0,0.0,1.0,55.0,0.0,55.0,23.0,0.0,0.0,3.64,,1.82,0.0,
084,VAZ LOBO,2024,0.0,0.0,0.0,3.0,0.0,0.0,0.0,33.0,0.0,67.0,33.0,0.0,,0.0,,4.48,0.0,
073,VICENTE DE CARVALHO,2024,0.0,0.0,0.0,1.0,1.0,0.0,0.0,43.0,0.0,78.0,45.0,1.0,,0.0,,1.28,2.22,0.0
030,VIDIGAL,2024,0.0,3.0,0.0,2.0,1.0,0.0,0.0,52.0,0.0,64.0,31.0,2.0,,5.77,,3.12,3.23,0.0
048,VIGARIO GERAL,2024,0.0,0.0,0.0,1.0,0.0,0.0,1.0,82.0,0.0,204.0,100.0,4.0,0.0,0.0,,0.49,0.0,0.0
074,VILA DA PENHA,2024,0.0,0.0,0.0,0.0,0.0,0.0,0.0,70.0,0.0,41.0,16.0,1.0,,0.0,,0.0,0.0,0.0
036,VILA ISABEL,2024,0.0,2.0,0.0,2.0,0.0,2.0,4.0,197.0,0.0,141.0,70.0,7.0,0.0,1.02,,1.42,0.0,28.57
162,VILA KENNEDY,2024,0.0,0.0,0.0,4.0,1.0,0.0,1.0,44.0,0.0,116.0,68.0,0.0,0.0,0.0,,3.45,1.47,
072,VILA KOSMOS,2024,0.0,0.0,0.0,0.0,0.0,1.0,1.0,27.0,0.0,42.0,18.0,0.0,0.0,0.0,,0.0,0.0,
135,VILA MILITAR,2024,0.0,0.0,0.0,0.0,0.0,0.0,1.0,41.0,0.0,57.0,18.0,1.0,0.0,0.0,,0.0,0.0,0.0
125,VILA VALQUEIRE,2024,0.0,4.0,0.0,0.0,0.0,0.0,4.0,116.0,0.0,105.0,58.0,5.0,0.0,3.45,,0.0,0.0,0.0
075,VISTA ALEGRE,2024,0.0,0.0,0.0,1.0,0.0,0.0,0.0,23.0,0.0,23.0,5.0,0.0,,0.0,,4.35,0.0,
092,ZUMBI,2024,0.0,0.0,0.0,0.0,0.0,0.0,0.0,13.0,0.0,5.0,0.0,0.0,,0.0,,0.0,,
070,ABOLICAO,2025,0.0,1.0,0.0,1.0,0.0,0.0,1.0,44.0,0.0,44.0,18.0,2.0,0.0,2.27,,2.27,0.0,0.0
111,ACARI,2025,0.0,2.0,0.0,2.0,1.0,1.0,0.0,72.0,0.0,208.0,67.0,2.0,,2.78,,0.96,1.49,50.0
067,AGUA SANTA,2025,0.0,0.0,0.0,1.0,0.0,0.0,1.0,20.0,0.0,29.0,7.0,0.0,0.0,0.0,,3.45,0.0,
034,ALTO DA BOA VISTA,2025,0.0,1.0,0.0,0.0,0.0,1.0,0.0,17.0,0.0,36.0,13.0,1.0,,5.88,,0.0,0.0,100.0
107,ANCHIETA,2025,0.0,0.0,0.0,6.0,0.0,1.0,1.0,161.0,1.0,318.0,134.0,3.0,0.0,0.0,0.0,1.89,0.0,33.33
037,ANDARAI,2025,0.0,2.0,0.0,0.0,0.0,0.0,3.0,113.0,1.0,62.0,30.0,0.0,0.0,1.77,0.0,0.0,0.0,
116,ANIL,2025,0.0,3.0,0.0,3.0,1.0,0.0,2.0,134.0,0.0,201.0,37.0,3.0,0.0,2.24,,1.49,2.7,0.0
097,BANCARIOS,2025,0.0,0.0,0.0,1.0,0.0,0.0,0.0,50.0,0.0,65.0,15.0,2.0,,0.0,,1.54,0.0,0.0
141,BANGU,2025,0.0,6.0,0.0,12.0,2.0,0.0,14.0,556.0,6.0,969.0,425.0,7.0,0.0,1.08,0.0,1.24,0.47,0.0
128,BARRA DA TIJUCA,2025,0.0,6.0,0.0,0.0,0.0,0.0,0.0,917.0,0.0,166.0,22.0,10.0,,0.65,,0.0,0.0,0.0
152,BARRA DE GUARATIBA,2025,0.0,1.0,0.0,1.0,0.0,0.0,1.0,38.0,0.0,64.0,13.0,1.0,0.0,2.63,,1.56,0.0,0.0
165,BARRA OLIMPICA,2025,0.0,2.0,0.0,0.0,0.0,1.0,0.0,366.0,0.0,114.0,22.0,1.0,,0.55,,0.0,0.0,100.0
112,BARROS FILHO,2025,0.0,2.0,0.0,0.0,0.0,0.0,0.0,32.0,0.0,94.0,38.0,0.0,,6.25,,0.0,0.0,
012,BENFICA,2025,0.0,1.0,0.0,5.0,1.0,1.0,3.0,104.0,1.0,165.0,73.0,0.0,0.0,0.96,0.0,3.03,1.37,
089,BENTO RIBEIRO,2025,0.0,2.0,0.0,2.0,1.0,0.0,0.0,92.0,0.0,133.0,72.0,3.0,,2.17,,1.5,1.39,0.0
040,BONSUCESSO,2025,0.0,1.0,0.0,2.0,0.0,0.0,1.0,127.0,0.0,198.0,65.0,1.0,0.0,0.79,,1.01,0.0,0.0
020,BOTAFOGO,2025,0.0,2.0,0.0,0.0,0.0,0.0,3.0,377.0,0.0,106.0,42.0,6.0,0.0,0.53,,0.0,0.0,0.0
045,BRAS DE PINA,2025,0.0,5.0,0.0,3.0,0.0,1.0,1.0,111.0,1.0,175.0,74.0,2.0,0.0,4.5,0.0,1.71,0.0,50.0
065,CACHAMBI,2025,0.0,3.0,0.0,0.0,0.0,0.0,0.0,134.0,0.0,104.0,34.0,2.0,,2.24,,0.0,0.0,0.0
093,CACUIA,2025,0.0,0.0,0.0,0.0,0.0,0.0,0.0,30.0,0.0,43.0,11.0,1.0,,0.0,,0.0,0.0,0.0
004,CAJU,2025,0.0,4.0,0.0,3.0,1.0,1.0,1.0,78.0,0.0,173.0,52.0,1.0,0.0,5.13,,1.73,1.92,100.0
129,CAMORIM,2025,0.0,1.0,0.0,0.0,0.0,0.0,0.0,10.0,0.0,21.0,4.0,0.0,,10.0,,0.0,0.0,
078,CAMPINHO,2025,0.0,0.0,0.0,2.0,0.0,0.0,1.0,23.0,0.0,50.0,20.0,1.0,0.0,0.0,,4.0,0.0,0.0
136,CAMPO DOS AFONSOS,2025,0.0,2.0,0.0,0.0,0.0,0.0,0.0,17.0,0.0,13.0,6.0,0.0,,11.76,,0.0,0.0,
144,CAMPO GRANDE,2025,0.0,17.0,0.0,21.0,1.0,1.0,24.0,1220.0,3.0,1639.0,568.0,50.0,0.0,1.39,0.0,1.28,0.18,2.0
082,CASCADURA,2025,0.0,2.0,0.0,1.0,0.0,1.0,0.0,79.0,0.0,108.0,50.0,6.0,,2.53,,0.93,0.0,16.67
018,CATETE,2025,0.0,0.0,0.0,0.0,0.0,0.0,0.0,63.0,0.0,62.0,20.0,0.0,,0.0,,0.0,0.0,
006,CATUMBI,2025,0.0,2.0,0.0,2.0,1.0,0.0,0.0,22.0,0.0,71.0,40.0,1.0,,9.09,,2.82,2.5,0.0
080,CAVALCANTE,2025,0.0,1.0,0.0,1.0,0.0,0.0,0.0,37.0,0.0,74.0,31.0,3.0,,2.7,,1.35,0.0,0.0
005,CENTRO,2025,0.0,2.0,0.0,2.0,0.0,0.0,3.0,75.0,3.0,76.0,37.0,0.0,0.0,2.67,0.0,2.63,0.0,
118,CIDADE DE DEUS,2025,0.0,1.0,0.0,2.0,1.0,2.0,0.0,75.0,0.0,353.0,119.0,2.0,,1.33,,0.57,0.84,100.0
008,CIDADE NOVA,2025,0.0,0.0,0.0,3.0,0.0,0.0,0.0,10.0,0.0,22.0,10.0,0.0,,0.0,,13.64,0.0,
105,CIDADE UNIVERSITARIA,2025,0.0,1.0,0.0,0.0,0.0,0.0,0.0,6.0,1.0,8.0,2.0,0.0,,16.67,0.0,0.0,0.0,
096,COCOTA,2025,0.0,0.0,0.0,0.0,0.0,0.0,1.0,26.0,0.0,20.0,5.0,1.0,0.0,0.0,,0.0,0.0,0.0
110,COELHO NETO,2025,0.0,0.0,0.0,0.0,0.0,0.0,0.0,66.0,0.0,145.0,72.0,1.0,,0.0,,0.0,0.0,0.0
077,COLEGIO,2025,0.0,4.0,0.0,2.0,0.0,0.0,1.0,89.0,1.0,137.0,64.0,0.0,0.0,4.49,0.0,1.46,0.0,
157,COMPLEXO DA MARE,2025,0.0,2.0,0.0,9.0,2.0,2.0,8.0,389.0,4.0,854.0,231.0,8.0,0.0,0.51,0.0,1.05,0.87,25.0
156,COMPLEXO DO ALEMAO,2025,0.0,1.0,0.0,5.0,0.0,0.0,0.0,86.0,0.0,188.0,86.0,1.0,,1.16,,2.66,0.0,0.0
024,COPACABANA,2025,0.0,5.0,0.0,2.0,0.0,0.0,3.0,475.0,1.0,185.0,95.0,13.0,0.0,1.05,0.0,1.08,0.0,0.0
046,CORDOVIL,2025,0.0,2.0,0.0,7.0,1.0,0.0,2.0,61.0,1.0,167.0,84.0,1.0,0.0,3.28,0.0,4.19,1.19,0.0
019,COSME VELHO,2025,0.0,1.0,0.0,1.0,0.0,0.0,0.0,16.0,0.0,26.0,26.0,1.0,,6.25,,3.85,0.0,0.0
147,COSMOS,2025,0.0,5.0,0.0,16.0,0.0,0.0,8.0,205.0,0.0,510.0,214.0,17.0,0.0,2.44,,3.14,0.0,0.0
113,COSTA BARROS,2025,0.0,2.0,0.0,4.0,1.0,0.0,0.0,80.0,0.0,213.0,105.0,3.0,,2.5,,1.88,0.95,0.0
119,CURICICA,2025,0.0,1.0,0.0,4.0,0.0,0.0,1.0,107.0,0.0,206.0,54.0,1.0,0.0,0.93,,1.94,0.0,0.0
053,DEL CASTILHO,2025,0.0,2.0,0.0,0.0,0.0,1.0,1.0,107.0,0.0,91.0,35.0,2.0,0.0,1.87,,0.0,0.0,50.0
134,DEODORO,2025,0.0,0.0,0.0,2.0,0.0,0.0,0.0,47.0,0.0,53.0,23.0,1.0,,0.0,,3.77,0.0,0.0
068,ENCANTADO,2025,0.0,0.0,0.0,1.0,0.0,0.0,0.0,32.0,1.0,39.0,9.0,0.0,,0.0,0.0,2.56,0.0,
081,ENGENHEIRO LEAL,2025,0.0,0.0,0.0,1.0,0.0,0.0,0.0,10.0,0.0,31.0,9.0,1.0,,0.0,,3.23,0.0,0.0
055,ENGENHO DA RAINHA,2025,0.0,0.0,0.0,2.0,1.0,0.0,0.0,63.0,0.0,88.0,66.0,0.0,,0.0,,2.27,1.52,
066,ENGENHO DE DENTRO,2025,0.0,2.0,0.0,1.0,0.0,0.0,0.0,148.0,0.0,142.0,59.0,2.0,,1.35,,0.7,0.0,0.0
061,ENGENHO NOVO,2025,0.0,1.0,0.0,2.0,0.0,0.0,0.0,123.0,0.0,132.0,91.0,0.0,,0.81,,1.52,0.0,
009,ESTACIO,2025,0.0,0.0,0.0,3.0,1.0,0.0,0.0,47.0,1.0,68.0,37.0,0.0,,0.0,0.0,4.41,2.7,
015,FLAMENGO,2025,0.0,1.0,0.0,2.0,1.0,0.0,1.0,204.0,0.0,53.0,14.0,2.0,0.0,0.49,,3.77,7.14,0.0
098,FREGUESIA-ILHA,2025,0.0,1.0,0.0,1.0,0.0,0.0,0.0,72.0,0.0,90.0,27.0,2.0,,1.39,,1.11,0.0,0.0
120,FREGUESIA-JPA,2025,0.0,0.0,0.0,3.0,1.0,0.0,0.0,281.0,2.0,209.0,60.0,1.0,,0.0,0.0,1.44,1.67,0.0
104,GALEAO,2025,0.0,0.0,0.0,0.0,1.0,0.0,1.0,84.0,1.0,133.0,27.0,2.0,0.0,0.0,0.0,0.0,3.7,0.0
002,GAMBOA,2025,0.0,0.0,0.0,2.0,0.0,0.0,1.0,46.0,0.0,71.0,31.0,1.0,0.0,0.0,,2.82,0.0,0.0
117,GARDENIA AZUL,2025,0.0,1.0,0.0,3.0,0.0,0.0,3.0,94.0,0.0,264.0,37.0,2.0,0.0,1.06,,1.14,0.0,0.0
029,GAVEA,2025,0.0,1.0,0.0,1.0,0.0,0.0,0.0,88.0,0.0,40.0,9.0,2.0,,1.14,,2.5,0.0,0.0
160,GERICINo,2025,0.0,0.0,0.0,1.0,0.0,0.0,0.0,4.0,0.0,6.0,4.0,0.0,,0.0,,16.67,0.0,
016,GLORIA,2025,0.0,0.0,0.0,0.0,0.0,0.0,0.0,29.0,0.0,12.0,6.0,0.0,,0.0,,0.0,0.0,
038,GRAJAU,2025,0.0,0.0,0.0,0.0,0.0,0.0,1.0,98.0,0.0,52.0,16.0,1.0,0.0,0.0,,0.0,0.0,0.0
133,GRUMARI,2025,0.0,0.0,0.0,0.0,0.0,0.0,0.0,0.0,0.0,0.0,0.0,0.0,,,,,,
106,GUADALUPE,2025,0.0,2.0,0.0,2.0,0.0,1.0,1.0,102.0,0.0,187.0,64.0,1.0,0.0,1.96,,1.07,0.0,100.0
151,GUARATIBA,2025,0.0,4.0,0.0,7.0,2.0,0.0,7.0,522.0,2.0,1013.0,292.0,31.0,0.0,0.77,0.0,0.69,0.68,0.0
050,HIGIENOPOLIS,2025,0.0,0.0,0.0,0.0,0.0,0.0,1.0,43.0,0.0,49.0,24.0,1.0,0.0,0.0,,0.0,0.0,0.0
087,HONORIO GURGEL,2025,0.0,4.0,0.0,0.0,1.0,1.0,1.0,51.0,0.0,89.0,42.0,0.0,0.0,7.84,,0.0,2.38,
021,HUMAITA,2025,0.0,0.0,0.0,1.0,0.0,0.0,0.0,51.0,0.0,13.0,5.0,0.0,,0.0,,7.69,0.0,
999,IGNORADO BAIRRO-MRJ,2025,0.0,0.0,0.0,0.0,0.0,0.0,1.0,5.0,0.0,10.0,3.0,0.0,0.0,0.0,,0.0,0.0,
164,ILHA DE GUARATIBA,2025,0.0,0.0,0.0,1.0,0.0,0.0,0.0,29.0,0.0,48.0,3.0,1.0,,0.0,,2.08,0.0,0.0
998,ILHA DO GOVERNADOR - IGNORADO,2025,0.0,0.0,0.0,0.0,0.0,0.0,0.0,8.0,0.0,3.0,1.0,0.0,,0.0,,0.0,0.0,
054,INHAUMA,2025,0.0,2.0,0.0,4.0,0.0,0.0,0.0,157.0,1.0,263.0,115.0,3.0,,1.27,0.0,1.52,0.0,0.0
146,INHOAIBA,2025,0.0,4.0,0.0,3.0,0.0,0.0,3.0,194.0,0.0,403.0,147.0,5.0,0.0,2.06,,0.74,0.0,0.0
025,IPANEMA,2025,0.0,5.0,0.0,0.0,0.0,1.0,1.0,197.0,1.0,33.0,10.0,5.0,0.0,2.54,0.0,0.0,0.0,20.0
076,IRAJA,2025,0.0,5.0,0.0,3.0,0.0,1.0,1.0,259.0,1.0,297.0,116.0,9.0,0.0,1.93,0.0,1.01,0.0,11.11
127,ITANHANGA,2025,0.0,6.0,0.0,4.0,0.0,1.0,8.0,251.0,2.0,470.0,55.0,5.0,0.0,2.39,0.0,0.85,0.0,20.0
163,JABOUR,2025,0.0,0.0,0.0,0.0,0.0,0.0,0.0,7.0,0.0,9.0,1.0,0.0,,0.0,,0.0,0.0,
051,JACARE,2025,0.0,0.0,0.0,0.0,0.0,0.0,1.0,35.0,0.0,86.0,44.0,0.0,0.0,0.0,,0.0,0.0,
115,JACAREPAGUA,2025,0.0,13.0,0.0,16.0,1.0,2.0,4.0,578.0,1.0,1077.0,208.0,10.0,0.0,2.25,0.0,1.49,0.48,20.0
155,JACAREZINHO,2025,0.0,0.0,0.0,2.0,2.0,0.0,1.0,56.0,0.0,144.0,92.0,0.0,0.0,0.0,,1.39,2.17,
049,JARDIM AMERICA,2025,0.0,1.0,0.0,1.0,0.0,0.0,1.0,84.0,0.0,135.0,44.0,2.0,0.0,1.19,,0.74,0.0,0.0
028,JARDIM BOTANICO,2025,0.0,0.0,0.0,0.0,0.0,0.0,0.0,66.0,0.0,13.0,5.0,2.0,,0.0,,0.0,0.0,0.0
100,JARDIM CARIOCA,2025,0.0,1.0,0.0,1.0,0.0,1.0,0.0,78.0,0.0,96.0,24.0,1.0,,1.28,,1.04,0.0,100.0
099,JARDIM GUANABARA,2025,0.0,0.0,0.0,0.0,0.0,0.0,0.0,123.0,0.0,40.0,6.0,1.0,,0.0,,0.0,0.0,0.0
137,JARDIM SULACAP,2025,0.0,1.0,0.0,0.0,0.0,0.0,0.0,65.0,0.0,46.0,19.0,2.0,,1.54,,0.0,0.0,0.0
126,JOA,2025,0.0,0.0,0.0,0.0,0.0,0.0,0.0,8.0,0.0,0.0,0.0,0.0,,0.0,,,,
027,LAGOA,2025,0.0,1.0,0.0,2.0,0.0,0.0,1.0,103.0,0.0,14.0,1.0,4.0,0.0,0.97,,14.29,0.0,0.0
161,LAPA,2025,0.0,0.0,0.0,0.0,0.0,0.0,0.0,21.0,0.0,10.0,8.0,0.0,,0.0,,0.0,0.0,
017,LARANJEIRAS,2025,0.0,0.0,0.0,1.0,0.0,0.0,1.0,156.0,0.0,35.0,14.0,0.0,0.0,0.0,,2.86,0.0,
026,LEBLON,2025,0.0,1.0,0.0,1.0,0.0,0.0,2.0,226.0,1.0,31.0,7.0,8.0,0.0,0.44,0.0,3.23,0.0,0.0
023,LEME,2025,0.0,1.0,0.0,0.0,0.0,0.0,2.0,39.0,0.0,40.0,11.0,2.0,0.0,2.56,,0.0,0.0,0.0
062,LINS DE VASCONCELOS,2025,0.0,2.0,0.0,0.0,1.0,0.0,0.0,92.0,0.0,122.0,89.0,1.0,,2.17,,0.0,1.12,0.0
083,MADUREIRA,2025,0.0,1.0,0.0,2.0,0.0,2.0,1.0,88.0,0.0,195.0,92.0,2.0,0.0,1.14,,1.03,0.0,100.0
138,MAGALHAES BASTOS,2025,0.0,3.0,0.0,1.0,0.0,2.0,1.0,59.0,0.0,103.0,43.0,2.0,0.0,5.08,,0.97,0.0,100.0
011,MANGUEIRA,2025,0.0,0.0,0.0,2.0,0.0,1.0,0.0,33.0,1.0,92.0,72.0,1.0,,0.0,0.0,2.17,0.0,100.0
039,MANGUINHOS,2025,0.0,2.0,0.0,4.0,0.0,2.0,2.0,78.0,0.0,201.0,106.0,0.0,0.0,2.56,,1.99,0.0,
035,MARACANA,2025,0.0,0.0,0.0,0.0,0.0,0.0,0.0,82.0,0.0,35.0,12.0,2.0,,0.0,,0.0,0.0,0.0
090,MARECHAL HERMES,2025,0.0,1.0,0.0,4.0,1.0,1.0,3.0,112.0,0.0,142.0,77.0,0.0,0.0,0.89,,2.82,1.3,
052,MARIA DA GRACA,2025,0.0,1.0,0.0,0.0,0.0,0.0,0.0,35.0,0.0,46.0,17.0,2.0,,2.86,,0.0,0.0,0.0
063,MEIER,2025,0.0,3.0,0.0,2.0,1.0,0.0,0.0,149.0,0.0,66.0,30.0,2.0,,2.01,,3.03,3.33,0.0
102,MONERO,2025,0.0,0.0,0.0,0.0,0.0,0.0,0.0,27.0,0.0,9.0,3.0,0.0,,0.0,,0.0,0.0,
042,OLARIA,2025,0.0,5.0,0.0,0.0,0.0,1.0,3.0,132.0,0.0,182.0,97.0,2.0,0.0,3.79,,0.0,0.0,50.0
088,OSWALDO CRUZ,2025,0.0,1.0,0.0,1.0,0.0,0.0,1.0,50.0,0.0,98.0,47.0,0.0,0.0,2.0,,1.02,0.0,
148,PACIENCIA,2025,0.0,4.0,0.0,8.0,2.0,0.0,2.0,243.0,0.0,618.0,270.0,24.0,0.0,1.65,,1.29,0.74,0.0
140,PADRE MIGUEL,2025,0.0,2.0,0.0,7.0,1.0,0.0,3.0,125.0,2.0,293.0,98.0,1.0,0.0,1.6,0.0,2.39,1.02,0.0
013,PAQUETA,2025,0.0,0.0,0.0,0.0,0.0,0.0,0.0,8.0,0.0,16.0,6.0,0.0,,0.0,,0.0,0.0,
047,PARADA DE LUCAS,2025,0.0,0.0,0.0,3.0,0.0,1.0,0.0,87.0,0.0,114.0,53.0,1.0,,0.0,,2.63,0.0,100.0
108,PARQUE ANCHIETA,2025,0.0,1.0,0.0,1.0,0.0,0.0,0.0,42.0,0.0,63.0,36.0,3.0,,2.38,,1.59,0.0,0.0
158,PARQUE COLUMBIA,2025,0.0,0.0,0.0,2.0,0.0,1.0,0.0,19.0,0.0,45.0,19.0,0.0,,0.0,,4.44,0.0,
114,PAVUNA,2025,0.0,4.0,0.0,15.0,1.0,0.0,1.0,168.0,2.0,475.0,230.0,12.0,0.0,2.38,0.0,3.16,0.43,0.0
121,PECHINCHA,2025,0.0,3.0,0.0,0.0,0.0,0.0,1.0,192.0,1.0,118.0,27.0,0.0,0.0,1.56,0.0,0.0,0.0,
153,PEDRA DE GUARATIBA,2025,0.0,1.0,0.0,0.0,0.0,0.0,1.0,62.0,0.0,135.0,27.0,3.0,0.0,1.61,,0.0,0.0,0.0
043,PENHA,2025,0.0,3.0,0.0,2.0,1.0,1.0,2.0,152.0,2.0,307.0,146.0,0.0,0.0,1.97,0.0,0.65,0.68,
044,PENHA CIRCULAR,2025,0.0,5.0,0.0,2.0,1.0,0.0,0.0,121.0,1.0,172.0,62.0,0.0,,4.13,0.0,1.16,1.61,
069,PIEDADE,2025,0.0,0.0,0.0,3.0,0.0,0.0,0.0,125.0,0.0,142.0,59.0,2.0,,0.0,,2.11,0.0,0.0
071,PILARES,2025,0.0,1.0,0.0,0.0,1.0,0.0,1.0,67.0,0.0,78.0,45.0,0.0,0.0,1.49,,0.0,2.22,
094,PITANGUEIRAS,2025,0.0,0.0,0.0,2.0,0.0,0.0,0.0,26.0,0.0,39.0,10.0,1.0,,0.0,,5.13,0.0,0.0
103,PORTUGUESA,2025,0.0,0.0,0.0,1.0,0.0,1.0,1.0,45.0,1.0,58.0,20.0,2.0,0.0,0.0,0.0,1.72,0.0,50.0
032,PRACA DA BANDEIRA,2025,0.0,0.0,0.0,0.0,0.0,0.0,0.0,28.0,0.0,23.0,5.0,1.0,,0.0,,0.0,0.0,0.0
124,PRACA SECA,2025,0.0,3.0,0.0,5.0,2.0,0.0,2.0,180.0,0.0,281.0,96.0,8.0,0.0,1.67,,1.78,2.08,0.0
095,PRAIA DA BANDEIRA,2025,0.0,0.0,0.0,0.0,0.0,0.0,2.0,19.0,0.0,12.0,4.0,0.0,0.0,0.0,,0.0,0.0,
079,QUINTINO BOCAIUVA,2025,0.0,0.0,0.0,0.0,1.0,0.0,0.0,60.0,0.0,96.0,44.0,2.0,,0.0,,0.0,2.27,0.0
041,RAMOS,2025,0.0,2.0,0.0,2.0,0.0,0.0,4.0,159.0,0.0,214.0,99.0,3.0,0.0,1.26,,0.93,0.0,0.0
139,REALENGO,2025,0.0,4.0,0.0,13.0,0.0,0.0,5.0,385.0,4.0,750.0,311.0,8.0,0.0,1.04,0.0,1.73,0.0,0.0
132,RECREIO BANDEIRANTES,2025,0.0,7.0,0.0,2.0,0.0,0.0,7.0,733.0,0.0,435.0,63.0,7.0,0.0,0.95,,0.46,0.0,0.0
059,RIACHUELO,2025,0.0,1.0,0.0,0.0,1.0,0.0,1.0,28.0,0.0,29.0,8.0,0.0,0.0,3.57,,0.0,12.5,
091,RIBEIRA,2025,0.0,0.0,0.0,1.0,0.0,0.0,0.0,11.0,0.0,8.0,3.0,1.0,,0.0,,12.5,0.0,0.0
109,RICARDO ALBUQUERQUE,2025,0.0,1.0,0.0,1.0,0.0,0.0,1.0,56.0,0.0,152.0,52.0,1.0,0.0,1.79,,0.66,0.0,0.0
007,RIO COMPRIDO,2025,0.0,2.0,0.0,3.0,0.0,0.0,3.0,129.0,2.0,142.0,71.0,2.0,0.0,1.55,0.0,2.11,0.0,0.0
058,ROCHA,2025,0.0,0.0,0.0,4.0,0.0,1.0,0.0,54.0,0.0,79.0,45.0,0.0,,0.0,,5.06,0.0,
086,ROCHA MIRANDA,2025,0.0,1.0,0.0,2.0,1.0,1.0,0.0,90.0,0.0,131.0,102.0,1.0,,1.11,,1.53,0.98,100.0
154,ROCINHA,2025,0.0,4.0,0.0,4.0,0.0,1.0,1.0,197.0,2.0,409.0,80.0,7.0,0.0,2.03,0.0,0.98,0.0,14.29
060,SAMPAIO,2025,0.0,0.0,0.0,2.0,1.0,0.0,0.0,29.0,0.0,50.0,20.0,0.0,,0.0,,4.0,5.0,
149,SANTA CRUZ,2025,0.0,14.0,0.0,36.0,2.0,1.0,12.0,678.0,0.0,1704.0,709.0,83.0,0.0,2.06,,2.11,0.28,1.2
014,SANTA TERESA,2025,0.0,1.0,0.0,3.0,0.0,0.0,2.0,104.0,1.0,138.0,68.0,3.0,0.0,0.96,0.0,2.17,0.0,0.0
143,SANTISSIMO,2025,0.0,0.0,0.0,8.0,0.0,0.0,2.0,125.0,2.0,255.0,83.0,4.0,0.0,0.0,0.0,3.14,0.0,0.0
003,SANTO CRISTO,2025,0.0,0.0,0.0,2.0,0.0,1.0,2.0,32.0,1.0,66.0,28.0,0.0,0.0,0.0,0.0,3.03,0.0,
031,SAO CONRADO,2025,0.0,0.0,0.0,0.0,0.0,0.0,0.0,59.0,0.0,20.0,6.0,0.0,,0.0,,0.0,0.0,
010,SAO CRISTOVAO,2025,0.0,1.0,0.0,1.0,0.0,1.0,0.0,98.0,1.0,130.0,60.0,1.0,,1.02,0.0,0.77,0.0,100.0
057,SAO FRANCISCO XAVIER,2025,0.0,0.0,0.0,1.0,0.0,0.0,0.0,16.0,0.0,24.0,15.0,0.0,,0.0,,4.17,0.0,
001,SAUDE,2025,0.0,0.0,0.0,0.0,0.0,0.0,0.0,8.0,1.0,21.0,6.0,0.0,,0.0,0.0,0.0,0.0,
142,SENADOR CAMARA,2025,0.0,3.0,0.0,5.0,0.0,0.0,7.0,240.0,0.0,529.0,212.0,7.0,0.0,1.25,,0.95,0.0,0.0
145,SENADOR VASCONCELOS,2025,0.0,2.0,0.0,5.0,1.0,0.0,2.0,78.0,0.0,161.0,55.0,2.0,0.0,2.56,,3.11,1.82,0.0
150,SEPETIBA,2025,0.0,1.0,0.0,5.0,3.0,0.0,3.0,193.0,0.0,397.0,148.0,12.0,0.0,0.52,,1.26,2.03,0.0
123,TANQUE,2025,0.0,2.0,0.0,2.0,1.0,0.0,2.0,98.0,0.0,220.0,57.0,1.0,0.0,2.04,,0.91,1.75,0.0
122,TAQUARA,2025,0.0,5.0,0.0,8.0,1.0,0.0,2.0,401.0,0.0,474.0,126.0,2.0,0.0,1.25,,1.69,0.79,0.0
101,TAUA,2025,0.0,1.0,0.0,1.0,0.0,0.0,4.0,59.0,0.0,113.0,35.0,1.0,0.0,1.69,,0.88,0.0,0.0
033,TIJUCA,2025,0.0,3.0,0.0,2.0,1.0,2.0,6.0,541.0,3.0,252.0,133.0,6.0,0.0,0.55,0.0,0.79,0.75,33.33
064,TODOS OS SANTOS,2025,0.0,1.0,0.0,0.0,0.0,0.0,0.0,78.0,0.0,34.0,12.0,2.0,,1.28,,0.0,0.0,0.0
056,TOMAS COELHO,2025,0.0,2.0,0.0,0.0,2.0,2.0,0.0,60.0,0.0,90.0,41.0,0.0,,3.33,,0.0,4.88,
085,TURIACU,2025,0.0,1.0,0.0,0.0,0.0,0.0,1.0,30.0,0.0,62.0,43.0,0.0,0.0,3.33,,0.0,0.0,
022,URCA,2025,0.0,0.0,0.0,0.0,0.0,0.0,0.0,40.0,0.0,12.0,1.0,4.0,,0.0,,0.0,0.0,0.0
131,VARGEM GRANDE,2025,0.0,3.0,0.0,0.0,0.0,0.0,1.0,90.0,0.0,137.0,25.0,2.0,0.0,3.33,,0.0,0.0,0.0
130,VARGEM PEQUENA,2025,0.0,0.0,0.0,3.0,3.0,1.0,0.0,133.0,0.0,153.0,35.0,4.0,,0.0,,1.96,8.57,25.0
159,VASCO DA GAMA,2025,0.0,0.0,0.0,0.0,0.0,0.0,1.0,53.0,0.0,52.0,24.0,1.0,0.0,0.0,,0.0,0.0,0.0
084,VAZ LOBO,2025,0.0,2.0,0.0,1.0,0.0,0.0,0.0,30.0,0.0,70.0,38.0,1.0,,6.67,,1.43,0.0,0.0
073,VICENTE DE CARVALHO,2025,0.0,1.0,0.0,0.0,0.0,0.0,0.0,57.0,0.0,97.0,34.0,1.0,,1.75,,0.0,0.0,0.0
030,VIDIGAL,2025,0.0,1.0,1.0,0.0,0.0,0.0,1.0,38.0,1.0,75.0,26.0,4.0,0.0,2.63,100.0,0.0,0.0,0.0
048,VIGARIO GERAL,2025,0.0,0.0,0.0,3.0,1.0,0.0,3.0,87.0,0.0,173.0,90.0,1.0,0.0,0.0,,1.73,1.11,0.0
074,VILA DA PENHA,2025,0.0,0.0,0.0,0.0,0.0,0.0,0.0,66.0,1.0,60.0,17.0,4.0,,0.0,0.0,0.0,0.0,0.0
036,VILA ISABEL,2025,0.0,2.0,0.0,3.0,0.0,0.0,4.0,209.0,0.0,128.0,97.0,5.0,0.0,0.96,,2.34,0.0,0.0
162,VILA KENNEDY,2025,0.0,0.0,0.0,4.0,0.0,0.0,0.0,37.0,1.0,109.0,46.0,1.0,,0.0,0.0,3.67,0.0,0.0
072,VILA KOSMOS,2025,0.0,1.0,0.0,0.0,0.0,0.0,0.0,33.0,0.0,58.0,17.0,1.0,,3.03,,0.0,0.0,0.0
135,VILA MILITAR,2025,0.0,1.0,0.0,1.0,1.0,0.0,0.0,42.0,0.0,45.0,20.0,1.0,,2.38,,2.22,5.0,0.0
125,VILA VALQUEIRE,2025,0.0,0.0,0.0,1.0,0.0,1.0,1.0,124.0,1.0,102.0,44.0,1.0,0.0,0.0,0.0,0.98,0.0,100.0
075,VISTA ALEGRE,2025,0.0,0.0,0.0,0.0,0.0,0.0,0.0,21.0,0.0,24.0,5.0,0.0,,0.0,,0.0,0.0,
092,ZUMBI,2025,0.0,0.0,0.0,0.0,0.0,0.0,0.0,12.0,0.0,7.0,1.0,0.0,,0.0,,0.0,0.0,
