Eixo (aba);Seção;Subseção;Modo (Taxa|Óbitos);Opção (pill);Tipo de figura;Título/unidade da figura no site;Chave do texto (arquivo);Status;Observação;Origem do texto no site;Texto na curadoria (DOCX);Texto em textos_curados.json;Texto exibido no site
Prioridade;Bairros com mais crianças de 0 a 4 anos (Censo 2022);;;;tabela;;Top 10 bairros por população 0-4 anos;PENDENTE;sem texto na curadoria -- site mostra lorem ipsum;lorem ipsum;;;Ullamco ipsum ad turpis quis enim blandit tempor vestibulum nostrud tristique vitae eget faucibus primis exercitation aliquet orci quis faucibus laboris duis turpis cubilia deserunt officia anim tristique vestibulum cillum ex sunt purus aute in praesent laboris magna ea elit est non proident porttitor exercitation ante eiusmod mollit cupidatat commodo nisi irure id nisi nunc cupidatat praesent turpis excepteur cubilia irure cubilia elit ut lorem ullamco velit consequat id eu sunt incididunt laboris sed excepteur irure eget pariatur mauris ex pariatur in sit et pariatur voluptate duis sit sit ante anim reprehenderit ullamco occaecat minim ante reprehenderit sunt porttitor nisi id netus anim metus senectus tristique esse cillum et irure fames eget non qui exercitation senectus cupidatat commodo laborum consequat vestibulum qui ut cupidatat primis luctus nec culpa quis veniam praesent ad magna metus dolore commodo turpis nisi occaecat in purus curae excepteur eiusmod incididunt aliquip dolor netus exercitation purus nostrud sollicitudin eu eu eget faucibus nec non dolore ex lorem minim nibh officia porttitor primis in mollit mauris deserunt eget metus tristique excepteur dolor curabitur turpis deserunt sit nec duis sit culpa ipsum deserunt quis magna aute officia egestas turpis qui eget fugiat vestibulum.
Prioridade;Crianças de 0 a 4 anos por bairro e região (Censo 2022);;;Bairro;mapa;Crianças de 0 a 4 anos, por bairro (Censo 2022);mapa_censo_0_4_absoluto;OK;;curadoria;O mapa apresenta a distribuição da população de 0 a 4 anos por bairro no município do Rio de Janeiro, segundo o Censo Demográfico 2022. Por apresentar números absolutos, o mapa pode ser utilizado para comparar a quantidade de crianças entre os diferentes territórios e dimensionar o tamanho desse grupo em cada bairro. A informação também serve como referência para análises que envolvam outros indicadores da primeira infância, permitindo relacionar a quantidade de crianças de cada território a diferentes características demográficas e sociais.;O mapa apresenta a distribuição da população de 0 a 4 anos por bairro no município do Rio de Janeiro, segundo o Censo Demográfico 2022. Por apresentar números absolutos, o mapa pode ser utilizado para comparar a quantidade de crianças entre os diferentes territórios e dimensionar o tamanho desse grupo em cada bairro. A informação também serve como referência para análises que envolvam outros indicadores da primeira infância, permitindo relacionar a quantidade de crianças de cada território a diferentes características demográficas e sociais.;O mapa apresenta a distribuição da população de 0 a 4 anos por bairro no município do Rio de Janeiro, segundo o Censo Demográfico 2022. Por apresentar números absolutos, o mapa pode ser utilizado para comparar a quantidade de crianças entre os diferentes territórios e dimensionar o tamanho desse grupo em cada bairro. A informação também serve como referência para análises que envolvam outros indicadores da primeira infância, permitindo relacionar a quantidade de crianças de cada território a diferentes características demográficas e sociais.
Prioridade;Crianças de 0 a 4 anos por bairro e região (Censo 2022);;;Área de Planejamento;mapa;Crianças de 0 a 4 anos, por Área de Planejamento (Censo 2022);Área de Planejamento · Absoluto;PENDENTE;sem texto na curadoria -- site mostra lorem ipsum;lorem ipsum;;;Anim lorem et culpa sit reprehenderit proident mollit faucibus nec vestibulum cillum exercitation dolore anim vestibulum purus cubilia cubilia aute fames ante vestibulum nostrud ullamco veniam elit anim nulla nec eget nunc luctus adipiscing magna adipiscing senectus ipsum eget mollit tempor tempor aliqua in ex netus eiusmod est magna aliquip netus esse nunc nostrud sunt adipiscing lorem dolor in tempor nec ullamco primis laborum sint consequat sollicitudin adipiscing dolore sit esse commodo senectus faucibus senectus aliquip non metus sollicitudin duis ante nisi eu eiusmod reprehenderit minim sit velit aliqua exercitation egestas consequat adipiscing porttitor mauris anim velit est amet dolor nibh qui eiusmod primis reprehenderit faucibus aliqua vitae mollit laborum ad proident laborum ex enim netus consectetur aute id ea incididunt elit eget turpis nisi magna vitae eu curae mauris incididunt ut mauris reprehenderit id occaecat orci velit turpis proident ea ex incididunt et ullamco tristique nunc curae sollicitudin turpis enim senectus vitae dolore fames purus exercitation amet aute do cillum nulla consequat consequat vestibulum.
Prioridade;Crianças de 0 a 4 anos por bairro e região (Censo 2022);;;Região de Planejamento;mapa;Crianças de 0 a 4 anos, por Região de Planejamento (Censo 2022);Região de Planejamento · Absoluto;PENDENTE;sem texto na curadoria -- site mostra lorem ipsum;lorem ipsum;;;Ut adipiscing curabitur cillum occaecat ex incididunt cillum eget esse reprehenderit fugiat aliqua quis senectus ante purus sit praesent proident consectetur aute nostrud cubilia officia velit aliqua labore adipiscing purus ea consectetur esse velit eu egestas netus consectetur ante nisi mollit dolor sed laboris labore curabitur dolore in culpa in eiusmod ut aliqua dolor magna pariatur sollicitudin posuere consequat exercitation curabitur dolor nec quis exercitation minim tempor eiusmod proident sit adipiscing ante excepteur sed tristique ipsum occaecat deserunt tristique laboris laborum veniam nulla mollit vestibulum qui ad laboris veniam ea nostrud posuere eiusmod netus dolor deserunt nostrud cillum vitae laboris tempor sollicitudin curabitur incididunt blandit irure mollit deserunt pariatur aliquet fames turpis veniam elit netus posuere consequat excepteur fugiat sunt ea lorem eiusmod laboris primis est posuere laborum purus ante sint faucibus duis metus in aliqua non esse mollit consequat velit anim faucibus faucibus posuere porttitor enim ante cillum posuere excepteur faucibus excepteur ad dolor voluptate lorem lorem id do eiusmod sunt nisi ea exercitation primis adipiscing aliquet nunc sunt egestas occaecat dolore veniam porttitor ad sed id aliqua purus occaecat sit eu aliquet aliquip eget incididunt turpis non ut consequat curae tristique ullamco.
Prioridade;Crianças de 0 a 4 anos por bairro e região (Censo 2022);;;Bairro;mapa;Crianças de 0 a 4 anos, % da população do bairro (Censo 2022);mapa_censo_0_4_percentual;OK;;curadoria;A participação das crianças de 0 a 4 anos na população total do município diminuiu entre os Censos de 2000, 2010 e 2022. A proporção passou de aproximadamente 7,6% em 2000 para 5,8% em 2010 e 5,0% em 2022. O mapa complementa essa tendência ao mostrar diferenças na participação dessa faixa etária entre os bairros. A análise percentual permite comparar territórios de diferentes tamanhos populacionais, evidenciando o peso relativo das crianças de 0 a 4 anos em cada localidade. Esse indicador contribui para caracterizar a estrutura etária do município e contextualizar as demandas relacionadas à primeira infância.;A participação das crianças de 0 a 4 anos na população total do município diminuiu entre os Censos de 2000, 2010 e 2022. A proporção passou de aproximadamente 7,6% em 2000 para 5,8% em 2010 e 5,0% em 2022. O mapa complementa essa tendência ao mostrar diferenças na participação dessa faixa etária entre os bairros. A análise percentual permite comparar territórios de diferentes tamanhos populacionais, evidenciando o peso relativo das crianças de 0 a 4 anos em cada localidade. Esse indicador contribui para caracterizar a estrutura etária do município e contextualizar as demandas relacionadas à primeira infância.;A participação das crianças de 0 a 4 anos na população total do município diminuiu entre os Censos de 2000, 2010 e 2022. A proporção passou de aproximadamente 7,6% em 2000 para 5,8% em 2010 e 5,0% em 2022. O mapa complementa essa tendência ao mostrar diferenças na participação dessa faixa etária entre os bairros. A análise percentual permite comparar territórios de diferentes tamanhos populacionais, evidenciando o peso relativo das crianças de 0 a 4 anos em cada localidade. Esse indicador contribui para caracterizar a estrutura etária do município e contextualizar as demandas relacionadas à primeira infância.
Prioridade;Crianças de 0 a 4 anos por bairro e região (Censo 2022);;;Área de Planejamento;mapa;Crianças de 0 a 4 anos, % da população, por Área de Planejamento (Censo 2022);Área de Planejamento · %;PENDENTE;sem texto na curadoria -- site mostra lorem ipsum;lorem ipsum;;;Pariatur faucibus excepteur est curabitur purus tempor nunc praesent veniam mauris cupidatat aliquip ea posuere magna veniam aute qui enim commodo reprehenderit ut in commodo amet sollicitudin eget nec purus voluptate nec et elit officia aute eget labore est ea tristique cupidatat porttitor est praesent in posuere nulla veniam aute netus turpis id sit ex culpa vitae sit adipiscing deserunt fugiat ante cupidatat sollicitudin veniam curabitur nulla aliquip sint curae blandit velit senectus commodo fugiat qui velit consequat laborum eget qui ut incididunt eget ex vestibulum eget exercitation mauris cillum orci esse mauris sit est minim posuere ullamco dolore do nibh aliqua sint nibh vestibulum sed aliquip velit sollicitudin cillum sunt qui sunt id eu nulla commodo egestas adipiscing nostrud amet reprehenderit blandit primis tristique vitae culpa laborum sint duis dolore tempor mauris quis.
Prioridade;Crianças de 0 a 4 anos por bairro e região (Censo 2022);;;Região de Planejamento;mapa;Crianças de 0 a 4 anos, % da população, por Região de Planejamento (Censo 2022);Região de Planejamento · %;PENDENTE;sem texto na curadoria -- site mostra lorem ipsum;lorem ipsum;;;Voluptate quis primis ad purus eget exercitation incididunt incididunt vestibulum tempor proident enim adipiscing eget proident blandit vitae ea nunc culpa purus id nec aute sollicitudin ipsum lorem quis faucibus primis amet pariatur ut do elit turpis ullamco ad nisi primis culpa ex incididunt occaecat non non fames qui vitae incididunt est orci egestas id posuere lorem nostrud enim aliqua anim cupidatat netus ut tempor praesent labore egestas culpa cubilia nostrud elit culpa id reprehenderit netus laboris velit ex sollicitudin mollit quis officia sit consequat senectus nisi magna curabitur lorem curae faucibus eiusmod culpa quis primis enim lorem elit metus cillum curabitur minim amet mollit enim netus purus minim luctus posuere voluptate amet mauris purus porttitor labore qui nunc ipsum culpa faucibus laborum.
Prioridade;Evolução da população de 0 a 4 anos, por sexo (Censos 2000, 2010 e 2022);;;Total e por sexo;gráfico;Crianças de 0 a 4 anos;censo_0_a_4_serie_total_ano;OK;;curadoria;Os dados do Censo Demográfico 2022 permitem dimensionar a população de crianças de 0 a 4 anos no município e observar sua distribuição territorial. A análise combina a série municipal e o mapa por bairro, permitindo visualizar tanto a magnitude da população infantil quanto sua concentração no território. A leitura dos números absolutos é importante para identificar os bairros que concentram maior quantidade de crianças nessa faixa etária, mas deve considerar as diferenças no tamanho da população de cada bairro. Esse indicador contribui para contextualizar os demais resultados do relatório, especialmente aqueles relacionados à saúde, proteção social e educação na primeira infância.;Os dados do Censo Demográfico 2022 permitem dimensionar a população de crianças de 0 a 4 anos no município e observar sua distribuição territorial. A análise combina a série municipal e o mapa por bairro, permitindo visualizar tanto a magnitude da população infantil quanto sua concentração no território. A leitura dos números absolutos é importante para identificar os bairros que concentram maior quantidade de crianças nessa faixa etária, mas deve considerar as diferenças no tamanho da população de cada bairro. Esse indicador contribui para contextualizar os demais resultados do relatório, especialmente aqueles relacionados à saúde, proteção social e educação na primeira infância.;Os dados do Censo Demográfico 2022 permitem dimensionar a população de crianças de 0 a 4 anos no município e observar sua distribuição territorial. A análise combina a série municipal e o mapa por bairro, permitindo visualizar tanto a magnitude da população infantil quanto sua concentração no território. A leitura dos números absolutos é importante para identificar os bairros que concentram maior quantidade de crianças nessa faixa etária, mas deve considerar as diferenças no tamanho da população de cada bairro. Esse indicador contribui para contextualizar os demais resultados do relatório, especialmente aqueles relacionados à saúde, proteção social e educação na primeira infância.
Prioridade;Evolução da população de 0 a 4 anos, por sexo (Censos 2000, 2010 e 2022);;;% da população;gráfico;% da população do município;censo_0_a_4_serie_percentual_ano;OK;;curadoria;A participação das crianças de 0 a 4 anos na população total do município diminuiu entre os Censos de 2000, 2010 e 2022. A proporção passou de aproximadamente 7,6% em 2000 para 5,8% em 2010 e 5,0% em 2022. O mapa complementa essa tendência ao mostrar diferenças na participação dessa faixa etária entre os bairros. A análise percentual permite comparar territórios de diferentes tamanhos populacionais, evidenciando o peso relativo das crianças de 0 a 4 anos em cada localidade. Esse indicador contribui para caracterizar a estrutura etária do município e contextualizar as demandas relacionadas à primeira infância.;A participação das crianças de 0 a 4 anos na população total do município diminuiu entre os Censos de 2000, 2010 e 2022. A proporção passou de aproximadamente 7,6% em 2000 para 5,8% em 2010 e 5,0% em 2022. O mapa complementa essa tendência ao mostrar diferenças na participação dessa faixa etária entre os bairros. A análise percentual permite comparar territórios de diferentes tamanhos populacionais, evidenciando o peso relativo das crianças de 0 a 4 anos em cada localidade. Esse indicador contribui para caracterizar a estrutura etária do município e contextualizar as demandas relacionadas à primeira infância.;A participação das crianças de 0 a 4 anos na população total do município diminuiu entre os Censos de 2000, 2010 e 2022. A proporção passou de aproximadamente 7,6% em 2000 para 5,8% em 2010 e 5,0% em 2022. O mapa complementa essa tendência ao mostrar diferenças na participação dessa faixa etária entre os bairros. A análise percentual permite comparar territórios de diferentes tamanhos populacionais, evidenciando o peso relativo das crianças de 0 a 4 anos em cada localidade. Esse indicador contribui para caracterizar a estrutura etária do município e contextualizar as demandas relacionadas à primeira infância.
Prioridade;População de 0 a 6 anos por ano (estimativas Ripsa/MS);;;0 a 6 anos;gráfico;Crianças de 0 a 6 anos;populacao_ripsa_0_a_6_por_ano;PENDENTE;sem texto na curadoria -- site mostra lorem ipsum;lorem ipsum;;;Exercitation laboris officia culpa nibh magna mollit ad ad incididunt commodo praesent eu vitae pariatur eu quis tristique velit sollicitudin nulla vitae tristique purus eu labore adipiscing ullamco occaecat excepteur cupidatat ut netus posuere exercitation ex cupidatat aliquet lorem lorem exercitation minim cillum vestibulum luctus occaecat sollicitudin faucibus elit deserunt aute commodo curae est reprehenderit pariatur laborum id ipsum et curae velit in nostrud sit culpa magna primis sunt dolore quis netus vestibulum tristique nulla cupidatat primis senectus aute faucibus luctus nostrud nec excepteur orci cupidatat nec excepteur occaecat curae curae faucibus labore esse blandit laborum blandit metus minim commodo quis dolor senectus labore nibh vestibulum turpis sollicitudin ad mauris ea purus nec aliqua amet ante ullamco consequat mollit minim ad eiusmod amet nec pariatur dolor consectetur faucibus eget minim sint commodo primis cubilia officia duis incididunt lorem curabitur aliquet faucibus labore nibh.
Prioridade;População de 0 a 6 anos por ano (estimativas Ripsa/MS);;;% da população;gráfico;% da população do município;populacao_ripsa_0_a_6_percentual_por_ano;PENDENTE;sem texto na curadoria -- site mostra lorem ipsum;lorem ipsum;;;Id ad consequat praesent occaecat sint nulla ad posuere reprehenderit mollit vestibulum curae est ea elit primis anim egestas et sed proident ut mauris irure posuere porttitor porttitor blandit vitae in eget magna lorem deserunt curae consectetur mauris mauris cillum praesent id est curae esse dolore reprehenderit quis minim curabitur est elit blandit fames metus duis duis do voluptate eu commodo curae eu labore culpa curabitur aute vestibulum commodo ullamco primis eiusmod nunc orci laborum tempor est sit egestas quis anim ipsum fames exercitation nunc nisi culpa veniam dolor ut cillum nostrud eu dolor posuere netus fames dolor quis in labore eget pariatur fugiat duis deserunt elit aliqua fugiat laboris qui curae consequat deserunt ullamco id pariatur.
Prioridade;Nascidos vivos e mortalidade infantil por raça/cor;;;Nascidos vivos;gráfico;Nascidos vivos por ano;nascidos_vivos_por_ano;OK;;curadoria;A partir do gráfico de nascidos vivos é possível observar que há uma tendência de queda no número de nascidos vivos na cidade do Rio de Janeiro, com alguns períodos de recuperação. Entre os anos de 2020 e 2021, após um período com uma persistente queda acentuada, a série atinge um patamar muito baixo, período que coincide com o pico da pandemia da COVID-19, apontando que em 2022 a recuperação aparece como um ajuste estatístico da série. Logo, a queda, ainda que não linear, é consistente e aponta para uma redução de cerca de 30% ao longo da série histórica.;A partir do gráfico de nascidos vivos é possível observar que há uma tendência de queda no número de nascidos vivos na cidade do Rio de Janeiro, com alguns períodos de recuperação. Entre os anos de 2020 e 2021, após um período com uma persistente queda acentuada, a série atinge um patamar muito baixo, período que coincide com o pico da pandemia da COVID-19, apontando que em 2022 a recuperação aparece como um ajuste estatístico da série. Logo, a queda, ainda que não linear, é consistente e aponta para uma redução de cerca de 30% ao longo da série histórica.;A partir do gráfico de nascidos vivos é possível observar que há uma tendência de queda no número de nascidos vivos na cidade do Rio de Janeiro, com alguns períodos de recuperação. Entre os anos de 2020 e 2021, após um período com uma persistente queda acentuada, a série atinge um patamar muito baixo, período que coincide com o pico da pandemia da COVID-19, apontando que em 2022 a recuperação aparece como um ajuste estatístico da série. Logo, a queda, ainda que não linear, é consistente e aponta para uma redução de cerca de 30% ao longo da série histórica.
Prioridade;Nascidos vivos e mortalidade infantil por raça/cor;;;Óbitos por raça/cor;gráfico;Óbitos de menores de 1 ano por ano;obitos_raca_ano;OK;;curadoria;A série permite observar mudanças distintas na trajetória dos óbitos segundo raça/cor. Entre 2006 e 2025, os registros para crianças brancas passaram de 468 para 272, enquanto entre crianças pardas passaram de 373 para 396, após oscilações e valores superiores a 500 em alguns anos. Entre crianças pretas, os registros passaram de 89 para 57. A categoria “não informada” também apresentou redução, de 167 para 47, o que altera sua participação na série ao longo do período. Essas diferenças podem ser analisadas em conjunto com os nascidos vivos por raça/cor, disponíveis a partir de 2011, para distinguir composição dos nascimentos e ocorrência dos óbitos.;A série permite observar mudanças distintas na trajetória dos óbitos segundo raça/cor. Entre 2006 e 2025, os registros para crianças brancas passaram de 468 para 272, enquanto entre crianças pardas passaram de 373 para 396, após oscilações e valores superiores a 500 em alguns anos. Entre crianças pretas, os registros passaram de 89 para 57. A categoria “não informada” também apresentou redução, de 167 para 47, o que altera sua participação na série ao longo do período. Essas diferenças podem ser analisadas em conjunto com os nascidos vivos por raça/cor, disponíveis a partir de 2011, para distinguir composição dos nascimentos e ocorrência dos óbitos.;A série permite observar mudanças distintas na trajetória dos óbitos segundo raça/cor. Entre 2006 e 2025, os registros para crianças brancas passaram de 468 para 272, enquanto entre crianças pardas passaram de 373 para 396, após oscilações e valores superiores a 500 em alguns anos. Entre crianças pretas, os registros passaram de 89 para 57. A categoria “não informada” também apresentou redução, de 167 para 47, o que altera sua participação na série ao longo do período. Essas diferenças podem ser analisadas em conjunto com os nascidos vivos por raça/cor, disponíveis a partir de 2011, para distinguir composição dos nascimentos e ocorrência dos óbitos.
Prioridade;Nascidos vivos e mortalidade infantil por raça/cor;;;Taxa por raça/cor;gráfico;Óbitos de menores de 1 ano por mil nascidos vivos;percentual_mortalidade_raca_ano;OK;;curadoria;A relação entre óbitos e nascidos vivos evidencia diferenças na mortalidade infantil que não aparecem apenas na contagem absoluta. Entre 2011 e 2025, as taxas de crianças brancas e pardas permaneceram próximas, variando de 17,6 a 11,3 e de 19,8 a 14,3 óbitos por mil nascidos vivos, respectivamente. Para crianças pretas, a taxa variou entre 5,0 e 14,3 por mil, enquanto a categoria amarela e indígena, agrupada por ter poucos registros, apresenta oscilações maiores associadas ao pequeno número de casos. A categoria “não informada” também apresenta forte variação, relacionada à quantidade de nascidos classificados nessa categoria. Essas características devem ser consideradas em comparações entre os grupos e na análise da série histórica.;A relação entre óbitos e nascidos vivos evidencia diferenças na mortalidade infantil que não aparecem apenas na contagem absoluta. Entre 2011 e 2025, as taxas de crianças brancas e pardas permaneceram próximas, variando de 17,6 a 11,3 e de 19,8 a 14,3 óbitos por mil nascidos vivos, respectivamente. Para crianças pretas, a taxa variou entre 5,0 e 14,3 por mil, enquanto a categoria amarela e indígena, agrupada por ter poucos registros, apresenta oscilações maiores associadas ao pequeno número de casos. A categoria “não informada” também apresenta forte variação, relacionada à quantidade de nascidos classificados nessa categoria. Essas características devem ser consideradas em comparações entre os grupos e na análise da série histórica.;A relação entre óbitos e nascidos vivos evidencia diferenças na mortalidade infantil que não aparecem apenas na contagem absoluta. Entre 2011 e 2025, as taxas de crianças brancas e pardas permaneceram próximas, variando de 17,6 a 11,3 e de 19,8 a 14,3 óbitos por mil nascidos vivos, respectivamente. Para crianças pretas, a taxa variou entre 5,0 e 14,3 por mil, enquanto a categoria amarela e indígena, agrupada por ter poucos registros, apresenta oscilações maiores associadas ao pequeno número de casos. A categoria “não informada” também apresenta forte variação, relacionada à quantidade de nascidos classificados nessa categoria. Essas características devem ser consideradas em comparações entre os grupos e na análise da série histórica.
Prioridade;Nascidos vivos e mortalidade infantil por bairro;;;;mapa;Nascidos vivos por bairro (2025);mapa_nascidos_vivos_bairro_2025;OK;;curadoria;Quando se olha para a distribuição espacial desses nascidos vivos pelo território carioca, há uma maior concentração deles na AP5 (Santa Cruz, Campo Grande e Bangu, por exemplo) e AP4 (Jacarepaguá, Barra da Tijuca, Recreio e Taquara, por exemplo). Ao passo que na AP 2, principalmente na Zona Sul há uma quantidade menor. Ficando a AP3 com uma quantidade intermediária.;Quando se olha para a distribuição espacial desses nascidos vivos pelo território carioca, há uma maior concentração deles na AP5 (Santa Cruz, Campo Grande e Bangu, por exemplo) e AP4 (Jacarepaguá, Barra da Tijuca, Recreio e Taquara, por exemplo). Ao passo que na AP 2, principalmente na Zona Sul há uma quantidade menor. Ficando a AP3 com uma quantidade intermediária.;Quando se olha para a distribuição espacial desses nascidos vivos pelo território carioca, há uma maior concentração deles na AP5 (Santa Cruz, Campo Grande e Bangu, por exemplo) e AP4 (Jacarepaguá, Barra da Tijuca, Recreio e Taquara, por exemplo). Ao passo que na AP 2, principalmente na Zona Sul há uma quantidade menor. Ficando a AP3 com uma quantidade intermediária.
Prioridade;Nascidos vivos e mortalidade infantil por bairro;;Taxa;;mapa;Taxa de mortalidade infantil (0 a 364 dias) por bairro (2025);mapa_taxa_obitos_raca_total_bairro_2025;OK;;curadoria;A taxa de mortalidade infantil permite comparar os bairros considerando a relação entre os óbitos e os nascidos vivos de cada território. Em 2025, Cidade Nova e Gericinó apresentaram a maior taxa registrada, de 71,4 óbitos por mil nascidos vivos, mas com números diferentes de óbitos e nascidos vivos: 3 óbitos entre 42 nascidos vivos em Cidade Nova e 1 entre 14 em Gericinó. Cidade Universitária apresentou 58,8 por mil, com 1 óbito entre 17 nascidos vivos. A comparação entre taxa, número de óbitos e nascidos vivos permite qualificar a leitura das diferenças territoriais e serve de base para relacionar o indicador a outros recortes da mortalidade infantil.;A taxa de mortalidade infantil permite comparar os bairros considerando a relação entre os óbitos e os nascidos vivos de cada território. Em 2025, Cidade Nova e Gericinó apresentaram a maior taxa registrada, de 71,4 óbitos por mil nascidos vivos, mas com números diferentes de óbitos e nascidos vivos: 3 óbitos entre 42 nascidos vivos em Cidade Nova e 1 entre 14 em Gericinó. Cidade Universitária apresentou 58,8 por mil, com 1 óbito entre 17 nascidos vivos. A comparação entre taxa, número de óbitos e nascidos vivos permite qualificar a leitura das diferenças territoriais e serve de base para relacionar o indicador a outros recortes da mortalidade infantil.;A taxa de mortalidade infantil permite comparar os bairros considerando a relação entre os óbitos e os nascidos vivos de cada território. Em 2025, Cidade Nova e Gericinó apresentaram a maior taxa registrada, de 71,4 óbitos por mil nascidos vivos, mas com números diferentes de óbitos e nascidos vivos: 3 óbitos entre 42 nascidos vivos em Cidade Nova e 1 entre 14 em Gericinó. Cidade Universitária apresentou 58,8 por mil, com 1 óbito entre 17 nascidos vivos. A comparação entre taxa, número de óbitos e nascidos vivos permite qualificar a leitura das diferenças territoriais e serve de base para relacionar o indicador a outros recortes da mortalidade infantil.
Prioridade;Nascidos vivos e mortalidade infantil por bairro;;Óbitos;;mapa;Óbitos de 0 a 364 dias por bairro (2025);mapa_obitos_raca_total_bairro_2025;OK;;curadoria;A distribuição territorial dos óbitos infantis evidencia diferenças na quantidade de registros entre os bairros do município. Em 2025, Santa Cruz concentrou 53 óbitos, seguido por Campo Grande, com 40, e Jacarepaguá, com 32. Dos 167 bairros presentes na tabela, 139 registraram ao menos um óbito e 28 não apresentaram registros. Como o mapa utiliza números absolutos, essas diferenças podem ser relacionadas ao número de nascidos vivos de cada território, permitindo complementar a análise com a taxa de mortalidade infantil e outros recortes demográficos.;A distribuição territorial dos óbitos infantis evidencia diferenças na quantidade de registros entre os bairros do município. Em 2025, Santa Cruz concentrou 53 óbitos, seguido por Campo Grande, com 40, e Jacarepaguá, com 32. Dos 167 bairros presentes na tabela, 139 registraram ao menos um óbito e 28 não apresentaram registros. Como o mapa utiliza números absolutos, essas diferenças podem ser relacionadas ao número de nascidos vivos de cada território, permitindo complementar a análise com a taxa de mortalidade infantil e outros recortes demográficos.;A distribuição territorial dos óbitos infantis evidencia diferenças na quantidade de registros entre os bairros do município. Em 2025, Santa Cruz concentrou 53 óbitos, seguido por Campo Grande, com 40, e Jacarepaguá, com 32. Dos 167 bairros presentes na tabela, 139 registraram ao menos um óbito e 28 não apresentaram registros. Como o mapa utiliza números absolutos, essas diferenças podem ser relacionadas ao número de nascidos vivos de cada território, permitindo complementar a análise com a taxa de mortalidade infantil e outros recortes demográficos.
Prioridade;Óbitos maternos na gravidez e no puerpério;;;Gravidez;gráfico;Óbitos maternos durante a gravidez, por ano;obitos_gravidez_por_ano;OK;;curadoria;A série histórica permite acompanhar a variação dos óbitos ocorridos durante a gravidez no município entre 2006 e 2025. O número de registros passou de 78 em 2006 para 15 em 2025, uma redução de aproximadamente 81%, embora a trajetória apresente oscilações ao longo do período. Em 2024 foram registrados 4 óbitos, seguido de aumento para 15 em 2025. Por se tratar de número absoluto de óbitos, o indicador permite acompanhar a evolução temporal do evento, mas não representa, isoladamente, uma medida de risco. A série pode servir de base para comparações com outros indicadores de mortalidade materna.;A série histórica permite acompanhar a variação dos óbitos ocorridos durante a gravidez no município entre 2006 e 2025. O número de registros passou de 78 em 2006 para 15 em 2025, uma redução de aproximadamente 81%, embora a trajetória apresente oscilações ao longo do período. Em 2024 foram registrados 4 óbitos, seguido de aumento para 15 em 2025. Por se tratar de número absoluto de óbitos, o indicador permite acompanhar a evolução temporal do evento, mas não representa, isoladamente, uma medida de risco. A série pode servir de base para comparações com outros indicadores de mortalidade materna.;A série histórica permite acompanhar a variação dos óbitos ocorridos durante a gravidez no município entre 2006 e 2025. O número de registros passou de 78 em 2006 para 15 em 2025, uma redução de aproximadamente 81%, embora a trajetória apresente oscilações ao longo do período. Em 2024 foram registrados 4 óbitos, seguido de aumento para 15 em 2025. Por se tratar de número absoluto de óbitos, o indicador permite acompanhar a evolução temporal do evento, mas não representa, isoladamente, uma medida de risco. A série pode servir de base para comparações com outros indicadores de mortalidade materna.
Prioridade;Óbitos maternos na gravidez e no puerpério;;;Puerpério;gráfico;Óbitos maternos durante o puerpério, por ano;obitos_puerperio_por_ano;OK;;curadoria;A série histórica permite acompanhar a variação dos óbitos ocorridos durante o puerpério entre 2006 e 2025. Os registros passaram de 67 em 2006 para 35 em 2025, com oscilações ao longo do período. Destaca-se o aumento observado em 2020 e 2021, quando foram registrados 74 e 109 óbitos, respectivamente, seguido de redução nos anos posteriores. Em 2024 ocorreu o menor número da série, com 33 óbitos, seguido de 35 em 2025. A série pode ser utilizada para comparações temporais com outros indicadores de mortalidade materna.;A série histórica permite acompanhar a variação dos óbitos ocorridos durante o puerpério entre 2006 e 2025. Os registros passaram de 67 em 2006 para 35 em 2025, com oscilações ao longo do período. Destaca-se o aumento observado em 2020 e 2021, quando foram registrados 74 e 109 óbitos, respectivamente, seguido de redução nos anos posteriores. Em 2024 ocorreu o menor número da série, com 33 óbitos, seguido de 35 em 2025. A série pode ser utilizada para comparações temporais com outros indicadores de mortalidade materna.;A série histórica permite acompanhar a variação dos óbitos ocorridos durante o puerpério entre 2006 e 2025. Os registros passaram de 67 em 2006 para 35 em 2025, com oscilações ao longo do período. Destaca-se o aumento observado em 2020 e 2021, quando foram registrados 74 e 109 óbitos, respectivamente, seguido de redução nos anos posteriores. Em 2024 ocorreu o menor número da série, com 33 óbitos, seguido de 35 em 2025. A série pode ser utilizada para comparações temporais com outros indicadores de mortalidade materna.
Prioridade;Mortalidade neonatal e infantil, por idade ao óbito;;;Precoce (0-6 dias);gráfico;Óbitos de 0 a 6 dias por mil nascidos vivos;taxa_mortalidade_precoce_ano;OK;;curadoria;A série histórica permite analisar a evolução da mortalidade neonatal precoce em relação ao número de nascidos vivos no município. Entre 2006 e 2025, a taxa passou de 7,86 para 6,42 óbitos por mil nascidos vivos, embora tenha apresentado oscilações ao longo do período. Em 2024, foram registrados 389 óbitos, o menor número da série, seguido de aumento para 420 em 2025. A leitura conjunta da taxa e dos números absolutos permite distinguir mudanças na ocorrência dos óbitos de variações relacionadas ao número de nascidos vivos, servindo como base para comparações temporais e para o cruzamento com outros indicadores de mortalidade infantil.;A série histórica permite analisar a evolução da mortalidade neonatal precoce em relação ao número de nascidos vivos no município. Entre 2006 e 2025, a taxa passou de 7,86 para 6,42 óbitos por mil nascidos vivos, embora tenha apresentado oscilações ao longo do período. Em 2024, foram registrados 389 óbitos, o menor número da série, seguido de aumento para 420 em 2025. A leitura conjunta da taxa e dos números absolutos permite distinguir mudanças na ocorrência dos óbitos de variações relacionadas ao número de nascidos vivos, servindo como base para comparações temporais e para o cruzamento com outros indicadores de mortalidade infantil.;A série histórica permite analisar a evolução da mortalidade neonatal precoce em relação ao número de nascidos vivos no município. Entre 2006 e 2025, a taxa passou de 7,86 para 6,42 óbitos por mil nascidos vivos, embora tenha apresentado oscilações ao longo do período. Em 2024, foram registrados 389 óbitos, o menor número da série, seguido de aumento para 420 em 2025. A leitura conjunta da taxa e dos números absolutos permite distinguir mudanças na ocorrência dos óbitos de variações relacionadas ao número de nascidos vivos, servindo como base para comparações temporais e para o cruzamento com outros indicadores de mortalidade infantil.
Prioridade;Mortalidade neonatal e infantil, por idade ao óbito;;;Tardia (7-27 dias);gráfico;Óbitos de 7 a 27 dias por mil nascidos vivos;taxa_obitos_tardios_ano;OK;;curadoria;A série histórica permite acompanhar a evolução da mortalidade neonatal tardia em relação ao número de nascidos vivos. Entre 2006 e 2025, a taxa passou de 2,70 para 2,60 óbitos por mil nascidos vivos, com oscilações ao longo do período. O maior valor ocorreu em 2020 (3,46), enquanto o menor foi registrado em 2022 (2,29). No mesmo período, os óbitos tardios passaram de 250 para 170. A leitura conjunta desses indicadores permite diferenciar a variação no número de óbitos da variação proporcional em relação aos nascidos vivos e serve de base para comparações temporais com outros indicadores de mortalidade infantil.;A série histórica permite acompanhar a evolução da mortalidade neonatal tardia em relação ao número de nascidos vivos. Entre 2006 e 2025, a taxa passou de 2,70 para 2,60 óbitos por mil nascidos vivos, com oscilações ao longo do período. O maior valor ocorreu em 2020 (3,46), enquanto o menor foi registrado em 2022 (2,29). No mesmo período, os óbitos tardios passaram de 250 para 170. A leitura conjunta desses indicadores permite diferenciar a variação no número de óbitos da variação proporcional em relação aos nascidos vivos e serve de base para comparações temporais com outros indicadores de mortalidade infantil.;A série histórica permite acompanhar a evolução da mortalidade neonatal tardia em relação ao número de nascidos vivos. Entre 2006 e 2025, a taxa passou de 2,70 para 2,60 óbitos por mil nascidos vivos, com oscilações ao longo do período. O maior valor ocorreu em 2020 (3,46), enquanto o menor foi registrado em 2022 (2,29). No mesmo período, os óbitos tardios passaram de 250 para 170. A leitura conjunta desses indicadores permite diferenciar a variação no número de óbitos da variação proporcional em relação aos nascidos vivos e serve de base para comparações temporais com outros indicadores de mortalidade infantil.
Prioridade;Mortalidade neonatal e infantil, por idade ao óbito;;;Pós-neonatal (28-364 dias);gráfico;Óbitos de 28 a 364 dias por mil nascidos vivos;taxa_mortalidade_pos_neonatal_ano;OK;;curadoria;Ao longo da série, o indicador apresenta oscilações, com valores mais elevados no início do período e redução até 2020, quando atingiu 3,70 óbitos por mil nascidos vivos. A partir de 2021, observa-se retomada dos valores, chegando a 4,65 em 2024 e 4,48 em 2025. A comparação entre os anos permite identificar mudanças no comportamento desse componente da mortalidade infantil e verificar como sua trajetória se relaciona às variações observadas na taxa de mortalidade infantil total.;Ao longo da série, o indicador apresenta oscilações, com valores mais elevados no início do período e redução até 2020, quando atingiu 3,70 óbitos por mil nascidos vivos. A partir de 2021, observa-se retomada dos valores, chegando a 4,65 em 2024 e 4,48 em 2025. A comparação entre os anos permite identificar mudanças no comportamento desse componente da mortalidade infantil e verificar como sua trajetória se relaciona às variações observadas na taxa de mortalidade infantil total.;Ao longo da série, o indicador apresenta oscilações, com valores mais elevados no início do período e redução até 2020, quando atingiu 3,70 óbitos por mil nascidos vivos. A partir de 2021, observa-se retomada dos valores, chegando a 4,65 em 2024 e 4,48 em 2025. A comparação entre os anos permite identificar mudanças no comportamento desse componente da mortalidade infantil e verificar como sua trajetória se relaciona às variações observadas na taxa de mortalidade infantil total.
Prioridade;Mortalidade neonatal e infantil, por idade ao óbito;;;Total (0-364 dias);gráfico;Óbitos de menores de 1 ano por mil nascidos vivos;taxa_mortalidade_infantil_ano;OK;;curadoria;A série histórica apresenta oscilações entre 2006 e 2025, com redução até 2017, quando atingiu 11,26 óbitos por mil nascidos vivos. A partir de 2018, observa-se uma retomada gradual, chegando a 13,03 em 2024 e 13,06 em 2025. A comparação ao longo do período permite identificar mudanças no comportamento do indicador e relacioná-las às variações no número de óbitos e de nascidos vivos. A trajetória também pode ser analisada em conjunto com os diferentes componentes da mortalidade na primeira infância.;A série histórica apresenta oscilações entre 2006 e 2025, com redução até 2017, quando atingiu 11,26 óbitos por mil nascidos vivos. A partir de 2018, observa-se uma retomada gradual, chegando a 13,03 em 2024 e 13,06 em 2025. A comparação ao longo do período permite identificar mudanças no comportamento do indicador e relacioná-las às variações no número de óbitos e de nascidos vivos. A trajetória também pode ser analisada em conjunto com os diferentes componentes da mortalidade na primeira infância.;A série histórica apresenta oscilações entre 2006 e 2025, com redução até 2017, quando atingiu 11,26 óbitos por mil nascidos vivos. A partir de 2018, observa-se uma retomada gradual, chegando a 13,03 em 2024 e 13,06 em 2025. A comparação ao longo do período permite identificar mudanças no comportamento do indicador e relacioná-las às variações no número de óbitos e de nascidos vivos. A trajetória também pode ser analisada em conjunto com os diferentes componentes da mortalidade na primeira infância.
Prioridade;Mortalidade neonatal e infantil, por idade ao óbito;;Taxa;Precoce;mapa;Taxa de mortalidade neonatal precoce (0 a 6 dias) por bairro (2025);mapa_taxa_mortalidade_precoce_bairro_2025;OK;;curadoria;A taxa de mortalidade neonatal precoce permite comparar os bairros considerando o número de nascidos vivos de cada território, evitando a interpretação baseada apenas na quantidade de óbitos. Em 2025, alguns bairros apresentam taxas elevadas associadas a poucos registros de óbitos e a um número reduzido de nascidos vivos, como Gericinó, com 1 óbito entre 14 nascidos vivos, e Cidade Universitária, com 1 entre 17. Por isso, a leitura territorial da taxa deve considerar também o número absoluto de óbitos e o tamanho do denominador. Esses dados podem servir de base para comparar os territórios e aprofundar a análise em conjunto com outros indicadores.;A taxa de mortalidade neonatal precoce permite comparar os bairros considerando o número de nascidos vivos de cada território, evitando a interpretação baseada apenas na quantidade de óbitos. Em 2025, alguns bairros apresentam taxas elevadas associadas a poucos registros de óbitos e a um número reduzido de nascidos vivos, como Gericinó, com 1 óbito entre 14 nascidos vivos, e Cidade Universitária, com 1 entre 17. Por isso, a leitura territorial da taxa deve considerar também o número absoluto de óbitos e o tamanho do denominador. Esses dados podem servir de base para comparar os territórios e aprofundar a análise em conjunto com outros indicadores.;A taxa de mortalidade neonatal precoce permite comparar os bairros considerando o número de nascidos vivos de cada território, evitando a interpretação baseada apenas na quantidade de óbitos. Em 2025, alguns bairros apresentam taxas elevadas associadas a poucos registros de óbitos e a um número reduzido de nascidos vivos, como Gericinó, com 1 óbito entre 14 nascidos vivos, e Cidade Universitária, com 1 entre 17. Por isso, a leitura territorial da taxa deve considerar também o número absoluto de óbitos e o tamanho do denominador. Esses dados podem servir de base para comparar os territórios e aprofundar a análise em conjunto com outros indicadores.
Prioridade;Mortalidade neonatal e infantil, por idade ao óbito;;Taxa;Tardia;mapa;Taxa de mortalidade neonatal tardia (7 a 27 dias) por bairro (2025);mapa_taxa_obitos_tardios_bairro_2025;OK;;curadoria;A taxa de mortalidade neonatal tardia permite comparar os bairros considerando o número de nascidos vivos de cada território. Em 2025, alguns bairros apresentam taxas elevadas mesmo com apenas um óbito, como Cidade Nova, com 1 óbito entre 42 nascidos vivos, e Riachuelo, com 1 entre 66. Dos 161 bairros da tabela, 86 não registraram óbitos tardios. Por isso, a leitura da taxa deve considerar conjuntamente o número de óbitos e o número de nascidos vivos, especialmente nos territórios com menor número de nascimentos. O indicador pode servir de base para comparações territoriais e cruzamentos com outros dados de mortalidade infantil.;A taxa de mortalidade neonatal tardia permite comparar os bairros considerando o número de nascidos vivos de cada território. Em 2025, alguns bairros apresentam taxas elevadas mesmo com apenas um óbito, como Cidade Nova, com 1 óbito entre 42 nascidos vivos, e Riachuelo, com 1 entre 66. Dos 161 bairros da tabela, 86 não registraram óbitos tardios. Por isso, a leitura da taxa deve considerar conjuntamente o número de óbitos e o número de nascidos vivos, especialmente nos territórios com menor número de nascimentos. O indicador pode servir de base para comparações territoriais e cruzamentos com outros dados de mortalidade infantil.;A taxa de mortalidade neonatal tardia permite comparar os bairros considerando o número de nascidos vivos de cada território. Em 2025, alguns bairros apresentam taxas elevadas mesmo com apenas um óbito, como Cidade Nova, com 1 óbito entre 42 nascidos vivos, e Riachuelo, com 1 entre 66. Dos 161 bairros da tabela, 86 não registraram óbitos tardios. Por isso, a leitura da taxa deve considerar conjuntamente o número de óbitos e o número de nascidos vivos, especialmente nos territórios com menor número de nascimentos. O indicador pode servir de base para comparações territoriais e cruzamentos com outros dados de mortalidade infantil.
Prioridade;Mortalidade neonatal e infantil, por idade ao óbito;;Taxa;Pós-neonatal;mapa;Taxa de mortalidade pós-neonatal (28 a 364 dias) por bairro (2025);mapa_taxa_mortalidade_pos_neonatal_bairro_2025;OK;;curadoria;A taxa permite comparar os bairros considerando o número de nascidos vivos de cada território. Em 2025, os maiores valores ocorreram em Cidade Nova (47,62 por mil), Camorim (28,57) e Pitangueiras (26,32). Esses valores correspondem a poucos registros de óbitos: 2 em Cidade Nova, 1 em Camorim e 2 em Pitangueiras. A leitura conjunta da taxa com o número de óbitos e de nascidos vivos é importante para contextualizar as diferenças entre os territórios, especialmente nos bairros com menor número de nascimentos.;A taxa permite comparar os bairros considerando o número de nascidos vivos de cada território. Em 2025, os maiores valores ocorreram em Cidade Nova (47,62 por mil), Camorim (28,57) e Pitangueiras (26,32). Esses valores correspondem a poucos registros de óbitos: 2 em Cidade Nova, 1 em Camorim e 2 em Pitangueiras. A leitura conjunta da taxa com o número de óbitos e de nascidos vivos é importante para contextualizar as diferenças entre os territórios, especialmente nos bairros com menor número de nascimentos.;A taxa permite comparar os bairros considerando o número de nascidos vivos de cada território. Em 2025, os maiores valores ocorreram em Cidade Nova (47,62 por mil), Camorim (28,57) e Pitangueiras (26,32). Esses valores correspondem a poucos registros de óbitos: 2 em Cidade Nova, 1 em Camorim e 2 em Pitangueiras. A leitura conjunta da taxa com o número de óbitos e de nascidos vivos é importante para contextualizar as diferenças entre os territórios, especialmente nos bairros com menor número de nascimentos.
Prioridade;Mortalidade neonatal e infantil, por idade ao óbito;;Taxa;Total;mapa;Taxa de mortalidade infantil (0 a 364 dias) por bairro (2025);mapa_taxa_mortalidade_infantil_bairro_2025;OK;;curadoria;Em 2025, alguns bairros apresentaram taxas elevadas mesmo com poucos registros de óbitos. Em Cidade Nova, foram 2 óbitos entre 42 nascidos vivos, resultando em 47,62 óbitos por mil nascidos vivos. Em Camorim, 1 óbito entre 35 nascidos vivos correspondeu a 28,57 por mil, enquanto em Pitangueiras foram 2 óbitos entre 76 nascidos vivos, com taxa de 26,32 por mil. Esses exemplos mostram como o número de nascidos vivos influencia a taxa e reforçam a importância de analisá-la junto aos valores absolutos.;Em 2025, alguns bairros apresentaram taxas elevadas mesmo com poucos registros de óbitos. Em Cidade Nova, foram 2 óbitos entre 42 nascidos vivos, resultando em 47,62 óbitos por mil nascidos vivos. Em Camorim, 1 óbito entre 35 nascidos vivos correspondeu a 28,57 por mil, enquanto em Pitangueiras foram 2 óbitos entre 76 nascidos vivos, com taxa de 26,32 por mil. Esses exemplos mostram como o número de nascidos vivos influencia a taxa e reforçam a importância de analisá-la junto aos valores absolutos.;Em 2025, alguns bairros apresentaram taxas elevadas mesmo com poucos registros de óbitos. Em Cidade Nova, foram 2 óbitos entre 42 nascidos vivos, resultando em 47,62 óbitos por mil nascidos vivos. Em Camorim, 1 óbito entre 35 nascidos vivos correspondeu a 28,57 por mil, enquanto em Pitangueiras foram 2 óbitos entre 76 nascidos vivos, com taxa de 26,32 por mil. Esses exemplos mostram como o número de nascidos vivos influencia a taxa e reforçam a importância de analisá-la junto aos valores absolutos.
Prioridade;Mortalidade neonatal e infantil, por idade ao óbito;;Óbitos;Precoce;mapa;Óbitos neonatais precoces (0 a 6 dias) por bairro (2025);mapa_obitos_neonatal_precoce_bairro_2025;OK;;curadoria;A distribuição dos óbitos neonatais precoces por bairro permite identificar como os 420 óbitos registrados em 2025 estão distribuídos territorialmente. Por apresentar números absolutos, o mapa possibilita comparar a quantidade de óbitos entre os bairros e reconhecer onde esses registros estão mais concentrados. A informação pode ser utilizada como base para cruzamentos com o número de nascidos vivos, relacionando a ocorrência dos óbitos ao tamanho da população exposta. O recorte territorial também pode ser relacionado a outros indicadores de mortalidade infantil e características demográficas dos bairros, ampliando a análise do fenômeno.;A distribuição dos óbitos neonatais precoces por bairro permite identificar como os 420 óbitos registrados em 2025 estão distribuídos territorialmente. Por apresentar números absolutos, o mapa possibilita comparar a quantidade de óbitos entre os bairros e reconhecer onde esses registros estão mais concentrados. A informação pode ser utilizada como base para cruzamentos com o número de nascidos vivos, relacionando a ocorrência dos óbitos ao tamanho da população exposta. O recorte territorial também pode ser relacionado a outros indicadores de mortalidade infantil e características demográficas dos bairros, ampliando a análise do fenômeno.;A distribuição dos óbitos neonatais precoces por bairro permite identificar como os 420 óbitos registrados em 2025 estão distribuídos territorialmente. Por apresentar números absolutos, o mapa possibilita comparar a quantidade de óbitos entre os bairros e reconhecer onde esses registros estão mais concentrados. A informação pode ser utilizada como base para cruzamentos com o número de nascidos vivos, relacionando a ocorrência dos óbitos ao tamanho da população exposta. O recorte territorial também pode ser relacionado a outros indicadores de mortalidade infantil e características demográficas dos bairros, ampliando a análise do fenômeno.
Prioridade;Mortalidade neonatal e infantil, por idade ao óbito;;Óbitos;Tardia;mapa;Óbitos neonatais tardios (7 a 27 dias) por bairro (2025);mapa_obitos_neonatal_tardia_bairro_2025;OK;;curadoria;A distribuição territorial dos óbitos neonatais tardios permite identificar como os registros de 2025 se concentram entre os bairros. Na base utilizada para o mapa, 86 bairros não apresentaram registros, enquanto os maiores números ocorreram em Santa Cruz e Campo Grande, com 12 óbitos cada, e Jacarepaguá, com 8. Como se trata de números absolutos, a quantidade de óbitos deve ser interpretada em conjunto com o número de nascidos vivos de cada território. Essa informação pode servir de base para comparar a distribuição dos registros com as respectivas taxas e com outros indicadores de mortalidade neonatal.;A distribuição territorial dos óbitos neonatais tardios permite identificar como os registros de 2025 se concentram entre os bairros. Na base utilizada para o mapa, 86 bairros não apresentaram registros, enquanto os maiores números ocorreram em Santa Cruz e Campo Grande, com 12 óbitos cada, e Jacarepaguá, com 8. Como se trata de números absolutos, a quantidade de óbitos deve ser interpretada em conjunto com o número de nascidos vivos de cada território. Essa informação pode servir de base para comparar a distribuição dos registros com as respectivas taxas e com outros indicadores de mortalidade neonatal.;A distribuição territorial dos óbitos neonatais tardios permite identificar como os registros de 2025 se concentram entre os bairros. Na base utilizada para o mapa, 86 bairros não apresentaram registros, enquanto os maiores números ocorreram em Santa Cruz e Campo Grande, com 12 óbitos cada, e Jacarepaguá, com 8. Como se trata de números absolutos, a quantidade de óbitos deve ser interpretada em conjunto com o número de nascidos vivos de cada território. Essa informação pode servir de base para comparar a distribuição dos registros com as respectivas taxas e com outros indicadores de mortalidade neonatal.
Prioridade;Mortalidade neonatal e infantil, por idade ao óbito;;Óbitos;Pós-neonatal;mapa;Óbitos pós-neonatais (28 a 364 dias) por bairro (2025);mapa_obitos_pos_neonatal_bairro_2025;OK;;curadoria;A distribuição territorial permite comparar a ocorrência dos óbitos pós-neonatais entre os bairros em 2025. Santa Cruz e Jacarepaguá registraram 13 óbitos cada, seguidos por Campo Grande, com 12, e Bangu, com 10. Em 63 dos 167 bairros analisados não foram registrados óbitos nesse período. Por se tratar de números absolutos, a distribuição pode ser analisada em conjunto com o número de nascidos vivos de cada bairro, permitindo relacionar os registros ao tamanho da população exposta. A comparação com a taxa de mortalidade pós-neonatal complementa essa leitura territorial.;A distribuição territorial permite comparar a ocorrência dos óbitos pós-neonatais entre os bairros em 2025. Santa Cruz e Jacarepaguá registraram 13 óbitos cada, seguidos por Campo Grande, com 12, e Bangu, com 10. Em 63 dos 167 bairros analisados não foram registrados óbitos nesse período. Por se tratar de números absolutos, a distribuição pode ser analisada em conjunto com o número de nascidos vivos de cada bairro, permitindo relacionar os registros ao tamanho da população exposta. A comparação com a taxa de mortalidade pós-neonatal complementa essa leitura territorial.;A distribuição territorial permite comparar a ocorrência dos óbitos pós-neonatais entre os bairros em 2025. Santa Cruz e Jacarepaguá registraram 13 óbitos cada, seguidos por Campo Grande, com 12, e Bangu, com 10. Em 63 dos 167 bairros analisados não foram registrados óbitos nesse período. Por se tratar de números absolutos, a distribuição pode ser analisada em conjunto com o número de nascidos vivos de cada bairro, permitindo relacionar os registros ao tamanho da população exposta. A comparação com a taxa de mortalidade pós-neonatal complementa essa leitura territorial.
Prioridade;Mortalidade neonatal e infantil, por idade ao óbito;;Óbitos;Total;mapa;Óbitos infantis (0 a 364 dias) por bairro (2025);mapa_mortalidade_infantil_bairro_2025;OK;;curadoria;Em 2025, foram registrados 773 óbitos infantis nos bairros analisados. Santa Cruz concentrou 53 registros, seguida por Campo Grande, com 40, e Jacarepaguá, com 32. Em 28 dos 167 bairros não houve registro de óbitos. Como os números variam também conforme o tamanho da população de nascidos vivos, a comparação entre os bairros ganha contexto quando relacionada à respectiva taxa de mortalidade infantil.;Em 2025, foram registrados 773 óbitos infantis nos bairros analisados. Santa Cruz concentrou 53 registros, seguida por Campo Grande, com 40, e Jacarepaguá, com 32. Em 28 dos 167 bairros não houve registro de óbitos. Como os números variam também conforme o tamanho da população de nascidos vivos, a comparação entre os bairros ganha contexto quando relacionada à respectiva taxa de mortalidade infantil.;Em 2025, foram registrados 773 óbitos infantis nos bairros analisados. Santa Cruz concentrou 53 registros, seguida por Campo Grande, com 40, e Jacarepaguá, com 32. Em 28 dos 167 bairros não houve registro de óbitos. Como os números variam também conforme o tamanho da população de nascidos vivos, a comparação entre os bairros ganha contexto quando relacionada à respectiva taxa de mortalidade infantil.
Prioridade;Óbitos por causas evitáveis;Por grupo/subgrupo de causa (CID-10);;0-364 dias · Grupo;gráfico;Óbitos por ano;obitos_causas_evitaveis_grupo_ano;OK;;curadoria;Entre 1996 e 2025, observa-se uma redução expressiva dos óbitos de crianças de 0 a 364 dias por causas evitáveis. O número caiu de cerca de 1,5 mil registros no início da série para 502 em 2025. As causas mal definidas também apresentaram forte redução, chegando a 15 registros, enquanto as demais causas recuaram de forma mais moderada, alcançando 206 óbitos em 2025.;Entre 1996 e 2025, observa-se uma redução expressiva dos óbitos de crianças de 0 a 364 dias por causas evitáveis. O número caiu de cerca de 1,5 mil registros no início da série para 502 em 2025. As causas mal definidas também apresentaram forte redução, chegando a 15 registros, enquanto as demais causas recuaram de forma mais moderada, alcançando 206 óbitos em 2025.;Entre 1996 e 2025, observa-se uma redução expressiva dos óbitos de crianças de 0 a 364 dias por causas evitáveis. O número caiu de cerca de 1,5 mil registros no início da série para 502 em 2025. As causas mal definidas também apresentaram forte redução, chegando a 15 registros, enquanto as demais causas recuaram de forma mais moderada, alcançando 206 óbitos em 2025.
Prioridade;Óbitos por causas evitáveis;Por grupo/subgrupo de causa (CID-10);;0-364 dias · Subgrupo;gráfico;Óbitos por ano;obitos_causas_evitaveis_subgrupo_ano;OK;;curadoria;Nos subgrupos de causas evitáveis, observa-se redução ao longo da série na maior parte das categorias. Os óbitos reduzíveis por adequada atenção à mulher na gestação permanecem como o principal grupo em 2025, com 263 registros. Também houve queda expressiva nos óbitos relacionados à atenção ao recém-nascido, que passaram de 543 em 1996 para 67 em 2025, enquanto aqueles relacionados à atenção à mulher no parto chegaram a 68 registros.;Nos subgrupos de causas evitáveis, observa-se redução ao longo da série na maior parte das categorias. Os óbitos reduzíveis por adequada atenção à mulher na gestação permanecem como o principal grupo em 2025, com 263 registros. Também houve queda expressiva nos óbitos relacionados à atenção ao recém-nascido, que passaram de 543 em 1996 para 67 em 2025, enquanto aqueles relacionados à atenção à mulher no parto chegaram a 68 registros.;Nos subgrupos de causas evitáveis, observa-se redução ao longo da série na maior parte das categorias. Os óbitos reduzíveis por adequada atenção à mulher na gestação permanecem como o principal grupo em 2025, com 263 registros. Também houve queda expressiva nos óbitos relacionados à atenção ao recém-nascido, que passaram de 543 em 1996 para 67 em 2025, enquanto aqueles relacionados à atenção à mulher no parto chegaram a 68 registros.
Prioridade;Óbitos por causas evitáveis;Por grupo/subgrupo de causa (CID-10);;0-6 dias · Grupo;gráfico;Óbitos por ano;obitos_causas_evitaveis_grupo_0_a_6_dias_ano;OK;;curadoria;Entre 1996 e 2025, os óbitos de crianças de 0 a 6 dias apresentaram queda expressiva.  As causas evitáveis permaneceram como o principal grupo durante toda a série, reduzindo-se para 269 registros em 2025. No mesmo ano, as demais causas somaram 62 óbitos, enquanto as causas mal definidas ficaram em apenas 2 registros.;Entre 1996 e 2025, os óbitos de crianças de 0 a 6 dias apresentaram queda expressiva.  As causas evitáveis permaneceram como o principal grupo durante toda a série, reduzindo-se para 269 registros em 2025. No mesmo ano, as demais causas somaram 62 óbitos, enquanto as causas mal definidas ficaram em apenas 2 registros.;Entre 1996 e 2025, os óbitos de crianças de 0 a 6 dias apresentaram queda expressiva.  As causas evitáveis permaneceram como o principal grupo durante toda a série, reduzindo-se para 269 registros em 2025. No mesmo ano, as demais causas somaram 62 óbitos, enquanto as causas mal definidas ficaram em apenas 2 registros.
Prioridade;Óbitos por causas evitáveis;Por grupo/subgrupo de causa (CID-10);;0-6 dias · Subgrupo;gráfico;Óbitos por ano;obitos_causas_evitaveis_subgrupo_0_a_6_dias_ano;OK;;curadoria;Entre 1996 e 2025, os óbitos de crianças de 0 a 6 dias apresentaram redução em praticamente todos os subgrupos. As causas reduzíveis por atenção à mulher na gestação permaneceram como o principal componente, chegando a 183 registros em 2025. Também houve queda importante nos óbitos relacionados à atenção ao recém-nascido e à atenção à mulher no parto, enquanto as causas mal definidas ficaram em apenas 2 registros no final da série.;Entre 1996 e 2025, os óbitos de crianças de 0 a 6 dias apresentaram redução em praticamente todos os subgrupos. As causas reduzíveis por atenção à mulher na gestação permaneceram como o principal componente, chegando a 183 registros em 2025. Também houve queda importante nos óbitos relacionados à atenção ao recém-nascido e à atenção à mulher no parto, enquanto as causas mal definidas ficaram em apenas 2 registros no final da série.;Entre 1996 e 2025, os óbitos de crianças de 0 a 6 dias apresentaram redução em praticamente todos os subgrupos. As causas reduzíveis por atenção à mulher na gestação permaneceram como o principal componente, chegando a 183 registros em 2025. Também houve queda importante nos óbitos relacionados à atenção ao recém-nascido e à atenção à mulher no parto, enquanto as causas mal definidas ficaram em apenas 2 registros no final da série.
Prioridade;Óbitos por causas evitáveis;Por grupo/subgrupo de causa (CID-10);;7-27 dias · Grupo;gráfico;Óbitos por ano;obitos_causas_evitaveis_grupo_7_a_27_dias_ano;OK;;curadoria;Entre 1996 e 2025, os óbitos entre 7 e 27 dias de vida apresentaram tendência de queda. As causas evitáveis permaneceram como o principal grupo, passando de níveis próximos a 250-280 registros no início da série para 99 em 2025. As demais causas também diminuíram, chegando a 42 registros, enquanto as causas mal definidas ficaram praticamente zeradas no final do período.;Entre 1996 e 2025, os óbitos entre 7 e 27 dias de vida apresentaram tendência de queda. As causas evitáveis permaneceram como o principal grupo, passando de níveis próximos a 250-280 registros no início da série para 99 em 2025. As demais causas também diminuíram, chegando a 42 registros, enquanto as causas mal definidas ficaram praticamente zeradas no final do período.;Entre 1996 e 2025, os óbitos entre 7 e 27 dias de vida apresentaram tendência de queda. As causas evitáveis permaneceram como o principal grupo, passando de níveis próximos a 250-280 registros no início da série para 99 em 2025. As demais causas também diminuíram, chegando a 42 registros, enquanto as causas mal definidas ficaram praticamente zeradas no final do período.
Prioridade;Óbitos por causas evitáveis;Por grupo/subgrupo de causa (CID-10);;7-27 dias · Subgrupo;gráfico;Óbitos por ano;obitos_causas_evitaveis_subgrupo_7_a_27_dias_ano;OK;;curadoria;Entre 1996 e 2025, os óbitos entre 7 e 27 dias de vida apresentaram tendência de queda na maior parte dos subgrupos.  A maior queda ocorreu nas causas reduzíveis por adequada atenção ao recém-nascido, que passaram de 157 registros em 1996 para 20 em 2025. Já as causas relacionadas à atenção a mulher na gestação permaneceram como o principal subgrupo no final da série, com 64 óbitos em 2025. Os demais apresentaram valores mais abaixos.;Entre 1996 e 2025, os óbitos entre 7 e 27 dias de vida apresentaram tendência de queda na maior parte dos subgrupos.  A maior queda ocorreu nas causas reduzíveis por adequada atenção ao recém-nascido, que passaram de 157 registros em 1996 para 20 em 2025. Já as causas relacionadas à atenção a mulher na gestação permaneceram como o principal subgrupo no final da série, com 64 óbitos em 2025. Os demais apresentaram valores mais abaixos.;Entre 1996 e 2025, os óbitos entre 7 e 27 dias de vida apresentaram tendência de queda na maior parte dos subgrupos.  A maior queda ocorreu nas causas reduzíveis por adequada atenção ao recém-nascido, que passaram de 157 registros em 1996 para 20 em 2025. Já as causas relacionadas à atenção a mulher na gestação permaneceram como o principal subgrupo no final da série, com 64 óbitos em 2025. Os demais apresentaram valores mais abaixos.
Prioridade;Óbitos por causas evitáveis;Por grupo/subgrupo de causa (CID-10);;28-364 dias · Grupo;gráfico;Óbitos por ano;obitos_causas_evitaveis_grupo_28_a_364_dias_ano;OK;;curadoria;Entre 1996 e 2025, os óbitos entre 28 e 364 dias apresentaram tendência de redução. As causas evitáveis permaneceram como o principal grupo, passando de 461 registros em 1996 para 134 em 2025. As demais causas também diminuíram, chegando a 102 óbitos, enquanto as causas mal definidas apresentaram a maior redução proporcional, passando de 108 para 13 registros.;Entre 1996 e 2025, os óbitos entre 28 e 364 dias apresentaram tendência de redução. As causas evitáveis permaneceram como o principal grupo, passando de 461 registros em 1996 para 134 em 2025. As demais causas também diminuíram, chegando a 102 óbitos, enquanto as causas mal definidas apresentaram a maior redução proporcional, passando de 108 para 13 registros.;Entre 1996 e 2025, os óbitos entre 28 e 364 dias apresentaram tendência de redução. As causas evitáveis permaneceram como o principal grupo, passando de 461 registros em 1996 para 134 em 2025. As demais causas também diminuíram, chegando a 102 óbitos, enquanto as causas mal definidas apresentaram a maior redução proporcional, passando de 108 para 13 registros.
Prioridade;Óbitos por causas evitáveis;Por grupo/subgrupo de causa (CID-10);;28-364 dias · Subgrupo;gráfico;Óbitos por ano;obitos_causas_evitaveis_subgrupo_28_a_364_dias_ano;OK;;curadoria;Entre 1996 e 2025, os óbitos entre 28 e 364 dias apresentaram queda na maior parte dos subgrupos. O principal destaque é a redução dos óbitos reduzíveis por ações de diagnóstico e tratamento adequado, que saíram de patamares muito elevados no início da série e chegaram a 43 registros em 2025. No final do período, os maiores valores ficaram em ações de promoção vinculadas às ações de atenção, com 56 óbitos, seguidas por diagnóstico e tratamento adequado, enquanto os demais subgrupos apresentaram números mais baixos.;Entre 1996 e 2025, os óbitos entre 28 e 364 dias apresentaram queda na maior parte dos subgrupos. O principal destaque é a redução dos óbitos reduzíveis por ações de diagnóstico e tratamento adequado, que saíram de patamares muito elevados no início da série e chegaram a 43 registros em 2025. No final do período, os maiores valores ficaram em ações de promoção vinculadas às ações de atenção, com 56 óbitos, seguidas por diagnóstico e tratamento adequado, enquanto os demais subgrupos apresentaram números mais baixos.;Entre 1996 e 2025, os óbitos entre 28 e 364 dias apresentaram queda na maior parte dos subgrupos. O principal destaque é a redução dos óbitos reduzíveis por ações de diagnóstico e tratamento adequado, que saíram de patamares muito elevados no início da série e chegaram a 43 registros em 2025. No final do período, os maiores valores ficaram em ações de promoção vinculadas às ações de atenção, com 56 óbitos, seguidas por diagnóstico e tratamento adequado, enquanto os demais subgrupos apresentaram números mais baixos.
Prioridade;Óbitos por causas evitáveis;Por grupo/subgrupo de causa (CID-10);;;gráfico;Óbitos em 2025, por idade ao óbito;obitos_causas_evitaveis_subgrupo_faixa_2025;OK;;curadoria;"Em 2025, a distribuição das causas evitáveis varia de forma importante entre as faixas etárias. Nos primeiros dias de vida, predominam os óbitos relacionados à atenção à mulher na gestação, com 183 registros entre 0 e 6 dias e 64 entre 7 e 27 dias. Já entre 28 e 364 dias, ganham maior peso as causas reduzíveis por ações de promoção vinculadas às ações de atenção, com 56 óbitos, e por diagnóstico e tratamento adequado, com 43 registros.
O gráfico evidencia, portanto, uma mudança no perfil das causas evitáveis conforme a idade da criança: no período neonatal, destacam-se fatores ligados à gestação, parto e atenção ao recém-nascido, enquanto após os 28 aumentam relativamente às causas relacionadas à promoção, diagnóstico e tratamento.";"Em 2025, a distribuição das causas evitáveis varia de forma importante entre as faixas etárias. Nos primeiros dias de vida, predominam os óbitos relacionados à atenção à mulher na gestação, com 183 registros entre 0 e 6 dias e 64 entre 7 e 27 dias. Já entre 28 e 364 dias, ganham maior peso as causas reduzíveis por ações de promoção vinculadas às ações de atenção, com 56 óbitos, e por diagnóstico e tratamento adequado, com 43 registros.
O gráfico evidencia, portanto, uma mudança no perfil das causas evitáveis conforme a idade da criança: no período neonatal, destacam-se fatores ligados à gestação, parto e atenção ao recém-nascido, enquanto após os 28 aumentam relativamente às causas relacionadas à promoção, diagnóstico e tratamento.";"Em 2025, a distribuição das causas evitáveis varia de forma importante entre as faixas etárias. Nos primeiros dias de vida, predominam os óbitos relacionados à atenção à mulher na gestação, com 183 registros entre 0 e 6 dias e 64 entre 7 e 27 dias. Já entre 28 e 364 dias, ganham maior peso as causas reduzíveis por ações de promoção vinculadas às ações de atenção, com 56 óbitos, e por diagnóstico e tratamento adequado, com 43 registros.

O gráfico evidencia, portanto, uma mudança no perfil das causas evitáveis conforme a idade da criança: no período neonatal, destacam-se fatores ligados à gestação, parto e atenção ao recém-nascido, enquanto após os 28 aumentam relativamente às causas relacionadas à promoção, diagnóstico e tratamento."
Prioridade;Óbitos por causas evitáveis;Primeira infância, por Área Programática de Saúde (CAP);;Menores de 1 ano;gráfico (pequenos múltiplos);Óbitos por ano;obitos_evitaveis_menores_1_ano_subgrupo_ano;OK;;curadoria;Entre 2006 e 2025, os óbitos de menores de 1 ano apresentaram redução na maior parte dos subgrupos analisados. As causas reduzíveis por atenção a mulher na gestação permaneceram como principal componente, atingindo pico de 389 óbitos em 2013 e chegando a 264 em 2025. Também se destaca a queda dos óbitos relacionados a atenção do recém-nascido, de 195 para 55 no período. Em 2025, as demais causas não claramente evitáveis aparecem como o segundo maior grupo, com 218 registros, enquanto os demais subgrupos apresentam quantitativos inferiores.;Entre 2006 e 2025, os óbitos de menores de 1 ano apresentaram redução na maior parte dos subgrupos analisados. As causas reduzíveis por atenção a mulher na gestação permaneceram como principal componente, atingindo pico de 389 óbitos em 2013 e chegando a 264 em 2025. Também se destaca a queda dos óbitos relacionados a atenção do recém-nascido, de 195 para 55 no período. Em 2025, as demais causas não claramente evitáveis aparecem como o segundo maior grupo, com 218 registros, enquanto os demais subgrupos apresentam quantitativos inferiores.;Entre 2006 e 2025, os óbitos de menores de 1 ano apresentaram redução na maior parte dos subgrupos analisados. As causas reduzíveis por atenção a mulher na gestação permaneceram como principal componente, atingindo pico de 389 óbitos em 2013 e chegando a 264 em 2025. Também se destaca a queda dos óbitos relacionados a atenção do recém-nascido, de 195 para 55 no período. Em 2025, as demais causas não claramente evitáveis aparecem como o segundo maior grupo, com 218 registros, enquanto os demais subgrupos apresentam quantitativos inferiores.
Prioridade;Óbitos por causas evitáveis;Primeira infância, por Área Programática de Saúde (CAP);;De 1 a 4 anos;gráfico;Óbitos por ano;obitos_evitaveis_1_a_4_anos_subgrupo_ano;OK;;curadoria;Entre 2006 e 2025, os óbitos de crianças de 1 a 4 anos apresentaram oscilações, mas com redução em vários subgrupos. As demais causas não claramente evitáveis permaneceram como principal componente, chegando a 59 registros em 2025. No mesmo ano, as causas reduzíveis por ações de promoção vinculadas a atenção somaram 34 óbitos, enquanto aquelas relacionadas ao diagnóstico e tratamento adequado registraram 29. As causas mal definidas apresentaram forte redução ao longo do período, chegando a 7 registros em 2025.;Entre 2006 e 2025, os óbitos de crianças de 1 a 4 anos apresentaram oscilações, mas com redução em vários subgrupos. As demais causas não claramente evitáveis permaneceram como principal componente, chegando a 59 registros em 2025. No mesmo ano, as causas reduzíveis por ações de promoção vinculadas a atenção somaram 34 óbitos, enquanto aquelas relacionadas ao diagnóstico e tratamento adequado registraram 29. As causas mal definidas apresentaram forte redução ao longo do período, chegando a 7 registros em 2025.;Entre 2006 e 2025, os óbitos de crianças de 1 a 4 anos apresentaram oscilações, mas com redução em vários subgrupos. As demais causas não claramente evitáveis permaneceram como principal componente, chegando a 59 registros em 2025. No mesmo ano, as causas reduzíveis por ações de promoção vinculadas a atenção somaram 34 óbitos, enquanto aquelas relacionadas ao diagnóstico e tratamento adequado registraram 29. As causas mal definidas apresentaram forte redução ao longo do período, chegando a 7 registros em 2025.
Prioridade;Óbitos por causas evitáveis;Primeira infância, por Área Programática de Saúde (CAP);;Menores de 5 anos;gráfico (pequenos múltiplos);Óbitos por ano;obitos_evitaveis_menores_5_subgrupo_ano;OK;;curadoria;Entre 2006 e 2025, os óbitos de menores de 5 anos apresentaram tendência geral de redução. As demais causas não claramente evitáveis permaneceram entre os principais componentes, chegando a 277 registros em 2025. Entre as causas evitáveis, destacam-se aquelas relacionadas à atenção à mulher na gestação, que atingiram 266 óbitos em 2025. Também houve redução importante nos óbitos relacionados à atenção ao recém-nascido, que passaram de 198 em 2006 para 55 em 2025, enquanto as causas mal definidas recuaram para 22 registros.;Entre 2006 e 2025, os óbitos de menores de 5 anos apresentaram tendência geral de redução. As demais causas não claramente evitáveis permaneceram entre os principais componentes, chegando a 277 registros em 2025. Entre as causas evitáveis, destacam-se aquelas relacionadas à atenção à mulher na gestação, que atingiram 266 óbitos em 2025. Também houve redução importante nos óbitos relacionados à atenção ao recém-nascido, que passaram de 198 em 2006 para 55 em 2025, enquanto as causas mal definidas recuaram para 22 registros.;Entre 2006 e 2025, os óbitos de menores de 5 anos apresentaram tendência geral de redução. As demais causas não claramente evitáveis permaneceram entre os principais componentes, chegando a 277 registros em 2025. Entre as causas evitáveis, destacam-se aquelas relacionadas à atenção à mulher na gestação, que atingiram 266 óbitos em 2025. Também houve redução importante nos óbitos relacionados à atenção ao recém-nascido, que passaram de 198 em 2006 para 55 em 2025, enquanto as causas mal definidas recuaram para 22 registros.
Prioridade;Óbitos por causas evitáveis;Primeira infância, por Área Programática de Saúde (CAP);;Menores de 1 ano · Gestação;gráfico (pequenos múltiplos);Óbitos por ano;Menores de 1 ano · Gestação;PENDENTE;sem texto na curadoria -- site mostra lorem ipsum;lorem ipsum;;;Esse nibh cillum quis nibh ad exercitation sunt sunt sunt mollit ipsum excepteur netus adipiscing enim nibh est quis eu qui nisi veniam amet laboris nostrud lorem incididunt do ad egestas laboris excepteur est aliquet commodo aute proident culpa nunc ex ullamco mauris excepteur consequat esse commodo ut egestas cillum minim nisi voluptate consectetur eiusmod metus dolore nec exercitation do lorem labore netus ante purus in egestas do mollit pariatur praesent praesent duis laborum veniam posuere senectus officia cubilia voluptate netus cubilia duis nostrud dolor adipiscing ex commodo officia egestas non proident enim sed eiusmod deserunt adipiscing consectetur duis proident aliquet fugiat nisi ea ullamco reprehenderit do nulla ipsum curabitur sunt in consectetur turpis fugiat fames luctus ex eu ipsum nec orci mollit orci eiusmod eiusmod esse mollit quis velit ad porttitor senectus eget netus cupidatat dolore ipsum orci occaecat.
Prioridade;Óbitos por causas evitáveis;Primeira infância, por Área Programática de Saúde (CAP);;Menores de 1 ano · Parto;gráfico (pequenos múltiplos);Óbitos por ano;Menores de 1 ano · Parto;PENDENTE;sem texto na curadoria -- site mostra lorem ipsum;lorem ipsum;;;Nostrud nisi excepteur anim in porttitor adipiscing adipiscing tempor sunt laborum enim netus dolore ullamco nibh anim labore aute exercitation nunc culpa excepteur vestibulum esse purus esse consequat vestibulum dolor aliqua sunt nibh senectus luctus primis dolor culpa mauris purus fugiat cillum tempor incididunt dolor ante proident posuere enim nunc metus nibh consectetur proident sint ut curabitur irure veniam culpa cillum eget egestas enim adipiscing culpa ullamco consequat cubilia sunt veniam pariatur sollicitudin do sit do eu dolor ex laborum sollicitudin proident est in veniam tempor metus nulla nec posuere qui curabitur anim curabitur ipsum consectetur sed eget deserunt orci amet consectetur eget consequat veniam in netus primis tristique sollicitudin tristique do occaecat ex culpa aliquip aute amet tristique cillum ea sed non luctus tristique labore consequat proident aute excepteur ante egestas vestibulum proident posuere incididunt eiusmod cupidatat fugiat laborum blandit culpa laboris do fugiat ut incididunt pariatur pariatur ante mollit luctus adipiscing ipsum posuere culpa consectetur nulla porttitor non voluptate excepteur nulla velit curae netus sollicitudin praesent sunt tristique ipsum.
Prioridade;Óbitos por causas evitáveis;Primeira infância, por Área Programática de Saúde (CAP);;Menores de 1 ano · Recém-nascido;gráfico (pequenos múltiplos);Óbitos por ano;Menores de 1 ano · Recém-nascido;PENDENTE;sem texto na curadoria -- site mostra lorem ipsum;lorem ipsum;;;Sint amet quis culpa nisi ullamco officia aliquet do occaecat consequat purus occaecat sed posuere exercitation esse officia mollit duis netus egestas posuere lorem sollicitudin irure posuere fames eget eu ea sollicitudin voluptate cubilia eiusmod commodo proident voluptate dolore minim faucibus incididunt eu consectetur commodo senectus nostrud ante aliquip esse luctus cupidatat exercitation reprehenderit ipsum ante laboris ad nulla id mollit eiusmod ullamco ea amet sed ex elit labore aute nisi voluptate tristique sunt excepteur eget excepteur mollit aliquet eget netus curae sint exercitation amet commodo eget minim sed officia laborum aliquet blandit minim esse curae sed excepteur consectetur turpis orci praesent senectus posuere aliquip ullamco faucibus netus id praesent curae ex magna luctus eget cillum netus anim esse reprehenderit dolor eu curae curae sunt egestas excepteur curae exercitation irure consectetur fugiat fugiat tristique cubilia senectus elit amet metus ex mollit duis netus netus vestibulum eget nunc turpis labore metus velit sint nisi primis nostrud ipsum posuere aliquet ex consequat lorem sint reprehenderit vestibulum ad aute sint ullamco ad mollit faucibus occaecat sunt nibh tempor est vestibulum posuere.
Prioridade;Óbitos por causas evitáveis;Primeira infância, por Área Programática de Saúde (CAP);;Menores de 1 ano · Diagnóstico e tratamento;gráfico (pequenos múltiplos);Óbitos por ano;Menores de 1 ano · Diagnóstico e tratamento;PENDENTE;sem texto na curadoria -- site mostra lorem ipsum;lorem ipsum;;;Esse pariatur incididunt sit est posuere praesent vestibulum occaecat luctus orci eu cillum posuere excepteur posuere luctus vitae vitae cubilia sollicitudin mauris aliquet qui consectetur excepteur sunt ea non mauris elit proident faucibus eget adipiscing nec nulla cillum cillum proident labore irure reprehenderit consequat eget fames minim excepteur vitae incididunt luctus culpa velit senectus ullamco cillum ullamco sit sit aliquip eget nec cillum exercitation non nunc blandit lorem nulla qui ex est purus veniam turpis vitae minim id sed aliquip posuere aliquip aliqua elit id nulla porttitor ut voluptate senectus deserunt mollit esse deserunt laborum eu incididunt labore fames vitae sollicitudin fames vitae excepteur in aliqua esse mauris nec proident sollicitudin orci eiusmod magna veniam turpis minim purus eget deserunt lorem quis pariatur turpis voluptate orci incididunt qui duis sollicitudin voluptate cubilia veniam lorem elit sollicitudin nostrud aute ea qui.
Prioridade;Óbitos por causas evitáveis;Primeira infância, por Área Programática de Saúde (CAP);;Menores de 1 ano · Promoção da saúde;gráfico (pequenos múltiplos);Óbitos por ano;Menores de 1 ano · Promoção da saúde;PENDENTE;sem texto na curadoria -- site mostra lorem ipsum;lorem ipsum;;;Do primis duis sollicitudin tempor laboris aute aliquet netus minim cubilia laborum lorem cubilia turpis porttitor metus cillum enim incididunt nibh ea porttitor ipsum ullamco laboris aute ante ea quis ullamco curae qui eu commodo aute netus culpa anim aliqua eget curabitur sit proident ut irure elit consequat dolor sollicitudin quis aute aliquet anim praesent nunc voluptate senectus vitae eiusmod do senectus vestibulum elit sunt magna minim officia exercitation nibh curae id in laboris praesent voluptate aliqua metus purus excepteur est nulla cupidatat non nisi faucibus blandit est non veniam est curae sint exercitation commodo in ullamco egestas turpis nostrud laboris vitae praesent incididunt do ipsum sit labore ut ullamco mollit eiusmod vitae consequat porttitor mollit sit eu porttitor esse magna exercitation curabitur adipiscing labore sunt vitae curae lorem qui fames est minim blandit velit veniam magna senectus curae adipiscing.
Prioridade;Óbitos por causas evitáveis;Primeira infância, por Área Programática de Saúde (CAP);;De 1 a 4 anos · Diagnóstico e tratamento;gráfico (pequenos múltiplos);Óbitos por ano;De 1 a 4 anos · Diagnóstico e tratamento;PENDENTE;sem texto na curadoria -- site mostra lorem ipsum;lorem ipsum;;;Laboris tristique blandit orci non duis dolore lorem posuere mauris quis fugiat sollicitudin laborum blandit mauris cillum esse sit blandit qui qui sed adipiscing dolore culpa purus eget veniam nec senectus consequat cubilia nec mollit aliquet sollicitudin in vestibulum ad eget ad mollit eget eu voluptate luctus fugiat aliqua porttitor culpa lorem tristique culpa deserunt sint enim orci praesent esse incididunt blandit ad occaecat senectus blandit sollicitudin sed blandit sint nibh velit posuere anim mauris blandit minim ea laboris et aliquet dolor exercitation netus blandit mauris ad fames officia turpis in quis purus pariatur officia esse fames ad aliquip qui dolor reprehenderit veniam sit adipiscing id curae vitae curabitur id officia enim sunt tempor irure id mollit nec fugiat exercitation adipiscing sunt quis esse porttitor faucibus aliqua aliquet duis primis commodo posuere egestas aliquip.
Prioridade;Óbitos por causas evitáveis;Primeira infância, por Área Programática de Saúde (CAP);;De 1 a 4 anos · Promoção da saúde;gráfico (pequenos múltiplos);Óbitos por ano;De 1 a 4 anos · Promoção da saúde;PENDENTE;sem texto na curadoria -- site mostra lorem ipsum;lorem ipsum;;;Esse irure in cupidatat aute porttitor elit posuere exercitation pariatur magna vitae quis mollit non anim sit senectus reprehenderit culpa mauris aliquet posuere lorem id ut purus deserunt veniam veniam curae turpis dolor primis sollicitudin aliquip esse purus commodo posuere lorem ad ea nostrud orci culpa laboris culpa consectetur minim primis ad luctus sit amet sed velit ea ullamco metus faucibus posuere occaecat pariatur fugiat ullamco irure porttitor sed aliquet laborum enim fames culpa curae aliqua commodo nulla duis nunc magna eget labore netus ea sollicitudin eget dolor nibh minim aliqua vitae irure qui elit primis metus occaecat tempor nostrud exercitation sunt fames consequat id id dolor mauris voluptate.
Prioridade;Óbitos por causas evitáveis;Primeira infância, por Área Programática de Saúde (CAP);;Menores de 5 anos · Gestação;gráfico (pequenos múltiplos);Óbitos por ano;Menores de 5 anos · Gestação;PENDENTE;sem texto na curadoria -- site mostra lorem ipsum;lorem ipsum;;;Ut anim sit incididunt faucibus exercitation fugiat irure dolore nec duis sint non eget laborum porttitor quis lorem posuere irure metus ullamco faucibus laboris commodo reprehenderit in orci adipiscing pariatur sint nulla laborum faucibus officia orci consequat luctus anim culpa labore adipiscing eiusmod aliqua aliquip metus magna cubilia tempor laborum metus officia ex vitae laboris ullamco aliqua consectetur laboris porttitor ante laboris proident porttitor magna eget proident nisi curae senectus enim pariatur consequat turpis faucibus duis minim dolor in netus est eget cubilia irure id dolor vestibulum orci aute excepteur id pariatur nisi sit curae cupidatat curabitur ipsum senectus dolore voluptate voluptate aliqua non nisi consequat laborum pariatur commodo purus eiusmod occaecat pariatur lorem dolore cupidatat nec officia duis vitae excepteur turpis.
Prioridade;Óbitos por causas evitáveis;Primeira infância, por Área Programática de Saúde (CAP);;Menores de 5 anos · Parto;gráfico (pequenos múltiplos);Óbitos por ano;Menores de 5 anos · Parto;PENDENTE;sem texto na curadoria -- site mostra lorem ipsum;lorem ipsum;;;Metus cupidatat reprehenderit blandit curae commodo eu velit amet fugiat vestibulum aliquet culpa eget ea sed quis exercitation occaecat anim non mollit fames eget eiusmod ex deserunt in duis ex orci nibh ut cupidatat elit purus turpis non in eget eget officia nostrud sollicitudin dolor laboris dolor voluptate ex proident enim ea ullamco posuere et tempor sint tempor lorem tempor posuere faucibus labore qui incididunt nunc purus porttitor fugiat vitae nec aliquet curabitur exercitation nec velit quis in aute eget nibh mauris sed sint luctus senectus blandit labore adipiscing blandit culpa consectetur mollit veniam eget primis nec minim culpa tempor aute veniam sollicitudin magna vitae eu sed cillum eiusmod amet lorem dolore quis nec exercitation blandit porttitor excepteur labore proident vestibulum netus aliquet qui sed tempor praesent elit aliquip excepteur porttitor nibh turpis excepteur do laborum eget voluptate senectus cubilia est proident nunc cillum nostrud magna occaecat consectetur do praesent faucibus veniam aute aliqua metus consectetur non proident porttitor.
Prioridade;Óbitos por causas evitáveis;Primeira infância, por Área Programática de Saúde (CAP);;Menores de 5 anos · Recém-nascido;gráfico (pequenos múltiplos);Óbitos por ano;Menores de 5 anos · Recém-nascido;PENDENTE;sem texto na curadoria -- site mostra lorem ipsum;lorem ipsum;;;Ipsum commodo orci incididunt sollicitudin aliquet amet nibh anim luctus reprehenderit qui cupidatat mollit purus fugiat minim irure elit nec excepteur in ad fugiat ullamco incididunt pariatur cupidatat netus nunc primis duis ipsum orci fames commodo orci labore magna et sit incididunt dolore pariatur ex fames adipiscing netus vestibulum excepteur praesent ullamco senectus magna non pariatur posuere nec eget fames ullamco veniam ullamco orci sunt senectus irure eiusmod do magna mauris aute tristique orci irure incididunt vestibulum deserunt incididunt veniam nulla et eiusmod velit cillum minim primis aliquet reprehenderit deserunt nec mauris sint turpis mollit nunc posuere elit sit primis labore laboris veniam incididunt dolore esse eu sint eiusmod eget consequat aliquet occaecat incididunt aliquip ipsum nec do purus eget in porttitor aliqua ex duis voluptate ante nisi egestas pariatur sunt sollicitudin proident eu sint irure nisi tristique eget vestibulum ullamco fugiat curabitur occaecat ullamco excepteur enim deserunt duis sit aute ullamco sit egestas magna do qui nibh netus cubilia et ipsum exercitation curae elit esse metus velit eu sint reprehenderit curabitur sit qui ullamco ex aliquet in tristique anim.
Prioridade;Óbitos por causas evitáveis;Primeira infância, por Área Programática de Saúde (CAP);;Menores de 5 anos · Diagnóstico e tratamento;gráfico (pequenos múltiplos);Óbitos por ano;Menores de 5 anos · Diagnóstico e tratamento;PENDENTE;sem texto na curadoria -- site mostra lorem ipsum;lorem ipsum;;;Curae id primis nisi mollit turpis qui minim senectus curae pariatur ex veniam tristique turpis consectetur sollicitudin aute eget reprehenderit mauris dolor enim magna senectus eiusmod aute non nec dolor netus curae amet netus magna cillum vitae ad exercitation irure in ut vestibulum aliquip deserunt deserunt aliquet voluptate nibh nec eiusmod nunc faucibus fugiat mauris ea incididunt tristique consequat aute elit eget incididunt elit deserunt mauris anim ut culpa irure nisi vestibulum curae dolor do labore proident culpa aliquip sed et eu anim elit sed ipsum voluptate laborum curae turpis occaecat deserunt sed eu reprehenderit nulla aliquet ad posuere laborum porttitor.
Prioridade;Óbitos por causas evitáveis;Primeira infância, por Área Programática de Saúde (CAP);;Menores de 5 anos · Promoção da saúde;gráfico (pequenos múltiplos);Óbitos por ano;Menores de 5 anos · Promoção da saúde;PENDENTE;sem texto na curadoria -- site mostra lorem ipsum;lorem ipsum;;;Labore sed nunc cillum ullamco in ea eget occaecat velit occaecat blandit cupidatat nibh esse cillum minim labore irure amet mauris nec nec faucibus adipiscing nibh fames pariatur sint nisi elit eget nec culpa proident non duis reprehenderit excepteur mollit ad est sed sit eget non tristique sed orci posuere vestibulum nostrud sollicitudin incididunt luctus proident aliqua nisi enim dolor exercitation ex ullamco non primis egestas adipiscing pariatur turpis cubilia aliquet curae non aliquip sunt occaecat turpis nunc tristique fames sed nisi ante ex sollicitudin velit eu eget exercitation commodo elit incididunt velit fames ipsum consequat consequat anim blandit mollit nibh nec occaecat vitae aliqua ad sit praesent magna proident commodo officia nostrud praesent eiusmod veniam porttitor velit ut velit ea eu aliqua metus luctus laborum laboris netus egestas ipsum commodo dolore proident exercitation egestas eiusmod aliqua curabitur exercitation officia dolore tempor voluptate egestas laboris blandit egestas eget ipsum commodo porttitor sint eu sit qui sed deserunt blandit ut adipiscing duis cillum aliqua consequat praesent egestas ea eu aute amet adipiscing elit dolor minim eget sollicitudin id vestibulum lorem qui netus labore et id lorem ad enim sed velit.
Prioridade;Óbitos por causas evitáveis;Primeira infância, por Área Programática de Saúde (CAP);;Menores de 1 ano;gráfico (pequenos múltiplos);Óbitos por causas evitáveis | Óbitos por ano | Evitáveis, % do total de óbitos | % dos óbitos da faixa etária;obitos_evitaveis_cap_menores_1_ano_ano+percentual_evitaveis_cap_menores_1_ano_ano;OK;;curadoria;"A série permite acompanhar a variação dos óbitos classificados como causas evitáveis entre as CAPs ao longo do período. No conjunto das CAPs, os registros passaram de 755 em 2006 para 491 em 2025, embora com oscilações ao longo da série. Em 2025, a CAP 4.0 apresentou 89 óbitos, a CAP 3.3 registrou 84 e a CAP 5.2, 67. A distribuição entre as CAPs pode ser relacionada ao percentual de óbitos evitáveis e às demais categorias de causas presentes na base, permitindo analisar como a quantidade de óbitos e sua composição variam entre os territórios.

O percentual permite analisar a participação das causas evitáveis no conjunto dos óbitos de menores de 1 ano em cada CAP, complementando a leitura feita a partir dos números absolutos. Ao longo da série, os valores oscilam entre as CAPs e entre os anos, mostrando que a composição dos óbitos varia mesmo quando a quantidade absoluta de registros apresenta comportamento semelhante. A comparação desse indicador com o número total de óbitos permite distinguir mudanças na quantidade de ocorrências de mudanças na participação das causas evitáveis. O indicador também pode ser relacionado às demais categorias de causas presentes na base para aprofundar a análise territorial.";"A série permite acompanhar a variação dos óbitos classificados como causas evitáveis entre as CAPs ao longo do período. No conjunto das CAPs, os registros passaram de 755 em 2006 para 491 em 2025, embora com oscilações ao longo da série. Em 2025, a CAP 4.0 apresentou 89 óbitos, a CAP 3.3 registrou 84 e a CAP 5.2, 67. A distribuição entre as CAPs pode ser relacionada ao percentual de óbitos evitáveis e às demais categorias de causas presentes na base, permitindo analisar como a quantidade de óbitos e sua composição variam entre os territórios.

O percentual permite analisar a participação das causas evitáveis no conjunto dos óbitos de menores de 1 ano em cada CAP, complementando a leitura feita a partir dos números absolutos. Ao longo da série, os valores oscilam entre as CAPs e entre os anos, mostrando que a composição dos óbitos varia mesmo quando a quantidade absoluta de registros apresenta comportamento semelhante. A comparação desse indicador com o número total de óbitos permite distinguir mudanças na quantidade de ocorrências de mudanças na participação das causas evitáveis. O indicador também pode ser relacionado às demais categorias de causas presentes na base para aprofundar a análise territorial.";"A série permite acompanhar a variação dos óbitos classificados como causas evitáveis entre as CAPs ao longo do período. No conjunto das CAPs, os registros passaram de 755 em 2006 para 491 em 2025, embora com oscilações ao longo da série. Em 2025, a CAP 4.0 apresentou 89 óbitos, a CAP 3.3 registrou 84 e a CAP 5.2, 67. A distribuição entre as CAPs pode ser relacionada ao percentual de óbitos evitáveis e às demais categorias de causas presentes na base, permitindo analisar como a quantidade de óbitos e sua composição variam entre os territórios.

O percentual permite analisar a participação das causas evitáveis no conjunto dos óbitos de menores de 1 ano em cada CAP, complementando a leitura feita a partir dos números absolutos. Ao longo da série, os valores oscilam entre as CAPs e entre os anos, mostrando que a composição dos óbitos varia mesmo quando a quantidade absoluta de registros apresenta comportamento semelhante. A comparação desse indicador com o número total de óbitos permite distinguir mudanças na quantidade de ocorrências de mudanças na participação das causas evitáveis. O indicador também pode ser relacionado às demais categorias de causas presentes na base para aprofundar a análise territorial."
Prioridade;Óbitos por causas evitáveis;Primeira infância, por Área Programática de Saúde (CAP);;De 1 a 4 anos;gráfico (pequenos múltiplos);Óbitos por causas evitáveis | Óbitos por ano | Evitáveis, % do total de óbitos | % dos óbitos da faixa etária;obitos_evitaveis_cap_1_a_4_anos_ano+percentual_evitaveis_cap_1_a_4_anos_ano;OK;;curadoria;"A série apresenta a variação dos óbitos classificados como causas evitáveis entre as CAPs para crianças de 1 a 4 anos. As contagens são reduzidas em comparação com a faixa de menores de 1 ano e apresentam oscilações entre os anos e territórios. Em 2025, os registros variaram entre as CAPs, sem que pequenas diferenças anuais devam ser interpretadas isoladamente. A série pode ser utilizada para acompanhar a ocorrência do evento ao longo do tempo e relacioná-la à distribuição das demais causas de óbito nessa faixa etária, mantendo a ressalva de que o pequeno número de registros limita comparações mais detalhadas entre CAPs.

O percentual permite analisar a participação das causas evitáveis no conjunto dos óbitos de crianças de 1 a 4 anos em cada CAP. A série apresenta oscilações entre os territórios e os anos, especialmente em uma faixa etária com menor número absoluto de registros. Em alguns anos, determinadas CAPs atingem valores próximos ou iguais a 100%, indicando que os óbitos registrados naquele recorte foram classificados como evitáveis. Por isso, o percentual deve ser analisado junto ao número absoluto de óbitos, permitindo distinguir mudanças na composição das causas de variações decorrentes do pequeno número de registros.";"A série apresenta a variação dos óbitos classificados como causas evitáveis entre as CAPs para crianças de 1 a 4 anos. As contagens são reduzidas em comparação com a faixa de menores de 1 ano e apresentam oscilações entre os anos e territórios. Em 2025, os registros variaram entre as CAPs, sem que pequenas diferenças anuais devam ser interpretadas isoladamente. A série pode ser utilizada para acompanhar a ocorrência do evento ao longo do tempo e relacioná-la à distribuição das demais causas de óbito nessa faixa etária, mantendo a ressalva de que o pequeno número de registros limita comparações mais detalhadas entre CAPs.

O percentual permite analisar a participação das causas evitáveis no conjunto dos óbitos de crianças de 1 a 4 anos em cada CAP. A série apresenta oscilações entre os territórios e os anos, especialmente em uma faixa etária com menor número absoluto de registros. Em alguns anos, determinadas CAPs atingem valores próximos ou iguais a 100%, indicando que os óbitos registrados naquele recorte foram classificados como evitáveis. Por isso, o percentual deve ser analisado junto ao número absoluto de óbitos, permitindo distinguir mudanças na composição das causas de variações decorrentes do pequeno número de registros.";"A série apresenta a variação dos óbitos classificados como causas evitáveis entre as CAPs para crianças de 1 a 4 anos. As contagens são reduzidas em comparação com a faixa de menores de 1 ano e apresentam oscilações entre os anos e territórios. Em 2025, os registros variaram entre as CAPs, sem que pequenas diferenças anuais devam ser interpretadas isoladamente. A série pode ser utilizada para acompanhar a ocorrência do evento ao longo do tempo e relacioná-la à distribuição das demais causas de óbito nessa faixa etária, mantendo a ressalva de que o pequeno número de registros limita comparações mais detalhadas entre CAPs.

O percentual permite analisar a participação das causas evitáveis no conjunto dos óbitos de crianças de 1 a 4 anos em cada CAP. A série apresenta oscilações entre os territórios e os anos, especialmente em uma faixa etária com menor número absoluto de registros. Em alguns anos, determinadas CAPs atingem valores próximos ou iguais a 100%, indicando que os óbitos registrados naquele recorte foram classificados como evitáveis. Por isso, o percentual deve ser analisado junto ao número absoluto de óbitos, permitindo distinguir mudanças na composição das causas de variações decorrentes do pequeno número de registros."
Prioridade;Óbitos por causas evitáveis;Primeira infância, por Área Programática de Saúde (CAP);;Menores de 5 anos;gráfico (pequenos múltiplos);Óbitos por causas evitáveis | Óbitos por ano | Evitáveis, % do total de óbitos | % dos óbitos da faixa etária;obitos_evitaveis_cap_menores_5_anos_ano+percentual_evitaveis_cap_menores_5_anos_ano;OK;;curadoria;"A série permite acompanhar a ocorrência de óbitos por causas evitáveis na primeira infância e observar como esse conjunto se distribui entre as CAPs ao longo do período. Como a faixa de menores de 5 anos reúne os óbitos de menores de 1 ano e de 1 a 4 anos, o indicador oferece uma visão agregada da ocorrência de causas evitáveis nessa etapa da vida. A comparação entre as CAPs pode ser complementada pela análise separada das duas faixas etárias, permitindo verificar em que grupo etário se concentram as diferenças observadas e relacioná-las à composição das demais causas de óbito.

O percentual permite analisar a participação das causas evitáveis no conjunto dos óbitos de menores de 5 anos em cada CAP. Ao longo da série, os valores apresentam oscilações entre os territórios, permitindo observar mudanças na composição dos óbitos ao longo do tempo. Como esse recorte reúne as faixas de menores de 1 ano e de 1 a 4 anos, o indicador oferece uma visão agregada da participação das causas evitáveis na primeira infância. A análise conjunta com o número absoluto de óbitos permite distinguir alterações na proporção de causas evitáveis de variações no volume total de registros.";"A série permite acompanhar a ocorrência de óbitos por causas evitáveis na primeira infância e observar como esse conjunto se distribui entre as CAPs ao longo do período. Como a faixa de menores de 5 anos reúne os óbitos de menores de 1 ano e de 1 a 4 anos, o indicador oferece uma visão agregada da ocorrência de causas evitáveis nessa etapa da vida. A comparação entre as CAPs pode ser complementada pela análise separada das duas faixas etárias, permitindo verificar em que grupo etário se concentram as diferenças observadas e relacioná-las à composição das demais causas de óbito.

O percentual permite analisar a participação das causas evitáveis no conjunto dos óbitos de menores de 5 anos em cada CAP. Ao longo da série, os valores apresentam oscilações entre os territórios, permitindo observar mudanças na composição dos óbitos ao longo do tempo. Como esse recorte reúne as faixas de menores de 1 ano e de 1 a 4 anos, o indicador oferece uma visão agregada da participação das causas evitáveis na primeira infância. A análise conjunta com o número absoluto de óbitos permite distinguir alterações na proporção de causas evitáveis de variações no volume total de registros.";"A série permite acompanhar a ocorrência de óbitos por causas evitáveis na primeira infância e observar como esse conjunto se distribui entre as CAPs ao longo do período. Como a faixa de menores de 5 anos reúne os óbitos de menores de 1 ano e de 1 a 4 anos, o indicador oferece uma visão agregada da ocorrência de causas evitáveis nessa etapa da vida. A comparação entre as CAPs pode ser complementada pela análise separada das duas faixas etárias, permitindo verificar em que grupo etário se concentram as diferenças observadas e relacioná-las à composição das demais causas de óbito.

O percentual permite analisar a participação das causas evitáveis no conjunto dos óbitos de menores de 5 anos em cada CAP. Ao longo da série, os valores apresentam oscilações entre os territórios, permitindo observar mudanças na composição dos óbitos ao longo do tempo. Como esse recorte reúne as faixas de menores de 1 ano e de 1 a 4 anos, o indicador oferece uma visão agregada da participação das causas evitáveis na primeira infância. A análise conjunta com o número absoluto de óbitos permite distinguir alterações na proporção de causas evitáveis de variações no volume total de registros."
Prioridade;Óbitos por causas evitáveis;Primeira infância, por Área Programática de Saúde (CAP);;Gestação (menores de 1 ano);gráfico (pequenos múltiplos);Óbitos por ano;Gestação (menores de 1 ano);PENDENTE;sem texto na curadoria -- site mostra lorem ipsum;lorem ipsum;;;Enim do sunt nunc ex curae sollicitudin quis incididunt consectetur sunt senectus primis occaecat nisi veniam mauris enim turpis irure ea turpis ad elit occaecat voluptate vestibulum enim ad excepteur primis blandit consectetur est fames nunc minim ante nec senectus sed duis enim egestas dolore est luctus deserunt nunc luctus ad enim incididunt magna aute pariatur posuere anim purus labore exercitation fames fugiat pariatur fugiat enim orci metus occaecat voluptate quis nunc aliquet excepteur posuere dolor velit consequat duis ipsum turpis est fugiat est qui netus dolore nulla laboris aliquip sint vestibulum magna aliquip culpa purus faucibus incididunt luctus metus nec cupidatat deserunt minim quis eu est aute posuere fames netus in nulla duis tempor eiusmod metus porttitor incididunt aliquip.
Prioridade;Óbitos por causas evitáveis;Primeira infância, por Área Programática de Saúde (CAP);;Parto (menores de 1 ano);gráfico (pequenos múltiplos);Óbitos por ano;Parto (menores de 1 ano);PENDENTE;sem texto na curadoria -- site mostra lorem ipsum;lorem ipsum;;;Labore adipiscing praesent occaecat velit aliquip esse non nunc incididunt fames laboris enim qui dolor amet sunt velit aute in eget culpa veniam blandit excepteur aute tempor aliquet fugiat primis officia id ante veniam ipsum duis laborum cupidatat pariatur et cillum consequat blandit egestas mollit enim fugiat est do sint do dolore eu eget orci et occaecat labore aliquip proident nostrud ut eu reprehenderit sit mauris nibh ante mollit aliquet nibh sunt in enim officia eget eget metus aliquip non esse enim sunt vestibulum nibh nulla officia laborum ea curae sunt primis mollit adipiscing fugiat cillum proident ullamco eu id nibh ipsum commodo deserunt porttitor tempor duis amet cubilia turpis irure magna fames sunt ex praesent purus tristique tristique cillum tristique amet ipsum duis sint amet culpa purus sit orci ipsum ullamco nulla nec velit consectetur dolore tristique vestibulum quis magna deserunt incididunt cillum fugiat labore proident laborum cupidatat curae tempor primis cubilia tempor.
Prioridade;Óbitos por causas evitáveis;Primeira infância, por Área Programática de Saúde (CAP);;Óbitos por subgrupo;gráfico (pequenos múltiplos);Óbitos por ano;obitos_evitaveis_menores_5_subgrupo_ano;OK;;curadoria;Entre 2006 e 2025, os óbitos de menores de 5 anos apresentaram tendência geral de redução. As demais causas não claramente evitáveis permaneceram entre os principais componentes, chegando a 277 registros em 2025. Entre as causas evitáveis, destacam-se aquelas relacionadas à atenção à mulher na gestação, que atingiram 266 óbitos em 2025. Também houve redução importante nos óbitos relacionados à atenção ao recém-nascido, que passaram de 198 em 2006 para 55 em 2025, enquanto as causas mal definidas recuaram para 22 registros.;Entre 2006 e 2025, os óbitos de menores de 5 anos apresentaram tendência geral de redução. As demais causas não claramente evitáveis permaneceram entre os principais componentes, chegando a 277 registros em 2025. Entre as causas evitáveis, destacam-se aquelas relacionadas à atenção à mulher na gestação, que atingiram 266 óbitos em 2025. Também houve redução importante nos óbitos relacionados à atenção ao recém-nascido, que passaram de 198 em 2006 para 55 em 2025, enquanto as causas mal definidas recuaram para 22 registros.;Entre 2006 e 2025, os óbitos de menores de 5 anos apresentaram tendência geral de redução. As demais causas não claramente evitáveis permaneceram entre os principais componentes, chegando a 277 registros em 2025. Entre as causas evitáveis, destacam-se aquelas relacionadas à atenção à mulher na gestação, que atingiram 266 óbitos em 2025. Também houve redução importante nos óbitos relacionados à atenção ao recém-nascido, que passaram de 198 em 2006 para 55 em 2025, enquanto as causas mal definidas recuaram para 22 registros.
Prioridade;Óbitos por causas evitáveis;Primeira infância, por Área Programática de Saúde (CAP);;Taxa por mil nascidos vivos;gráfico;Óbitos evitáveis de menores de 5 anos por mil nascidos vivos;taxa_mortalidade_evitaveis_menores_5_ano;OK;;curadoria;A taxa relaciona os óbitos por causas evitáveis ao número de nascidos vivos, permitindo acompanhar a ocorrência do indicador ao longo do tempo. Em 2006, foram registrados 1.353 óbitos e taxa de 16,48 por mil nascidos vivos. Em 2025, foram 856 óbitos e 14,58 por mil, enquanto o menor valor da série ocorreu em 2014, com 13,10 por mil. A trajetória apresenta oscilações, inclusive nos anos mais recentes, quando a taxa passou de 14,28 em 2022 para 14,97 em 2023, 14,28 em 2024 e 14,58 em 2025. A série permite acompanhar conjuntamente a ocorrência dos óbitos e sua relação com os nascidos vivos.;A taxa relaciona os óbitos por causas evitáveis ao número de nascidos vivos, permitindo acompanhar a ocorrência do indicador ao longo do tempo. Em 2006, foram registrados 1.353 óbitos e taxa de 16,48 por mil nascidos vivos. Em 2025, foram 856 óbitos e 14,58 por mil, enquanto o menor valor da série ocorreu em 2014, com 13,10 por mil. A trajetória apresenta oscilações, inclusive nos anos mais recentes, quando a taxa passou de 14,28 em 2022 para 14,97 em 2023, 14,28 em 2024 e 14,58 em 2025. A série permite acompanhar conjuntamente a ocorrência dos óbitos e sua relação com os nascidos vivos.;A taxa relaciona os óbitos por causas evitáveis ao número de nascidos vivos, permitindo acompanhar a ocorrência do indicador ao longo do tempo. Em 2006, foram registrados 1.353 óbitos e taxa de 16,48 por mil nascidos vivos. Em 2025, foram 856 óbitos e 14,58 por mil, enquanto o menor valor da série ocorreu em 2014, com 13,10 por mil. A trajetória apresenta oscilações, inclusive nos anos mais recentes, quando a taxa passou de 14,28 em 2022 para 14,97 em 2023, 14,28 em 2024 e 14,58 em 2025. A série permite acompanhar conjuntamente a ocorrência dos óbitos e sua relação com os nascidos vivos.
Prioridade;Óbitos por causas evitáveis;Primeira infância, por Área Programática de Saúde (CAP);;Menores de 1 ano · Óbitos;mapa;Óbitos por causas evitáveis, menores de 1 ano, por CAP (2025);mapa_obitos_evitaveis_menores_1_ano_cap_2025;OK;;curadoria;A distribuição territorial dos óbitos por causas evitáveis permite comparar a quantidade de registros entre as CAPs em 2025. Entre os menores de 1 ano, foram registrados 491 óbitos, sendo 89 na CAP 4.0, 84 na CAP 3.3 e 67 na CAP 5.2. Como são números absolutos, essa distribuição pode ser analisada em conjunto com o total de óbitos e o percentual de causas evitáveis de cada CAP. O cruzamento entre esses indicadores permite distinguir diferenças no volume de registros de diferenças na participação das causas evitáveis.;A distribuição territorial dos óbitos por causas evitáveis permite comparar a quantidade de registros entre as CAPs em 2025. Entre os menores de 1 ano, foram registrados 491 óbitos, sendo 89 na CAP 4.0, 84 na CAP 3.3 e 67 na CAP 5.2. Como são números absolutos, essa distribuição pode ser analisada em conjunto com o total de óbitos e o percentual de causas evitáveis de cada CAP. O cruzamento entre esses indicadores permite distinguir diferenças no volume de registros de diferenças na participação das causas evitáveis.;A distribuição territorial dos óbitos por causas evitáveis permite comparar a quantidade de registros entre as CAPs em 2025. Entre os menores de 1 ano, foram registrados 491 óbitos, sendo 89 na CAP 4.0, 84 na CAP 3.3 e 67 na CAP 5.2. Como são números absolutos, essa distribuição pode ser analisada em conjunto com o total de óbitos e o percentual de causas evitáveis de cada CAP. O cruzamento entre esses indicadores permite distinguir diferenças no volume de registros de diferenças na participação das causas evitáveis.
Prioridade;Óbitos por causas evitáveis;Primeira infância, por Área Programática de Saúde (CAP);;Menores de 1 ano · % evitáveis;mapa;Óbitos por causas evitáveis, menores de 1 ano, % do total de óbitos, por CAP (2025);mapa_percentual_evitaveis_menores_1_ano_cap_2025;OK;;curadoria;O percentual permite observar a participação das causas evitáveis no conjunto dos óbitos de menores de 1 ano em cada CAP, complementando o mapa de números absolutos. A comparação entre os dois indicadores ajuda a distinguir territórios com maior quantidade de óbitos daqueles em que as causas evitáveis representam uma parcela maior do total registrado. Essa leitura também permite identificar situações em que CAPs com volumes diferentes apresentam proporções semelhantes ou distintas. O indicador pode ainda ser relacionado à série histórica por CAP, verificando se as diferenças observadas em 2025 acompanham ou se afastam do comportamento registrado nos anos anteriores.;O percentual permite observar a participação das causas evitáveis no conjunto dos óbitos de menores de 1 ano em cada CAP, complementando o mapa de números absolutos. A comparação entre os dois indicadores ajuda a distinguir territórios com maior quantidade de óbitos daqueles em que as causas evitáveis representam uma parcela maior do total registrado. Essa leitura também permite identificar situações em que CAPs com volumes diferentes apresentam proporções semelhantes ou distintas. O indicador pode ainda ser relacionado à série histórica por CAP, verificando se as diferenças observadas em 2025 acompanham ou se afastam do comportamento registrado nos anos anteriores.;O percentual permite observar a participação das causas evitáveis no conjunto dos óbitos de menores de 1 ano em cada CAP, complementando o mapa de números absolutos. A comparação entre os dois indicadores ajuda a distinguir territórios com maior quantidade de óbitos daqueles em que as causas evitáveis representam uma parcela maior do total registrado. Essa leitura também permite identificar situações em que CAPs com volumes diferentes apresentam proporções semelhantes ou distintas. O indicador pode ainda ser relacionado à série histórica por CAP, verificando se as diferenças observadas em 2025 acompanham ou se afastam do comportamento registrado nos anos anteriores.
Prioridade;Óbitos por causas evitáveis;Primeira infância, por Área Programática de Saúde (CAP);;De 1 a 4 anos · Óbitos;mapa;Óbitos por causas evitáveis, de 1 a 4 anos, por CAP (2025);mapa_obitos_evitaveis_1_a_4_anos_cap_2025;OK;;curadoria;A distribuição territorial permite comparar os registros de óbitos por causas evitáveis entre as CAPs para crianças de 1 a 4 anos em 2025. A CAP 3.3 apresentou 12 óbitos, seguida pelas CAPs 5.3, com 10, e 5.1, com 9. Como essa faixa etária apresenta números absolutos menores, as diferenças entre as CAPs devem ser interpretadas junto ao total de óbitos de cada território. O percentual de causas evitáveis complementa essa leitura, permitindo verificar quanto esses registros representam dentro do conjunto de óbitos de cada CAP.;A distribuição territorial permite comparar os registros de óbitos por causas evitáveis entre as CAPs para crianças de 1 a 4 anos em 2025. A CAP 3.3 apresentou 12 óbitos, seguida pelas CAPs 5.3, com 10, e 5.1, com 9. Como essa faixa etária apresenta números absolutos menores, as diferenças entre as CAPs devem ser interpretadas junto ao total de óbitos de cada território. O percentual de causas evitáveis complementa essa leitura, permitindo verificar quanto esses registros representam dentro do conjunto de óbitos de cada CAP.;A distribuição territorial permite comparar os registros de óbitos por causas evitáveis entre as CAPs para crianças de 1 a 4 anos em 2025. A CAP 3.3 apresentou 12 óbitos, seguida pelas CAPs 5.3, com 10, e 5.1, com 9. Como essa faixa etária apresenta números absolutos menores, as diferenças entre as CAPs devem ser interpretadas junto ao total de óbitos de cada território. O percentual de causas evitáveis complementa essa leitura, permitindo verificar quanto esses registros representam dentro do conjunto de óbitos de cada CAP.
Prioridade;Óbitos por causas evitáveis;Primeira infância, por Área Programática de Saúde (CAP);;De 1 a 4 anos · % evitáveis;mapa;Óbitos por causas evitáveis, de 1 a 4 anos, % do total de óbitos, por CAP (2025);mapa_percentual_evitaveis_1_a_4_anos_cap_2025;OK;;curadoria;O percentual evidencia quanto as causas evitáveis representam do conjunto de óbitos de crianças de 1 a 4 anos em cada CAP, permitindo uma leitura diferente daquela obtida pelos números absolutos. Nesse recorte, em que os registros são menos numerosos, diferenças na proporção podem resultar de pequenas variações na quantidade de óbitos. Por isso, o indicador ganha maior significado quando analisado junto aos números absolutos e ao percentual das demais faixas etárias. A comparação com o mapa de menores de 1 ano também permite verificar se a participação das causas evitáveis apresenta comportamento territorial semelhante ou diferente entre os grupos etários.;O percentual evidencia quanto as causas evitáveis representam do conjunto de óbitos de crianças de 1 a 4 anos em cada CAP, permitindo uma leitura diferente daquela obtida pelos números absolutos. Nesse recorte, em que os registros são menos numerosos, diferenças na proporção podem resultar de pequenas variações na quantidade de óbitos. Por isso, o indicador ganha maior significado quando analisado junto aos números absolutos e ao percentual das demais faixas etárias. A comparação com o mapa de menores de 1 ano também permite verificar se a participação das causas evitáveis apresenta comportamento territorial semelhante ou diferente entre os grupos etários.;O percentual evidencia quanto as causas evitáveis representam do conjunto de óbitos de crianças de 1 a 4 anos em cada CAP, permitindo uma leitura diferente daquela obtida pelos números absolutos. Nesse recorte, em que os registros são menos numerosos, diferenças na proporção podem resultar de pequenas variações na quantidade de óbitos. Por isso, o indicador ganha maior significado quando analisado junto aos números absolutos e ao percentual das demais faixas etárias. A comparação com o mapa de menores de 1 ano também permite verificar se a participação das causas evitáveis apresenta comportamento territorial semelhante ou diferente entre os grupos etários.
Prioridade;Óbitos por causas evitáveis;Primeira infância, por Área Programática de Saúde (CAP);;Menores de 5 anos · Óbitos;mapa;Óbitos por causas evitáveis, menores de 5 anos, por CAP (2025);mapa_obitos_evitaveis_menores_5_anos_cap_2025;OK;;curadoria;"Em 2025, foram registrados 557 óbitos por causas evitáveis entre menores de 5 anos. A maior concentração ocorreu nas CAPs 4.0 e 3.3, com 96 óbitos cada, seguidas pela CAP 5.2, com 74. O cruzamento com as faixas etárias mostra que os óbitos evitáveis de menores de 1 ano respondem pela maior parte dos registros em todas as CAPs. Na CAP 4.0, por exemplo, foram 89 dos 96 óbitos evitáveis; na CAP 3.3, 84 dos 96. Assim, o mapa de menores de 5 anos deve ser lido em conjunto com os recortes etários anteriores, que ajudam a identificar onde está concentrada essa ocorrência.";"Em 2025, foram registrados 557 óbitos por causas evitáveis entre menores de 5 anos. A maior concentração ocorreu nas CAPs 4.0 e 3.3, com 96 óbitos cada, seguidas pela CAP 5.2, com 74. O cruzamento com as faixas etárias mostra que os óbitos evitáveis de menores de 1 ano respondem pela maior parte dos registros em todas as CAPs. Na CAP 4.0, por exemplo, foram 89 dos 96 óbitos evitáveis; na CAP 3.3, 84 dos 96. Assim, o mapa de menores de 5 anos deve ser lido em conjunto com os recortes etários anteriores, que ajudam a identificar onde está concentrada essa ocorrência.";"Em 2025, foram registrados 557 óbitos por causas evitáveis entre menores de 5 anos. A maior concentração ocorreu nas CAPs 4.0 e 3.3, com 96 óbitos cada, seguidas pela CAP 5.2, com 74. O cruzamento com as faixas etárias mostra que os óbitos evitáveis de menores de 1 ano respondem pela maior parte dos registros em todas as CAPs. Na CAP 4.0, por exemplo, foram 89 dos 96 óbitos evitáveis; na CAP 3.3, 84 dos 96. Assim, o mapa de menores de 5 anos deve ser lido em conjunto com os recortes etários anteriores, que ajudam a identificar onde está concentrada essa ocorrência."
Prioridade;Óbitos por causas evitáveis;Primeira infância, por Área Programática de Saúde (CAP);;Menores de 5 anos · % evitáveis;mapa;Óbitos por causas evitáveis, menores de 5 anos, % do total de óbitos, por CAP (2025);mapa_percentual_evitaveis_menores_5_anos_cap_2025;OK;;curadoria;O percentual mostra o peso das causas evitáveis no conjunto dos óbitos de menores de 5 anos em cada CAP. Em 2025, a participação variou de 40,00% na CAP 2.1 a 75,00% na CAP 2.2. A comparação com os números absolutos acrescenta contexto à leitura: a CAP 2.2 teve 15 óbitos evitáveis entre 20 registros, enquanto a CAP 3.3 teve 96 entre 131. Assim, o percentual permite analisar a composição dos óbitos sem confundi-la com o volume de registros, e pode ser relacionado aos recortes de menores de 1 ano e de 1 a 4 anos.;O percentual mostra o peso das causas evitáveis no conjunto dos óbitos de menores de 5 anos em cada CAP. Em 2025, a participação variou de 40,00% na CAP 2.1 a 75,00% na CAP 2.2. A comparação com os números absolutos acrescenta contexto à leitura: a CAP 2.2 teve 15 óbitos evitáveis entre 20 registros, enquanto a CAP 3.3 teve 96 entre 131. Assim, o percentual permite analisar a composição dos óbitos sem confundi-la com o volume de registros, e pode ser relacionado aos recortes de menores de 1 ano e de 1 a 4 anos.;O percentual mostra o peso das causas evitáveis no conjunto dos óbitos de menores de 5 anos em cada CAP. Em 2025, a participação variou de 40,00% na CAP 2.1 a 75,00% na CAP 2.2. A comparação com os números absolutos acrescenta contexto à leitura: a CAP 2.2 teve 15 óbitos evitáveis entre 20 registros, enquanto a CAP 3.3 teve 96 entre 131. Assim, o percentual permite analisar a composição dos óbitos sem confundi-la com o volume de registros, e pode ser relacionado aos recortes de menores de 1 ano e de 1 a 4 anos.
Inclusão;Crianças de 0 a 6 anos por idade, raça/cor e sexo (Censo 2022);;;Por raça;gráfico;Crianças;censo_sidra_populacao_0_6_raca_2022;OK;;curadoria;Os dados do Censo Demográfico 2022 permitem comparar a composição da população de 0 a 6 anos por raça/cor e idade. Entre menores de 1 ano, foram registrados 26.909 crianças brancas, 21.576 pardas e 5.762 pretas. Aos 6 anos, esses números passam para 31.345, 32.416 e 9.863, respectivamente. A comparação entre as idades permite observar mudanças na distribuição dos grupos de raça/cor ao longo da primeira infância. Os dados também possibilitam relacionar essa composição a outros indicadores do relatório que utilizem raça/cor e idade como dimensões de análise.;Os dados do Censo Demográfico 2022 permitem comparar a composição da população de 0 a 6 anos por raça/cor e idade. Entre menores de 1 ano, foram registrados 26.909 crianças brancas, 21.576 pardas e 5.762 pretas. Aos 6 anos, esses números passam para 31.345, 32.416 e 9.863, respectivamente. A comparação entre as idades permite observar mudanças na distribuição dos grupos de raça/cor ao longo da primeira infância. Os dados também possibilitam relacionar essa composição a outros indicadores do relatório que utilizem raça/cor e idade como dimensões de análise.;Os dados do Censo Demográfico 2022 permitem comparar a composição da população de 0 a 6 anos por raça/cor e idade. Entre menores de 1 ano, foram registrados 26.909 crianças brancas, 21.576 pardas e 5.762 pretas. Aos 6 anos, esses números passam para 31.345, 32.416 e 9.863, respectivamente. A comparação entre as idades permite observar mudanças na distribuição dos grupos de raça/cor ao longo da primeira infância. Os dados também possibilitam relacionar essa composição a outros indicadores do relatório que utilizem raça/cor e idade como dimensões de análise.
Inclusão;Crianças de 0 a 6 anos por idade, raça/cor e sexo (Censo 2022);;;Por sexo;gráfico;Crianças;censo_sidra_populacao_0_6_sexo_2022;OK;;curadoria;Os dados do Censo Demográfico 2022 permitem detalhar a população de crianças até 6 anos no município do Rio de Janeiro por idade, raça/cor e sexo. A distribuição por idade possibilita observar a composição desse grupo ao longo dos primeiros anos de vida, enquanto os recortes por raça/cor e sexo ampliam a caracterização demográfica da primeira infância. Os dados são apresentados para o conjunto do município e complementam o recorte territorial de crianças de 0 a 4 anos analisado anteriormente. Essa caracterização é importante para contextualizar os indicadores de saúde, educação, proteção social e demais dimensões analisadas no relatório.;Os dados do Censo Demográfico 2022 permitem detalhar a população de crianças até 6 anos no município do Rio de Janeiro por idade, raça/cor e sexo. A distribuição por idade possibilita observar a composição desse grupo ao longo dos primeiros anos de vida, enquanto os recortes por raça/cor e sexo ampliam a caracterização demográfica da primeira infância. Os dados são apresentados para o conjunto do município e complementam o recorte territorial de crianças de 0 a 4 anos analisado anteriormente. Essa caracterização é importante para contextualizar os indicadores de saúde, educação, proteção social e demais dimensões analisadas no relatório.;Os dados do Censo Demográfico 2022 permitem detalhar a população de crianças até 6 anos no município do Rio de Janeiro por idade, raça/cor e sexo. A distribuição por idade possibilita observar a composição desse grupo ao longo dos primeiros anos de vida, enquanto os recortes por raça/cor e sexo ampliam a caracterização demográfica da primeira infância. Os dados são apresentados para o conjunto do município e complementam o recorte territorial de crianças de 0 a 4 anos analisado anteriormente. Essa caracterização é importante para contextualizar os indicadores de saúde, educação, proteção social e demais dimensões analisadas no relatório.
Inclusão;Taxa de frequência a escola ou creche por idade, raça/cor e sexo (Censo 2022);;;Por raça/cor;gráfico;% das crianças da idade que frequentam escola ou creche;sidra_taxa_frequencia_0_6_raca_2022;OK;;curadoria;A taxa de frequência escolar bruta aumenta conforme a idade, passando de 8,04% entre crianças de 0 ano para 97,01% aos 6 anos. No conjunto de 0 a 6 anos, a taxa foi de 25,32%, com diferenças entre os grupos de raça/cor: 26,81% entre crianças pardas, 24,48% entre pretas e 24,36% entre brancas. A comparação por idade permite analisar como a frequência escolar se modifica ao longo da primeira infância e como esse comportamento varia entre os grupos de raça/cor. Os dados podem ser relacionados ao número absoluto de crianças frequentando escola/creche para complementar a análise.;A taxa de frequência escolar bruta aumenta conforme a idade, passando de 8,04% entre crianças de 0 ano para 97,01% aos 6 anos. No conjunto de 0 a 6 anos, a taxa foi de 25,32%, com diferenças entre os grupos de raça/cor: 26,81% entre crianças pardas, 24,48% entre pretas e 24,36% entre brancas. A comparação por idade permite analisar como a frequência escolar se modifica ao longo da primeira infância e como esse comportamento varia entre os grupos de raça/cor. Os dados podem ser relacionados ao número absoluto de crianças frequentando escola/creche para complementar a análise.;A taxa de frequência escolar bruta aumenta conforme a idade, passando de 8,04% entre crianças de 0 ano para 97,01% aos 6 anos. No conjunto de 0 a 6 anos, a taxa foi de 25,32%, com diferenças entre os grupos de raça/cor: 26,81% entre crianças pardas, 24,48% entre pretas e 24,36% entre brancas. A comparação por idade permite analisar como a frequência escolar se modifica ao longo da primeira infância e como esse comportamento varia entre os grupos de raça/cor. Os dados podem ser relacionados ao número absoluto de crianças frequentando escola/creche para complementar a análise.
Inclusão;Taxa de frequência a escola ou creche por idade, raça/cor e sexo (Censo 2022);;;Por sexo;gráfico;% das crianças da idade que frequentam escola ou creche;sidra_taxa_frequencia_0_6_sexo_2022;OK;;curadoria;A taxa de frequência escolar bruta aumenta conforme a idade, passando de 8,04% aos 0 anos para 97,01% aos 6 anos. No conjunto de 0 a 6 anos, a taxa foi de 26,76% entre os meninos e 24,07% entre as meninas. A diferença entre os sexos varia ao longo das idades: aos 4 anos, a taxa foi de 82,51% entre meninos e 83,35% entre meninas, enquanto aos 6 anos os valores foram praticamente iguais, 97,06% e 96,96%, respectivamente. A comparação por idade e sexo permite analisar como a frequência escolar se modifica ao longo da primeira infância.;A taxa de frequência escolar bruta aumenta conforme a idade, passando de 8,04% aos 0 anos para 97,01% aos 6 anos. No conjunto de 0 a 6 anos, a taxa foi de 26,76% entre os meninos e 24,07% entre as meninas. A diferença entre os sexos varia ao longo das idades: aos 4 anos, a taxa foi de 82,51% entre meninos e 83,35% entre meninas, enquanto aos 6 anos os valores foram praticamente iguais, 97,06% e 96,96%, respectivamente. A comparação por idade e sexo permite analisar como a frequência escolar se modifica ao longo da primeira infância.;A taxa de frequência escolar bruta aumenta conforme a idade, passando de 8,04% aos 0 anos para 97,01% aos 6 anos. No conjunto de 0 a 6 anos, a taxa foi de 26,76% entre os meninos e 24,07% entre as meninas. A diferença entre os sexos varia ao longo das idades: aos 4 anos, a taxa foi de 82,51% entre meninos e 83,35% entre meninas, enquanto aos 6 anos os valores foram praticamente iguais, 97,06% e 96,96%, respectivamente. A comparação por idade e sexo permite analisar como a frequência escolar se modifica ao longo da primeira infância.
Inclusão;Crianças de 0 a 5 anos no CadÚnico em relação à população do município;;;;tabela;;cadunico_razao_populacao_0_a_5_2026;PENDENTE;sem texto na curadoria -- site mostra lorem ipsum;lorem ipsum;;;Laborum quis netus sollicitudin duis curabitur mauris mauris incididunt porttitor culpa aliqua incididunt voluptate aute mollit vestibulum esse curae ipsum egestas blandit nunc luctus duis officia sollicitudin nisi ea nunc aute irure eu cubilia tempor egestas eiusmod reprehenderit consequat faucibus excepteur qui anim aliquip nibh aliqua minim ad do cillum eiusmod ante amet aliquet veniam sed ullamco curae irure est porttitor anim minim reprehenderit nibh aliqua excepteur dolor esse in ea eget irure non esse orci primis in eiusmod reprehenderit eget sit mollit nisi ex commodo eiusmod occaecat curae aliquip posuere nec anim minim netus aliqua porttitor id sunt reprehenderit.
Inclusão;Famílias no CadÚnico com crianças até 6 anos, por sexo;;;;gráfico de barras;Crianças, por sexo | Famílias, por sexo das crianças;cadunico_criancas_por_sexo;PENDENTE;sem texto na curadoria -- site mostra lorem ipsum;lorem ipsum;;;Esse aliquet netus sunt tempor velit commodo velit aliquip egestas exercitation deserunt in aliquet magna dolor quis nibh eiusmod ad proident id dolore vitae eiusmod qui aliquip in lorem duis sunt commodo deserunt tristique senectus vestibulum magna ipsum nulla nunc mauris do tristique do excepteur tristique nibh excepteur eiusmod faucibus nisi aliquet et do netus fames cubilia luctus egestas incididunt dolore adipiscing fugiat cubilia nibh cupidatat amet incididunt ut posuere eget luctus sit non pariatur elit enim consequat tempor eu luctus dolore proident ad sollicitudin dolore non elit vitae id vitae culpa sunt eiusmod non veniam sint do et sunt ante ipsum nibh eiusmod porttitor posuere amet vestibulum netus ut laboris metus officia vestibulum eget ea ut ullamco sunt proident laborum praesent quis laboris minim vitae aliqua ullamco lorem occaecat do dolore ipsum ad sed in praesent eiusmod ea amet deserunt cillum veniam.
Inclusão;Famílias no CadÚnico com crianças até 6 anos, por raça/cor;;;;gráfico de barras;Crianças, por raça/cor | Famílias com ao menos uma criança da raça/cor;cadunico_criancas_por_raca_cor;PENDENTE;sem texto na curadoria -- site mostra lorem ipsum;lorem ipsum;;;Voluptate duis consequat aute quis consectetur pariatur est faucibus excepteur senectus labore irure aliquet ad ex cillum ut deserunt posuere non non vestibulum mauris nec duis exercitation blandit id magna id amet cillum orci do curabitur eiusmod sunt eu primis elit eget sunt posuere commodo dolore egestas incididunt labore turpis est cillum nunc minim fames occaecat nulla cubilia blandit consectetur sint commodo aliquet tristique fames egestas egestas curabitur veniam turpis dolor posuere dolor veniam tempor curae ut veniam metus tempor tempor vestibulum reprehenderit anim duis culpa non sint senectus est curabitur velit fugiat sit aliqua nec senectus veniam orci cubilia faucibus turpis pariatur id veniam nibh sed irure amet sollicitudin eget porttitor eget consectetur orci esse commodo praesent voluptate officia aliquip nostrud elit et pariatur amet mollit tempor ullamco aliqua primis incididunt labore cubilia faucibus eiusmod fames irure netus enim culpa consequat enim excepteur ante eu excepteur sit esse quis tempor ipsum vestibulum consectetur nisi commodo ipsum et laboris metus nulla proident sint commodo purus cubilia velit metus blandit ut nunc non do aliquip nostrud nostrud primis sunt veniam commodo primis purus metus eget vestibulum ante.
Inclusão;Famílias no CadÚnico com crianças até 6 anos, por raça/cor;;;;mapa;% de crianças negras (pretas e pardas) de 0 a 5 anos no CadÚnico, por bairro;mapa_percentual_cadunico_criancas_negras_bairro_2026;PENDENTE;sem texto na curadoria -- site mostra lorem ipsum;lorem ipsum;;;Porttitor metus in culpa quis mollit qui sunt proident exercitation id orci est aliquet aliqua non cupidatat incididunt mauris egestas mollit posuere labore est aute curae mauris egestas dolore fames do consequat laborum qui aliquip tempor primis adipiscing magna primis ipsum incididunt eget enim nostrud ex veniam primis ex voluptate lorem fames voluptate consequat metus id labore nulla laborum minim proident qui proident nunc curabitur porttitor vitae magna metus blandit minim amet do curabitur velit porttitor ante ipsum exercitation in irure metus quis nibh ea lorem eget nibh adipiscing ea id velit nibh mauris ut magna nulla egestas amet luctus curae lorem mollit quis luctus ea culpa sint ipsum faucibus aliquet enim eget aliquet turpis vitae in sed qui tristique proident adipiscing egestas aliqua proident deserunt veniam eu laborum mauris blandit incididunt turpis eiusmod blandit culpa primis ante nunc cupidatat fames eu laborum veniam proident metus nibh id praesent magna sollicitudin ipsum voluptate consequat primis nisi fames adipiscing porttitor proident voluptate laborum ullamco aute ea mauris praesent curabitur minim eget ante et metus primis exercitation laborum sollicitudin primis consequat eu et egestas minim qui mollit curabitur proident enim porttitor senectus.
Inclusão;Famílias no CadÚnico com crianças até 6 anos, por renda e arranjo familiar;;;Por arranjo;gráfico de barras;Famílias, por arranjo familiar;cadunico_familias_por_arranjo;PENDENTE;sem texto na curadoria -- site mostra lorem ipsum;lorem ipsum;;;Nostrud cubilia dolor ea purus senectus laborum curae lorem laborum sint sit amet purus sollicitudin reprehenderit faucibus tristique praesent ex tristique commodo laboris duis egestas purus commodo mollit ut praesent sint posuere blandit consectetur cubilia culpa dolore est qui cupidatat excepteur dolor vitae voluptate nisi exercitation praesent laboris deserunt eget commodo deserunt labore turpis nec id duis quis duis orci ad proident vitae lorem mauris deserunt velit aliqua laboris purus ante purus eget sunt excepteur esse occaecat blandit do eu eu posuere adipiscing sint ea exercitation minim quis quis minim nisi cupidatat aliquip aute pariatur amet sunt ante blandit cillum cillum sollicitudin cillum netus tristique porttitor et tempor ea praesent blandit nec excepteur blandit dolor magna excepteur sint in porttitor culpa sed lorem minim vestibulum egestas excepteur tristique primis laboris dolor orci id minim sint praesent esse vestibulum ex laborum eget duis ut curae vitae proident vestibulum nunc quis amet faucibus ut lorem mauris incididunt mollit porttitor ad eget aute luctus laborum tempor tempor officia aliquip adipiscing exercitation aliqua dolor nulla curabitur nostrud duis id in mauris ea voluptate mollit netus pariatur labore fugiat veniam netus eget sed nunc pariatur occaecat magna irure irure adipiscing dolor purus eu fugiat.
Inclusão;Famílias no CadÚnico com crianças até 6 anos, por renda e arranjo familiar;;;Arranjo × renda;gráfico;% das famílias de cada arranjo, por renda per capita | % das famílias do arranjo;cadunico_familias_arranjo_renda;PENDENTE;sem texto na curadoria -- site mostra lorem ipsum;lorem ipsum;;;Irure ante ad curabitur nec luctus pariatur dolor ipsum porttitor praesent laborum aliquip in minim praesent primis elit aliqua commodo eu officia sunt culpa aliqua exercitation pariatur fugiat mauris curae sint in orci id dolor anim et cubilia laborum nisi adipiscing qui elit lorem tempor mollit aliquip occaecat do egestas egestas purus tempor dolor mauris orci laboris blandit sollicitudin porttitor vestibulum ut tempor esse qui ad nibh sollicitudin vestibulum deserunt nec voluptate nostrud tempor sunt in blandit vestibulum qui amet primis ipsum nisi non culpa occaecat reprehenderit primis sint excepteur lorem curabitur posuere labore faucibus nunc minim curae occaecat purus enim ut velit do nibh irure exercitation eget curabitur nec ad aliquip labore aliqua culpa do tempor esse nisi sunt.
Inclusão;Famílias no CadÚnico com crianças até 6 anos, por renda e arranjo familiar;;;;mapa;Famílias com crianças de 0 a 5 anos no CadÚnico: % com uma só adulta, por bairro;mapa_percentual_cadunico_familias_uma_adulta_bairro_2026;PENDENTE;sem texto na curadoria -- site mostra lorem ipsum;lorem ipsum;;;Consectetur commodo egestas metus do excepteur do enim nec eget esse occaecat proident consequat cupidatat ullamco aute sed blandit officia cubilia minim posuere ea commodo eiusmod sit ante laborum anim ex do deserunt aliquet egestas egestas labore nulla minim lorem purus sit culpa ex sit vitae egestas dolore deserunt cillum non ad exercitation aliquet aliquip irure qui eget sed egestas nibh cubilia eiusmod aliqua aliqua proident proident ut occaecat commodo fugiat laborum ut tristique aliquip anim veniam egestas ullamco proident est in pariatur irure laboris nibh lorem in eiusmod consectetur elit cupidatat cillum pariatur dolor cubilia cillum aliqua commodo ipsum quis reprehenderit exercitation anim cillum labore tempor qui veniam praesent sed eget proident officia nisi voluptate id do consequat aute primis tristique ipsum laboris ut curae metus magna nec nec primis cillum incididunt ullamco magna amet aliqua amet ante ex cupidatat lorem vitae quis enim amet veniam reprehenderit laborum ipsum deserunt enim incididunt deserunt sint fugiat eiusmod velit aliquet excepteur esse magna curabitur aliquip anim senectus consectetur ut aliquip vestibulum ad luctus ipsum deserunt fames minim cubilia esse turpis turpis sit nunc posuere labore orci ad.
Família e Cuidados;Crianças e famílias no CadÚnico, por renda e idade;;;Por faixa de renda;gráfico de barras;Crianças | Famílias;cadunico_criancas_por_faixa_renda+cadunico_familias_por_faixa_renda;OK;;curadoria;A partir do dado de famílias com crianças de 0 a 5 anos no CadÚnico é possível observar uma distribuição altamente assimétrica, tendo um predomínio absoluto de famílias com renda até R$218, um dos critérios de extrema pobreza, isso evidencia que nesse recorte há uma atuação do CadÚnico predominantemente sobre a parcela populacional em situação de extrema vulnerabilidade. No que diz respeito às rendas mais altas a tendência é diminuindo conforme aumenta-se a renda, chegando a patamares estatisticamente irrelevantes.;A partir do dado de famílias com crianças de 0 a 5 anos no CadÚnico é possível observar uma distribuição altamente assimétrica, tendo um predomínio absoluto de famílias com renda até R$218, um dos critérios de extrema pobreza, isso evidencia que nesse recorte há uma atuação do CadÚnico predominantemente sobre a parcela populacional em situação de extrema vulnerabilidade. No que diz respeito às rendas mais altas a tendência é diminuindo conforme aumenta-se a renda, chegando a patamares estatisticamente irrelevantes.;A partir do dado de famílias com crianças de 0 a 5 anos no CadÚnico é possível observar uma distribuição altamente assimétrica, tendo um predomínio absoluto de famílias com renda até R$218, um dos critérios de extrema pobreza, isso evidencia que nesse recorte há uma atuação do CadÚnico predominantemente sobre a parcela populacional em situação de extrema vulnerabilidade. No que diz respeito às rendas mais altas a tendência é diminuindo conforme aumenta-se a renda, chegando a patamares estatisticamente irrelevantes.
Família e Cuidados;Crianças e famílias no CadÚnico, por renda e idade;;;Por idade;gráfico de barras;Crianças | Famílias;cadunico_criancas_por_idade+cadunico_familias_por_idade;OK;;curadoria;"A quantidade de crianças no Cadúnico vai crescendo à medida que a idade vai aumentando. Um total de 11.328 crianças de 0 anos estão no CadÚnico, ao passo que quando se trata de crianças de 5 anos o número salta para 43.187 crianças. É importante frisar que esse dado não pode afirmar que os nascimentos estão diminuindo ou aumentando, haja vista o universo utilizado aqui diz respeito apenas às crianças que estão cadastradas no CadÚnico. Diversos podem ser os motivos para esse movimento: momento de inclusão da família no CadÚnico, atualização cadastral, dentre outros.

No recorte por família com crianças de 0 a 5 anos no CadÚnico, à medida que se avança a idade, aumenta-se a quantidade de família com criança naquela idade que está cadastrada no CadÚnico. Seguindo, notoriamente, o mesmo padrão do gráfico das crianças cadastradas no CadÚnico.";"A quantidade de crianças no Cadúnico vai crescendo à medida que a idade vai aumentando. Um total de 11.328 crianças de 0 anos estão no CadÚnico, ao passo que quando se trata de crianças de 5 anos o número salta para 43.187 crianças. É importante frisar que esse dado não pode afirmar que os nascimentos estão diminuindo ou aumentando, haja vista o universo utilizado aqui diz respeito apenas às crianças que estão cadastradas no CadÚnico. Diversos podem ser os motivos para esse movimento: momento de inclusão da família no CadÚnico, atualização cadastral, dentre outros.

No recorte por família com crianças de 0 a 5 anos no CadÚnico, à medida que se avança a idade, aumenta-se a quantidade de família com criança naquela idade que está cadastrada no CadÚnico. Seguindo, notoriamente, o mesmo padrão do gráfico das crianças cadastradas no CadÚnico.";"A quantidade de crianças no Cadúnico vai crescendo à medida que a idade vai aumentando. Um total de 11.328 crianças de 0 anos estão no CadÚnico, ao passo que quando se trata de crianças de 5 anos o número salta para 43.187 crianças. É importante frisar que esse dado não pode afirmar que os nascimentos estão diminuindo ou aumentando, haja vista o universo utilizado aqui diz respeito apenas às crianças que estão cadastradas no CadÚnico. Diversos podem ser os motivos para esse movimento: momento de inclusão da família no CadÚnico, atualização cadastral, dentre outros.

No recorte por família com crianças de 0 a 5 anos no CadÚnico, à medida que se avança a idade, aumenta-se a quantidade de família com criança naquela idade que está cadastrada no CadÚnico. Seguindo, notoriamente, o mesmo padrão do gráfico das crianças cadastradas no CadÚnico."
Família e Cuidados;Crianças e famílias no CadÚnico, por renda e idade;Crianças no CadÚnico por bairro;;Crianças 0-5;mapa;Crianças (0 a 5 anos) no CadÚnico, por bairro;mapa_cadunico_criancas_bairro_2026;PENDENTE;sem texto na curadoria -- site mostra lorem ipsum;lorem ipsum;;;Ad incididunt netus nisi praesent posuere nunc mauris ex sunt ante sollicitudin reprehenderit metus aliquip labore nec incididunt amet dolor tempor culpa irure irure ipsum do et tristique in consequat non ut blandit deserunt ullamco enim proident primis minim faucibus aliquet enim voluptate ipsum quis blandit ut qui est eget est faucibus proident eget non proident proident consectetur praesent enim vitae pariatur mauris luctus incididunt purus incididunt nostrud consequat aliquet eget eget in nec adipiscing eu pariatur nunc aliqua consectetur quis fugiat nec velit ea curabitur eu aliqua nulla laborum primis deserunt id anim aliquip luctus duis eu quis sed primis tristique occaecat mollit eu praesent turpis praesent nec egestas ullamco tempor adipiscing ante in labore luctus mauris vitae vitae cubilia mauris magna cillum veniam nunc duis pariatur non nulla adipiscing tempor veniam reprehenderit consequat metus cupidatat netus metus netus aliquet ipsum minim ante nisi orci reprehenderit purus fugiat deserunt sed incididunt commodo senectus ullamco ipsum et eget cubilia id duis aliquip elit senectus primis.
Família e Cuidados;Crianças e famílias no CadÚnico, por renda e idade;Crianças no CadÚnico por bairro;;Crianças 0-4;mapa;Crianças (0 a 4 anos) no CadÚnico, por bairro;mapa_cadunico_criancas_0_a_4_bairro_2026;OK;;curadoria;Olhando para a distribuição espacial, pode-se observar que a maior concentração tanto de crianças de 0 a 5 quanto de 0 a 4 anos no CadÚnico está presente nas Zonas Oeste e Norte da cidade. Há alterações absolutas nos intervalos de distribuição quando se olha para os dois mapas, mas o padrão de distribuição geográfica segue praticamente o mesmo. Nos dois mapas, a Zona Oeste apresenta a maior concentração de crianças cadastradas. Já a Zona Sul e parte da extensão litorânea da Barra da Tijuca/Recreio apresentam menores quantitativos. Na Zona Norte e no Centro apresentam-se uma maior fragmentação por terem muitos bairros, favelas e comunidades.;Olhando para a distribuição espacial, pode-se observar que a maior concentração tanto de crianças de 0 a 5 quanto de 0 a 4 anos no CadÚnico está presente nas Zonas Oeste e Norte da cidade. Há alterações absolutas nos intervalos de distribuição quando se olha para os dois mapas, mas o padrão de distribuição geográfica segue praticamente o mesmo. Nos dois mapas, a Zona Oeste apresenta a maior concentração de crianças cadastradas. Já a Zona Sul e parte da extensão litorânea da Barra da Tijuca/Recreio apresentam menores quantitativos. Na Zona Norte e no Centro apresentam-se uma maior fragmentação por terem muitos bairros, favelas e comunidades.;Olhando para a distribuição espacial, pode-se observar que a maior concentração tanto de crianças de 0 a 5 quanto de 0 a 4 anos no CadÚnico está presente nas Zonas Oeste e Norte da cidade. Há alterações absolutas nos intervalos de distribuição quando se olha para os dois mapas, mas o padrão de distribuição geográfica segue praticamente o mesmo. Nos dois mapas, a Zona Oeste apresenta a maior concentração de crianças cadastradas. Já a Zona Sul e parte da extensão litorânea da Barra da Tijuca/Recreio apresentam menores quantitativos. Na Zona Norte e no Centro apresentam-se uma maior fragmentação por terem muitos bairros, favelas e comunidades.
Família e Cuidados;Cobertura vacinal por imunobiológico (EPI);;;;gráfico (pequenos múltiplos);Cobertura vacinal (%);cobertura_vacinal_epi_ano;OK;;curadoria;A evolução da cobertura vacinal na cidade do Rio de Janeiro traz uma trajetória com uma elevada cobertura para grande parte dos imunizantes até 2018, momento que se inicia uma redução entre os anos de 2019 e 2022. A partir de 2023 observa-se recuperação das coberturas, especialmente para pneumocócica 10-valente, poliomielite, meningocócica C, rotavírus e primeira dose da tríplice viral. Entretanto, a recuperação não é homogênea entre os imunizantes, permanecendo níveis baixos em vacinas como DTP de primeiro reforço, hepatite A e segunda dose da tríplice viral, chamando atenção para o cuidado com as doses de reforço.;A evolução da cobertura vacinal na cidade do Rio de Janeiro traz uma trajetória com uma elevada cobertura para grande parte dos imunizantes até 2018, momento que se inicia uma redução entre os anos de 2019 e 2022. A partir de 2023 observa-se recuperação das coberturas, especialmente para pneumocócica 10-valente, poliomielite, meningocócica C, rotavírus e primeira dose da tríplice viral. Entretanto, a recuperação não é homogênea entre os imunizantes, permanecendo níveis baixos em vacinas como DTP de primeiro reforço, hepatite A e segunda dose da tríplice viral, chamando atenção para o cuidado com as doses de reforço.;A evolução da cobertura vacinal na cidade do Rio de Janeiro traz uma trajetória com uma elevada cobertura para grande parte dos imunizantes até 2018, momento que se inicia uma redução entre os anos de 2019 e 2022. A partir de 2023 observa-se recuperação das coberturas, especialmente para pneumocócica 10-valente, poliomielite, meningocócica C, rotavírus e primeira dose da tríplice viral. Entretanto, a recuperação não é homogênea entre os imunizantes, permanecendo níveis baixos em vacinas como DTP de primeiro reforço, hepatite A e segunda dose da tríplice viral, chamando atenção para o cuidado com as doses de reforço.
Família e Cuidados;Frequência a escola ou creche por idade (PNAD Contínua);;;;gráfico de barras;% das crianças da idade que frequentam escola ou creche;pnad_frequencia_escolar_por_idade;OK;;curadoria;A frequência escolar na primeira infância apresenta uma trajetória de crescimento acelerado à medida que a idade da criança vai aumentando. Esse movimento pode ser explicado pela necessidade de retorno dos pais, em especial das mães, ao mercado de trabalho e garantia do direito constitucional ao desenvolvimento para as crianças. A partir dos 4 anos, quando há a obrigatoriedade legal da pré-escola a taxa sobe para cerca de 83%, atingindo 90% aos 5 anos. A despeito do alto percentual, é um ponto de atenção ter uma déficit de 17% e 10% de crianças em idade escolar obrigatória que não a estejam frequentando.;A frequência escolar na primeira infância apresenta uma trajetória de crescimento acelerado à medida que a idade da criança vai aumentando. Esse movimento pode ser explicado pela necessidade de retorno dos pais, em especial das mães, ao mercado de trabalho e garantia do direito constitucional ao desenvolvimento para as crianças. A partir dos 4 anos, quando há a obrigatoriedade legal da pré-escola a taxa sobe para cerca de 83%, atingindo 90% aos 5 anos. A despeito do alto percentual, é um ponto de atenção ter uma déficit de 17% e 10% de crianças em idade escolar obrigatória que não a estejam frequentando.;A frequência escolar na primeira infância apresenta uma trajetória de crescimento acelerado à medida que a idade da criança vai aumentando. Esse movimento pode ser explicado pela necessidade de retorno dos pais, em especial das mães, ao mercado de trabalho e garantia do direito constitucional ao desenvolvimento para as crianças. A partir dos 4 anos, quando há a obrigatoriedade legal da pré-escola a taxa sobe para cerca de 83%, atingindo 90% aos 5 anos. A despeito do alto percentual, é um ponto de atenção ter uma déficit de 17% e 10% de crianças em idade escolar obrigatória que não a estejam frequentando.
Família e Cuidados;Crianças de 0 a 5 anos que frequentam escola/creche (Censo 2022);;;;gráfico de barras;Crianças que frequentam escola ou creche;sidra_frequencia_escola_0_5_total_2022;PENDENTE;sem texto na curadoria -- site mostra lorem ipsum;lorem ipsum;;;Nulla metus officia nostrud nibh faucibus metus quis nulla fames sollicitudin fames nec ad primis porttitor vitae enim lorem nulla cillum curabitur in do veniam adipiscing consequat blandit labore magna eiusmod est sint nulla senectus qui praesent nibh duis porttitor tempor metus eget vestibulum do primis voluptate veniam cubilia luctus vestibulum esse qui purus curabitur blandit ante nunc eget esse nisi irure nulla nunc nec tristique praesent eiusmod duis esse exercitation occaecat curae non eget eget netus ut praesent purus purus duis proident officia esse orci elit orci sint proident praesent labore et turpis ante ea amet praesent dolor eu esse esse qui ex mauris senectus ex aliqua ex metus esse est purus aliquip.
Família e Cuidados;Matrículas de crianças de 0 a 5 anos (Censo Escolar/INEP);;;Total 0 a 5 anos;gráfico;Matrículas de crianças de 0 a 5 anos;matriculas_0_a_5_por_ano;PENDENTE;sem texto na curadoria -- site mostra lorem ipsum;lorem ipsum;;;Purus non metus nibh curae non reprehenderit laboris qui sint exercitation enim vestibulum tristique culpa tristique sint praesent magna in esse nunc ut faucibus exercitation anim purus labore sollicitudin eu occaecat exercitation luctus eget eget consequat porttitor tempor pariatur consectetur fugiat minim purus luctus ad consequat eiusmod nisi sunt et commodo luctus officia nec netus mollit netus occaecat commodo eiusmod aliqua mauris mollit aute nisi purus amet consequat praesent purus curae egestas in ex ut sed magna dolore amet tempor ea excepteur posuere aliqua turpis eget consequat turpis purus ante laboris posuere pariatur purus sint nulla incididunt minim consectetur anim esse laboris non incididunt tristique sed labore netus cillum in nunc et nulla duis sed egestas eu deserunt cupidatat ante vestibulum eu luctus magna sollicitudin ad ante aute deserunt sunt minim consectetur ea reprehenderit ex cubilia fugiat dolore fugiat sint ullamco posuere curabitur.
Família e Cuidados;Matrículas de crianças de 0 a 5 anos (Censo Escolar/INEP);;;Creche e pré-escola;gráfico;Matrículas;matriculas_0_a_5_creche_pre_por_ano;PENDENTE;sem texto na curadoria -- site mostra lorem ipsum;lorem ipsum;;;Reprehenderit curabitur quis anim duis fames sunt excepteur excepteur qui esse occaecat elit metus orci fames voluptate exercitation eget nec laboris laboris eget veniam ea eget pariatur duis blandit sed incididunt dolor et fugiat veniam faucibus posuere fugiat ipsum eiusmod do turpis eget blandit luctus netus sollicitudin enim ea aliquet vitae turpis fames enim in est nibh sunt posuere curabitur et lorem ad ut in laboris id officia anim ipsum non velit et excepteur quis duis qui posuere vitae luctus officia et et veniam ex laborum in ea aliqua enim posuere incididunt praesent labore amet veniam fugiat posuere posuere ex ad adipiscing consectetur dolor amet quis occaecat ipsum.
Família e Cuidados;Matrículas de crianças de 0 a 5 anos (Censo Escolar/INEP);;;Rede pública e privada;gráfico;Matrículas;matriculas_0_a_5_rede_por_ano;PENDENTE;sem texto na curadoria -- site mostra lorem ipsum;lorem ipsum;;;Minim consectetur curae aute reprehenderit metus amet dolore mauris dolore cillum nisi dolor cillum labore fugiat laborum vitae irure ad magna cupidatat curae eget laboris primis metus officia ad eget id est nostrud purus nibh magna curabitur ea incididunt eget ex netus sollicitudin adipiscing incididunt irure tempor sunt faucibus tempor metus officia laboris in ullamco senectus magna irure luctus minim eu faucibus curae posuere excepteur blandit curabitur labore officia nisi egestas sed do ea ullamco commodo amet esse netus laboris primis amet commodo sint sint nunc ex minim nisi minim consequat nostrud dolor exercitation mauris posuere nec nec ullamco consectetur sint laboris metus proident curabitur duis nulla ante anim est aliquip nunc nisi mollit ad cupidatat enim elit orci incididunt qui do elit eget occaecat elit veniam ut voluptate tristique metus mollit netus et nisi aliquet incididunt adipiscing consectetur aliquet ex aliqua eget nostrud excepteur nisi fames sunt ex anim proident ipsum sit incididunt.
Família e Cuidados;Taxa bruta de atendimento escolar de 0 a 5 anos;;;;gráfico;Matrículas por 100 crianças residentes (%);taxa_atendimento_0_a_5_por_ano;PENDENTE;sem texto na curadoria -- site mostra lorem ipsum;lorem ipsum;;;Sollicitudin vestibulum ea sit ut nisi incididunt nulla proident amet blandit consectetur sit metus sint orci duis occaecat tristique excepteur nibh exercitation enim sollicitudin orci nunc commodo curabitur dolor excepteur ea faucibus praesent esse exercitation vestibulum est sed occaecat consectetur velit voluptate ullamco ex occaecat ante faucibus purus occaecat purus adipiscing anim orci egestas ipsum primis orci pariatur sunt amet vestibulum primis voluptate ipsum sunt sint non ut tempor voluptate excepteur orci voluptate aliquip mollit vestibulum laboris consequat labore aliquet mauris fames est deserunt voluptate laborum faucibus posuere sed excepteur sollicitudin qui primis laborum metus dolor primis curae nostrud in in adipiscing culpa officia enim aute amet curabitur senectus mauris labore officia cubilia cupidatat incididunt vitae eget pariatur porttitor duis ante id orci fames excepteur blandit metus dolore esse ante egestas minim aliquip ea voluptate tempor in magna eiusmod sint id laboris vestibulum esse adipiscing curabitur officia laborum nisi.
Proteção;Violência territorial (Data.Rio/IPS, 2024);;;Taxa de homicídios;mapa;Taxa de homicídios por 100 mil habitantes, por Região Administrativa (2024) — população geral, todas as idades;mapa_violencia_territorial_homicidios_ra_2024;PENDENTE;sem texto na curadoria -- site mostra lorem ipsum;lorem ipsum;;;Primis praesent eu exercitation esse laborum laborum exercitation sit veniam consectetur sit ad ipsum vestibulum nulla deserunt tristique vitae non orci sollicitudin non aliqua cubilia nunc luctus in aliquip eiusmod nibh anim fugiat orci ex culpa consequat in reprehenderit primis sint posuere incididunt id purus egestas quis velit egestas reprehenderit lorem non turpis nisi laboris est proident qui veniam fames nulla esse fames sed consectetur minim ante elit deserunt cubilia orci praesent occaecat turpis consectetur laborum cubilia officia dolor culpa non consectetur vestibulum deserunt aute quis dolor aliquip dolore sint id ad blandit est irure cillum mauris dolore nunc esse sed porttitor curabitur aliquip nostrud ipsum laboris senectus porttitor reprehenderit fames pariatur sed praesent ex faucibus eu do est vitae et deserunt mauris id ullamco ante eiusmod metus praesent posuere nisi aliqua luctus cubilia faucibus sit eget porttitor duis minim dolor egestas aliquet ex elit primis ante irure esse turpis duis amet consequat sollicitudin aliquet enim do do ea senectus et.
Proteção;Violência territorial (Data.Rio/IPS, 2024);;;Homicídios por ação policial;mapa;Homicídios por ação policial por 100 mil habitantes, por Região Administrativa (2024) — população geral, todas as idades;mapa_violencia_territorial_homicidios_acao_policial_ra_2024;PENDENTE;sem texto na curadoria -- site mostra lorem ipsum;lorem ipsum;;;Nostrud aliquip tristique est consectetur sit consectetur dolore praesent nisi ut posuere esse elit voluptate exercitation labore cillum elit luctus id occaecat proident labore nulla enim curae et nostrud occaecat elit id amet cillum minim id id cillum vestibulum nunc proident laboris incididunt do adipiscing non aliqua est aliquet nunc deserunt consectetur culpa irure eiusmod sed pariatur aliqua culpa praesent ex in ut turpis quis et senectus aliqua voluptate laborum aliquet mauris excepteur netus netus senectus anim enim amet ad voluptate eu ut elit ipsum curabitur sollicitudin eget voluptate non aliquip esse qui est non laborum et ante laboris exercitation reprehenderit vitae cillum consequat nec fugiat elit et ea nostrud curae culpa blandit cillum voluptate curabitur culpa enim quis sollicitudin curae nec officia ullamco deserunt est amet senectus egestas fames pariatur consequat labore fugiat incididunt qui nostrud incididunt.
Proteção;Violência territorial (Data.Rio/IPS, 2024);;;Homicídios de jovens negros;mapa;Homicídios de jovens negros por 100 mil habitantes, por Região Administrativa (2024) — população geral, todas as idades;mapa_violencia_territorial_homicidios_jovens_negros_ra_2024;PENDENTE;sem texto na curadoria -- site mostra lorem ipsum;lorem ipsum;;;Culpa aliqua adipiscing porttitor senectus primis culpa irure ad posuere mauris faucibus nisi sint irure blandit reprehenderit pariatur ut curabitur commodo exercitation sunt vitae primis in proident ipsum exercitation cupidatat id posuere ullamco ex cupidatat aliqua egestas ex cupidatat qui ipsum mollit eget quis blandit duis eget egestas eu magna cillum tempor incididunt netus nisi ipsum id senectus eget ullamco posuere eget culpa quis laboris sed blandit fames purus nibh incididunt in tempor reprehenderit eget irure fames sunt veniam et sed lorem occaecat incididunt lorem sit fames enim eget dolore reprehenderit turpis laboris laboris vitae nec tempor nulla aute curabitur adipiscing in nec dolore ipsum primis tempor nisi nulla nec anim porttitor netus sint sint primis nunc aute consequat dolore orci dolore irure magna sunt dolore turpis mollit consequat nostrud adipiscing incididunt.
Proteção;Violência familiar (0 a 5 anos, Sinan);;;Mãe, pai e outros;gráfico;Notificações por ano;violencia_familiar_serie_vinculos;PENDENTE;sem texto na curadoria -- site mostra lorem ipsum;lorem ipsum;;;Quis et egestas ea curae in eiusmod turpis nibh nisi curabitur magna laboris eiusmod voluptate deserunt duis metus laborum turpis orci id ullamco elit minim adipiscing aliquet metus ex sunt laboris sollicitudin ipsum sint aliquip orci ante eget minim eget curae eu blandit anim curae ea amet esse proident nisi eu sit voluptate fugiat ex metus netus laboris id porttitor metus nec posuere eget velit adipiscing voluptate labore blandit quis ex fames laboris esse cillum et in mollit primis netus curae aliquip cillum purus ea laboris laborum cillum laboris qui sit senectus sed duis curabitur laborum id ad est cupidatat faucibus aute nec commodo eget sed ipsum ea dolor tristique minim deserunt egestas occaecat fugiat luctus vestibulum velit purus ullamco et ut ex praesent cillum reprehenderit ullamco vestibulum nunc dolore qui blandit posuere excepteur vitae primis ante primis nunc eget nostrud fames occaecat faucibus ea voluptate esse adipiscing.
Proteção;Violência familiar (0 a 5 anos, Sinan);;;"Composição de ""outros""";gráfico;Notificações por ano;violencia_familiar_outros_serie;PENDENTE;sem texto na curadoria -- site mostra lorem ipsum;lorem ipsum;;;Curae deserunt primis ad dolore aute aliquet elit luctus sit aliquet senectus minim sunt sed et laborum amet irure veniam tempor sunt dolore eiusmod sed dolore deserunt posuere est lorem nunc praesent ex anim et nostrud sint proident porttitor officia egestas ullamco sollicitudin excepteur consequat porttitor eu quis proident vestibulum ad duis elit netus primis laboris nec sollicitudin et non consectetur lorem aute dolore fames aute dolore pariatur pariatur quis faucibus pariatur occaecat consectetur adipiscing magna eiusmod metus amet metus metus ex ut eget nec mauris laborum culpa nibh turpis magna minim vitae sunt anim ipsum nunc curae cupidatat ut cillum culpa ex amet ea nisi metus incididunt nibh vitae veniam eiusmod amet laboris nostrud eiusmod netus sint eget sunt ipsum laborum deserunt egestas primis orci faucibus commodo deserunt ad posuere praesent tristique minim posuere sunt consectetur eu reprehenderit enim nibh praesent culpa fugiat est nunc tempor praesent netus quis nec.
Proteção;Violência familiar (0 a 5 anos, Sinan);;;;gráfico;Dez bairros com mais notificações de violência familiar (2025) — mãe e pai lado a lado, sem soma | Notificações em 2025;violencia_familiar_top_bairros_2025;PENDENTE;sem texto na curadoria -- site mostra lorem ipsum;lorem ipsum;;;Aute fames aliquip irure occaecat orci in non primis id ante ullamco laboris excepteur vestibulum luctus turpis sint nisi tempor ad enim magna senectus tempor laborum ante non est luctus luctus ipsum dolore metus exercitation non officia laborum deserunt dolore enim sit sunt egestas veniam minim curae incididunt laborum dolor nunc curae commodo ad eiusmod eget irure amet nec eget laborum magna turpis sed porttitor nec minim laborum ad mauris amet tempor pariatur nulla cupidatat turpis metus sint sed magna luctus luctus curae mauris aliquip quis incididunt reprehenderit sunt cubilia fugiat esse sit nibh sed eiusmod id eu proident aliquet eiusmod eu.
Proteção;Violência familiar (0 a 5 anos, Sinan);;;Mãe (2025);mapa;Notificações de violência familiar por bairro — mãe (2025);mapa_violencia_familiar_mae_bairro_2025;PENDENTE;sem texto na curadoria -- site mostra lorem ipsum;lorem ipsum;;;Exercitation ipsum nibh duis irure adipiscing sint anim ex sunt adipiscing nisi occaecat enim adipiscing voluptate egestas adipiscing ad eu cubilia reprehenderit proident laborum minim aliquip consequat amet vitae esse cillum excepteur ante purus blandit elit culpa adipiscing praesent turpis aliquet curae nostrud sunt faucibus adipiscing et porttitor vitae quis aliquip officia non sint egestas in aliqua primis senectus dolore ea eu reprehenderit incididunt primis deserunt fames cillum incididunt quis anim ea tempor fugiat vitae qui ante commodo mauris nisi non nibh ut vitae id consectetur enim consectetur sunt turpis esse aliqua orci ante exercitation curabitur turpis cubilia ullamco deserunt tristique reprehenderit eu orci nibh nisi tristique adipiscing orci esse pariatur curabitur fugiat netus laboris magna esse aliquip sed qui veniam fugiat ad fames sit ut do curae pariatur anim anim nec irure in excepteur senectus cupidatat porttitor egestas exercitation ex id mauris officia eu velit.
Proteção;Violência familiar (0 a 5 anos, Sinan);;;Pai (2025);mapa;Notificações de violência familiar por bairro — pai (2025);mapa_violencia_familiar_pai_bairro_2025;PENDENTE;sem texto na curadoria -- site mostra lorem ipsum;lorem ipsum;;;In veniam faucibus vitae esse quis fames reprehenderit occaecat do posuere dolor primis ullamco id reprehenderit vitae laboris velit nostrud et culpa proident purus curae labore enim officia minim irure tristique dolore fames aute praesent magna mauris nunc nunc turpis posuere ante sit egestas vestibulum nibh faucibus anim elit esse proident aliquet amet nunc ullamco fames veniam purus anim eget purus est excepteur fames duis enim egestas quis do deserunt officia voluptate nibh dolore aliquip lorem metus porttitor labore mollit do elit aliquip adipiscing ullamco cillum posuere eget ad aliqua sint excepteur orci nisi tristique elit aliquip faucibus cupidatat incididunt fugiat cillum labore deserunt sed eu eiusmod tempor anim voluptate nostrud senectus adipiscing reprehenderit aliquip incididunt ex mauris sollicitudin dolor proident commodo aliquip qui non blandit tristique luctus ipsum sunt commodo excepteur adipiscing duis mollit ad vestibulum sint proident quis culpa sunt faucibus culpa primis eiusmod et nostrud officia aliquip.
Proteção;Violência familiar (0 a 5 anos, Sinan);;;Outros (2021-2025);mapa;Notificações de violência familiar por bairro — outros vínculos (2021-2025, acumulado);mapa_violencia_familiar_outros_bairro_2021_2025;PENDENTE;sem texto na curadoria -- site mostra lorem ipsum;lorem ipsum;;;Sollicitudin sollicitudin exercitation ea praesent magna pariatur enim commodo ipsum magna deserunt sollicitudin quis voluptate ipsum nostrud turpis laboris cubilia nunc nulla officia ullamco sint excepteur consequat incididunt officia laborum sint eiusmod ante netus id sollicitudin fames et fugiat ipsum est sed lorem curabitur vitae vestibulum excepteur nec sed sed faucibus dolore do aliqua ex id cupidatat irure eu exercitation ante vitae laborum commodo aute ad turpis dolor amet incididunt amet velit dolore enim nunc lorem sollicitudin purus labore eiusmod laborum faucibus excepteur reprehenderit labore mollit purus et cillum eiusmod eiusmod curabitur nec quis curae veniam consectetur nulla aliquet irure consequat eget nisi.
Proteção;Violência familiar (0 a 5 anos, Sinan);;;;tabela;;violencia_familiar_por_cap;PENDENTE;sem texto na curadoria -- site mostra lorem ipsum;lorem ipsum;;;Nunc excepteur proident faucibus dolor aute excepteur do aute vitae praesent ipsum netus nostrud veniam turpis commodo senectus fugiat egestas vitae est fugiat nibh eu purus adipiscing sollicitudin proident dolor turpis occaecat non ipsum curabitur luctus et egestas vestibulum praesent adipiscing aliquet posuere tristique amet amet egestas do eget magna veniam ex blandit faucibus laborum sint eu eget ante eget non porttitor qui laboris nulla primis labore vestibulum purus fames ex nulla voluptate id nunc sed laboris est posuere consequat nunc orci eiusmod culpa posuere anim luctus qui aliquet faucibus ex faucibus qui purus purus ut vestibulum cubilia dolor anim eget esse excepteur reprehenderit laborum ante nunc ullamco duis qui reprehenderit in occaecat irure sunt primis ante cillum do lorem vestibulum duis ipsum do.
Proteção;Notificações de violência interpessoal/autoprovocada (0 a 5 anos, Sinan);;;;gráfico de barras;Lesão autoprovocada notificada, 0 a 5 anos | Notificações no período;notif_autoprovocada_antes_2026_vs_2026;PENDENTE;sem texto na curadoria -- site mostra lorem ipsum;lorem ipsum;;;Labore eu consectetur ante ex fugiat adipiscing ad aliquip tempor et ex porttitor dolor purus mauris proident non nunc praesent faucibus nostrud enim quis cupidatat nulla velit sit deserunt sint vestibulum aliquip reprehenderit egestas cubilia excepteur irure culpa curabitur incididunt vestibulum sollicitudin senectus magna consectetur qui netus aute primis nulla netus consectetur nibh culpa dolor elit deserunt ea ad mollit eu sit ante nulla lorem duis curabitur senectus adipiscing veniam voluptate mollit eget netus nisi et primis labore dolore laboris quis eget ullamco pariatur blandit cupidatat laboris porttitor porttitor consequat eget veniam blandit egestas esse occaecat purus curabitur quis laboris in enim ea aute do elit purus voluptate ante cubilia posuere ipsum non incididunt anim cupidatat reprehenderit ad ut magna officia.
Proteção;Notificações de violência interpessoal/autoprovocada (0 a 5 anos, Sinan);;;;mapa;Lesão autoprovocada notificada por bairro (2026, ano parcial);mapa_notif_autoprovocada_bairro_2026;PENDENTE;sem texto na curadoria -- site mostra lorem ipsum;lorem ipsum;;;Posuere nunc tempor elit turpis sollicitudin occaecat excepteur irure occaecat ex occaecat non laboris in elit adipiscing id deserunt ex esse cubilia ullamco sint luctus veniam voluptate purus laboris egestas turpis laborum nisi officia fames veniam metus officia eu fugiat culpa anim minim sollicitudin sed nostrud nibh consequat amet eget sollicitudin sint magna sollicitudin lorem ea nisi posuere blandit vestibulum sint nulla ea minim vestibulum labore metus ante nec cubilia senectus tristique metus id voluptate aliquip consequat nunc incididunt aliqua nibh eu irure vestibulum cubilia orci netus consequat cillum nisi esse velit minim ut qui metus enim aliquip porttitor nunc vitae faucibus magna senectus cillum ad aliquip lorem curabitur elit exercitation nunc sunt purus aute nibh praesent culpa in sollicitudin anim purus curabitur magna ante minim senectus ea adipiscing labore luctus turpis eiusmod id primis veniam ex minim fames magna ante tempor deserunt cupidatat aliqua do primis nisi reprehenderit cubilia.
Proteção;Taxa de notificações de violência familiar (por mil crianças);;;;gráfico;Notificações por mil crianças de 0 a 5 anos;violencia_familiar_taxa_municipio_ano;PENDENTE;sem texto na curadoria -- site mostra lorem ipsum;lorem ipsum;;;Magna elit ea laboris commodo incididunt incididunt cubilia senectus culpa amet ea laborum porttitor incididunt do blandit nec commodo occaecat sed ad incididunt tristique veniam commodo nunc vitae dolor posuere metus ut sollicitudin fugiat magna nunc faucibus laborum nunc nibh praesent ante sed vitae sint metus qui posuere in ea eget adipiscing est consequat orci ad curae eiusmod luctus turpis voluptate reprehenderit qui excepteur reprehenderit orci pariatur egestas aliqua primis ex voluptate vestibulum mauris laboris nunc exercitation ut duis turpis irure lorem non mollit nisi aliqua lorem laborum netus quis qui egestas deserunt commodo netus esse turpis aliquip amet sollicitudin dolore eiusmod nisi velit exercitation fugiat nulla anim et labore faucibus et metus do proident reprehenderit velit nisi dolor netus fugiat eu anim et cillum commodo faucibus fugiat senectus mollit do primis eu quis irure posuere praesent eget consectetur incididunt primis posuere faucibus faucibus magna nulla amet lorem commodo nostrud consectetur pariatur.
Proteção;Taxa de notificações de violência familiar (por mil crianças);;;Mãe (2025);mapa;Notificações de violência familiar (mãe) por mil crianças de 0 a 4 anos, por Região Administrativa (2025);mapa_violencia_familiar_mae_taxa_ra_2025;PENDENTE;sem texto na curadoria -- site mostra lorem ipsum;lorem ipsum;;;Turpis metus aute duis nibh porttitor excepteur aliquip sed irure do officia sit incididunt ex consequat qui anim aliquip sit labore ea lorem deserunt consectetur eu tempor qui ut amet luctus voluptate occaecat occaecat senectus eu tempor posuere commodo eu sint luctus dolore dolore eget turpis veniam senectus tristique porttitor netus eiusmod ex senectus aliquet primis turpis nec magna exercitation nisi enim ipsum eu magna eu adipiscing curabitur sed eiusmod proident proident aute adipiscing aute reprehenderit aliquet ut velit deserunt elit irure labore duis deserunt magna officia tristique ad occaecat dolor vestibulum mollit excepteur velit sollicitudin do nec velit vitae vestibulum irure sed curae quis luctus qui dolor anim sollicitudin luctus cillum veniam amet id sunt eu ea dolore aute vitae commodo dolor ut ea curae lorem sit fames eget reprehenderit lorem tristique nunc ea eu laboris occaecat incididunt metus nulla nibh elit nibh qui minim amet occaecat egestas et ullamco culpa ad turpis sit duis pariatur curae mollit sunt dolore nibh dolore quis nec sint irure dolor et ea curae.
Proteção;Taxa de notificações de violência familiar (por mil crianças);;;Pai (2025);mapa;Notificações de violência familiar (pai) por mil crianças de 0 a 4 anos, por Região Administrativa (2025);mapa_violencia_familiar_pai_taxa_ra_2025;PENDENTE;sem texto na curadoria -- site mostra lorem ipsum;lorem ipsum;;;Adipiscing nunc voluptate fames faucibus netus elit nulla culpa netus fugiat eu nec cupidatat metus luctus culpa aliquip eget laborum nostrud sit curae eiusmod ea duis faucibus mauris egestas voluptate non ad sollicitudin est cupidatat tristique primis posuere ante cillum in ex officia sed ipsum anim luctus lorem orci aliquet sunt sint officia senectus exercitation non enim elit vestibulum laboris aute dolore nostrud mauris culpa incididunt eget est nibh vitae excepteur sit ante fugiat cubilia sit voluptate fugiat incididunt veniam dolore id cubilia aliquet fames culpa primis non blandit ipsum magna nulla vestibulum primis posuere do quis vitae sed sunt laboris sed praesent eiusmod ipsum ut cupidatat egestas eu nec elit in labore turpis posuere faucibus laborum commodo ea quis sit nunc et mauris primis do tristique metus porttitor officia dolore.
Proteção;Taxa de notificações de violência familiar (por mil crianças);;;Outros vínculos (2021-2025);mapa;Notificações de violência familiar (outros vínculos) por mil crianças de 0 a 4 anos, por Região Administrativa (2021-2025);mapa_violencia_familiar_outros_taxa_ra_2021_2025;PENDENTE;sem texto na curadoria -- site mostra lorem ipsum;lorem ipsum;;;Mollit qui consequat eiusmod turpis porttitor quis orci amet ad excepteur commodo praesent vestibulum cupidatat ex sunt tristique ea vitae primis deserunt enim cillum porttitor egestas fames fugiat reprehenderit et senectus duis elit egestas cubilia aliqua elit id consectetur reprehenderit vitae tempor egestas anim occaecat ea adipiscing non tristique posuere senectus nibh et mollit eiusmod mauris do anim luctus id eget aliqua duis primis aliquet esse metus adipiscing eget cupidatat fugiat voluptate nisi sint do egestas sit proident enim lorem cubilia et tristique ut sint ut sollicitudin adipiscing eu dolor consectetur dolor posuere irure labore curae fames nibh nunc ullamco ipsum tempor et culpa labore nec excepteur curae purus qui adipiscing praesent mauris fames fugiat metus esse netus veniam nisi nostrud pariatur et egestas exercitation consequat orci adipiscing curabitur aute ut laborum laborum ex aliqua consectetur mauris incididunt eget posuere incididunt nunc deserunt dolore nulla.
Proteção;Taxa de notificações de violência familiar (por mil crianças);;;;gráfico;"Dez maiores taxas de notificação por mil crianças de 0 a 4 anos (2025; população: Censo 2022) | Notificações por mil crianças de 0 a 4 anos";violencia_familiar_taxa_top_bairros_2025;PENDENTE;sem texto na curadoria -- site mostra lorem ipsum;lorem ipsum;;;Tristique porttitor netus laborum eget voluptate non qui occaecat ea consequat sit elit irure metus sed fugiat id nibh ullamco exercitation aliqua nisi ut exercitation exercitation enim irure nec lorem dolor do qui tempor non cubilia duis ipsum cubilia do cubilia et ad esse reprehenderit eiusmod elit faucibus vitae id minim fugiat consequat tempor nunc blandit mauris occaecat purus curabitur orci commodo esse qui sollicitudin faucibus est et primis quis amet orci ante proident ullamco eiusmod esse ullamco ut porttitor non netus nisi do in in eget laboris labore esse consectetur aliquip exercitation purus eu consectetur ea elit orci magna praesent aliquip non ante culpa aliquet eget egestas vestibulum exercitation eu id dolor aliqua voluptate netus enim cillum proident dolor labore porttitor veniam do minim sed non qui officia consequat ex aliquip metus faucibus sit lorem enim lorem nulla aute reprehenderit amet aliquet amet sunt vitae mauris dolore fugiat purus excepteur curae sunt est velit.
Alimentação;Baixo peso ao nascer;;;;gráfico;% dos nascidos vivos com menos de 2.500 g;nascidos_abaixo_peso_percentual_por_ano;OK;;curadoria;Entre 2006 e 2025, o percentual de nascidos com baixo peso apresentou oscilações moderadas. Após permanecer próximo de 10% até 2010, o indicador caiu e atingiu seu menor valor em 2017, com 9,15%. A partir de 2018, observa-se uma tendência de crescimento, chegando ao pico de 10,63% em 2023. Nos anos seguintes houve pequena redução, com o percentual chegando a 10,26% em 2025.;Entre 2006 e 2025, o percentual de nascidos com baixo peso apresentou oscilações moderadas. Após permanecer próximo de 10% até 2010, o indicador caiu e atingiu seu menor valor em 2017, com 9,15%. A partir de 2018, observa-se uma tendência de crescimento, chegando ao pico de 10,63% em 2023. Nos anos seguintes houve pequena redução, com o percentual chegando a 10,26% em 2025.;Entre 2006 e 2025, o percentual de nascidos com baixo peso apresentou oscilações moderadas. Após permanecer próximo de 10% até 2010, o indicador caiu e atingiu seu menor valor em 2017, com 9,15%. A partir de 2018, observa-se uma tendência de crescimento, chegando ao pico de 10,63% em 2023. Nos anos seguintes houve pequena redução, com o percentual chegando a 10,26% em 2025.
Alimentação;Baixo peso ao nascer por bairro;;;Baixo peso · Absoluto;mapa;Nascidos vivos com baixo peso por bairro (2025);mapa_nascidos_baixo_peso_bairro_2025;OK;;curadoria;A distribuição espacial dos nascidos com baixo peso em 2025 mostra maior concentração em bairros das Zona Oeste e Norte, com destaque para Campo Grande, Santa Cruz, Bangu, Jacarepaguá e Guaratiba. Em contraste, grande parte dos bairros apresenta até 30 registros. Como o mapa utiliza números absolutos, os maiores valores não indicam necessariamente maior incidência, sendo importante compará-los ao total de nascimentos de cada bairro.;A distribuição espacial dos nascidos com baixo peso em 2025 mostra maior concentração em bairros das Zona Oeste e Norte, com destaque para Campo Grande, Santa Cruz, Bangu, Jacarepaguá e Guaratiba. Em contraste, grande parte dos bairros apresenta até 30 registros. Como o mapa utiliza números absolutos, os maiores valores não indicam necessariamente maior incidência, sendo importante compará-los ao total de nascimentos de cada bairro.;A distribuição espacial dos nascidos com baixo peso em 2025 mostra maior concentração em bairros das Zona Oeste e Norte, com destaque para Campo Grande, Santa Cruz, Bangu, Jacarepaguá e Guaratiba. Em contraste, grande parte dos bairros apresenta até 30 registros. Como o mapa utiliza números absolutos, os maiores valores não indicam necessariamente maior incidência, sendo importante compará-los ao total de nascimentos de cada bairro.
Alimentação;Baixo peso ao nascer por bairro;;;Baixo peso · %;mapa;Nascidos vivos com baixo peso, % dos nascidos no bairro (2025);mapa_percentual_baixo_peso_bairro_2025;OK;;curadoria;Em 2025, a maior parte dos bairros do Rio de Janeiro apresentou percentuais de nascidos com baixo peso entre 7,4% e 29,4%. Alguns bairros apresentam percentuais mais elevados, chegando a valores acima de 20%. Diferentemente dos números absolutos, o mapa percentual permite comparar melhor os bairros, pois considera a quantidade de nascidos com baixo peso em relação ao total de nascimentos. Valores extremos devem ser analisados com cautela, especialmente em bairros com poucos nascimentos.;Em 2025, a maior parte dos bairros do Rio de Janeiro apresentou percentuais de nascidos com baixo peso entre 7,4% e 29,4%. Alguns bairros apresentam percentuais mais elevados, chegando a valores acima de 20%. Diferentemente dos números absolutos, o mapa percentual permite comparar melhor os bairros, pois considera a quantidade de nascidos com baixo peso em relação ao total de nascimentos. Valores extremos devem ser analisados com cautela, especialmente em bairros com poucos nascimentos.;Em 2025, a maior parte dos bairros do Rio de Janeiro apresentou percentuais de nascidos com baixo peso entre 7,4% e 29,4%. Alguns bairros apresentam percentuais mais elevados, chegando a valores acima de 20%. Diferentemente dos números absolutos, o mapa percentual permite comparar melhor os bairros, pois considera a quantidade de nascidos com baixo peso em relação ao total de nascimentos. Valores extremos devem ser analisados com cautela, especialmente em bairros com poucos nascimentos.
Alimentação;Estado nutricional das crianças acompanhadas (SISVAN);;;Baixo peso;gráfico;% das crianças acompanhadas com peso baixo ou muito baixo para a idade;sisvan_desnutricao_percentual_por_ano;OK;;curadoria;Ao longo da série, o percentual de crianças com baixo peso para a idade (desnutrição) apresentou oscilações, permanecendo na maior parte dos anos entre 3% e 7%. O principal destaque ocorreu em 2018, quando o indicador atingiu 15,5%, valor muito acima dos outros anos. Após esse pico, o percentual retorna a níveis mais próximos do padrão da série, chegando a 7,5% em 2025. O valor de 2018 se destaca como um ponto fora do comportamento geral e merece atenção ao ser analisado.;Ao longo da série, o percentual de crianças com baixo peso para a idade (desnutrição) apresentou oscilações, permanecendo na maior parte dos anos entre 3% e 7%. O principal destaque ocorreu em 2018, quando o indicador atingiu 15,5%, valor muito acima dos outros anos. Após esse pico, o percentual retorna a níveis mais próximos do padrão da série, chegando a 7,5% em 2025. O valor de 2018 se destaca como um ponto fora do comportamento geral e merece atenção ao ser analisado.;Ao longo da série, o percentual de crianças com baixo peso para a idade (desnutrição) apresentou oscilações, permanecendo na maior parte dos anos entre 3% e 7%. O principal destaque ocorreu em 2018, quando o indicador atingiu 15,5%, valor muito acima dos outros anos. Após esse pico, o percentual retorna a níveis mais próximos do padrão da série, chegando a 7,5% em 2025. O valor de 2018 se destaca como um ponto fora do comportamento geral e merece atenção ao ser analisado.
Alimentação;Estado nutricional das crianças acompanhadas (SISVAN);;;Sobrepeso;gráfico;% das crianças acompanhadas com sobrepeso ou obesidade;sisvan_sobrepeso_percentual_por_ano;OK;;curadoria;O percentual de crianças com sobrepeso apresentou oscilações ao longo da série. O indicador cresce até atingir seu maior valor em 2013, com 21,48%, e depois passa a apresentar redução, chegando a 12,30% em 2021. A partir de 2022, observa-se nova elevação, alcançando 16,89% em 2025.;O percentual de crianças com sobrepeso apresentou oscilações ao longo da série. O indicador cresce até atingir seu maior valor em 2013, com 21,48%, e depois passa a apresentar redução, chegando a 12,30% em 2021. A partir de 2022, observa-se nova elevação, alcançando 16,89% em 2025.;O percentual de crianças com sobrepeso apresentou oscilações ao longo da série. O indicador cresce até atingir seu maior valor em 2013, com 21,48%, e depois passa a apresentar redução, chegando a 12,30% em 2021. A partir de 2022, observa-se nova elevação, alcançando 16,89% em 2025.
Alimentação;Estado nutricional das crianças acompanhadas (SISVAN);;;Obesidade;gráfico;% das crianças acompanhadas com obesidade;sisvan_obesidade_percentual_por_ano;OK;;curadoria;O percentual de crianças com obesidade, semelhante ao com sobrepeso, também apresentou oscilações ao longo da série. Após crescimento entre 2008 e 2013, o indicador atingiu seu maior valor em 2013, com 11,36%. Nos anos seguintes houve tendência de redução, chegando a 5,36% em 2020. A partir de 2022, os valores permaneceram relativamente estáveis, com leve aumento recente, alcançando 7,34% em 2025. O valor de 2009, de 0,07%, aparece muito abaixo do restante da série e deve ser interpretado com cautela.;O percentual de crianças com obesidade, semelhante ao com sobrepeso, também apresentou oscilações ao longo da série. Após crescimento entre 2008 e 2013, o indicador atingiu seu maior valor em 2013, com 11,36%. Nos anos seguintes houve tendência de redução, chegando a 5,36% em 2020. A partir de 2022, os valores permaneceram relativamente estáveis, com leve aumento recente, alcançando 7,34% em 2025. O valor de 2009, de 0,07%, aparece muito abaixo do restante da série e deve ser interpretado com cautela.;O percentual de crianças com obesidade, semelhante ao com sobrepeso, também apresentou oscilações ao longo da série. Após crescimento entre 2008 e 2013, o indicador atingiu seu maior valor em 2013, com 11,36%. Nos anos seguintes houve tendência de redução, chegando a 5,36% em 2020. A partir de 2022, os valores permaneceram relativamente estáveis, com leve aumento recente, alcançando 7,34% em 2025. O valor de 2009, de 0,07%, aparece muito abaixo do restante da série e deve ser interpretado com cautela.
;;;;;;;cobertura_vacinal_epi_comparativo_anos;NÃO PUBLICADO;figura excluída do site (specs/exclusoes.md, E7);;A cobertura vacinal no município do Rio de Janeiro quando analisada comparando-se os anos apresenta uma trajetória marcada por um patamar relativamente elevado e heterogêneo no início da série, uma redução generalizada que atinge seu ponto mais baixo em 2022e  e uma recuperação observada a partir de 2023, ficando mais evidente em 2025. Entretanto, a recuperação não é uniforme entre os imunobiológicos, permanecendo baixas em coberturas de algumas doses de reforço/esquema vacinal.;A cobertura vacinal no município do Rio de Janeiro quando analisada comparando-se os anos apresenta uma trajetória marcada por um patamar relativamente elevado e heterogêneo no início da série, uma redução generalizada que atinge seu ponto mais baixo em 2022e  e uma recuperação observada a partir de 2023, ficando mais evidente em 2025. Entretanto, a recuperação não é uniforme entre os imunobiológicos, permanecendo baixas em coberturas de algumas doses de reforço/esquema vacinal.;
;;;;;;;mapa_obitos_gravidez_bairro_2025;NÃO PUBLICADO;mapa excluído (specs/exclusoes.md, E4: 0 a 3 óbitos por bairro);;A distribuição territorial dos óbitos durante a gravidez permite identificar os bairros com registros do evento em 2025. Foram registrados 14 óbitos em 12 bairros, com dois registros em Vigário Geral e Rocinha. O total do mapa é menor que o da série municipal (15 óbitos em 2025) porque 1 registro não tem bairro de residência informado. Como são números absolutos e contagens pequenas, o mapa pode ser utilizado como referência territorial e relacionado a outros indicadores, como nascidos vivos, população e características demográficas, para ampliar a análise da mortalidade materna.;A distribuição territorial dos óbitos durante a gravidez permite identificar os bairros com registros do evento em 2025. Foram registrados 14 óbitos em 12 bairros, com dois registros em Vigário Geral e Rocinha. O total do mapa é menor que o da série municipal (15 óbitos em 2025) porque 1 registro não tem bairro de residência informado. Como são números absolutos e contagens pequenas, o mapa pode ser utilizado como referência territorial e relacionado a outros indicadores, como nascidos vivos, população e características demográficas, para ampliar a análise da mortalidade materna.;
;;;;;;;mapa_obitos_puerperio_bairro_2025;NÃO PUBLICADO;mapa excluído (specs/exclusoes.md, E4: 0 a 3 óbitos por bairro);;A distribuição territorial dos óbitos durante o puerpério permite identificar os bairros com registros do evento em 2025. Foram registrados 31 óbitos distribuídos em 24 bairros, com maior número em Senador Camará, que apresentou 3 registros. Jacarepaguá, Bangu, Pavuna, Guaratiba e Complexo do Alemão registraram 2 óbitos cada, enquanto os demais bairros com ocorrência apresentaram 1 registro. O total do mapa é menor que o da série municipal (35 óbitos em 2025) porque 4 registros não têm bairro de residência informado. Como são números absolutos, o mapa pode ser relacionado a outros indicadores, como nascidos vivos e características demográficas, para ampliar a análise territorial da mortalidade materna.;A distribuição territorial dos óbitos durante o puerpério permite identificar os bairros com registros do evento em 2025. Foram registrados 31 óbitos distribuídos em 24 bairros, com maior número em Senador Camará, que apresentou 3 registros. Jacarepaguá, Bangu, Pavuna, Guaratiba e Complexo do Alemão registraram 2 óbitos cada, enquanto os demais bairros com ocorrência apresentaram 1 registro. O total do mapa é menor que o da série municipal (35 óbitos em 2025) porque 4 registros não têm bairro de residência informado. Como são números absolutos, o mapa pode ser relacionado a outros indicadores, como nascidos vivos e características demográficas, para ampliar a análise territorial da mortalidade materna.;
;;;;;;;obitos_causas_evitaveis_raca_ano;NÃO PUBLICADO;"gráficos de causas evitáveis por raça/cor removidos em 2026-09-25 (specs/2026-09-25_relatorio_latex D6; estrutura_eixos: pendente)";;A série permite acompanhar a distribuição dos óbitos por causas evitáveis segundo raça/cor ao longo do período. Os registros apresentam diferentes trajetórias entre os grupos, com redução dos óbitos entre crianças classificadas como brancas em relação aos primeiros anos da série e valores mais elevados entre crianças pardas nos anos mais recentes. Em 2025, foram registrados 374 óbitos entre pardas, 251 entre brancas e 53 entre pretas. A categoria “Não informada” chegou a 44 registros no mesmo ano. A comparação entre os grupos permite analisar mudanças na composição dos óbitos e sua trajetória ao longo do tempo.;A série permite acompanhar a distribuição dos óbitos por causas evitáveis segundo raça/cor ao longo do período. Os registros apresentam diferentes trajetórias entre os grupos, com redução dos óbitos entre crianças classificadas como brancas em relação aos primeiros anos da série e valores mais elevados entre crianças pardas nos anos mais recentes. Em 2025, foram registrados 374 óbitos entre pardas, 251 entre brancas e 53 entre pretas. A categoria “Não informada” chegou a 44 registros no mesmo ano. A comparação entre os grupos permite analisar mudanças na composição dos óbitos e sua trajetória ao longo do tempo.;
;;;;;;;obitos_causas_evitaveis_raca_sem_nao_informado_ano;NÃO PUBLICADO;"gráficos de causas evitáveis por raça/cor removidos em 2026-09-25 (specs/2026-09-25_relatorio_latex D6; estrutura_eixos: pendente)";;Entre 1997 e 2025, os registros apresentam trajetórias distintas entre os grupos de raça/cor. Entre crianças brancas, os óbitos passaram de 775 em 1997 para 251 em 2025, enquanto entre crianças pardas passaram de 486 para 374. No grupo preto, houve redução de 135 para 53 registros no mesmo período. Entre crianças indígenas, foram registrados 1 óbito em 1997 e 1 em 2025, enquanto entre crianças amarelas os registros passaram de 5 para nenhum no período. A comparação entre os grupos permite acompanhar as mudanças na distribuição dos óbitos ao longo da série.;Entre 1997 e 2025, os registros apresentam trajetórias distintas entre os grupos de raça/cor. Entre crianças brancas, os óbitos passaram de 775 em 1997 para 251 em 2025, enquanto entre crianças pardas passaram de 486 para 374. No grupo preto, houve redução de 135 para 53 registros no mesmo período. Entre crianças indígenas, foram registrados 1 óbito em 1997 e 1 em 2025, enquanto entre crianças amarelas os registros passaram de 5 para nenhum no período. A comparação entre os grupos permite acompanhar as mudanças na distribuição dos óbitos ao longo da série.;
;;;;;;;obitos_evitaveis_total_cap_ano;NÃO PUBLICADO;"figura nunca publicada no site (o site mostra CAP por faixa etária); está em specs/estrutura_eixos.md -- decidir se entra";;A série permite acompanhar a evolução dos óbitos de menores de 5 anos nas diferentes Áreas Programáticas de Saúde (CAP) e comparar como esses registros variam entre os territórios ao longo do tempo. No conjunto das CAPs, os óbitos passaram de 1.311 em 2006 para 856 em 2025, com redução ao longo da série, embora tenha ocorrido aumento entre 2024 e 2025, de 819 para 856 registros. A distribuição territorial também apresenta diferenças importantes em 2025, com 150 óbitos na CAP 4.0 e 131 na CAP 3.3. Esses dados podem ser relacionados à composição das causas e ao percentual de óbitos evitáveis em cada CAP.;A série permite acompanhar a evolução dos óbitos de menores de 5 anos nas diferentes Áreas Programáticas de Saúde (CAP) e comparar como esses registros variam entre os territórios ao longo do tempo. No conjunto das CAPs, os óbitos passaram de 1.311 em 2006 para 856 em 2025, com redução ao longo da série, embora tenha ocorrido aumento entre 2024 e 2025, de 819 para 856 registros. A distribuição territorial também apresenta diferenças importantes em 2025, com 150 óbitos na CAP 4.0 e 131 na CAP 3.3. Esses dados podem ser relacionados à composição das causas e ao percentual de óbitos evitáveis em cada CAP.;
;;;;;;;percentual_mortalidade_causas_evitaveis_raca_ano;NÃO PUBLICADO;"gráficos de causas evitáveis por raça/cor removidos em 2026-09-25 (specs/2026-09-25_relatorio_latex D6; estrutura_eixos: pendente)";;Entre 2011 e 2025, os percentuais dos grupos branca e parda variaram relativamente pouco, passando de 1,78% para 1,23% e de 1,99% para 1,35%, respectivamente. No grupo preta, o valor caiu de 1,46% em 2011 para 0,52% em 2025. Entre os indígenas, houve maior oscilação, de 0% em 2012 a 4,08% em 2016, chegando a 1,45% em 2025. A categoria “Não informada” apresentou as maiores variações, atingindo 10,69% em 2013 e 8,32% em 2025.;Entre 2011 e 2025, os percentuais dos grupos branca e parda variaram relativamente pouco, passando de 1,78% para 1,23% e de 1,99% para 1,35%, respectivamente. No grupo preta, o valor caiu de 1,46% em 2011 para 0,52% em 2025. Entre os indígenas, houve maior oscilação, de 0% em 2012 a 4,08% em 2016, chegando a 1,45% em 2025. A categoria “Não informada” apresentou as maiores variações, atingindo 10,69% em 2013 e 8,32% em 2025.;
;;;;;;;percentual_mortalidade_causas_evitaveis_raca_sem_nao_informado_ano;NÃO PUBLICADO;"gráficos de causas evitáveis por raça/cor removidos em 2026-09-25 (specs/2026-09-25_relatorio_latex D6; estrutura_eixos: pendente)";;Entre 2011 e 2025, os percentuais dos grupos branca e parda apresentaram valores próximos, passando de 1,78% para 1,23% e de 1,99% para 1,35%, respectivamente. No grupo preto, o percentual passou de 1,46% para 0,52%. Entre indígenas, houve maior oscilação, de 0% em vários anos a 4,08% em 2016, chegando a 1,45% em 2025. No grupo amarelo, os valores variaram de 0% a 1,04%, com 0% em 2025. A comparação permite analisar diferenças na relação entre óbitos evitáveis e nascidos vivos entre os grupos ao longo da série.;Entre 2011 e 2025, os percentuais dos grupos branca e parda apresentaram valores próximos, passando de 1,78% para 1,23% e de 1,99% para 1,35%, respectivamente. No grupo preto, o percentual passou de 1,46% para 0,52%. Entre indígenas, houve maior oscilação, de 0% em vários anos a 4,08% em 2016, chegando a 1,45% em 2025. No grupo amarelo, os valores variaram de 0% a 1,04%, com 0% em 2025. A comparação permite analisar diferenças na relação entre óbitos evitáveis e nascidos vivos entre os grupos ao longo da série.;
;;;;;;;sidra_frequencia_escola_0_5_raca_2022;NÃO PUBLICADO;texto curado sem figura no site -- investigar;;Os dados do Censo Demográfico 2022 permitem analisar a frequência à escola/creche entre crianças de 0 a 5 anos, considerando idade e raça/cor. O número de crianças frequentando escola/creche aumenta conforme a idade, passando de 4.358 entre crianças de 0 ano para 66.163 aos 5 anos. No total do recorte, foram registradas 233.509 crianças, sendo 104.981 brancas, 96.352 pardas e 31.757 pretas. A organização dos dados por idade e raça/cor permite comparar a participação dos diferentes grupos ao longo da primeira infância e relacionar esse indicador a outros recortes educacionais e demográficos.;Os dados do Censo Demográfico 2022 permitem analisar a frequência à escola/creche entre crianças de 0 a 5 anos, considerando idade e raça/cor. O número de crianças frequentando escola/creche aumenta conforme a idade, passando de 4.358 entre crianças de 0 ano para 66.163 aos 5 anos. No total do recorte, foram registradas 233.509 crianças, sendo 104.981 brancas, 96.352 pardas e 31.757 pretas. A organização dos dados por idade e raça/cor permite comparar a participação dos diferentes grupos ao longo da primeira infância e relacionar esse indicador a outros recortes educacionais e demográficos.;
;;;;;;;sidra_frequencia_escola_0_5_sexo_2022;NÃO PUBLICADO;texto curado sem figura no site -- investigar;;Os dados do Censo Demográfico 2022 permitem analisar a frequência à escola/creche entre crianças de 0 a 5 anos segundo sexo e idade. O número de crianças frequentando aumenta ao longo das idades, passando de 4.358 aos 0 anos para 66.163 aos 5 anos. No total, foram registradas 120.304 crianças do sexo masculino e 113.205 do sexo feminino. A comparação por idade permite observar diferenças entre os sexos ao longo da primeira infância e relacionar esse recorte ao número total de crianças frequentando escola/creche. Os dados também podem ser analisados junto às taxas de frequência escolar por sexo.;Os dados do Censo Demográfico 2022 permitem analisar a frequência à escola/creche entre crianças de 0 a 5 anos segundo sexo e idade. O número de crianças frequentando aumenta ao longo das idades, passando de 4.358 aos 0 anos para 66.163 aos 5 anos. No total, foram registradas 120.304 crianças do sexo masculino e 113.205 do sexo feminino. A comparação por idade permite observar diferenças entre os sexos ao longo da primeira infância e relacionar esse recorte ao número total de crianças frequentando escola/creche. Os dados também podem ser analisados junto às taxas de frequência escolar por sexo.;
