{
"type": "FeatureCollection",
"name": "bairros_simplified",
"crs": { "type": "name", "properties": { "name": "urn:ogc:def:crs:OGC:1.3:CRS84" } },
"features": [
{ "type": "Feature", "properties": { "objectid": 481, "nome": "Grumari", "regiao_adm": "BARRA DA TIJUCA         ", "area_plane": "4", "codbairro": "133", "codra": 24, "codbnum": 133, "link": "Grumari                   &area=133               ", "rp": "Barra da Tijuca", "cod_rp": "4.2", "codbairro_long": 133, "st_area(shape)": 9598851.4617779627, "st_perimeter(shape)": 23375.374038318107 }, "geometry": { "type": "MultiPolygon", "coordinates": [ [ [ [ -43.507193641832124, -23.033209607283847 ], [ -43.508820857027089, -23.033016423155193 ], [ -43.511951062246631, -23.034752994499357 ], [ -43.512714018772428, -23.034408851560322 ], [ -43.516846830972923, -23.033964663311828 ], [ -43.520466626678811, -23.033789937461297 ], [ -43.520818644972451, -23.033839380517087 ], [ -43.521756002234966, -23.034313345837372 ], [ -43.523014800696288, -23.034115758124955 ], [ -43.523640777561198, -23.03433094862698 ], [ -43.525764533857163, -23.034339105156015 ], [ -43.527415484452284, -23.033443130776401 ], [ -43.528866568427631, -23.033356114083269 ], [ -43.530285752399628, -23.033439118543992 ], [ -43.532834340479958, -23.034179594890137 ], [ -43.535124901261902, -23.034617981822144 ], [ -43.536602165332724, -23.035125761827739 ], [ -43.538488250711779, -23.036091312639655 ], [ -43.539392269472316, -23.037094738944539 ], [ -43.54030530084259, -23.037679550018417 ], [ -43.541925238015764, -23.038155543329776 ], [ -43.543153560532907, -23.038660879024256 ], [ -43.545043156214007, -23.039990261369219 ], [ -43.545845475975909, -23.040392854216666 ], [ -43.547773323140945, -23.04176365023941 ], [ -43.548090454013774, -23.04238530250386 ], [ -43.548161297179163, -23.042804467669505 ], [ -43.548492252650682, -23.043565961499144 ], [ -43.5485546657995, -23.043897805159144 ], [ -43.547813005533342, -23.045416667892482 ], [ -43.547390230883728, -23.047064893481128 ], [ -43.547425091715645, -23.04732676302595 ], [ -43.548823727501414, -23.048677876347305 ], [ -43.549758908508529, -23.050203458387728 ], [ -43.549628363692456, -23.050956381030968 ], [ -43.549133945200786, -23.052259588009193 ], [ -43.549291559900297, -23.05249648310097 ], [ -43.549562836902105, -23.053729406553138 ], [ -43.550056126561564, -23.054609345017248 ], [ -43.551504313673149, -23.055963238557137 ], [ -43.551846611246312, -23.05659956425583 ], [ -43.552061904064153, -23.057357463992098 ], [ -43.552398208772665, -23.057906491626316 ], [ -43.55346994511887, -23.058654980641812 ], [ -43.555541285276298, -23.059231883036034 ], [ -43.555831508309168, -23.059400168869658 ], [ -43.556204309823734, -23.059787142056081 ], [ -43.556537207485768, -23.060374332367147 ], [ -43.556735775117161, -23.062071879053605 ], [ -43.557408927072551, -23.064727473623179 ], [ -43.557631437944352, -23.066396155692654 ], [ -43.557834817820456, -23.066856535870169 ], [ -43.558386060536179, -23.06741835230897 ], [ -43.558560302423714, -23.06782915269326 ], [ -43.558622068669969, -23.068371237423335 ], [ -43.558609901696627, -23.068624457391884 ], [ -43.558521533200555, -23.068737717455253 ], [ -43.557969612719795, -23.068980773804491 ], [ -43.55707794722521, -23.069742738865997 ], [ -43.556708910748547, -23.069887572828748 ], [ -43.555558476989795, -23.069972973155039 ], [ -43.555358597720847, -23.070162879675625 ], [ -43.5551654808148, -23.070597061234643 ], [ -43.553334355249959, -23.072659595641685 ], [ -43.552711173681196, -23.073165514744765 ], [ -43.55202996546538, -23.07352016605163 ], [ -43.552223216472953, -23.073795134747108 ], [ -43.552264382500361, -23.074463200711968 ], [ -43.552429907430586, -23.074848280005074 ], [ -43.553819252662564, -23.075728920589782 ], [ -43.55381967456794, -23.075972500058569 ], [ -43.553595525632346, -23.07627660968026 ], [ -43.553346155947438, -23.076346939000146 ], [ -43.553086304817207, -23.076292898706988 ], [ -43.552158291562556, -23.075774936868889 ], [ -43.551712681669869, -23.075311425362639 ], [ -43.551336251997675, -23.074659072182804 ], [ -43.551110341284634, -23.074526136033779 ], [ -43.551040912421087, -23.074373861984103 ], [ -43.55047975002612, -23.074018569340176 ], [ -43.549442267231896, -23.07341649868323 ], [ -43.549295403478766, -23.073485684856522 ], [ -43.548925939937661, -23.073450320583515 ], [ -43.549081225499521, -23.072923593043321 ], [ -43.549207590886084, -23.072854580049192 ], [ -43.549862862491118, -23.072706882965818 ], [ -43.55007468619673, -23.072569384160523 ], [ -43.550179380294075, -23.072627783478683 ], [ -43.550579538379417, -23.072558571509468 ], [ -43.551999818481335, -23.072050938544518 ], [ -43.552319494538466, -23.071667235126835 ], [ -43.552588040762991, -23.071081122339884 ], [ -43.552458452844107, -23.070712990180926 ], [ -43.552482031782205, -23.070087512992991 ], [ -43.551885651169819, -23.069093744817867 ], [ -43.551683965787078, -23.068905037400661 ], [ -43.551624013470956, -23.068597150808014 ], [ -43.551843923378108, -23.068305195036039 ], [ -43.551840821198439, -23.068184778624385 ], [ -43.551435695037256, -23.067050969552518 ], [ -43.550642763113416, -23.066129633848824 ], [ -43.550054277418987, -23.065604028893556 ], [ -43.548484885252073, -23.065268735502993 ], [ -43.548117337290421, -23.065047974246013 ], [ -43.548039523401883, -23.064822830234149 ], [ -43.547797556264705, -23.064687304009421 ], [ -43.54780413271024, -23.064629112247371 ], [ -43.548200685841906, -23.06462083469259 ], [ -43.548302834603533, -23.064388312743258 ], [ -43.548331697788633, -23.063936016007492 ], [ -43.54860360755891, -23.063800513699203 ], [ -43.548631119626826, -23.063674327457054 ], [ -43.549110540120893, -23.063410768789204 ], [ -43.54973892328281, -23.063226878482382 ], [ -43.549583783293059, -23.062703351066741 ], [ -43.549107848534689, -23.061950552864531 ], [ -43.548424538712837, -23.061122785117433 ], [ -43.547945814196034, -23.061012810791638 ], [ -43.547467652918073, -23.06073232829678 ], [ -43.547438514078024, -23.060528313177485 ], [ -43.54725191179093, -23.060263694440135 ], [ -43.546658547667825, -23.060014211038066 ], [ -43.5464540483894, -23.059835045864467 ], [ -43.545322988065479, -23.059224415120688 ], [ -43.545053980034112, -23.059144720009396 ], [ -43.544243706370871, -23.059299463532994 ], [ -43.544035477050677, -23.059267832294182 ], [ -43.543447031283492, -23.05947834970728 ], [ -43.542232007579308, -23.059152856782941 ], [ -43.541894537252318, -23.058778825763838 ], [ -43.541990892554182, -23.058332572169245 ], [ -43.541435031485769, -23.05825456235959 ], [ -43.541482878686857, -23.058007725865508 ], [ -43.541417363254858, -23.057928637142442 ], [ -43.541090812719467, -23.057710134663811 ], [ -43.540802161667955, -23.057262497881528 ], [ -43.540256706051885, -23.05687173110362 ], [ -43.539878854110512, -23.056433202528542 ], [ -43.539507607164744, -23.056468244323558 ], [ -43.538733128458276, -23.056246322962942 ], [ -43.538207541681814, -23.056239655051982 ], [ -43.538068673880929, -23.056356140171953 ], [ -43.53772268521179, -23.056320517244288 ], [ -43.537080480134527, -23.056132412853671 ], [ -43.536245601615846, -23.055557877616494 ], [ -43.535849502026991, -23.055066786657534 ], [ -43.535793246556054, -23.054700587194024 ], [ -43.535198436447899, -23.054020704658093 ], [ -43.53503452545354, -23.053385008773887 ], [ -43.535345937210295, -23.052826956048325 ], [ -43.53567145118226, -23.052444604918222 ], [ -43.535821754773742, -23.052407793692545 ], [ -43.536277212704313, -23.052580447623743 ], [ -43.536201863975407, -23.051976274686218 ], [ -43.535942446268265, -23.051445177457897 ], [ -43.534996119148055, -23.050648065199677 ], [ -43.534336413195255, -23.050312578023458 ], [ -43.53285585691485, -23.049788122922891 ], [ -43.527735651300617, -23.049163243098629 ], [ -43.523413315212693, -23.048519555150364 ], [ -43.521803386644422, -23.048463326707726 ], [ -43.521515257547129, -23.048368606408317 ], [ -43.52106384175152, -23.04843663203506 ], [ -43.520369849828292, -23.048331606488397 ], [ -43.519806408191016, -23.048398673982746 ], [ -43.518896898292809, -23.048270491854957 ], [ -43.518253264550694, -23.048352877317537 ], [ -43.515976689722358, -23.048351033361502 ], [ -43.515697930477465, -23.048274631049878 ], [ -43.514642408103704, -23.048273026915659 ], [ -43.514023181020136, -23.048185383963979 ], [ -43.513871302043107, -23.048276979416453 ], [ -43.513631898694015, -23.048233817265334 ], [ -43.513394424219861, -23.048317200976054 ], [ -43.511264561033769, -23.047930942396775 ], [ -43.510986451237486, -23.047928955637662 ], [ -43.510780543160593, -23.048052551740625 ], [ -43.51026835836948, -23.048117447882685 ], [ -43.509916273903386, -23.047893856673181 ], [ -43.509860577000602, -23.047953390521176 ], [ -43.509739581157746, -23.047916576619585 ], [ -43.509628229760061, -23.047818802230786 ], [ -43.509640872596066, -23.047734387919331 ], [ -43.509532905699196, -23.047790447710394 ], [ -43.509128364998119, -23.04760718250348 ], [ -43.508934258907146, -23.047722310454542 ], [ -43.509034796844716, -23.047587424847688 ], [ -43.508340807007983, -23.047501495114414 ], [ -43.508325221943167, -23.047383850539045 ], [ -43.508047078217494, -23.047305092668079 ], [ -43.508021450391247, -23.047142197934232 ], [ -43.507797962418039, -23.04703668100262 ], [ -43.507517233930329, -23.046750088693049 ], [ -43.507458800303674, -23.046810136816035 ], [ -43.507385668735708, -23.046769166157404 ], [ -43.507465620330066, -23.046669403044721 ], [ -43.507061956885813, -23.046159029077543 ], [ -43.507060812542214, -23.045961955419632 ], [ -43.506954860359841, -23.045897284642518 ], [ -43.507013334558842, -23.045815923316901 ], [ -43.50685801387943, -23.045688470673277 ], [ -43.506958752189981, -23.045491276233466 ], [ -43.506882200292353, -23.045539322138705 ], [ -43.506877649934516, -23.045288028791433 ], [ -43.506766514733222, -23.045198111768851 ], [ -43.506872458285287, -23.04511304257424 ], [ -43.506864749412927, -23.044670440134347 ], [ -43.507034330447013, -23.044380692188728 ], [ -43.507084215949263, -23.043830165380179 ], [ -43.507270258009704, -23.043551860664916 ], [ -43.50730254653957, -23.043243116754415 ], [ -43.507479935719857, -23.042944138771173 ], [ -43.507087503298997, -23.042336786007603 ], [ -43.506712800486397, -23.042166079535551 ], [ -43.506490274721898, -23.04181482879159 ], [ -43.506175110375565, -23.041510569269494 ], [ -43.505678366324069, -23.041239634741 ], [ -43.504642827646798, -23.040926938045651 ], [ -43.503792941364793, -23.04036329605308 ], [ -43.503113294110221, -23.040060368599001 ], [ -43.502515428320379, -23.040278140713603 ], [ -43.501639470232242, -23.040414074604435 ], [ -43.501235299387716, -23.040614712065537 ], [ -43.501024972004288, -23.040811766273368 ], [ -43.500899673260001, -23.040291554015827 ], [ -43.500926760299912, -23.039995404509504 ], [ -43.502570856171999, -23.037205963937947 ], [ -43.502610071359001, -23.036871543151356 ], [ -43.502237818143129, -23.034600990344178 ], [ -43.502244734780916, -23.03397528037889 ], [ -43.503520249499253, -23.03340546707118 ], [ -43.504028570508126, -23.033367467950143 ], [ -43.50446754591254, -23.033131931015138 ], [ -43.505131660236394, -23.033017638366083 ], [ -43.507193641832124, -23.033209607283847 ] ] ], [ [ [ -43.511300207668249, -23.061372696567155 ], [ -43.511975358421005, -23.06142990105025 ], [ -43.5124693186239, -23.06163359922629 ], [ -43.513110158419664, -23.062069066129627 ], [ -43.51314869231004, -23.062266221508946 ], [ -43.513366992313813, -23.062349194405101 ], [ -43.513537338221482, -23.062559327574071 ], [ -43.513562594051756, -23.062721407020682 ], [ -43.512689167365586, -23.063022869702721 ], [ -43.512725633758158, -23.063621173865815 ], [ -43.512561887400622, -23.063733877954853 ], [ -43.512828288781975, -23.063703240634187 ], [ -43.513015907781167, -23.06377147624567 ], [ -43.51389568796808, -23.064304830515805 ], [ -43.514281600140116, -23.064652098620019 ], [ -43.514562548825602, -23.065207635144127 ], [ -43.514441491157527, -23.065414756892647 ], [ -43.514007344629327, -23.06576208161615 ], [ -43.512419090925761, -23.065988994880946 ], [ -43.511863915090075, -23.065874668868741 ], [ -43.509731640719743, -23.065780516679091 ], [ -43.508905391716048, -23.065598148900058 ], [ -43.508203093323445, -23.065212839406886 ], [ -43.508044525800727, -23.065014733201597 ], [ -43.508037506086616, -23.064509547165546 ], [ -43.508357677121325, -23.06427613291385 ], [ -43.508428694789629, -23.063934157200674 ], [ -43.508822373876967, -23.06385858020159 ], [ -43.509060802375032, -23.063726715145734 ], [ -43.509138473500315, -23.063781815119516 ], [ -43.50912597048012, -23.063392812837911 ], [ -43.509724468099286, -23.063232733116433 ], [ -43.510708186341631, -23.063126767562647 ], [ -43.511066602935166, -23.062964873197895 ], [ -43.511339465136913, -23.0625505614864 ], [ -43.511182595639305, -23.062437638067323 ], [ -43.511182835419703, -23.061901273599648 ], [ -43.510979931783666, -23.061554817997767 ], [ -43.510827516721605, -23.06147155783491 ], [ -43.511300207668249, -23.061372696567155 ] ] ], [ [ [ -43.508205739330755, -23.052621398793292 ], [ -43.508986282160521, -23.052675454354521 ], [ -43.509380840158876, -23.05299563043009 ], [ -43.509447005478357, -23.053102190924093 ], [ -43.509267435096803, -23.053332421073119 ], [ -43.509581182521373, -23.053555561474617 ], [ -43.509629829106345, -23.053675686036804 ], [ -43.509490306569255, -23.054159800320459 ], [ -43.509225340517837, -23.054186291074412 ], [ -43.507765437023309, -23.053476566333341 ], [ -43.50771395332805, -23.053365989413749 ], [ -43.507891899802964, -23.053053293231354 ], [ -43.507903008170473, -23.052780381633507 ], [ -43.508205739330755, -23.052621398793292 ] ] ], [ [ [ -43.511368442825145, -23.060475541874329 ], [ -43.511413614965548, -23.060379422389222 ], [ -43.511605819078, -23.06054497014 ], [ -43.511615875638029, -23.060438226053847 ], [ -43.511734635071733, -23.060493168914043 ], [ -43.511811075888104, -23.060651032520997 ], [ -43.511901694768603, -23.060566901739978 ], [ -43.5120643127674, -23.060592094753058 ], [ -43.512490708357909, -23.060762193445541 ], [ -43.512760981751732, -23.061142243537745 ], [ -43.512661641077379, -23.061238485823424 ], [ -43.512702939240512, -23.061343727344283 ], [ -43.512447707675662, -23.061175692831792 ], [ -43.512232688168233, -23.061238601654033 ], [ -43.511737023208283, -23.060941683338442 ], [ -43.511204521403165, -23.060480138098704 ], [ -43.511368442825145, -23.060475541874329 ] ] ] ] } },
{ "type": "Feature", "properties": { "objectid": 402, "nome": "Jardim Sulacap", "regiao_adm": "REALENGO                ", "area_plane": "5", "codbairro": "137", "codra": 33, "codbnum": 137, "link": "Jardim Sulacap            &area=137               ", "rp": "Bangu", "cod_rp": "5.1", "codbairro_long": 137, "st_area(shape)": 7869225.3088236535, "st_perimeter(shape)": 14519.328423941819 }, "geometry": { "type": "Polygon", "coordinates": [ [ [ -43.375410067324239, -22.889616097613285 ], [ -43.374913967955273, -22.888920154791819 ], [ -43.375086049832511, -22.888556247043603 ], [ -43.375180712492188, -22.888063578077485 ], [ -43.374977331186038, -22.886897760344372 ], [ -43.374870310437167, -22.883991922646562 ], [ -43.374970276192236, -22.88110508877546 ], [ -43.374887477011868, -22.880372366846338 ], [ -43.374647474226137, -22.87937731205653 ], [ -43.375157137625273, -22.880088115773127 ], [ -43.375550038730474, -22.881372281191819 ], [ -43.375864286296959, -22.883001080163289 ], [ -43.37585413933985, -22.88484484376648 ], [ -43.37604443567168, -22.885341418245236 ], [ -43.376292208012842, -22.885627613858802 ], [ -43.37678333274377, -22.885916295131707 ], [ -43.377828907564876, -22.886119690525447 ], [ -43.378480414371204, -22.886126337606541 ], [ -43.379836468396633, -22.885965681944512 ], [ -43.380706792093683, -22.886054476429866 ], [ -43.385261826246513, -22.887555534726243 ], [ -43.386258736492742, -22.887565658600195 ], [ -43.387209938102892, -22.887451676319952 ], [ -43.387634992198393, -22.887354208302614 ], [ -43.387840618336845, -22.887225343481809 ], [ -43.38839971017687, -22.886416409730053 ], [ -43.388603506304051, -22.885781965166487 ], [ -43.388730508655676, -22.884997728315973 ], [ -43.390426438506275, -22.885141252494417 ], [ -43.392403220550165, -22.885058030871718 ], [ -43.394983630298334, -22.885306358718442 ], [ -43.398256989144102, -22.885502838928169 ], [ -43.39859626939991, -22.88566177084266 ], [ -43.402851329610492, -22.884795233988442 ], [ -43.405428427530971, -22.884503117821279 ], [ -43.405879845341353, -22.884308143061354 ], [ -43.406071060983365, -22.88463499838625 ], [ -43.406439394508681, -22.887941193857376 ], [ -43.408325398945799, -22.890780334659798 ], [ -43.408764792880135, -22.892018836568887 ], [ -43.408798205433726, -22.892697952162713 ], [ -43.409328903082844, -22.893530244697835 ], [ -43.411585287284879, -22.896275434557452 ], [ -43.413026437299742, -22.897445276291304 ], [ -43.414956746191464, -22.898726466851706 ], [ -43.416441702850669, -22.900157714891627 ], [ -43.417421787274783, -22.900568736108685 ], [ -43.417562166758167, -22.900777939948942 ], [ -43.4175449413761, -22.901086451909016 ], [ -43.416496403175287, -22.902599829999605 ], [ -43.415721370377533, -22.903107061435211 ], [ -43.415074787015982, -22.90368411655982 ], [ -43.415546440424194, -22.906424890860379 ], [ -43.412532510450347, -22.906104281503982 ], [ -43.410470644060119, -22.906033902426671 ], [ -43.409897104577645, -22.905828033106804 ], [ -43.394645033229324, -22.904190831683742 ], [ -43.393843035204576, -22.904009058971919 ], [ -43.393265416623521, -22.903978743108844 ], [ -43.390513420958122, -22.903330815231399 ], [ -43.389154001362108, -22.90325056984782 ], [ -43.387455542816866, -22.9027251608257 ], [ -43.386563365127913, -22.902587139590462 ], [ -43.385828166912255, -22.902874445793302 ], [ -43.385532903275582, -22.903623100008055 ], [ -43.383287196404304, -22.905177354653194 ], [ -43.381930873506228, -22.90551729284897 ], [ -43.380102093182181, -22.906927363513134 ], [ -43.379607598364089, -22.907013804318805 ], [ -43.37851320348809, -22.906106759366502 ], [ -43.377130470125124, -22.90537955073577 ], [ -43.375417363465033, -22.904228467033267 ], [ -43.37408039401673, -22.903500707006273 ], [ -43.37438173922083, -22.902909730327572 ], [ -43.37473129421015, -22.901185040876591 ], [ -43.374961504023865, -22.89818575395882 ], [ -43.376583795160599, -22.896084289146696 ], [ -43.377327836302577, -22.895281174500919 ], [ -43.377534313737122, -22.894992393428986 ], [ -43.377610887415408, -22.894692709402413 ], [ -43.377537412141791, -22.893928475540569 ], [ -43.377277162772387, -22.893264114305563 ], [ -43.376678292246645, -22.892435452709961 ], [ -43.376055757960913, -22.892072366578692 ], [ -43.375852414343598, -22.89123013180258 ], [ -43.375609024062001, -22.890959874634689 ], [ -43.375624475585276, -22.890644578037787 ], [ -43.375410067324239, -22.889616097613285 ] ] ] } },
{ "type": "Feature", "properties": { "objectid": 425, "nome": "Saúde", "regiao_adm": "PORTUARIA               ", "area_plane": "1", "codbairro": "001", "codra": 1, "codbnum": 1, "link": "Saúde                     &area=1                 ", "rp": "Centro", "cod_rp": "1.1", "codbairro_long": 1, "st_area(shape)": 363818.58396053378, "st_perimeter(shape)": 2646.2205676934686 }, "geometry": { "type": "Polygon", "coordinates": [ [ [ -43.181151633502964, -22.89543028430424 ], [ -43.186129548128712, -22.893732757574334 ], [ -43.187176067089013, -22.896204039244466 ], [ -43.18779181099876, -22.897368580441274 ], [ -43.187251205848895, -22.897532273610729 ], [ -43.187586199129861, -22.898618842572539 ], [ -43.187496473168267, -22.899334291048454 ], [ -43.187296251696381, -22.899745960719866 ], [ -43.186638871725748, -22.899425375631463 ], [ -43.186420798118142, -22.899449346469591 ], [ -43.18440264659155, -22.899792569183308 ], [ -43.184055617788474, -22.900467868021956 ], [ -43.183429225664703, -22.900184737998412 ], [ -43.183529370045228, -22.899984235641039 ], [ -43.18339256554227, -22.899929572879454 ], [ -43.183039950647874, -22.900599568617096 ], [ -43.18213125550902, -22.900435296287466 ], [ -43.180781195694635, -22.897283232047606 ], [ -43.181799624479943, -22.896949836866771 ], [ -43.181151633502964, -22.89543028430424 ] ] ] } },
{ "type": "Feature", "properties": { "objectid": 377, "nome": "Vaz Lobo", "regiao_adm": "MADUREIRA               ", "area_plane": "3", "codbairro": "084", "codra": 15, "codbnum": 84, "link": "Vaz Lobo                  &area=84                ", "rp": "Madureira", "cod_rp": "3.3", "codbairro_long": 84, "st_area(shape)": 1101223.8991282603, "st_perimeter(shape)": 5030.5739269436153 }, "geometry": { "type": "Polygon", "coordinates": [ [ [ -43.323947307897484, -22.855268769271927 ], [ -43.324766310780511, -22.855708439167632 ], [ -43.325239228297264, -22.854840489674022 ], [ -43.325267817489724, -22.854638678128108 ], [ -43.32581088812308, -22.853739043823573 ], [ -43.328968162475753, -22.854451262972855 ], [ -43.329018212883696, -22.854637644703661 ], [ -43.332556768163911, -22.85412513791028 ], [ -43.33253419979291, -22.854545202406744 ], [ -43.332665150295981, -22.854538537001424 ], [ -43.332688902219054, -22.854021495451967 ], [ -43.332804582324684, -22.853828631059685 ], [ -43.33328512877079, -22.853760965864829 ], [ -43.333154077656793, -22.854495163025234 ], [ -43.333258819742554, -22.854488133195279 ], [ -43.333420167155154, -22.853738808515896 ], [ -43.333962820314902, -22.853676037091311 ], [ -43.334396195729667, -22.853825158804511 ], [ -43.337144868702239, -22.856016634987785 ], [ -43.335610264606629, -22.857962111660168 ], [ -43.334149138361298, -22.859104319024681 ], [ -43.331836041724536, -22.85998669678305 ], [ -43.327272823728919, -22.86303196518211 ], [ -43.327034036513581, -22.86327328934237 ], [ -43.324300215161912, -22.86464105444588 ], [ -43.323331254990634, -22.864640147251865 ], [ -43.322334782597054, -22.864284751089201 ], [ -43.320604135241801, -22.86436375340806 ], [ -43.32157013178908, -22.863272902127569 ], [ -43.322098224258212, -22.862439412922406 ], [ -43.322408463053158, -22.861768165385318 ], [ -43.323947307897484, -22.855268769271927 ] ] ] } },
{ "type": "Feature", "properties": { "objectid": 354, "nome": "Ribeira", "regiao_adm": "ILHA DO GOVERNADOR      ", "area_plane": "3", "codbairro": "091", "codra": 20, "codbnum": 91, "link": "Ribeira                   &area=91                ", "rp": "Ilha do Governador", "cod_rp": "3.7", "codbairro_long": 91, "st_area(shape)": 861927.15647241566, "st_perimeter(shape)": 7050.0410842360088 }, "geometry": { "type": "MultiPolygon", "coordinates": [ [ [ [ -43.163869601515138, -22.822385971778413 ], [ -43.16509113167789, -22.820290906596842 ], [ -43.165501710191265, -22.820074842038153 ], [ -43.1657770301874, -22.820109256472861 ], [ -43.166587457881597, -22.82047781365527 ], [ -43.167325441154858, -22.821127916780824 ], [ -43.168209524614689, -22.821227124875065 ], [ -43.168841449630406, -22.821140654431293 ], [ -43.169400264038046, -22.821487521383155 ], [ -43.169636618182039, -22.821478499537218 ], [ -43.169628265634856, -22.82166596508916 ], [ -43.169801123122454, -22.82174308412004 ], [ -43.170515751725759, -22.821569330171702 ], [ -43.172956640552172, -22.820501500775645 ], [ -43.173325618796355, -22.821226721638421 ], [ -43.174148874223611, -22.821314814496059 ], [ -43.175190158721385, -22.823879558234459 ], [ -43.174158948900626, -22.824094316370708 ], [ -43.173590961793138, -22.8243747896075 ], [ -43.172780777055721, -22.825188896282441 ], [ -43.172687000966924, -22.825375830968568 ], [ -43.172782560154801, -22.826310401851849 ], [ -43.172742339204071, -22.826820160482516 ], [ -43.172766728758965, -22.826890606586058 ], [ -43.173027856274508, -22.826938302673309 ], [ -43.172972817069578, -22.827054977273711 ], [ -43.173120176085504, -22.827094415613278 ], [ -43.173013372663824, -22.827490800443183 ], [ -43.173259571981461, -22.827635400094668 ], [ -43.173076994443939, -22.82838797916644 ], [ -43.173105656617068, -22.828721980722076 ], [ -43.173335105874322, -22.828844446125629 ], [ -43.174654285147767, -22.829100325616437 ], [ -43.174726773094918, -22.829253225907348 ], [ -43.174429211733745, -22.829825414791422 ], [ -43.174347934326235, -22.829813014453478 ], [ -43.174391021357138, -22.829891350548937 ], [ -43.174193323964936, -22.830353427982477 ], [ -43.173752375253152, -22.831179443396813 ], [ -43.172276271393656, -22.831306814634182 ], [ -43.172205026224461, -22.831673624691486 ], [ -43.171897457604089, -22.831644716942545 ], [ -43.171882462467458, -22.831308704098454 ], [ -43.170608648263119, -22.831331102455124 ], [ -43.170215656379206, -22.831242695904646 ], [ -43.1686601475283, -22.828611595483768 ], [ -43.168647083156742, -22.82842307212146 ], [ -43.168873433517668, -22.82823793190353 ], [ -43.168743903040756, -22.827740043533588 ], [ -43.168635827660637, -22.827437002305182 ], [ -43.168497279609383, -22.827401634557251 ], [ -43.168375925332555, -22.827188296532121 ], [ -43.168111180429612, -22.826319055337464 ], [ -43.167788032332638, -22.825875648440181 ], [ -43.168402179879443, -22.825634194548091 ], [ -43.168396482860643, -22.825230108161261 ], [ -43.168281597189974, -22.824788193040039 ], [ -43.167465022299268, -22.824097999054455 ], [ -43.167294543057068, -22.824126831309403 ], [ -43.166302699291336, -22.823729546833764 ], [ -43.164914857917985, -22.822954379625983 ], [ -43.164069178273579, -22.822802225822468 ], [ -43.16392671227603, -22.822863525550538 ], [ -43.163839060475688, -22.822614809986366 ], [ -43.163869601515138, -22.822385971778413 ] ] ], [ [ [ -43.162696059697588, -22.81118910609386 ], [ -43.162898867079349, -22.8112905979409 ], [ -43.163031296313484, -22.811562675123493 ], [ -43.163495152261845, -22.811766418422707 ], [ -43.164166266455204, -22.811747151433572 ], [ -43.16465081151766, -22.811860917064212 ], [ -43.165027210451939, -22.812063648757476 ], [ -43.165327779977716, -22.8128516716109 ], [ -43.165313933848033, -22.813158096040091 ], [ -43.165213108639854, -22.813427485854042 ], [ -43.164867470603149, -22.813829332530588 ], [ -43.164318536816239, -22.814165624529831 ], [ -43.162883960443736, -22.814572977497978 ], [ -43.162470353269178, -22.81496500341477 ], [ -43.162245620378229, -22.815052534795182 ], [ -43.161574104713047, -22.815107912398584 ], [ -43.161351451110804, -22.815033279886304 ], [ -43.161132528006583, -22.814688049573796 ], [ -43.160861153937688, -22.814621795127749 ], [ -43.160737012384899, -22.814457995937975 ], [ -43.161022387254683, -22.814199769922343 ], [ -43.161315198637986, -22.814113024016912 ], [ -43.161639288531063, -22.813873214893292 ], [ -43.161692002606017, -22.813567241476715 ], [ -43.161423600713817, -22.81255418469765 ], [ -43.161202865868141, -22.812344209756894 ], [ -43.161556798300921, -22.812050651074795 ], [ -43.161560549530826, -22.811771203885232 ], [ -43.161650547521369, -22.811582874032084 ], [ -43.161906673593151, -22.81133333889813 ], [ -43.162102404124042, -22.811236352459566 ], [ -43.162696059697588, -22.81118910609386 ] ] ], [ [ [ -43.162866823985624, -22.82003924090828 ], [ -43.162654997164474, -22.819868652277698 ], [ -43.162668071260455, -22.819591298500583 ], [ -43.1629748919514, -22.819499475910767 ], [ -43.163211973033853, -22.819966101282759 ], [ -43.163122423359276, -22.820084179539617 ], [ -43.162866823985624, -22.82003924090828 ] ] ], [ [ [ -43.174548782514769, -22.827968053175429 ], [ -43.174169065286421, -22.827381688466399 ], [ -43.173891843145412, -22.827101637690053 ], [ -43.173974542101824, -22.827080460426462 ], [ -43.174282609654036, -22.827392563218616 ], [ -43.174739312064382, -22.827648572475191 ], [ -43.174713601952945, -22.827837736883907 ], [ -43.174548782514769, -22.827968053175429 ] ] ], [ [ [ -43.16738275731629, -22.829492267674279 ], [ -43.167105622032459, -22.829322828913035 ], [ -43.16727501296436, -22.829208374806335 ], [ -43.167652027181788, -22.829230594048262 ], [ -43.167617563574673, -22.829374412861593 ], [ -43.16738275731629, -22.829492267674279 ] ] ], [ [ [ -43.157607250476659, -22.818031464942518 ], [ -43.157252983953896, -22.817964513701543 ], [ -43.157294567874253, -22.817827551606715 ], [ -43.157512767669346, -22.817806416510294 ], [ -43.157634543657103, -22.817885305308724 ], [ -43.157607250476659, -22.818031464942518 ] ] ], [ [ [ -43.164356282816797, -22.81824572329943 ], [ -43.164319880250027, -22.818134500983408 ], [ -43.164447955877343, -22.818143471849048 ], [ -43.164460048249751, -22.818258749550907 ], [ -43.164356282816797, -22.81824572329943 ] ] ] ] } },
{ "type": "Feature", "properties": { "objectid": 388, "nome": "Magalhães Bastos", "regiao_adm": "REALENGO                ", "area_plane": "5", "codbairro": "138", "codra": 33, "codbnum": 138, "link": "Magalhães Bastos          &area=138               ", "rp": "Bangu", "cod_rp": "5.1", "codbairro_long": 138, "st_area(shape)": 1975954.6013864444, "st_perimeter(shape)": 6902.6639444557004 }, "geometry": { "type": "Polygon", "coordinates": [ [ [ -43.409326532053079, -22.882804386078604 ], [ -43.407357217015139, -22.876728394582891 ], [ -43.405644537471801, -22.876590124328402 ], [ -43.405061072784896, -22.876468945713526 ], [ -43.407622467865686, -22.873456086632309 ], [ -43.410747643814332, -22.870376651811561 ], [ -43.4116875414052, -22.869547134729139 ], [ -43.412722852571761, -22.867726850943328 ], [ -43.409174659156314, -22.865999145557275 ], [ -43.411448050773082, -22.862049231700567 ], [ -43.414883250229401, -22.863430397698405 ], [ -43.419255248072567, -22.864754254038779 ], [ -43.419223190710419, -22.865435970531472 ], [ -43.419557572516986, -22.868863377594661 ], [ -43.419877285292714, -22.874865067777062 ], [ -43.419374981461246, -22.874888529595911 ], [ -43.418461514949058, -22.875734247126204 ], [ -43.420270475670392, -22.877381814846494 ], [ -43.420618062248401, -22.877580974080377 ], [ -43.420363464806222, -22.877684652608817 ], [ -43.41949421201457, -22.877731917924702 ], [ -43.41561839714241, -22.878724706843769 ], [ -43.415010351866385, -22.879132364217945 ], [ -43.413937254112383, -22.880365525223386 ], [ -43.412239476894968, -22.881606442619347 ], [ -43.410986464748547, -22.882222762774642 ], [ -43.409672643665353, -22.882612145729595 ], [ -43.409326532053079, -22.882804386078604 ] ] ] } },
{ "type": "Feature", "properties": { "objectid": 370, "nome": "Realengo", "regiao_adm": "REALENGO                ", "area_plane": "5", "codbairro": "139", "codra": 33, "codbnum": 139, "link": "Realengo                  &area=139               ", "rp": "Bangu", "cod_rp": "5.1", "codbairro_long": 139, "st_area(shape)": 26054267.778423093, "st_perimeter(shape)": 30896.866166006563 }, "geometry": { "type": "Polygon", "coordinates": [ [ [ -43.435170203542974, -22.841898595483126 ], [ -43.435322689338776, -22.842018667380788 ], [ -43.437917091393608, -22.842030687665659 ], [ -43.439677590585958, -22.842257117606731 ], [ -43.458675528308177, -22.84849642469834 ], [ -43.455055254877358, -22.851297888289761 ], [ -43.454345953228405, -22.851770111232479 ], [ -43.453132107592651, -22.852841444588474 ], [ -43.450540849186488, -22.854862731274974 ], [ -43.450478721129883, -22.855004910126315 ], [ -43.450440130944543, -22.856225293668817 ], [ -43.450272107553609, -22.856493785020042 ], [ -43.447865062470825, -22.856322485426009 ], [ -43.446432911534082, -22.86110746389836 ], [ -43.446349159102439, -22.86218217732285 ], [ -43.445983022332562, -22.862456407730637 ], [ -43.445708439445973, -22.863386474648664 ], [ -43.446667596177633, -22.863686376753098 ], [ -43.446707594041776, -22.863554192770476 ], [ -43.447972990656957, -22.865215470531798 ], [ -43.443110943855366, -22.868577990143038 ], [ -43.442218747197501, -22.868676276068161 ], [ -43.442099535669861, -22.870925514188848 ], [ -43.442226078133203, -22.87188750135854 ], [ -43.441985142264585, -22.873238474349055 ], [ -43.441866211114842, -22.874983045859377 ], [ -43.445784682284497, -22.875057067547289 ], [ -43.443949094785239, -22.877567328259101 ], [ -43.440076803664617, -22.882044200439871 ], [ -43.441666056630517, -22.883706541574309 ], [ -43.441794354041171, -22.883977381413985 ], [ -43.441786525055392, -22.884116474171769 ], [ -43.44005502944119, -22.885586761407033 ], [ -43.440208800879745, -22.885820191259675 ], [ -43.443785304064285, -22.88937770069883 ], [ -43.444523204908137, -22.889700926425654 ], [ -43.448651029675396, -22.894049358140908 ], [ -43.448860962624877, -22.894300762615238 ], [ -43.44891971473902, -22.894637656836728 ], [ -43.450493665952152, -22.896330750158604 ], [ -43.451375936433585, -22.898324056558199 ], [ -43.456543612019701, -22.901440725861729 ], [ -43.456852817899851, -22.901768492467809 ], [ -43.459008125924825, -22.902670682951246 ], [ -43.460487835806859, -22.903543178286984 ], [ -43.461531447818025, -22.904239486296969 ], [ -43.462804348294583, -22.905507789671805 ], [ -43.463871410122067, -22.908036391003304 ], [ -43.466450753415302, -22.910367455887425 ], [ -43.466919671544879, -22.910974999270039 ], [ -43.467552234193526, -22.911491374548106 ], [ -43.467833467752193, -22.911918739471535 ], [ -43.468091009193436, -22.912563436303358 ], [ -43.468531523143902, -22.913175127689293 ], [ -43.469549677570974, -22.914212706806371 ], [ -43.470078066015439, -22.914484038259872 ], [ -43.469555517013163, -22.914804132434305 ], [ -43.467674123925093, -22.916344881363869 ], [ -43.466623014003538, -22.915645555565547 ], [ -43.464599870758185, -22.915208585793476 ], [ -43.463912231723008, -22.915132394511421 ], [ -43.462509289280007, -22.9152115723018 ], [ -43.460494556465392, -22.91514563285455 ], [ -43.457526589335579, -22.914687759346876 ], [ -43.45622547059876, -22.914617135468863 ], [ -43.455208841828721, -22.914752474102563 ], [ -43.454462963372308, -22.914379630780424 ], [ -43.453414290801263, -22.914125939876438 ], [ -43.452710581937744, -22.913817534372523 ], [ -43.451711658722338, -22.913587526573558 ], [ -43.450139096350249, -22.912260852255088 ], [ -43.440014127369686, -22.909141782575293 ], [ -43.437917293731537, -22.908661938686073 ], [ -43.436961037848292, -22.908840380802069 ], [ -43.436001579430531, -22.908796349118276 ], [ -43.433154438930636, -22.908144056038804 ], [ -43.431273505407177, -22.907831706668116 ], [ -43.43051825659802, -22.90868870938769 ], [ -43.429064986900656, -22.909892380796418 ], [ -43.4279758070357, -22.910225150375624 ], [ -43.427147231287215, -22.910632563526114 ], [ -43.426445426675208, -22.910706801579295 ], [ -43.42567130685476, -22.911615250973256 ], [ -43.425355858310063, -22.911832487672129 ], [ -43.423163676320179, -22.912231048466595 ], [ -43.422497382533933, -22.911940311303027 ], [ -43.421451002483394, -22.911917181076795 ], [ -43.421046881454586, -22.912070852318426 ], [ -43.420840464022533, -22.91274676505115 ], [ -43.420647214250984, -22.91303501485099 ], [ -43.420082516975832, -22.913399494337447 ], [ -43.419986789802479, -22.913230745320401 ], [ -43.419473181733167, -22.913081677689355 ], [ -43.419148938000852, -22.913148170048416 ], [ -43.418986951647881, -22.913102575981334 ], [ -43.418276263924938, -22.913504431108365 ], [ -43.417582669757351, -22.913398992247359 ], [ -43.417027658806887, -22.913222412691432 ], [ -43.41639944573749, -22.912608712868341 ], [ -43.416206908747775, -22.912214028442918 ], [ -43.416125203706841, -22.91170295596466 ], [ -43.415966182251978, -22.911352406479885 ], [ -43.417994666179837, -22.910417311617405 ], [ -43.419805732863139, -22.909405244293911 ], [ -43.415546440424194, -22.906424890860379 ], [ -43.415074787015982, -22.90368411655982 ], [ -43.415721370377533, -22.903107061435211 ], [ -43.416496403175287, -22.902599829999605 ], [ -43.4175449413761, -22.901086451909016 ], [ -43.417562166758167, -22.900777939948942 ], [ -43.417320566228128, -22.900504688706313 ], [ -43.416441702850669, -22.900157714891627 ], [ -43.414956746191464, -22.898726466851706 ], [ -43.413026437299742, -22.897445276291304 ], [ -43.411585287284879, -22.896275434557452 ], [ -43.409328903082844, -22.893530244697835 ], [ -43.408798205433726, -22.892697952162713 ], [ -43.408764792880135, -22.892018836568887 ], [ -43.408325398945799, -22.890780334659798 ], [ -43.406439394508681, -22.887941193857376 ], [ -43.406071060983365, -22.88463499838625 ], [ -43.405879845341353, -22.884308143061354 ], [ -43.408337329574017, -22.883289395384534 ], [ -43.409288851865306, -22.882692479969027 ], [ -43.409326532053079, -22.882804386078604 ], [ -43.409672643665353, -22.882612145729595 ], [ -43.410986464748547, -22.882222762774642 ], [ -43.412239476894968, -22.881606442619347 ], [ -43.413937254112383, -22.880365525223386 ], [ -43.415010351866385, -22.879132364217945 ], [ -43.41561839714241, -22.878724706843769 ], [ -43.41949421201457, -22.877731917924702 ], [ -43.420363464806222, -22.877684652608817 ], [ -43.420618062248401, -22.877580974080377 ], [ -43.420270475670392, -22.877381814846494 ], [ -43.418461514949058, -22.875734247126204 ], [ -43.419374981461246, -22.874888529595911 ], [ -43.419877285292714, -22.874865067777062 ], [ -43.419557572516986, -22.868863377594661 ], [ -43.419223190710419, -22.865435970531472 ], [ -43.419255248072567, -22.864754254038779 ], [ -43.414883250229401, -22.863430397698405 ], [ -43.415052514459539, -22.862944311338893 ], [ -43.415258632017931, -22.862877184962972 ], [ -43.415454678571606, -22.862602329476506 ], [ -43.415478640374118, -22.862141345987361 ], [ -43.415959037704859, -22.860422166388123 ], [ -43.415938032170914, -22.86009042175829 ], [ -43.415653166969307, -22.859435985814496 ], [ -43.415638538293557, -22.859084164212153 ], [ -43.416327963166736, -22.855429781326883 ], [ -43.416948881476785, -22.854464383380769 ], [ -43.417490487113632, -22.853893215411151 ], [ -43.418299797735322, -22.852503055432255 ], [ -43.418414551509969, -22.852261979228658 ], [ -43.418418425249051, -22.851927588943191 ], [ -43.419257507233546, -22.850387795302222 ], [ -43.419534533194174, -22.850102268710245 ], [ -43.420173351163228, -22.849733903585037 ], [ -43.420131868280585, -22.849554679418119 ], [ -43.42020073318416, -22.849514988966963 ], [ -43.420503103156562, -22.849725619094801 ], [ -43.421211462159633, -22.849807606158834 ], [ -43.422344073749244, -22.848962586091734 ], [ -43.424076685202742, -22.848426226135739 ], [ -43.424745011232659, -22.847651548302945 ], [ -43.425114694971157, -22.847424638464524 ], [ -43.426596313821371, -22.846799246019746 ], [ -43.426609385528586, -22.846721532379885 ], [ -43.427904577455699, -22.846842338333506 ], [ -43.428664035838828, -22.846674270925902 ], [ -43.42939853798142, -22.846141451112945 ], [ -43.429910883916676, -22.845930480071711 ], [ -43.430600849120204, -22.845448689420923 ], [ -43.431141640119336, -22.844473045730112 ], [ -43.431910392002749, -22.84382404765573 ], [ -43.432350800125739, -22.843707546142721 ], [ -43.433238172070133, -22.843939263458342 ], [ -43.433848995745507, -22.843840692021384 ], [ -43.434152502244928, -22.84350202624713 ], [ -43.434435808045407, -22.842961943921694 ], [ -43.434794511974545, -22.842687304734689 ], [ -43.435170203542974, -22.841898595483126 ] ] ] } },
{ "type": "Feature", "properties": { "objectid": 458, "nome": "Sepetiba", "regiao_adm": "SANTA CRUZ              ", "area_plane": "5", "codbairro": "150", "codra": 19, "codbnum": 150, "link": "Sepetiba                  &area=150               ", "rp": "Santa Cruz", "cod_rp": "5.3", "codbairro_long": 150, "st_area(shape)": 11621330.813849187, "st_perimeter(shape)": 21108.849494295759 }, "geometry": { "type": "MultiPolygon", "coordinates": [ [ [ [ -43.686357681973085, -22.947192724541367 ], [ -43.69327356226573, -22.946314857064518 ], [ -43.695112775881789, -22.945415787256046 ], [ -43.694927851393814, -22.945987699475545 ], [ -43.694925300687544, -22.94625366876414 ], [ -43.695100982882323, -22.946645651702955 ], [ -43.699566120070074, -22.950812956171326 ], [ -43.70413448176123, -22.955936651477153 ], [ -43.705638941397197, -22.958163827409653 ], [ -43.706936398643514, -22.961066965467051 ], [ -43.707783105841912, -22.962727606710146 ], [ -43.708328644683462, -22.963597396992437 ], [ -43.708785116510754, -22.963925450578184 ], [ -43.709258200908842, -22.964116441144689 ], [ -43.714011363930737, -22.965667816958607 ], [ -43.71436518060866, -22.965734722426408 ], [ -43.715578538301401, -22.965672752818957 ], [ -43.716787497385241, -22.965777466244763 ], [ -43.718109606890671, -22.966222777942473 ], [ -43.719148027129805, -22.966798283561786 ], [ -43.719255847467721, -22.966907896897897 ], [ -43.719237091350792, -22.967117920508002 ], [ -43.719002160071483, -22.967455530855247 ], [ -43.718259261740187, -22.969281289995859 ], [ -43.718305700488109, -22.969994102559312 ], [ -43.718613910483775, -22.970399236175997 ], [ -43.719261917157787, -22.970849836639069 ], [ -43.719832407144565, -22.970676515280601 ], [ -43.71983428421516, -22.970611953243321 ], [ -43.720035924079241, -22.970640495605014 ], [ -43.720111556106964, -22.970708846423069 ], [ -43.720053373134228, -22.970734749816387 ], [ -43.720088648132723, -22.9708628351401 ], [ -43.72026859736885, -22.970947111375548 ], [ -43.7203448324289, -22.971179575726925 ], [ -43.720281242988676, -22.971251228201915 ], [ -43.720161289734108, -22.971176377940335 ], [ -43.720081611972475, -22.971226675472142 ], [ -43.720165708091983, -22.971390830966072 ], [ -43.719910999083666, -22.971373150075291 ], [ -43.719592442059998, -22.971133760027669 ], [ -43.719475150724321, -22.971169843405331 ], [ -43.71933343567521, -22.971292617164323 ], [ -43.719321920240219, -22.971448595363039 ], [ -43.719575682818117, -22.971867107094187 ], [ -43.719475885466608, -22.97188915076466 ], [ -43.719415768752057, -22.971809545689261 ], [ -43.719330628296689, -22.971953188524374 ], [ -43.718839241123192, -22.971732903909572 ], [ -43.718590609438891, -22.971877662611274 ], [ -43.718382641436008, -22.972168253526362 ], [ -43.718226908134262, -22.972194993226005 ], [ -43.718159587488742, -22.972010740089662 ], [ -43.717943275098577, -22.971924270677331 ], [ -43.717960299649391, -22.970936228577486 ], [ -43.717589550618229, -22.970760087425479 ], [ -43.716929844523314, -22.97068177338414 ], [ -43.716299069536298, -22.970483472789152 ], [ -43.715164913752375, -22.969746311582135 ], [ -43.715042047716466, -22.970124386917881 ], [ -43.714502532820035, -22.970528796253937 ], [ -43.713797999197382, -22.97066298553532 ], [ -43.712515806120948, -22.971056755858761 ], [ -43.711517485951283, -22.971529321335694 ], [ -43.710824866571784, -22.971959117877898 ], [ -43.710095079029841, -22.972676636180829 ], [ -43.709711332751944, -22.97285324731158 ], [ -43.709008540848068, -22.97340813341842 ], [ -43.708406457836467, -22.97363941203086 ], [ -43.707850630351906, -22.974032375426834 ], [ -43.706754395998843, -22.975032025373746 ], [ -43.70637438728005, -22.975091335448443 ], [ -43.706389688841007, -22.975287361455305 ], [ -43.706189984718321, -22.975639239453979 ], [ -43.704424553159832, -22.978011308886625 ], [ -43.70334388704768, -22.97980622407794 ], [ -43.702416276638736, -22.981434212601304 ], [ -43.701416577662947, -22.983488357439686 ], [ -43.701507910899288, -22.983618170934154 ], [ -43.701248747364367, -22.983819625583493 ], [ -43.700397411268945, -22.984994281829277 ], [ -43.700295897364505, -22.985378025726572 ], [ -43.700596542117808, -22.985613061393284 ], [ -43.700552745262549, -22.985806436033894 ], [ -43.700464578377002, -22.98582504106059 ], [ -43.700352575060279, -22.985683677320232 ], [ -43.700240844641868, -22.985809747535249 ], [ -43.700320241024109, -22.985912733148872 ], [ -43.700240757508091, -22.985880015413883 ], [ -43.700204331103492, -22.985986021311103 ], [ -43.7000990930227, -22.986004485179571 ], [ -43.700092946371832, -22.986116701378151 ], [ -43.699748986354841, -22.986024283260161 ], [ -43.699642564305137, -22.986176590706673 ], [ -43.699437099253508, -22.986117822199645 ], [ -43.699363164262763, -22.986198411484104 ], [ -43.699277268868265, -22.986152547184634 ], [ -43.699334859315506, -22.985965701521643 ], [ -43.69905259060166, -22.985757365285803 ], [ -43.698940943376478, -22.985721766299854 ], [ -43.698904343096814, -22.985845925324067 ], [ -43.698366150097044, -22.985846381220963 ], [ -43.698279274306174, -22.985923431576808 ], [ -43.697967345183876, -22.985827841609375 ], [ -43.697677767579059, -22.985700280540808 ], [ -43.69775297365058, -22.985456768283658 ], [ -43.697394484893991, -22.985394572705918 ], [ -43.69726139788078, -22.985214648296179 ], [ -43.697052096503654, -22.985281298253891 ], [ -43.696721082310376, -22.985172271279151 ], [ -43.696531970132789, -22.985046256166793 ], [ -43.696495692105124, -22.98489277791446 ], [ -43.696378712795259, -22.984914756368596 ], [ -43.695985455000077, -22.984643907357061 ], [ -43.695814859149259, -22.984621729192263 ], [ -43.694685979437232, -22.985568905455139 ], [ -43.693542140198602, -22.986305236366217 ], [ -43.69338428782261, -22.986215423763927 ], [ -43.69344657934505, -22.986361711010744 ], [ -43.693252687431787, -22.986651838838235 ], [ -43.691105700188615, -22.989119496154299 ], [ -43.690376068114936, -22.990154563772897 ], [ -43.690352598847802, -22.990322451689046 ], [ -43.689601746899399, -22.991594156306434 ], [ -43.689598334005112, -22.991765641124836 ], [ -43.689699337139082, -22.99191396595662 ], [ -43.689540448703603, -22.991789819105154 ], [ -43.689440218639561, -22.991814007115337 ], [ -43.689270250875417, -22.991614713158437 ], [ -43.688964398955811, -22.990585988775134 ], [ -43.688781871604988, -22.990313524928489 ], [ -43.688751182662273, -22.989784096655161 ], [ -43.68896000591419, -22.989131288243943 ], [ -43.688971056599826, -22.988249242356371 ], [ -43.687787433384329, -22.986383494368138 ], [ -43.68739796413513, -22.985954238995298 ], [ -43.686002171121608, -22.985040481140388 ], [ -43.685195178227019, -22.984814855922711 ], [ -43.68473928875364, -22.984567123423677 ], [ -43.683949048915864, -22.984525879754923 ], [ -43.683677427540211, -22.984419670235415 ], [ -43.68360227967618, -22.984272185308125 ], [ -43.683085595492138, -22.983826056487569 ], [ -43.682491991579916, -22.982922637186441 ], [ -43.681535083315744, -22.982254904694688 ], [ -43.681469491817154, -22.982108315740415 ], [ -43.681525778513425, -22.981897077024211 ], [ -43.681433782934981, -22.981757133431174 ], [ -43.680851446532301, -22.981433373331747 ], [ -43.679259363669154, -22.980933297820009 ], [ -43.678622063147685, -22.981056507392104 ], [ -43.67800883107946, -22.980881415521754 ], [ -43.677476644188772, -22.980577571338319 ], [ -43.675357560501062, -22.980706187189522 ], [ -43.674290281078768, -22.980418540763214 ], [ -43.674214224633175, -22.979285860598843 ], [ -43.674619981246998, -22.977319329343519 ], [ -43.67478558541049, -22.976701857342075 ], [ -43.675443994156865, -22.975722352963036 ], [ -43.675741073169206, -22.974524870407734 ], [ -43.676110143274734, -22.972315072076725 ], [ -43.675875260295285, -22.971855106325837 ], [ -43.675572388099077, -22.971645749018581 ], [ -43.674519820192948, -22.971407092328903 ], [ -43.671764937745728, -22.971034412996065 ], [ -43.671492653502334, -22.970959877090191 ], [ -43.671044982604073, -22.970686884682053 ], [ -43.670831720588112, -22.970352096817223 ], [ -43.681030308894123, -22.965799075959648 ], [ -43.687909692051555, -22.962891453404158 ], [ -43.687366058670428, -22.962121506506964 ], [ -43.685157671386435, -22.961479471549477 ], [ -43.684244946365453, -22.960886005635125 ], [ -43.684052710996021, -22.960714250944473 ], [ -43.683600512838389, -22.959982801125648 ], [ -43.683013035963739, -22.959533828681128 ], [ -43.682969118518685, -22.958791590091842 ], [ -43.683148468280216, -22.958188218239226 ], [ -43.683314372941297, -22.957915568379327 ], [ -43.683684483784972, -22.957635131722284 ], [ -43.68500413112546, -22.957305848356043 ], [ -43.685363814721441, -22.957044198532277 ], [ -43.686372510312708, -22.955101045452928 ], [ -43.68422036088095, -22.953930290416576 ], [ -43.683141335104118, -22.953132225756008 ], [ -43.681701022149475, -22.951173449670183 ], [ -43.681461283542937, -22.950642190243553 ], [ -43.681155194940295, -22.949581204117212 ], [ -43.682761824492133, -22.948058869423303 ], [ -43.684215736676521, -22.946502191980358 ], [ -43.686357681973085, -22.947192724541367 ] ] ], [ [ [ -43.703166614969277, -22.985204470017617 ], [ -43.703244503799979, -22.985149021536614 ], [ -43.703391705470281, -22.985312618760201 ], [ -43.70390752221649, -22.985233926607911 ], [ -43.703891899582395, -22.985307318045791 ], [ -43.70407180848737, -22.98530472527721 ], [ -43.705678394014988, -22.98586518741272 ], [ -43.706136544213585, -22.985952022380083 ], [ -43.70690185623625, -22.986380058557486 ], [ -43.70700841901786, -22.986611783282729 ], [ -43.707429056411954, -22.986509903115216 ], [ -43.707470681893291, -22.98667706193967 ], [ -43.707353232938118, -22.986809868227727 ], [ -43.706982775176236, -22.986856520561659 ], [ -43.706002497799751, -22.986680070803189 ], [ -43.70563354931901, -22.986455866235037 ], [ -43.705193206257924, -22.98637369211654 ], [ -43.703602150192843, -22.985739018111779 ], [ -43.70330308448839, -22.985511588525199 ], [ -43.703330434060192, -22.985395481281067 ], [ -43.703166614969277, -22.985204470017617 ] ] ], [ [ [ -43.720123531097265, -22.97361170846974 ], [ -43.719682788914334, -22.973502476821551 ], [ -43.719488699385373, -22.973169076171722 ], [ -43.718744761393843, -22.972556663131638 ], [ -43.718707726342579, -22.972346463392935 ], [ -43.719059037980045, -22.972370798568924 ], [ -43.719467058854157, -22.972639631193456 ], [ -43.720123604155766, -22.973510733326826 ], [ -43.720123531097265, -22.97361170846974 ] ] ], [ [ [ -43.695422918031753, -22.986448083108318 ], [ -43.695496402003243, -22.986353762769955 ], [ -43.695706516354662, -22.986476970619112 ], [ -43.695942228962345, -22.986412888199901 ], [ -43.696147183905033, -22.986565407353993 ], [ -43.696223164157573, -22.986780177190326 ], [ -43.696438199305092, -22.986898818373383 ], [ -43.696382131553847, -22.986936832641621 ], [ -43.69602456979564, -22.986747383059896 ], [ -43.695779741883001, -22.986734620035467 ], [ -43.695422918031753, -22.986448083108318 ] ] ], [ [ [ -43.703624718722281, -22.985091529109848 ], [ -43.703561924620914, -22.985108898390926 ], [ -43.703557706578742, -22.985070568851889 ], [ -43.703624718722281, -22.985091529109848 ] ] ] ] } },
{ "type": "Feature", "properties": { "objectid": 378, "nome": "Padre Miguel", "regiao_adm": "BANGU                   ", "area_plane": "5", "codbairro": "140", "codra": 17, "codbnum": 140, "link": "Padre Miguel              &area=140               ", "rp": "Bangu", "cod_rp": "5.1", "codbairro_long": 140, "st_area(shape)": 4865804.9201900456, "st_perimeter(shape)": 16274.210279844943 }, "geometry": { "type": "Polygon", "coordinates": [ [ [ -43.443949094785239, -22.877567328259101 ], [ -43.445784682284497, -22.875057067547289 ], [ -43.441866211114842, -22.874983045859377 ], [ -43.441985142264585, -22.873238474349055 ], [ -43.442226078133203, -22.87188750135854 ], [ -43.442099535669861, -22.870925514188848 ], [ -43.442218747197501, -22.868676276068161 ], [ -43.443110943855366, -22.868577990143038 ], [ -43.447972990656957, -22.865215470531798 ], [ -43.446707594041776, -22.863554192770476 ], [ -43.446667596177633, -22.863686376753098 ], [ -43.445708439445973, -22.863386474648664 ], [ -43.445983022332562, -22.862456407730637 ], [ -43.446349159102439, -22.86218217732285 ], [ -43.446432911534082, -22.86110746389836 ], [ -43.447865062470825, -22.856322485426009 ], [ -43.450139783664213, -22.856517966307525 ], [ -43.45034439442847, -22.856417993994274 ], [ -43.450440130944543, -22.856225293668817 ], [ -43.450465966992311, -22.855889132469148 ], [ -43.452058303832892, -22.856044442446265 ], [ -43.453198049467595, -22.85680530260364 ], [ -43.454632654560733, -22.856932402695758 ], [ -43.454033147923532, -22.858093968497226 ], [ -43.454034172186788, -22.858244890516161 ], [ -43.454485590027119, -22.858656859163155 ], [ -43.455050454427202, -22.858154152639372 ], [ -43.455828873700284, -22.858700155870523 ], [ -43.454687997155226, -22.859725602837319 ], [ -43.454789293873979, -22.860368080561251 ], [ -43.453858961499044, -22.860535153769334 ], [ -43.454056337699434, -22.861566097318043 ], [ -43.453992782757943, -22.862385613253398 ], [ -43.455281285029734, -22.862476069115687 ], [ -43.455339952151128, -22.863045250022843 ], [ -43.454173884834695, -22.864613860953995 ], [ -43.453941229051232, -22.864538629034303 ], [ -43.453864196213026, -22.864628462399423 ], [ -43.454052706540736, -22.864763686578961 ], [ -43.452790030264389, -22.866469706075119 ], [ -43.452390192096111, -22.866294764084159 ], [ -43.452285456862043, -22.866429575592949 ], [ -43.452613830962278, -22.866684381753224 ], [ -43.451351362658272, -22.868360225374278 ], [ -43.450991370826223, -22.868263607596298 ], [ -43.450088538920099, -22.869351663005965 ], [ -43.449200107593335, -22.870603498604851 ], [ -43.449177580368904, -22.871634741959728 ], [ -43.449089380663644, -22.871754629966606 ], [ -43.449294999058914, -22.871817054992526 ], [ -43.455336004639676, -22.871556312211027 ], [ -43.455245607472264, -22.875231081222896 ], [ -43.455669057017971, -22.875242689943533 ], [ -43.456065979732742, -22.876152292458155 ], [ -43.456020281742106, -22.882597392369306 ], [ -43.452537915430135, -22.882483069749345 ], [ -43.452138602981968, -22.883701833480782 ], [ -43.452081070347127, -22.884941629761805 ], [ -43.45411909132644, -22.885036871900901 ], [ -43.45410707647023, -22.885142420910551 ], [ -43.456641188666573, -22.885310459757466 ], [ -43.456662126893704, -22.885381106985839 ], [ -43.454673860926128, -22.887364388263638 ], [ -43.454436038702163, -22.887742023328649 ], [ -43.454322962974551, -22.888138388978415 ], [ -43.454348677677544, -22.888742470367834 ], [ -43.454583930846972, -22.889547276971069 ], [ -43.454421058077102, -22.890501745691193 ], [ -43.454670648334179, -22.891004775514421 ], [ -43.45465060286508, -22.892292710630308 ], [ -43.454877323501805, -22.892896217322548 ], [ -43.454886659388563, -22.893027080770768 ], [ -43.454709512942635, -22.893322216948562 ], [ -43.455390018557623, -22.894138937400012 ], [ -43.461531447818025, -22.904239486296969 ], [ -43.459008125924825, -22.902670682951246 ], [ -43.456852817899851, -22.901768492467809 ], [ -43.456543612019701, -22.901440725861729 ], [ -43.451375936433585, -22.898324056558199 ], [ -43.450493665952152, -22.896330750158604 ], [ -43.44891971473902, -22.894637656836728 ], [ -43.448860962624877, -22.894300762615238 ], [ -43.448651029675396, -22.894049358140908 ], [ -43.444523204908137, -22.889700926425654 ], [ -43.443785304064285, -22.88937770069883 ], [ -43.440091290484297, -22.885697297282576 ], [ -43.44010611504779, -22.885500291985284 ], [ -43.441786525055392, -22.884116474171769 ], [ -43.441794354041171, -22.883977381413985 ], [ -43.441666056630517, -22.883706541574309 ], [ -43.440076803664617, -22.882044200439871 ], [ -43.443949094785239, -22.877567328259101 ] ] ] } },
{ "type": "Feature", "properties": { "objectid": 389, "nome": "Senador Camará", "regiao_adm": "BANGU                   ", "area_plane": "5", "codbairro": "142", "codra": 17, "codbnum": 142, "link": "Senador Camará            &area=142               ", "rp": "Bangu", "cod_rp": "5.1", "codbairro_long": 142, "st_area(shape)": 16908650.151341699, "st_perimeter(shape)": 25798.241536518286 }, "geometry": { "type": "Polygon", "coordinates": [ [ [ -43.496905133438553, -22.864645912917737 ], [ -43.497586347357533, -22.864514618675152 ], [ -43.499241427284289, -22.86544205403543 ], [ -43.499831551340648, -22.865982551351326 ], [ -43.500545143325695, -22.866488988856215 ], [ -43.500987977708725, -22.866659792232372 ], [ -43.501734609715953, -22.866695997744412 ], [ -43.502602490777385, -22.867398326275932 ], [ -43.504168247214359, -22.867517822301775 ], [ -43.506901974302714, -22.868350646527105 ], [ -43.508670795320576, -22.869270384625946 ], [ -43.508825384047867, -22.869519024623173 ], [ -43.509360099435163, -22.871015673066257 ], [ -43.509686344014042, -22.871494780562642 ], [ -43.509287596921972, -22.87158614214934 ], [ -43.507912310797103, -22.870897423322425 ], [ -43.507332951745788, -22.870918900922813 ], [ -43.506655411683383, -22.871308932535875 ], [ -43.505587430466491, -22.872536118542833 ], [ -43.504765052470326, -22.872890097934896 ], [ -43.504455781720132, -22.87314946362466 ], [ -43.504497189872701, -22.873560331462819 ], [ -43.505211803940085, -22.874219118993274 ], [ -43.505235143345814, -22.875007422753804 ], [ -43.505151713992177, -22.875247597992637 ], [ -43.504885541450939, -22.875344893065442 ], [ -43.504732628521609, -22.875495183355415 ], [ -43.504444468912979, -22.876265113081928 ], [ -43.506358552497346, -22.876734403457686 ], [ -43.508124321908582, -22.877487583887895 ], [ -43.506592082866909, -22.881047123739474 ], [ -43.506483781584997, -22.881556021713191 ], [ -43.504712043056742, -22.886717993394594 ], [ -43.502758901791395, -22.892132819265218 ], [ -43.503746930860864, -22.892604713305253 ], [ -43.506586700777703, -22.893020676198066 ], [ -43.50799773890904, -22.894354684201868 ], [ -43.51089446279093, -22.896255514397534 ], [ -43.511732695620026, -22.896908481497764 ], [ -43.512876515612554, -22.89755509340262 ], [ -43.512240678083941, -22.897819724163494 ], [ -43.511451227043516, -22.898403798918352 ], [ -43.510848445606726, -22.898631343358208 ], [ -43.509277231702754, -22.899057795703726 ], [ -43.508500528970252, -22.899027296448708 ], [ -43.508144654908349, -22.899113006317663 ], [ -43.507650868163616, -22.899490400055299 ], [ -43.506788487591592, -22.900580610547621 ], [ -43.506368849699619, -22.901245170119513 ], [ -43.505849219499801, -22.901622313759095 ], [ -43.504779862821628, -22.902782272768373 ], [ -43.502406990823552, -22.904990139265969 ], [ -43.501847812283174, -22.904581164956248 ], [ -43.50107451831915, -22.90421125982294 ], [ -43.500280987737412, -22.904041926842417 ], [ -43.499288696093942, -22.904261233178488 ], [ -43.49932889381018, -22.905037770683695 ], [ -43.498670549503935, -22.906747786040185 ], [ -43.498088265616147, -22.907772853954981 ], [ -43.494389517300796, -22.909204536292503 ], [ -43.493359039587233, -22.913403834852687 ], [ -43.49655197457912, -22.917165042346614 ], [ -43.496504093223095, -22.919180661030072 ], [ -43.495646692037987, -22.920523903907181 ], [ -43.495503038561196, -22.921710529680112 ], [ -43.495583552394827, -22.922630593862571 ], [ -43.495324730326935, -22.922865486038262 ], [ -43.492218497958859, -22.924026982706785 ], [ -43.491148159443235, -22.92428929142952 ], [ -43.490846923012697, -22.924928013437032 ], [ -43.490491379639543, -22.925328968825525 ], [ -43.489552494424885, -22.926133039300115 ], [ -43.488758128211998, -22.926749545936055 ], [ -43.4876351179457, -22.927046458250352 ], [ -43.487137418943909, -22.92699782468793 ], [ -43.486277445051336, -22.926682020157415 ], [ -43.484543492433609, -22.925601946688218 ], [ -43.484104009321669, -22.925439522235674 ], [ -43.483639173372275, -22.925426233286018 ], [ -43.48291636784429, -22.925577557296894 ], [ -43.48072477696909, -22.926937398967095 ], [ -43.47977479801515, -22.927340582521758 ], [ -43.474286764332909, -22.931023456411971 ], [ -43.472887566785936, -22.931805841431704 ], [ -43.472390241601289, -22.927942072899597 ], [ -43.471886697197569, -22.927154937234473 ], [ -43.471259239461055, -22.926410588362899 ], [ -43.469284150288999, -22.924849013528537 ], [ -43.46756132004586, -22.923210826343631 ], [ -43.468020146429424, -22.922916410459333 ], [ -43.468608025503201, -22.922104658662736 ], [ -43.469210460352024, -22.920005366182007 ], [ -43.468751163135764, -22.917167461177232 ], [ -43.467674123925093, -22.916344881363869 ], [ -43.469555517013163, -22.914804132434305 ], [ -43.470078066015439, -22.914484038259872 ], [ -43.472037606148731, -22.913829629309429 ], [ -43.473628310077075, -22.912644210579579 ], [ -43.474819448592264, -22.911077341242258 ], [ -43.476389755094843, -22.90946162606166 ], [ -43.47678848881047, -22.906747834564889 ], [ -43.477018600649508, -22.903611021995626 ], [ -43.477254751386063, -22.901643010342713 ], [ -43.477989299688915, -22.899886772109081 ], [ -43.480054652980584, -22.898348543697061 ], [ -43.479388562482463, -22.895182917355093 ], [ -43.48013676816808, -22.892570891395959 ], [ -43.479118342196479, -22.892245504811441 ], [ -43.480745193342671, -22.886287544021414 ], [ -43.481358937808558, -22.886282751396454 ], [ -43.481043263146262, -22.885736138594002 ], [ -43.481049698176619, -22.885578332118275 ], [ -43.481823492988738, -22.882795302457833 ], [ -43.481843525734405, -22.881852980766883 ], [ -43.482078112307157, -22.881600896714655 ], [ -43.482134711766115, -22.881402024734928 ], [ -43.481968376439838, -22.880407438243637 ], [ -43.482166850360841, -22.880431278321442 ], [ -43.481985021097948, -22.87934008897771 ], [ -43.482010680414959, -22.877882670925271 ], [ -43.481884794713622, -22.876011705855234 ], [ -43.479226162286317, -22.875981874944205 ], [ -43.479073351683034, -22.876111911806316 ], [ -43.478998505152802, -22.876032352237363 ], [ -43.479026239638024, -22.875668742513817 ], [ -43.482427255273883, -22.875734109765904 ], [ -43.48260041310504, -22.87079053945806 ], [ -43.483783381585773, -22.870775540545267 ], [ -43.484509886317653, -22.870957854730094 ], [ -43.485707313598922, -22.867071852042045 ], [ -43.48608568108655, -22.866233727706913 ], [ -43.487438176787755, -22.864485379834385 ], [ -43.488503244463132, -22.86449008211537 ], [ -43.48897302885554, -22.864592356705359 ], [ -43.490070376495666, -22.865168230584011 ], [ -43.490334542946734, -22.865427772151399 ], [ -43.490702132193697, -22.865465397900106 ], [ -43.492397800025834, -22.865272129714199 ], [ -43.49325280746838, -22.865280771215794 ], [ -43.495914676840194, -22.864574053368479 ], [ -43.496905133438553, -22.864645912917737 ] ], [ [ -43.49350375959461, -22.88346283199331 ], [ -43.4940290722516, -22.88338851238494 ], [ -43.494565031716732, -22.883179906552481 ], [ -43.496404759381932, -22.88205114095636 ], [ -43.497167997776714, -22.879222943589159 ], [ -43.493937903352148, -22.878656099669573 ], [ -43.492126081877068, -22.878222579867469 ], [ -43.491651805183153, -22.878725468610412 ], [ -43.490504026949878, -22.879474115105339 ], [ -43.489639775318579, -22.882509837408694 ], [ -43.489795306151393, -22.882551514405279 ], [ -43.48963967501038, -22.883077378064456 ], [ -43.491663558948993, -22.883386772134216 ], [ -43.49350375959461, -22.88346283199331 ] ] ] } },
{ "type": "Feature", "properties": { "objectid": 450, "nome": "Guaratiba", "regiao_adm": "GUARATIBA               ", "area_plane": "5", "codbairro": "151", "codra": 26, "codbnum": 151, "link": "Guaratiba                 &area=151               ", "rp": "Guaratiba", "cod_rp": "5.4", "codbairro_long": 151, "st_area(shape)": 131786941.570838, "st_perimeter(shape)": 88693.995708501519 }, "geometry": { "type": "MultiPolygon", "coordinates": [ [ [ [ -43.577945614264301, -22.931900719409917 ], [ -43.578545382179975, -22.931556026876525 ], [ -43.580177489597204, -22.931770051651366 ], [ -43.581852494660453, -22.932294407088047 ], [ -43.586524469146319, -22.932255608093332 ], [ -43.587103211887758, -22.93328693189617 ], [ -43.587736241852973, -22.933353167769539 ], [ -43.588102196102206, -22.93368246430536 ], [ -43.588298038487714, -22.933678427003017 ], [ -43.589333257414999, -22.934370150389203 ], [ -43.590762536200053, -22.934854207000146 ], [ -43.59113388985957, -22.935096389887232 ], [ -43.592489619414707, -22.935602809150009 ], [ -43.59414400309884, -22.935442710762164 ], [ -43.598126086397727, -22.935320330695561 ], [ -43.603809592060216, -22.933967544280407 ], [ -43.605871205494616, -22.934373756176498 ], [ -43.614697470235427, -22.934688751816502 ], [ -43.613436129241514, -22.936185034056447 ], [ -43.613484157431017, -22.937654455751495 ], [ -43.614112037501748, -22.942013750165501 ], [ -43.614738432560479, -22.942239321568309 ], [ -43.615386258999131, -22.942755265853165 ], [ -43.615972273948962, -22.943327386452008 ], [ -43.616737682499007, -22.944316891535394 ], [ -43.616938063526831, -22.94500982905636 ], [ -43.617062664747976, -22.946327282167839 ], [ -43.617784291177067, -22.946608314989266 ], [ -43.619100460269294, -22.947450509353597 ], [ -43.61975599249979, -22.948133590087156 ], [ -43.620784162531706, -22.948807083521231 ], [ -43.621567243441518, -22.949146165012976 ], [ -43.623205886032565, -22.9494669311241 ], [ -43.623814638936857, -22.949812345433166 ], [ -43.624202165862876, -22.949834674282876 ], [ -43.62550359638923, -22.950299527115238 ], [ -43.625816207807958, -22.950873851626721 ], [ -43.626305008789885, -22.951123838347655 ], [ -43.628816014223851, -22.951573216837289 ], [ -43.6300059534735, -22.951965717006065 ], [ -43.631317079970195, -22.952527607743445 ], [ -43.632040046796675, -22.95294334152975 ], [ -43.633213761355982, -22.953972688735099 ], [ -43.63431205675446, -22.954200535695271 ], [ -43.635662881974056, -22.954717214826125 ], [ -43.636011654401614, -22.955211632359262 ], [ -43.636966852453149, -22.955501902502707 ], [ -43.637953016429236, -22.956138351050999 ], [ -43.639131573509566, -22.9561938957339 ], [ -43.640494458403005, -22.956005440392452 ], [ -43.641093905702057, -22.956001456502321 ], [ -43.641881554470899, -22.955853488916897 ], [ -43.642302446929172, -22.956003948264598 ], [ -43.643571262801956, -22.956876612779979 ], [ -43.644967442081004, -22.957066653381016 ], [ -43.645332219243606, -22.956849214811498 ], [ -43.64597340910727, -22.956247936887603 ], [ -43.646777409645139, -22.956005072403396 ], [ -43.649341375086912, -22.954369510710873 ], [ -43.649282262263128, -22.953496629642711 ], [ -43.649637672797461, -22.953602074870979 ], [ -43.650785783522785, -22.954513666677002 ], [ -43.651700341538891, -22.954449731670103 ], [ -43.652322147227331, -22.955259745900101 ], [ -43.654412392938085, -22.95496075124419 ], [ -43.656681758266437, -22.95622519541627 ], [ -43.657726210555047, -22.956934813467242 ], [ -43.65913345865988, -22.958833815606361 ], [ -43.662042748196171, -22.962169347242817 ], [ -43.662044821378771, -22.962543370127911 ], [ -43.662587135265674, -22.962947059773946 ], [ -43.662569858619861, -22.963206216045752 ], [ -43.662917122834081, -22.963846336721115 ], [ -43.663903628081464, -22.965370184891803 ], [ -43.664893098885912, -22.966276639918519 ], [ -43.664790707078986, -22.966492904968 ], [ -43.664991951950803, -22.967324436657414 ], [ -43.6654879174638, -22.967732601376884 ], [ -43.665964706556672, -22.967958255473071 ], [ -43.666458263207538, -22.968364141823479 ], [ -43.667360847980149, -22.968536018461702 ], [ -43.667791292248957, -22.968883296034992 ], [ -43.668087716459958, -22.969320577180486 ], [ -43.669367371293148, -22.969733779085676 ], [ -43.670257550129598, -22.970248111791044 ], [ -43.670831720588112, -22.970352096817223 ], [ -43.670925428361485, -22.970584096034379 ], [ -43.671492653502334, -22.970959877090191 ], [ -43.674519820192948, -22.971407092328903 ], [ -43.675572388099077, -22.971645749018581 ], [ -43.675875260295285, -22.971855106325837 ], [ -43.676110143274734, -22.972315072076725 ], [ -43.676114703289308, -22.972567910874769 ], [ -43.675741073169206, -22.974524870407734 ], [ -43.675393180682597, -22.975841779190507 ], [ -43.674723547641314, -22.976881883931153 ], [ -43.674214224633175, -22.979285860598843 ], [ -43.674310878949328, -22.980556990484221 ], [ -43.674101542837398, -22.980856811062029 ], [ -43.673641538559203, -22.980914287344156 ], [ -43.673281798921757, -22.981172655519913 ], [ -43.672696378396644, -22.981386684270021 ], [ -43.672442178580397, -22.981535566127889 ], [ -43.67226996678427, -22.981759375679417 ], [ -43.669671084219473, -22.983435553247688 ], [ -43.668960100651866, -22.983759513629376 ], [ -43.668412111939979, -22.984203065329758 ], [ -43.668261070034426, -22.984425965062613 ], [ -43.667347906752347, -22.984943577977248 ], [ -43.666436968869085, -22.985740640119683 ], [ -43.665107390460477, -22.986492268039271 ], [ -43.664547249193447, -22.986899667156905 ], [ -43.664016130653906, -22.987460396020598 ], [ -43.663636402208205, -22.987545704607527 ], [ -43.663285689925566, -22.98777531425074 ], [ -43.663100538362698, -22.987973443774568 ], [ -43.663017610669435, -22.988212176307453 ], [ -43.662635372883933, -22.988353909570332 ], [ -43.662167784813967, -22.988653247521878 ], [ -43.662091800019908, -22.989137611015583 ], [ -43.661195429216697, -22.989975139704626 ], [ -43.660193624557905, -22.991461513740624 ], [ -43.660086408810479, -22.991531235024187 ], [ -43.65984807989458, -22.991422915525721 ], [ -43.659587589615924, -22.991474538887299 ], [ -43.658929731529142, -22.992161344907387 ], [ -43.657881475700471, -22.993881954964099 ], [ -43.656448753428499, -22.995826171684289 ], [ -43.655624498206357, -22.997500704490079 ], [ -43.655434848082344, -22.998366952463581 ], [ -43.655045535641221, -22.998746411521118 ], [ -43.65463663805086, -22.999349779776697 ], [ -43.654660522717151, -22.99945989853968 ], [ -43.654271889720242, -22.999986758628822 ], [ -43.65446172965261, -23.000155096054431 ], [ -43.654132498328025, -23.000141912882146 ], [ -43.653446987952194, -23.000383463036616 ], [ -43.652887882640286, -23.00086389280164 ], [ -43.652090383278605, -22.999610550907789 ], [ -43.650460129523843, -22.997533824992399 ], [ -43.650395565516774, -22.996854631283309 ], [ -43.650214296507045, -22.996168483878833 ], [ -43.650617421549555, -22.993457527918672 ], [ -43.650305397379597, -22.993520981610576 ], [ -43.64758914119593, -22.992711062017648 ], [ -43.646381805128499, -22.992466557827655 ], [ -43.644014096003225, -22.992161086920465 ], [ -43.643091809015672, -22.992279271697974 ], [ -43.642431816610262, -22.992117459994081 ], [ -43.642006391515324, -22.991843582896813 ], [ -43.641694955716162, -22.991204360793006 ], [ -43.641201656971603, -22.990587600805327 ], [ -43.640453024522465, -22.990208801613743 ], [ -43.638102704240282, -22.990110580985732 ], [ -43.637492211221165, -22.990189417279886 ], [ -43.637127632131417, -22.990318412758892 ], [ -43.636918467294116, -22.99048469344358 ], [ -43.636616065139599, -22.991202728883259 ], [ -43.636356753248769, -22.991194536902203 ], [ -43.636121280903602, -22.990736137812824 ], [ -43.635362160410111, -22.990441309587172 ], [ -43.633401290592431, -22.989992060512609 ], [ -43.631899003646112, -22.989738851889236 ], [ -43.630204548038925, -22.989243816098654 ], [ -43.629532707313743, -22.988973739524116 ], [ -43.629288035740551, -22.98879144134002 ], [ -43.628849262700115, -22.992780088906223 ], [ -43.628639799282475, -22.992926484944586 ], [ -43.628382829712933, -22.993323640259511 ], [ -43.62694971503106, -22.995845414503297 ], [ -43.626639198316155, -22.996404220994616 ], [ -43.626523865176893, -22.996907728955176 ], [ -43.62671708065831, -22.998329628979668 ], [ -43.627353703499274, -23.001439867008678 ], [ -43.627488223003539, -23.001615163748596 ], [ -43.628240709563443, -23.005456068045895 ], [ -43.628721964874153, -23.006375413705552 ], [ -43.62874228238406, -23.00683638436799 ], [ -43.628902823802079, -23.007140604374541 ], [ -43.628991843486141, -23.007580856193474 ], [ -43.630178083854553, -23.008667424496895 ], [ -43.629557320238476, -23.008827331115533 ], [ -43.627560373260174, -23.009027607969852 ], [ -43.627100340559892, -23.010156725856007 ], [ -43.627111686965499, -23.010587813268494 ], [ -43.626917172016661, -23.010815620682557 ], [ -43.626386884445395, -23.011134804825208 ], [ -43.625630083023601, -23.011440548732732 ], [ -43.625035225285806, -23.011555053893723 ], [ -43.624663127438225, -23.011446783889351 ], [ -43.624438869344509, -23.011509230804485 ], [ -43.624527367333194, -23.011912807947965 ], [ -43.624179268044415, -23.013199862061345 ], [ -43.624154921560844, -23.013974474167586 ], [ -43.623671145678657, -23.014621448426354 ], [ -43.622949999062641, -23.015131875445206 ], [ -43.621669821295505, -23.015656217576883 ], [ -43.620344259658701, -23.01637306826736 ], [ -43.618980610051189, -23.016967287119812 ], [ -43.618104430458651, -23.017234470964294 ], [ -43.613303571915672, -23.019492647261117 ], [ -43.612085904138731, -23.019965073905979 ], [ -43.610766915942953, -23.020631682376209 ], [ -43.608086622613619, -23.021653355164453 ], [ -43.605457831126053, -23.022160815925552 ], [ -43.603288010062073, -23.022052900420501 ], [ -43.602412128318583, -23.022152914570398 ], [ -43.599462946683403, -23.022861195862561 ], [ -43.599066336796767, -23.022829777708246 ], [ -43.598935784661514, -23.023424342718013 ], [ -43.614577619510342, -23.031012754304879 ], [ -43.615359942352825, -23.031555627983614 ], [ -43.619424990524386, -23.032801116999906 ], [ -43.622053669560408, -23.033223322694361 ], [ -43.624107104966114, -23.033406203505027 ], [ -43.626503989431157, -23.033478331608912 ], [ -43.630019874015005, -23.03340513706803 ], [ -43.63273863412887, -23.033773214463988 ], [ -43.633956221780586, -23.033653407611226 ], [ -43.634878916144487, -23.033281230353698 ], [ -43.635685565540093, -23.033298034788977 ], [ -43.636156834888006, -23.033459067262612 ], [ -43.636639783546755, -23.033855746449209 ], [ -43.638089437459158, -23.034200688089836 ], [ -43.641324077711587, -23.03548317949716 ], [ -43.641682781700091, -23.035484995768041 ], [ -43.642247118680409, -23.035250955036954 ], [ -43.642574284912918, -23.035284018055698 ], [ -43.642820750076709, -23.035443102770532 ], [ -43.643065373391337, -23.035815679216427 ], [ -43.643199737903686, -23.035885021586576 ], [ -43.645727818578202, -23.036731093348163 ], [ -43.647550315901469, -23.036987292068531 ], [ -43.648795106748381, -23.037390535816993 ], [ -43.649867795018459, -23.037467343974591 ], [ -43.651205331681751, -23.037789445515624 ], [ -43.652656680139039, -23.038306143402039 ], [ -43.653162316633924, -23.038381167852421 ], [ -43.65406563021557, -23.03869105506622 ], [ -43.654517807873724, -23.03862653451344 ], [ -43.656255916364671, -23.039121162664475 ], [ -43.656742135746839, -23.03909783754181 ], [ -43.65707594700023, -23.039446134530053 ], [ -43.658558422035689, -23.040184229627904 ], [ -43.659156389068549, -23.040259116130507 ], [ -43.659512329715888, -23.040531999874574 ], [ -43.660560513455927, -23.040899348014591 ], [ -43.662445867941749, -23.041252999220085 ], [ -43.662736840614187, -23.041187631953715 ], [ -43.663073124965159, -23.040892068327391 ], [ -43.663851390809967, -23.04088338196291 ], [ -43.663984504487786, -23.040962269343822 ], [ -43.664214981583214, -23.041390873031574 ], [ -43.664159491088377, -23.052863452025033 ], [ -43.663599610838567, -23.05284941649056 ], [ -43.66282822204424, -23.052708323530595 ], [ -43.661806622874785, -23.05283081800259 ], [ -43.66112218914062, -23.052808857057446 ], [ -43.660288420629861, -23.052709037374399 ], [ -43.659603457525037, -23.052504083029778 ], [ -43.657464932809063, -23.05245098487411 ], [ -43.655137672785287, -23.052219502071654 ], [ -43.654459518338939, -23.052086747505907 ], [ -43.650482764197314, -23.051935347962896 ], [ -43.648159697919986, -23.051697027032308 ], [ -43.643209229431122, -23.051440205763804 ], [ -43.642055911724619, -23.051257348059096 ], [ -43.640234788241337, -23.05123510292206 ], [ -43.637964836572849, -23.050891508754393 ], [ -43.63429698574641, -23.050939617585602 ], [ -43.632340994433633, -23.050637488313033 ], [ -43.630230972360671, -23.050666820116657 ], [ -43.629197658931467, -23.050528892963474 ], [ -43.627957432886717, -23.050527077646635 ], [ -43.626888792184793, -23.050658781008931 ], [ -43.623841840696798, -23.050420678374163 ], [ -43.622123302108342, -23.050658775438574 ], [ -43.621265952284425, -23.050531542418302 ], [ -43.61906232916359, -23.050590794830708 ], [ -43.616856605311504, -23.050463947174844 ], [ -43.615611859614035, -23.050647050951039 ], [ -43.6130448760726, -23.050659953854783 ], [ -43.612227236068314, -23.050791957427236 ], [ -43.610040651700494, -23.050788371949057 ], [ -43.603985112352831, -23.051200683936131 ], [ -43.597794013168425, -23.051780177167739 ], [ -43.593803607740149, -23.05248676199864 ], [ -43.592727611701498, -23.052768543785447 ], [ -43.59169121127583, -23.052902553596279 ], [ -43.590259583565839, -23.053229559238876 ], [ -43.588991591300292, -23.053390658179737 ], [ -43.586019415305508, -23.054144780823734 ], [ -43.583595174274251, -23.054567877818517 ], [ -43.580585378469948, -23.05534955892243 ], [ -43.578616702414152, -23.055994234655138 ], [ -43.576100910067453, -23.056941300669774 ], [ -43.5751355924941, -23.057457597879189 ], [ -43.574263986687619, -23.058055025417328 ], [ -43.573115977825452, -23.058549884484648 ], [ -43.57272897106354, -23.05880207337578 ], [ -43.571881918097951, -23.059577444259581 ], [ -43.57011462842528, -23.06086515078384 ], [ -43.56881697828333, -23.062114914928401 ], [ -43.568441218190678, -23.062575365559798 ], [ -43.568063495920065, -23.062566253639112 ], [ -43.567461863307514, -23.062834632338703 ], [ -43.56691617131257, -23.062843414235708 ], [ -43.566696472496048, -23.062658624345708 ], [ -43.566232775369052, -23.062961487495798 ], [ -43.566261020698626, -23.063206676273627 ], [ -43.566356548293847, -23.063319622635042 ], [ -43.566251411318888, -23.063422710524666 ], [ -43.565944385232747, -23.063060295157285 ], [ -43.565886762635962, -23.062419262573773 ], [ -43.56567584055103, -23.062069729725177 ], [ -43.565414977042522, -23.061873728665351 ], [ -43.564810365439818, -23.061714344004145 ], [ -43.563635972307608, -23.060881907696956 ], [ -43.561759857528756, -23.058414353795243 ], [ -43.561265894471099, -23.057938147514861 ], [ -43.560583433182501, -23.057529765000258 ], [ -43.559789711532595, -23.056479769412398 ], [ -43.558893836954226, -23.055950312237744 ], [ -43.557978874162323, -23.055207083797846 ], [ -43.556213921942636, -23.053661595670466 ], [ -43.555727429622337, -23.052991808703755 ], [ -43.555376575907587, -23.052680722083579 ], [ -43.553473424862922, -23.051516333853268 ], [ -43.553271587977093, -23.051325730191138 ], [ -43.553049767531689, -23.050996042602534 ], [ -43.55287396121399, -23.050378670462194 ], [ -43.552595740845376, -23.048295654254805 ], [ -43.552860988296857, -23.046570105387786 ], [ -43.553344808493435, -23.045477217807058 ], [ -43.553814968625097, -23.044657223081231 ], [ -43.554087031645324, -23.044302248757024 ], [ -43.557864698669221, -23.04073682408124 ], [ -43.562141161370661, -23.034638455519673 ], [ -43.563737955278761, -23.032800885211913 ], [ -43.564103834671833, -23.031681959632863 ], [ -43.56411867043429, -23.031294826594756 ], [ -43.562764164938116, -23.028506894306325 ], [ -43.562833613974533, -23.028030755123432 ], [ -43.563887952026256, -23.026749374024813 ], [ -43.563891739926746, -23.026391853024467 ], [ -43.563712445929603, -23.026092368864717 ], [ -43.562705738304849, -23.025412824038696 ], [ -43.56135859683279, -23.024963639836979 ], [ -43.559858491640043, -23.023768229813349 ], [ -43.55924853795603, -23.023613748228154 ], [ -43.558732853076741, -23.023678504612128 ], [ -43.557507639117539, -23.024382360419491 ], [ -43.555357436373974, -23.024789838597584 ], [ -43.550926068915352, -23.024808839679949 ], [ -43.549688480193353, -23.024658504186355 ], [ -43.548888643919661, -23.024204297622035 ], [ -43.547334471565577, -23.023057951330731 ], [ -43.546621797347264, -23.021983804771594 ], [ -43.546534790557018, -23.021089257354891 ], [ -43.546430122707115, -23.020849958463202 ], [ -43.544591466400135, -23.019224208867787 ], [ -43.544412856623858, -23.018875035690481 ], [ -43.544052644742358, -23.017446656864241 ], [ -43.543616190378067, -23.016131734331125 ], [ -43.542901042271083, -23.014794465788153 ], [ -43.542307105722493, -23.013155307599515 ], [ -43.541715320480549, -23.012315716976868 ], [ -43.541591663437785, -23.011847834740408 ], [ -43.540135109084282, -23.013017701502633 ], [ -43.539741796164193, -23.013174110633166 ], [ -43.538703668431111, -23.013384715380383 ], [ -43.535836849260022, -23.013631785683412 ], [ -43.535027252589586, -23.013558998106504 ], [ -43.532571645581562, -23.013077640733187 ], [ -43.531132104907797, -23.012767788703798 ], [ -43.530712020386609, -23.012458538949915 ], [ -43.530374662805869, -23.011771913328282 ], [ -43.530312876969077, -23.01120714906077 ], [ -43.530391145514812, -23.010998078172438 ], [ -43.530915451137986, -23.01034076366513 ], [ -43.530937467627346, -23.010064609277141 ], [ -43.530682455367355, -23.009666397233424 ], [ -43.530072274669919, -23.009236077446676 ], [ -43.528663830836059, -23.008824711952613 ], [ -43.527889054645783, -23.008297302643431 ], [ -43.527389023959458, -23.008101729541711 ], [ -43.52672718156488, -23.008181008532414 ], [ -43.525914703687604, -23.00862826523425 ], [ -43.52546831520592, -23.008739709468998 ], [ -43.525267728752027, -23.008712733952223 ], [ -43.524102104645642, -23.008187897058598 ], [ -43.522614390116424, -23.007945347511697 ], [ -43.522078974990997, -23.007756923804905 ], [ -43.521754960808245, -23.006808950030386 ], [ -43.521867681840547, -23.006321765616693 ], [ -43.522329357547818, -23.005182345328699 ], [ -43.522654617069222, -23.004905046785357 ], [ -43.522963314603849, -23.00436550433783 ], [ -43.52314460874571, -23.003851865124453 ], [ -43.523225974630506, -23.002659223872922 ], [ -43.523184089708074, -23.002025913804903 ], [ -43.522478796934976, -23.000569892104416 ], [ -43.521997502664512, -23.000018822878342 ], [ -43.5212861002206, -22.999394165932706 ], [ -43.520970198740784, -22.998679545161004 ], [ -43.521065391026532, -22.998296510814306 ], [ -43.521421831100454, -22.998075048837091 ], [ -43.521779896705752, -22.997703861443323 ], [ -43.52229509467373, -22.996842470879724 ], [ -43.522221519252277, -22.995231222846044 ], [ -43.522126176779764, -22.994696578611698 ], [ -43.52194793664642, -22.994348381581847 ], [ -43.521343449049752, -22.9936638529989 ], [ -43.520094661158289, -22.993174610880089 ], [ -43.519562046252759, -22.992851279730349 ], [ -43.519308262270293, -22.992015494128999 ], [ -43.519262183057108, -22.991598356183413 ], [ -43.519340448707418, -22.990915594542631 ], [ -43.519617341366661, -22.990562346412553 ], [ -43.520361890826528, -22.989993374291945 ], [ -43.520916218625942, -22.988322417501706 ], [ -43.520437047790026, -22.987742013691925 ], [ -43.519863419302432, -22.98654740512924 ], [ -43.519666493202237, -22.985131614734936 ], [ -43.520014800966429, -22.983791091394437 ], [ -43.519685115472292, -22.983422873882784 ], [ -43.519116664408692, -22.981755429638145 ], [ -43.519112356797528, -22.979367585147315 ], [ -43.519358082215327, -22.978166540995861 ], [ -43.519355744128177, -22.977450150680568 ], [ -43.518745503802329, -22.976835823933214 ], [ -43.518189867952067, -22.975856776481272 ], [ -43.516714121345217, -22.974855031930563 ], [ -43.516403938819018, -22.97455246746047 ], [ -43.516357403794593, -22.974186897743881 ], [ -43.517147198647777, -22.973173560014441 ], [ -43.517412485572613, -22.972951340481 ], [ -43.517466267954092, -22.972661574681155 ], [ -43.517378851285081, -22.972333009842409 ], [ -43.517444669472155, -22.971860741556476 ], [ -43.517884248711752, -22.971316557360044 ], [ -43.518072653094166, -22.970836495540905 ], [ -43.518669729158333, -22.969872918516369 ], [ -43.520866462780553, -22.96780528413429 ], [ -43.520818391824385, -22.967580044666576 ], [ -43.520648853493029, -22.967358456595043 ], [ -43.5193596846497, -22.965951163889692 ], [ -43.518712233210671, -22.96504143593673 ], [ -43.518028590851415, -22.964679211248509 ], [ -43.517768636343227, -22.964405207900896 ], [ -43.517691465556787, -22.964067434777679 ], [ -43.518136733375236, -22.962175367124722 ], [ -43.518125644487561, -22.959487793415239 ], [ -43.518797080946953, -22.957610569443151 ], [ -43.518828252103994, -22.957067805421353 ], [ -43.518765380213353, -22.956805034489193 ], [ -43.518264045827173, -22.956416427268223 ], [ -43.517679447713554, -22.955551808252267 ], [ -43.517691180057554, -22.954931460268394 ], [ -43.517491363639472, -22.954250702854413 ], [ -43.517590818168131, -22.953008552147882 ], [ -43.517508481565578, -22.952680032824066 ], [ -43.531391010827079, -22.945933635598927 ], [ -43.535573957625793, -22.943628907881713 ], [ -43.538583488138038, -22.942303561801261 ], [ -43.542004577438462, -22.943854308995626 ], [ -43.543829396002636, -22.945048591705124 ], [ -43.545612076758744, -22.946411084929807 ], [ -43.547104194289631, -22.947288616168212 ], [ -43.548380368861061, -22.947796579027816 ], [ -43.549971760054063, -22.948650158147469 ], [ -43.552552690154833, -22.949468952448452 ], [ -43.554235691848561, -22.949818826534976 ], [ -43.555063558986497, -22.950148251048351 ], [ -43.555653021629126, -22.949831737818219 ], [ -43.556550290899835, -22.949732609045075 ], [ -43.557312746700461, -22.949802676196697 ], [ -43.557764775592652, -22.949598520220057 ], [ -43.558194355478165, -22.949570815009068 ], [ -43.558500895676438, -22.949586244058104 ], [ -43.559791912293385, -22.949951463473234 ], [ -43.561181209196562, -22.950033433772887 ], [ -43.561899019848063, -22.949825354227357 ], [ -43.561755325773476, -22.949562136769117 ], [ -43.561431899896021, -22.947924589201868 ], [ -43.561338185851298, -22.947112707829266 ], [ -43.5613257855371, -22.944420752832496 ], [ -43.561196208336284, -22.943782128988754 ], [ -43.561604389368064, -22.943848961174954 ], [ -43.56208527247594, -22.942840343147271 ], [ -43.562114374687276, -22.942670182122622 ], [ -43.561984595496796, -22.942050526678674 ], [ -43.561723357433543, -22.941625302309728 ], [ -43.564021586749384, -22.940812957509102 ], [ -43.567963102549328, -22.939583167089623 ], [ -43.568550236830959, -22.940482406285355 ], [ -43.568504687866756, -22.940891306520552 ], [ -43.568886267002355, -22.941373419994076 ], [ -43.569291243001985, -22.941679990740013 ], [ -43.570188485706758, -22.94343423739064 ], [ -43.571046956133102, -22.945353860936745 ], [ -43.572729038691527, -22.946433371330649 ], [ -43.574811776121386, -22.946738485221601 ], [ -43.575378282300228, -22.947044322172797 ], [ -43.576687542402667, -22.947253054664497 ], [ -43.577131727099193, -22.947431890034274 ], [ -43.577166189384499, -22.946737942537393 ], [ -43.576844422041219, -22.946230101275425 ], [ -43.576732871522424, -22.945818885526137 ], [ -43.576872759145559, -22.944826036042773 ], [ -43.577264567370442, -22.94450134315619 ], [ -43.577352246981953, -22.943940458514131 ], [ -43.57819996787655, -22.9355190635873 ], [ -43.578232806079143, -22.934989203637411 ], [ -43.578128937984424, -22.93449605158392 ], [ -43.577945614264301, -22.931900719409917 ] ], [ [ -43.576341283319891, -22.988236897233161 ], [ -43.571498344052841, -22.984824026202585 ], [ -43.570963665266923, -22.98467712030229 ], [ -43.568451659623946, -22.984797133689529 ], [ -43.56491134155214, -22.986422213246758 ], [ -43.562454294157966, -22.987897362962386 ], [ -43.562025352092448, -22.987917946411592 ], [ -43.559760124648079, -22.987665532038552 ], [ -43.558207082363822, -22.987084500369356 ], [ -43.557595128385096, -22.987051204470244 ], [ -43.552299187592617, -22.989057238353507 ], [ -43.544751851540376, -22.992321078656683 ], [ -43.544468684083654, -22.99256142114444 ], [ -43.544406421078953, -22.99274876929432 ], [ -43.544142207753588, -22.99455093513264 ], [ -43.540194742539462, -23.002270797238278 ], [ -43.540115019813577, -23.002680721540671 ], [ -43.540061045801068, -23.004831954903757 ], [ -43.54048473836361, -23.00651976571238 ], [ -43.540370613264734, -23.007896360851952 ], [ -43.540431501173515, -23.00828563587017 ], [ -43.54090310874129, -23.00892427195619 ], [ -43.541899411970455, -23.008335783484153 ], [ -43.543415097639027, -23.007660174956513 ], [ -43.544682784783504, -23.007533919744802 ], [ -43.546209127461843, -23.007599659288061 ], [ -43.547514423460839, -23.007439249183346 ], [ -43.548509215440212, -23.007693759571673 ], [ -43.59204346107952, -22.997397630722581 ], [ -43.592924788265435, -22.997045314024952 ], [ -43.593585601856248, -22.996638603391581 ], [ -43.594119894892778, -22.99620872984325 ], [ -43.594976353185778, -22.99516231061062 ], [ -43.595800458623778, -22.994378123115869 ], [ -43.595776462853792, -22.994112379934542 ], [ -43.595513023867532, -22.993964495318618 ], [ -43.594035105235449, -22.99391689235707 ], [ -43.59357188044239, -22.993986215524618 ], [ -43.590643305075552, -22.996186189946016 ], [ -43.590126967056925, -22.996315625297104 ], [ -43.584857614060802, -22.995262842388744 ], [ -43.583888352663742, -22.994854502067504 ], [ -43.583349047119917, -22.994518200915142 ], [ -43.580823634077923, -22.992235091938753 ], [ -43.578223921385941, -22.990329611491582 ], [ -43.577089612287352, -22.988848552568584 ], [ -43.576341283319891, -22.988236897233161 ] ] ], [ [ [ -43.659812345382072, -22.998304166671232 ], [ -43.65996881178571, -22.998227002255231 ], [ -43.660321560960043, -22.998328161305619 ], [ -43.660385715306909, -22.998282913133114 ], [ -43.660701471888252, -22.998553917008778 ], [ -43.661027870523199, -22.998458501126766 ], [ -43.661353106358966, -22.99848084841139 ], [ -43.661301677398285, -22.998670261451622 ], [ -43.661421247776509, -22.99874325494784 ], [ -43.661427271752409, -22.998854577608402 ], [ -43.661081414764219, -22.998766575210794 ], [ -43.660920765955304, -22.998555771318781 ], [ -43.660729373980132, -22.998593441857462 ], [ -43.66082007329365, -22.998725077576641 ], [ -43.660732395038792, -22.998999261791667 ], [ -43.660127196074463, -22.998666923560602 ], [ -43.659938002559997, -22.998481976200132 ], [ -43.65994631809621, -22.998351177828354 ], [ -43.659812345382072, -22.998304166671232 ] ] ], [ [ [ -43.660520720359095, -22.99965859454198 ], [ -43.660522011775868, -22.999527735826533 ], [ -43.660734412906031, -22.999516436158881 ], [ -43.660719170096314, -22.999627578066267 ], [ -43.660909918547318, -22.999655383047742 ], [ -43.660824015094235, -22.999759424639439 ], [ -43.6609653347655, -22.999773715583164 ], [ -43.661013923526724, -22.999872301221806 ], [ -43.660821690322301, -22.999995042595689 ], [ -43.660680336004624, -22.99997415716317 ], [ -43.660420993318368, -22.999729824154116 ], [ -43.660520720359095, -22.99965859454198 ] ] ], [ [ [ -43.661762888268299, -22.998536695517146 ], [ -43.661706825263224, -22.998483837779542 ], [ -43.661707147582582, -22.998451146560658 ], [ -43.661791824464736, -22.998471460912736 ], [ -43.661762888268299, -22.998536695517146 ] ] ], [ [ [ -43.660678414081858, -22.999457077572508 ], [ -43.660671616332614, -22.999424233128604 ], [ -43.660699775063804, -22.999437567259346 ], [ -43.660678414081858, -22.999457077572508 ] ] ], [ [ [ -43.660984405716889, -22.99999641845908 ], [ -43.660942003307561, -22.999982963939026 ], [ -43.660999004301637, -22.999950660744172 ], [ -43.660984405716889, -22.99999641845908 ] ] ], [ [ [ -43.660913003171892, -23.000054700646874 ], [ -43.660899180704938, -23.000021888937024 ], [ -43.66092753577847, -23.000015534635811 ], [ -43.660913003171892, -23.000054700646874 ] ] ] ] } },
{ "type": "Feature", "properties": { "objectid": 480, "nome": "Barra de Guaratiba", "regiao_adm": "GUARATIBA               ", "area_plane": "5", "codbairro": "152", "codra": 26, "codbnum": 152, "link": "Barra de Guaratiba        &area=152               ", "rp": "Guaratiba", "cod_rp": "5.4", "codbairro_long": 152, "st_area(shape)": 9442055.2732796371, "st_perimeter(shape)": 27508.223749720859 }, "geometry": { "type": "MultiPolygon", "coordinates": [ [ [ [ -43.523994650139493, -23.009222703457681 ], [ -43.522078974990997, -23.007756923804905 ], [ -43.522614390116424, -23.007945347511697 ], [ -43.524102104645642, -23.008187897058598 ], [ -43.525267728752027, -23.008712733952223 ], [ -43.52546831520592, -23.008739709468998 ], [ -43.525914703687604, -23.00862826523425 ], [ -43.52672718156488, -23.008181008532414 ], [ -43.527389023959458, -23.008101729541711 ], [ -43.527889054645783, -23.008297302643431 ], [ -43.528663830836059, -23.008824711952613 ], [ -43.530072274669919, -23.009236077446676 ], [ -43.530682455367355, -23.009666397233424 ], [ -43.530937467627346, -23.010064609277141 ], [ -43.530915451137986, -23.01034076366513 ], [ -43.530391145514812, -23.010998078172438 ], [ -43.530312876969077, -23.01120714906077 ], [ -43.530374662805869, -23.011771913328282 ], [ -43.530712020386609, -23.012458538949915 ], [ -43.531132104907797, -23.012767788703798 ], [ -43.532571645581562, -23.013077640733187 ], [ -43.535027252589586, -23.013558998106504 ], [ -43.535836849260022, -23.013631785683412 ], [ -43.538703668431111, -23.013384715380383 ], [ -43.539741796164193, -23.013174110633166 ], [ -43.540135109084282, -23.013017701502633 ], [ -43.541591663437785, -23.011847834740408 ], [ -43.541715320480549, -23.012315716976868 ], [ -43.542307105722493, -23.013155307599515 ], [ -43.542901042271083, -23.014794465788153 ], [ -43.543616190378067, -23.016131734331125 ], [ -43.544052644742358, -23.017446656864241 ], [ -43.544412856623858, -23.018875035690481 ], [ -43.544591466400135, -23.019224208867787 ], [ -43.546430122707115, -23.020849958463202 ], [ -43.546534790557018, -23.021089257354891 ], [ -43.546621797347264, -23.021983804771594 ], [ -43.547334471565577, -23.023057951330731 ], [ -43.548888643919661, -23.024204297622035 ], [ -43.549688480193353, -23.024658504186355 ], [ -43.550926068915352, -23.024808839679949 ], [ -43.555357436373974, -23.024789838597584 ], [ -43.557507639117539, -23.024382360419491 ], [ -43.558732853076741, -23.023678504612128 ], [ -43.55924853795603, -23.023613748228154 ], [ -43.559858491640043, -23.023768229813349 ], [ -43.56135859683279, -23.024963639836979 ], [ -43.562705738304849, -23.025412824038696 ], [ -43.563712445929603, -23.026092368864717 ], [ -43.563891739926746, -23.026391853024467 ], [ -43.563887952026256, -23.026749374024813 ], [ -43.562833613974533, -23.028030755123432 ], [ -43.562764164938116, -23.028506894306325 ], [ -43.56411867043429, -23.031294826594756 ], [ -43.564103834671833, -23.031681959632863 ], [ -43.563737955278761, -23.032800885211913 ], [ -43.562141161370661, -23.034638455519673 ], [ -43.557864698669221, -23.04073682408124 ], [ -43.554087031645324, -23.044302248757024 ], [ -43.553814968625097, -23.044657223081231 ], [ -43.552993670282511, -23.046208890306129 ], [ -43.552735701000074, -23.047244235951684 ], [ -43.552595740845376, -23.048295654254805 ], [ -43.55287396121399, -23.050378670462194 ], [ -43.553049767531689, -23.050996042602534 ], [ -43.553473424862922, -23.051516333853268 ], [ -43.555376575907587, -23.052680722083579 ], [ -43.555727429622337, -23.052991808703755 ], [ -43.556213921942636, -23.053661595670466 ], [ -43.557978874162323, -23.055207083797846 ], [ -43.558893836954226, -23.055950312237744 ], [ -43.559789711532595, -23.056479769412398 ], [ -43.560583433182501, -23.057529765000258 ], [ -43.561265894471099, -23.057938147514861 ], [ -43.561759857528756, -23.058414353795243 ], [ -43.563635972307608, -23.060881907696956 ], [ -43.564810365439818, -23.061714344004145 ], [ -43.565414977042522, -23.061873728665351 ], [ -43.56567584055103, -23.062069729725177 ], [ -43.565886762635962, -23.062419262573773 ], [ -43.565944385232747, -23.063060295157285 ], [ -43.566262283379757, -23.06345595531058 ], [ -43.567245348337366, -23.063814476128623 ], [ -43.567714521418878, -23.064138079740481 ], [ -43.56797659670849, -23.064459896621251 ], [ -43.568076556103904, -23.064772205289572 ], [ -43.568074529450811, -23.065175801299286 ], [ -43.568249271441914, -23.065200595396529 ], [ -43.568644110764758, -23.065511511176645 ], [ -43.568544804490635, -23.065810725189522 ], [ -43.568780784897591, -23.066025553275388 ], [ -43.568862448230142, -23.066240879125157 ], [ -43.5688269116282, -23.0663984280297 ], [ -43.568526741289375, -23.066650755822675 ], [ -43.567651432362567, -23.068649692934009 ], [ -43.567441160962296, -23.068864179782686 ], [ -43.567575953318297, -23.069288342290282 ], [ -43.567405028517292, -23.06960316332642 ], [ -43.567491719410434, -23.069776720007958 ], [ -43.567431280490418, -23.070230273374303 ], [ -43.567613372029442, -23.070649263445102 ], [ -43.567537583097923, -23.070911480256768 ], [ -43.56766313239423, -23.071683539484393 ], [ -43.567806165165827, -23.071781562472001 ], [ -43.568085690215803, -23.071756370783373 ], [ -43.568726890111499, -23.071903522560365 ], [ -43.569666312186172, -23.072214402010818 ], [ -43.56986155149847, -23.072129468108429 ], [ -43.570542690708869, -23.072118202131549 ], [ -43.571178262971991, -23.072281007848986 ], [ -43.571258207111775, -23.072373309321886 ], [ -43.571345910158286, -23.072276292347684 ], [ -43.57133986443062, -23.072386511137797 ], [ -43.571541114741521, -23.072490114029492 ], [ -43.571785046153785, -23.072452853149599 ], [ -43.572099358390027, -23.07271074133892 ], [ -43.572256403540585, -23.072988884870803 ], [ -43.572466889417882, -23.073142513794735 ], [ -43.5724421677414, -23.073237571749047 ], [ -43.572010897737989, -23.073193935747337 ], [ -43.57185093343314, -23.072970046157891 ], [ -43.571909866663397, -23.073249740595436 ], [ -43.571761155693267, -23.073171447697369 ], [ -43.571358657087423, -23.073564378109204 ], [ -43.571021572671576, -23.073493862908126 ], [ -43.57092272659812, -23.073619952081319 ], [ -43.570416158298933, -23.073820291173543 ], [ -43.569990910845227, -23.073816170424376 ], [ -43.56971074494578, -23.073486156370716 ], [ -43.569678032175943, -23.073865811170759 ], [ -43.569460732352717, -23.07400599864016 ], [ -43.569346330515884, -23.074246100940279 ], [ -43.569213412104261, -23.074271178471928 ], [ -43.568275584651815, -23.074057125062634 ], [ -43.567486683553483, -23.073569955417113 ], [ -43.567389102230436, -23.07337381177933 ], [ -43.567196669148792, -23.07350681403344 ], [ -43.566788411512711, -23.073548539445149 ], [ -43.566606313465719, -23.073774750156471 ], [ -43.566360694306837, -23.074615511224142 ], [ -43.566423742581719, -23.07509519952438 ], [ -43.566236289287779, -23.075264643032568 ], [ -43.565988469031211, -23.075263115999171 ], [ -43.565902444546019, -23.075127768262984 ], [ -43.565697500178473, -23.075068738838755 ], [ -43.565582628032352, -23.07536166740999 ], [ -43.565453868723544, -23.075371786461581 ], [ -43.565024765277457, -23.07516052836073 ], [ -43.564933644877321, -23.074824817719254 ], [ -43.564744804442007, -23.075005174773644 ], [ -43.564709328964753, -23.075386248708867 ], [ -43.564563887576071, -23.075533402170738 ], [ -43.56336753011378, -23.075453436026947 ], [ -43.563021927469762, -23.075716177184812 ], [ -43.5621665053784, -23.075362671953346 ], [ -43.561293744270749, -23.074547680777172 ], [ -43.560684760992935, -23.074234794648042 ], [ -43.559380490679359, -23.074133675613229 ], [ -43.559015920416897, -23.073922449220223 ], [ -43.558619525534425, -23.07383998811093 ], [ -43.5569875280612, -23.073753200018245 ], [ -43.556474768735526, -23.073827629146475 ], [ -43.555418095674383, -23.073219101204664 ], [ -43.554722907711877, -23.073019380279721 ], [ -43.554457016954316, -23.073056053264658 ], [ -43.554377824860552, -23.073150249076878 ], [ -43.554336928280797, -23.073999274898792 ], [ -43.554144603584277, -23.074175884008099 ], [ -43.55388527341713, -23.07415562811795 ], [ -43.553431664745517, -23.074594825017094 ], [ -43.553641929851089, -23.07487681175791 ], [ -43.553819252662564, -23.075728920589782 ], [ -43.552429907430586, -23.074848280005074 ], [ -43.552264382500361, -23.074463200711968 ], [ -43.552223216472953, -23.073795134747108 ], [ -43.55202996546538, -23.07352016605163 ], [ -43.552711173681196, -23.073165514744765 ], [ -43.553334355249959, -23.072659595641685 ], [ -43.5551654808148, -23.070597061234643 ], [ -43.555358597720847, -23.070162879675625 ], [ -43.555558476989795, -23.069972973155039 ], [ -43.556708910748547, -23.069887572828748 ], [ -43.55707794722521, -23.069742738865997 ], [ -43.557969612719795, -23.068980773804491 ], [ -43.558521533200555, -23.068737717455253 ], [ -43.558609901696627, -23.068624457391884 ], [ -43.558478439099602, -23.067560714074798 ], [ -43.557834817820456, -23.066856535870169 ], [ -43.557631437944352, -23.066396155692654 ], [ -43.557408927072551, -23.064727473623179 ], [ -43.556735775117161, -23.062071879053605 ], [ -43.556537207485768, -23.060374332367147 ], [ -43.556204309823734, -23.059787142056081 ], [ -43.555831508309168, -23.059400168869658 ], [ -43.555541285276298, -23.059231883036034 ], [ -43.55346994511887, -23.058654980641812 ], [ -43.552398208772665, -23.057906491626316 ], [ -43.552061904064153, -23.057357463992098 ], [ -43.551846611246312, -23.05659956425583 ], [ -43.551504313673149, -23.055963238557137 ], [ -43.550056126561564, -23.054609345017248 ], [ -43.549562836902105, -23.053729406553138 ], [ -43.549291559900297, -23.05249648310097 ], [ -43.549133945200786, -23.052259588009193 ], [ -43.549628363692456, -23.050956381030968 ], [ -43.549758908508529, -23.050203458387728 ], [ -43.548823727501414, -23.048677876347305 ], [ -43.547425091715645, -23.04732676302595 ], [ -43.547390230883728, -23.047064893481128 ], [ -43.547813005533342, -23.045416667892482 ], [ -43.5485546657995, -23.043897805159144 ], [ -43.548492252650682, -23.043565961499144 ], [ -43.548161297179163, -23.042804467669505 ], [ -43.548090454013774, -23.04238530250386 ], [ -43.547773323140945, -23.04176365023941 ], [ -43.545845475975909, -23.040392854216666 ], [ -43.545043156214007, -23.039990261369219 ], [ -43.543153560532907, -23.038660879024256 ], [ -43.543039373755995, -23.037899927316484 ], [ -43.543216199193481, -23.036148023481182 ], [ -43.542954902999298, -23.034856748553821 ], [ -43.542632294795879, -23.033967798542573 ], [ -43.541867121885105, -23.033364043732302 ], [ -43.539502725772692, -23.0322612668914 ], [ -43.539241926142772, -23.029479091733755 ], [ -43.539096395503634, -23.028957993937812 ], [ -43.538719098169381, -23.028610955589262 ], [ -43.537689421592631, -23.028153578470853 ], [ -43.537116356707578, -23.027782417721507 ], [ -43.535395793470158, -23.026093889185518 ], [ -43.534403421701846, -23.025275581183099 ], [ -43.533817187257604, -23.024924339569051 ], [ -43.532152046532119, -23.023007890932469 ], [ -43.532048841178224, -23.022618224277654 ], [ -43.532156417901724, -23.020819992887294 ], [ -43.531026187163789, -23.019186661389636 ], [ -43.5304148274464, -23.017015626411329 ], [ -43.5300774889024, -23.016596601908301 ], [ -43.5282519861195, -23.015607679512808 ], [ -43.527660346831361, -23.015058851346382 ], [ -43.527665430183298, -23.014752374772105 ], [ -43.527838040521331, -23.01439146115041 ], [ -43.527598286595214, -23.012839541433646 ], [ -43.527399114521572, -23.012295265050369 ], [ -43.526828631502234, -23.011308971171555 ], [ -43.526043159509399, -23.010795363216996 ], [ -43.525060232080627, -23.010469747226313 ], [ -43.524368760614749, -23.010060865780289 ], [ -43.523994650139493, -23.009222703457681 ] ] ], [ [ [ -43.559166902072647, -23.080657530418787 ], [ -43.559810491685106, -23.080088282299648 ], [ -43.560097194597311, -23.080005099320452 ], [ -43.560532738369659, -23.079621261671381 ], [ -43.560828189055272, -23.079614742132744 ], [ -43.561053280928952, -23.079422799214615 ], [ -43.561061525275349, -23.079143443739159 ], [ -43.561171185518646, -23.07888298367951 ], [ -43.561441501111219, -23.078752323531408 ], [ -43.561706206509271, -23.078883071843379 ], [ -43.5619487402613, -23.079437184715854 ], [ -43.562330466724802, -23.07989114745687 ], [ -43.562481299225496, -23.080422029760648 ], [ -43.56279712114037, -23.080877557352906 ], [ -43.562897809696864, -23.080983598774143 ], [ -43.563278169158096, -23.081043053887448 ], [ -43.563664709715781, -23.081311188173142 ], [ -43.563643701591282, -23.081506075708798 ], [ -43.563873379408662, -23.081534806985594 ], [ -43.56389420536388, -23.082165659087071 ], [ -43.563787226077409, -23.082275230259743 ], [ -43.563497981001909, -23.08227594115613 ], [ -43.562831955388425, -23.082036057552727 ], [ -43.562695032717663, -23.082179766793168 ], [ -43.561799636192951, -23.082662290349443 ], [ -43.56142601560456, -23.082666293107398 ], [ -43.561290397136695, -23.082870792202641 ], [ -43.561120269634301, -23.082905637721939 ], [ -43.561024492757269, -23.082787538816149 ], [ -43.561225320486948, -23.082610728163846 ], [ -43.561195932003756, -23.08240960281778 ], [ -43.561342764383802, -23.082288745181252 ], [ -43.561311029771645, -23.08207856529836 ], [ -43.56150932302193, -23.081901100732718 ], [ -43.561633576942199, -23.081645287296546 ], [ -43.561361209152125, -23.081151682422398 ], [ -43.560893800125513, -23.080778130477224 ], [ -43.560781794579981, -23.08102953655716 ], [ -43.559621443668469, -23.081294595431228 ], [ -43.559349247963944, -23.081179585526034 ], [ -43.559166902072647, -23.080657530418787 ] ] ], [ [ [ -43.573274352300594, -23.072899005153037 ], [ -43.573566265383299, -23.072745400518023 ], [ -43.573945622597982, -23.072805810915945 ], [ -43.574219469274389, -23.073190040505946 ], [ -43.574016391787943, -23.073305616789071 ], [ -43.573758989026111, -23.073259671372128 ], [ -43.573627937544423, -23.073468829705611 ], [ -43.573421288652739, -23.073312345956307 ], [ -43.573206795183019, -23.073288643141844 ], [ -43.573066585933965, -23.073079653416698 ], [ -43.573136719669165, -23.072825329286736 ], [ -43.573274352300594, -23.072899005153037 ] ] ], [ [ [ -43.568623053932335, -23.081491857169439 ], [ -43.569016225873341, -23.081484853393295 ], [ -43.569087052718174, -23.081627470377541 ], [ -43.568804114478517, -23.081807068793587 ], [ -43.568491576473598, -23.081573754263484 ], [ -43.568623053932335, -23.081491857169439 ] ] ] ] } },
{ "type": "Feature", "properties": { "objectid": 345, "nome": "Cacuia", "regiao_adm": "ILHA DO GOVERNADOR      ", "area_plane": "3", "codbairro": "093", "codra": 20, "codbnum": 93, "link": "Cacuia                    &area=93                ", "rp": "Ilha do Governador", "cod_rp": "3.7", "codbairro_long": 93, "st_area(shape)": 2068691.670363937, "st_perimeter(shape)": 10232.347014896464 }, "geometry": { "type": "MultiPolygon", "coordinates": [ [ [ [ -43.185051677160949, -22.810696835721803 ], [ -43.186834588563876, -22.810664843854372 ], [ -43.189240115605656, -22.810884904804301 ], [ -43.191077310772293, -22.811500157600619 ], [ -43.191858109995358, -22.812071168006003 ], [ -43.189588555733785, -22.813706650502255 ], [ -43.189265950429942, -22.814220883932435 ], [ -43.188604206258304, -22.815894568696638 ], [ -43.188228177988783, -22.816168071688672 ], [ -43.187584887636987, -22.816445938741186 ], [ -43.187867699914676, -22.817710082503481 ], [ -43.188260578181641, -22.818615251055807 ], [ -43.188600997843842, -22.818589140717762 ], [ -43.189287235426519, -22.819962891537152 ], [ -43.190891653185496, -22.81986110495577 ], [ -43.191893134047653, -22.819437113809794 ], [ -43.192265047236688, -22.819822059694022 ], [ -43.190889008945632, -22.820643566174677 ], [ -43.189859602393817, -22.821683022129118 ], [ -43.189420973725113, -22.822541712894509 ], [ -43.18932062991189, -22.823551085032932 ], [ -43.188342665723411, -22.825132219450175 ], [ -43.187838125956347, -22.826346587179415 ], [ -43.187710943959786, -22.827350865590045 ], [ -43.187718200636724, -22.827656177819993 ], [ -43.187820222295684, -22.827801735777705 ], [ -43.188667203598712, -22.828294772383149 ], [ -43.188828821087057, -22.828479296717671 ], [ -43.189435335169001, -22.828540466020183 ], [ -43.189582915766543, -22.82871841844355 ], [ -43.189691965831003, -22.82870855055182 ], [ -43.18947603687041, -22.828917771065431 ], [ -43.188915069521165, -22.829051094191222 ], [ -43.188923254445619, -22.82916117653636 ], [ -43.188098397689835, -22.829064470638858 ], [ -43.186528891388846, -22.829199406608289 ], [ -43.185635274692814, -22.829439280102051 ], [ -43.184836843229959, -22.829854703434805 ], [ -43.184535952219761, -22.830159573225806 ], [ -43.184423132467188, -22.830571070690965 ], [ -43.184788946227755, -22.832246236856893 ], [ -43.184864301139214, -22.832462923520531 ], [ -43.184973068576355, -22.832525931543771 ], [ -43.184915896347086, -22.832708327075434 ], [ -43.185106351218707, -22.832863383326259 ], [ -43.185045629917354, -22.833041584443635 ], [ -43.185110057202543, -22.833098037519935 ], [ -43.184910141727286, -22.833487229707782 ], [ -43.18467452849125, -22.833563560262171 ], [ -43.184551150780614, -22.833397528654491 ], [ -43.184412346904423, -22.833512980680929 ], [ -43.184445812299266, -22.833281731309395 ], [ -43.183992909698411, -22.832780704278591 ], [ -43.183478226692237, -22.832618336340435 ], [ -43.183338800299779, -22.832655937917391 ], [ -43.183290993572641, -22.832536461592291 ], [ -43.181839990490097, -22.831991257613399 ], [ -43.181229534088921, -22.831507299894685 ], [ -43.180772584753214, -22.831524385580373 ], [ -43.180914079856962, -22.831433800297258 ], [ -43.180770630114012, -22.831326867640513 ], [ -43.18026262005376, -22.831301015840527 ], [ -43.180103753437166, -22.831144959694427 ], [ -43.180187232556115, -22.831050824111131 ], [ -43.180196581401368, -22.830838534249132 ], [ -43.180422146634108, -22.830638466930118 ], [ -43.180196717986583, -22.830234850411596 ], [ -43.179438072214538, -22.829811411816337 ], [ -43.178385555345386, -22.829472203940057 ], [ -43.178392130465312, -22.82936608040449 ], [ -43.178305028882725, -22.829322731401728 ], [ -43.178401895252719, -22.829159395276687 ], [ -43.178410333301812, -22.828840356428856 ], [ -43.178165407910413, -22.828672568928557 ], [ -43.17800345045638, -22.828836785753033 ], [ -43.177732655008612, -22.828695070499247 ], [ -43.177608051985693, -22.828951191610575 ], [ -43.17752917444539, -22.828919314650641 ], [ -43.177667128070652, -22.828655667796973 ], [ -43.177545990662978, -22.828585652225449 ], [ -43.177774973031859, -22.828260558106766 ], [ -43.17762607412746, -22.828000315994597 ], [ -43.177387919167664, -22.827836394048635 ], [ -43.177265410658045, -22.827891252503591 ], [ -43.176987329406224, -22.827704299694744 ], [ -43.17671229156953, -22.827676588562987 ], [ -43.176574948220647, -22.827521499000223 ], [ -43.176144267180661, -22.827432675042715 ], [ -43.175870778532484, -22.827200801494289 ], [ -43.175868285118483, -22.827117513350188 ], [ -43.176179920134381, -22.82684077696522 ], [ -43.176528354838723, -22.826214712843313 ], [ -43.176535874376015, -22.825716137932542 ], [ -43.176814062743283, -22.825119521502241 ], [ -43.176652933100151, -22.824731806037548 ], [ -43.176245424504721, -22.824132757160672 ], [ -43.175994793319603, -22.823904307337298 ], [ -43.175597569992291, -22.82379103104083 ], [ -43.175465968327465, -22.82383422429649 ], [ -43.175539036882299, -22.823680280657854 ], [ -43.176385248342967, -22.823150853267286 ], [ -43.176764720765412, -22.822731577849755 ], [ -43.177958230103705, -22.821066383981766 ], [ -43.178294046072892, -22.820808341863138 ], [ -43.178827912757804, -22.820645033964063 ], [ -43.18116076207022, -22.820576774869028 ], [ -43.182105462355707, -22.820381572430716 ], [ -43.182461248304612, -22.820122934319642 ], [ -43.182723898183397, -22.819380375487459 ], [ -43.182956022044536, -22.819205486201994 ], [ -43.184514300574207, -22.81895342031401 ], [ -43.185031829415735, -22.818625550178584 ], [ -43.185602592822896, -22.817176427910422 ], [ -43.185844751743446, -22.816817064591223 ], [ -43.186014849487648, -22.816698262123762 ], [ -43.185070861812846, -22.816261455374008 ], [ -43.184090954164816, -22.815646783553902 ], [ -43.183788687933969, -22.815338018460285 ], [ -43.180995157235671, -22.814013801532436 ], [ -43.181344945296431, -22.813596975030585 ], [ -43.181394999586949, -22.812585592538017 ], [ -43.181647811351112, -22.811915707601752 ], [ -43.181903000560482, -22.811528592884368 ], [ -43.182155563734881, -22.81133921569122 ], [ -43.183593829568075, -22.810948610253778 ], [ -43.184010671909284, -22.811144809567875 ], [ -43.184833662770849, -22.810874329890314 ], [ -43.185051677160949, -22.810696835721803 ] ] ], [ [ [ -43.173017909291779, -22.838474097213446 ], [ -43.173320508756333, -22.837964278622305 ], [ -43.173942019769171, -22.837678372445794 ], [ -43.174282609099109, -22.837416694147116 ], [ -43.174560432509757, -22.836850511630125 ], [ -43.174902349085038, -22.836803318328233 ], [ -43.175341025280105, -22.836608865344612 ], [ -43.175756346656428, -22.836595110244708 ], [ -43.175830440368856, -22.836730151976084 ], [ -43.175833221317887, -22.837215659678392 ], [ -43.175676493235798, -22.837600457634018 ], [ -43.175323581281361, -22.83785088950075 ], [ -43.175203494657133, -22.838212897729502 ], [ -43.174898759024231, -22.838350187851386 ], [ -43.174789577059492, -22.838486289596592 ], [ -43.17471834761043, -22.838859332707177 ], [ -43.174596940752842, -22.838984185822039 ], [ -43.173899105865722, -22.838739947835997 ], [ -43.173458918358271, -22.838674755838824 ], [ -43.173019223460734, -22.838711160299265 ], [ -43.173017909291779, -22.838474097213446 ] ] ] ] } },
{ "type": "Feature", "properties": { "objectid": 327, "nome": "Bancários", "regiao_adm": "ILHA DO GOVERNADOR      ", "area_plane": "3", "codbairro": "097", "codra": 20, "codbnum": 97, "link": "Bancários                 &area=97                ", "rp": "Ilha do Governador", "cod_rp": "3.7", "codbairro_long": 97, "st_area(shape)": 978049.18226285919, "st_perimeter(shape)": 7758.7918948687484 }, "geometry": { "type": "MultiPolygon", "coordinates": [ [ [ [ -43.188844758692461, -22.783272517282803 ], [ -43.189296557240837, -22.783146432317892 ], [ -43.189475102389267, -22.783240028411491 ], [ -43.189517014432013, -22.784307190266144 ], [ -43.189751488694647, -22.785151406038004 ], [ -43.190013358795071, -22.786679904412754 ], [ -43.190218900084894, -22.787030815585577 ], [ -43.190592881137135, -22.786972206452674 ], [ -43.190659091578354, -22.787312956473048 ], [ -43.190275782225918, -22.78737732969574 ], [ -43.190367277664656, -22.787861049712276 ], [ -43.191636193587861, -22.787648052464931 ], [ -43.191661527812059, -22.787772600545516 ], [ -43.189589242365855, -22.788101732657868 ], [ -43.188373219834013, -22.788490323427688 ], [ -43.187245504234944, -22.788593462622433 ], [ -43.186958911756527, -22.788767472599513 ], [ -43.184097896679404, -22.791561016620484 ], [ -43.183629613395439, -22.791164483619948 ], [ -43.180655432543517, -22.794036501673379 ], [ -43.180841662738501, -22.794278113705101 ], [ -43.181769874923624, -22.795055117446616 ], [ -43.179990261526889, -22.795169730769292 ], [ -43.179027655684109, -22.795552920745632 ], [ -43.179094256403879, -22.795788835590425 ], [ -43.178886032865087, -22.796704133182416 ], [ -43.179158980523582, -22.797244022311176 ], [ -43.178832270223083, -22.797459008521496 ], [ -43.178408665217809, -22.797562896841196 ], [ -43.178123898603211, -22.797809786713444 ], [ -43.177801818765865, -22.797778923262527 ], [ -43.177695460141997, -22.79783749014501 ], [ -43.177713374516976, -22.797999250707377 ], [ -43.178435278309777, -22.798176641011629 ], [ -43.178901648347932, -22.798453695492416 ], [ -43.179776495034822, -22.798776413083171 ], [ -43.180436060428157, -22.799409481775083 ], [ -43.179176106596017, -22.7993051519699 ], [ -43.178034283937379, -22.799641951116005 ], [ -43.177855194657219, -22.799734810747736 ], [ -43.177646737107231, -22.800007315953625 ], [ -43.177570305570669, -22.800481175067233 ], [ -43.177194931181717, -22.800736780726751 ], [ -43.176860665697241, -22.80115278306787 ], [ -43.175502610329808, -22.801122256034596 ], [ -43.175245543117427, -22.801204470757391 ], [ -43.174727752489609, -22.800005439580975 ], [ -43.17400904095949, -22.799076371978231 ], [ -43.173392638667551, -22.798963474797983 ], [ -43.173043111365374, -22.798814260195559 ], [ -43.17231397233256, -22.798179007060668 ], [ -43.172315914793259, -22.798069943433504 ], [ -43.172034281532319, -22.797796343231198 ], [ -43.17212708546046, -22.797622309764538 ], [ -43.172134384197356, -22.797075054922804 ], [ -43.172374437298146, -22.796902342722699 ], [ -43.1724163820179, -22.796685914159124 ], [ -43.17285246605941, -22.796800360365879 ], [ -43.173279903893864, -22.796671969833209 ], [ -43.175952498593901, -22.794031626311195 ], [ -43.176377266820815, -22.794103129689415 ], [ -43.176766235185674, -22.793790879629661 ], [ -43.177004011156328, -22.793737337603922 ], [ -43.177231745885443, -22.793808933820834 ], [ -43.177471724037851, -22.79337731173224 ], [ -43.177450182426306, -22.793136853419679 ], [ -43.177637511551197, -22.793068015914734 ], [ -43.177808727052245, -22.793141855069454 ], [ -43.178145983133618, -22.793033911581727 ], [ -43.178198866366337, -22.792938701650424 ], [ -43.178057491646022, -22.792561870567805 ], [ -43.178242465073325, -22.792252613472861 ], [ -43.178840410443712, -22.791964056072075 ], [ -43.185505606400724, -22.785382024329436 ], [ -43.185389702409267, -22.785029418450748 ], [ -43.185715271067942, -22.784706037368061 ], [ -43.186297108632978, -22.784851363034559 ], [ -43.18683030453716, -22.784749509741829 ], [ -43.187318701257261, -22.784279243602263 ], [ -43.187795680305726, -22.78364087678484 ], [ -43.188108046213763, -22.783483321049541 ], [ -43.188568176084416, -22.783441858448004 ], [ -43.188844758692461, -22.783272517282803 ] ] ], [ [ [ -43.168820644295295, -22.799753476382612 ], [ -43.169415024098271, -22.800056590966328 ], [ -43.169335678312386, -22.800316389129769 ], [ -43.169480145134671, -22.80047526778398 ], [ -43.169308611001526, -22.800702037793734 ], [ -43.16931481923875, -22.800601872266384 ], [ -43.169100928315522, -22.800623617379784 ], [ -43.168913128556881, -22.800544159927153 ], [ -43.168532605427679, -22.800243770493854 ], [ -43.168514466634129, -22.799931922192179 ], [ -43.168820644295295, -22.799753476382612 ] ] ], [ [ [ -43.172348557670155, -22.802253311753372 ], [ -43.172153628842921, -22.80208753553233 ], [ -43.172159205852061, -22.80204922013554 ], [ -43.172378029883809, -22.802001068393817 ], [ -43.172492252392175, -22.802090965597603 ], [ -43.172474805232014, -22.802230558519817 ], [ -43.172348557670155, -22.802253311753372 ] ] ], [ [ [ -43.172762141917076, -22.802142915066181 ], [ -43.172596306780605, -22.802205581665714 ], [ -43.172604759016679, -22.80203193297492 ], [ -43.172762141917076, -22.802142915066181 ] ] ] ] } },
{ "type": "Feature", "properties": { "objectid": 326, "nome": "Freguesia (Ilha)", "regiao_adm": "ILHA DO GOVERNADOR      ", "area_plane": "3", "codbairro": "098", "codra": 20, "codbnum": 98, "link": "Freguesia (Ilha)          &area=98                ", "rp": "Ilha do Governador", "cod_rp": "3.7", "codbairro_long": 98, "st_area(shape)": 4056413.7580114403, "st_perimeter(shape)": 18303.621385447725 }, "geometry": { "type": "MultiPolygon", "coordinates": [ [ [ [ -43.171740279125814, -22.776624128309688 ], [ -43.171786351266562, -22.776163018281508 ], [ -43.172251449728371, -22.775600691344614 ], [ -43.173345304296973, -22.776548324798309 ], [ -43.173783999757838, -22.77668148917682 ], [ -43.173940550043419, -22.776640927247247 ], [ -43.174514060721698, -22.776925268389007 ], [ -43.174838233969801, -22.776780245392825 ], [ -43.175286815311352, -22.777195450139494 ], [ -43.175781555628738, -22.7772520378644 ], [ -43.175635105822813, -22.777294795003158 ], [ -43.175603988735418, -22.77756228296154 ], [ -43.175985443962169, -22.77824338998256 ], [ -43.176299071224278, -22.778533060825435 ], [ -43.176751712011857, -22.778614360476325 ], [ -43.177142168525727, -22.779124621088915 ], [ -43.177143182779297, -22.779436634690331 ], [ -43.176842294915545, -22.779793062522032 ], [ -43.176563755124846, -22.779940597590031 ], [ -43.176438716847294, -22.780262459213475 ], [ -43.176636430763708, -22.780993659787988 ], [ -43.177444498179703, -22.782097207838312 ], [ -43.178655631955898, -22.783093557930101 ], [ -43.179412194160122, -22.783501072892726 ], [ -43.180014618244314, -22.783664535315406 ], [ -43.18086059285838, -22.783690168734385 ], [ -43.182040103068374, -22.783497270642702 ], [ -43.181958870701379, -22.783035155962853 ], [ -43.182275457570839, -22.782405004210656 ], [ -43.182298708182138, -22.781951305504361 ], [ -43.182605161694063, -22.781629970471435 ], [ -43.183189227322245, -22.781554354959013 ], [ -43.183186863800081, -22.78174749121062 ], [ -43.18350710829656, -22.782112719296485 ], [ -43.183531854616319, -22.782266337991107 ], [ -43.184087728518129, -22.783113860426866 ], [ -43.18441379666158, -22.783444205209896 ], [ -43.184564826369154, -22.783784385430529 ], [ -43.185159969586714, -22.784388076630581 ], [ -43.185715271067942, -22.784706037368061 ], [ -43.185389702409267, -22.785029418450748 ], [ -43.185505606400724, -22.785382024329436 ], [ -43.178840410443712, -22.791964056072075 ], [ -43.178242465073325, -22.792252613472861 ], [ -43.178057491646022, -22.792561870567805 ], [ -43.178198866366337, -22.792938701650424 ], [ -43.178145983133618, -22.793033911581727 ], [ -43.177808727052245, -22.793141855069454 ], [ -43.177637511551197, -22.793068015914734 ], [ -43.177450182426306, -22.793136853419679 ], [ -43.177471724037851, -22.79337731173224 ], [ -43.177231745885443, -22.793808933820834 ], [ -43.177004011156328, -22.793737337603922 ], [ -43.176766235185674, -22.793790879629661 ], [ -43.176377266820815, -22.794103129689415 ], [ -43.175952498593901, -22.794031626311195 ], [ -43.173279903893864, -22.796671969833209 ], [ -43.17285246605941, -22.796800360365879 ], [ -43.1724163820179, -22.796685914159124 ], [ -43.172427669248535, -22.796306765022983 ], [ -43.172354428997956, -22.796102017223284 ], [ -43.172001806970876, -22.795564726347919 ], [ -43.171445944222306, -22.79497435395842 ], [ -43.16891524708354, -22.792920234385388 ], [ -43.168499504184503, -22.792756975681463 ], [ -43.165893681616396, -22.791221380178261 ], [ -43.164302592572668, -22.790454629332071 ], [ -43.163112344461766, -22.790025706966066 ], [ -43.162584141374658, -22.789745099199571 ], [ -43.161876968846009, -22.789534575532169 ], [ -43.161490881650423, -22.789521546079452 ], [ -43.161149456247735, -22.789243085164532 ], [ -43.16060708856579, -22.78926392163925 ], [ -43.160338708570201, -22.789072812876391 ], [ -43.16000936648846, -22.78838748782897 ], [ -43.157866298355501, -22.787652145971421 ], [ -43.157561038263033, -22.78744453277627 ], [ -43.157203037593092, -22.786791560826941 ], [ -43.156323597153325, -22.786183222815499 ], [ -43.156380614372203, -22.786129248922865 ], [ -43.1563019004276, -22.785928043077227 ], [ -43.156342565941038, -22.785815453517543 ], [ -43.156596673590137, -22.785669207611413 ], [ -43.156487010609844, -22.785328939073725 ], [ -43.156347980103263, -22.785043235823032 ], [ -43.155774396927733, -22.784402941082572 ], [ -43.155677727611355, -22.784197284905545 ], [ -43.155663147471628, -22.783905524896742 ], [ -43.155779078407136, -22.78341019274205 ], [ -43.155873146341129, -22.783258847253055 ], [ -43.15627384920505, -22.783059752753427 ], [ -43.156439090604543, -22.782880422568532 ], [ -43.15661459698871, -22.782133106608143 ], [ -43.157022641298639, -22.781358407628325 ], [ -43.157041595165197, -22.781085636662208 ], [ -43.156829999970327, -22.780235778149638 ], [ -43.156518576580183, -22.779966323707086 ], [ -43.156341148379148, -22.779617956481793 ], [ -43.156716547852618, -22.779068730850831 ], [ -43.157260786256089, -22.778724366746463 ], [ -43.159234099376967, -22.778172903158129 ], [ -43.159710335788368, -22.778171082747463 ], [ -43.160148513996432, -22.778305723113956 ], [ -43.160363340466311, -22.778131836434135 ], [ -43.160509076661576, -22.778142727899411 ], [ -43.160684605373625, -22.778016157637758 ], [ -43.160806364209591, -22.778079509126979 ], [ -43.161320684000032, -22.777975446136949 ], [ -43.162491337200073, -22.778143355783261 ], [ -43.162859929973884, -22.777896825816988 ], [ -43.162869100899087, -22.777771950328788 ], [ -43.162927605413095, -22.777839087951278 ], [ -43.163165623056088, -22.777765700229892 ], [ -43.16343393351876, -22.777866409007562 ], [ -43.16369378247844, -22.777842578845348 ], [ -43.164060395537497, -22.777678200965358 ], [ -43.164271908572402, -22.777322125847537 ], [ -43.164243777650604, -22.777124577539038 ], [ -43.164572810026968, -22.77697385247837 ], [ -43.16494529219343, -22.777244174677971 ], [ -43.165349776777241, -22.777233383625109 ], [ -43.165575347391673, -22.777100069354571 ], [ -43.166303565458662, -22.777283902209874 ], [ -43.166711238649583, -22.777530061271566 ], [ -43.166871801513217, -22.777546445243704 ], [ -43.167051134487636, -22.778206103296007 ], [ -43.167175732823928, -22.778370534242871 ], [ -43.166703585512849, -22.778569106888032 ], [ -43.166556025787855, -22.778716413359888 ], [ -43.166702034786027, -22.779231653242476 ], [ -43.16703957237354, -22.779530557159724 ], [ -43.168130078233254, -22.780123017275283 ], [ -43.1684074809816, -22.780527968729395 ], [ -43.168822193602033, -22.780612649201544 ], [ -43.169108631105416, -22.780873575580141 ], [ -43.16928712201414, -22.78088962127762 ], [ -43.169265529719183, -22.781018961273507 ], [ -43.169375203594257, -22.781163623380611 ], [ -43.16919176208512, -22.781533029732532 ], [ -43.169174412495067, -22.781993835696223 ], [ -43.169105987848781, -22.782107645773742 ], [ -43.168627508663256, -22.782195981231901 ], [ -43.168584781076746, -22.782099316468646 ], [ -43.168269812631003, -22.782064003113945 ], [ -43.168033567717281, -22.782215711540676 ], [ -43.16794244240662, -22.782476097999659 ], [ -43.168384383394866, -22.782447306357135 ], [ -43.168598539277994, -22.782512979259419 ], [ -43.168935562051708, -22.782727256744717 ], [ -43.169212272159626, -22.7830827123117 ], [ -43.170554517667568, -22.782890229685709 ], [ -43.170882577225527, -22.782696225955203 ], [ -43.171303063708223, -22.782034418283544 ], [ -43.171423347002019, -22.781580751778897 ], [ -43.171397690679569, -22.781350180231932 ], [ -43.171181077188109, -22.78106712085609 ], [ -43.171596615829692, -22.780936698343471 ], [ -43.172478027056947, -22.780318368036834 ], [ -43.172913413042927, -22.779867316133984 ], [ -43.17327526687049, -22.779204468407755 ], [ -43.173209587081374, -22.778001037602476 ], [ -43.172540037068842, -22.777191283091348 ], [ -43.171445323086942, -22.777009780183416 ], [ -43.171427076735327, -22.776902921357276 ], [ -43.171598543792882, -22.776860999373646 ], [ -43.171740279125814, -22.776624128309688 ] ] ], [ [ [ -43.160073545180914, -22.770040207594906 ], [ -43.160907559549877, -22.770195572507905 ], [ -43.161136875154078, -22.770319946181825 ], [ -43.161532924816122, -22.770791922635006 ], [ -43.161551669403465, -22.77094827469411 ], [ -43.161726858155383, -22.7709843385447 ], [ -43.161738596711864, -22.771147653617653 ], [ -43.161830143968309, -22.771132273717662 ], [ -43.16180248372789, -22.771205371575281 ], [ -43.161933812667549, -22.771346224778057 ], [ -43.162165753790937, -22.771362170985896 ], [ -43.162359902535435, -22.771604073638262 ], [ -43.162164698447555, -22.771680842699595 ], [ -43.16211805432269, -22.771862540445987 ], [ -43.162059103286317, -22.771821675143364 ], [ -43.161899001901958, -22.77193126740092 ], [ -43.161215521486973, -22.771776196926172 ], [ -43.160795082544936, -22.77176530023846 ], [ -43.160555076675863, -22.771653628659301 ], [ -43.16025125518432, -22.771914716581499 ], [ -43.160017318583691, -22.772534125896264 ], [ -43.159985149745744, -22.773241019302365 ], [ -43.160112345246318, -22.773646687642735 ], [ -43.160227592802293, -22.773730464257195 ], [ -43.160217728708297, -22.774023027352158 ], [ -43.160376582878762, -22.774101165086023 ], [ -43.160348022249295, -22.77426302305194 ], [ -43.160484898283784, -22.77465119345278 ], [ -43.160700715161418, -22.774708044600594 ], [ -43.160559962249138, -22.774841517077924 ], [ -43.160449852059365, -22.774817401560558 ], [ -43.160324096486299, -22.775059682666765 ], [ -43.159905159766097, -22.77546609693146 ], [ -43.158917670397557, -22.775613280159792 ], [ -43.15879612839268, -22.775831588477029 ], [ -43.158582928994704, -22.775862629925157 ], [ -43.158542060028793, -22.775976122941707 ], [ -43.158340638909685, -22.775993303756195 ], [ -43.158133108851928, -22.775942956620398 ], [ -43.157962334361486, -22.77571540450456 ], [ -43.155926413676191, -22.775210655172852 ], [ -43.155463353667407, -22.775261924959306 ], [ -43.155022805496102, -22.77547112178047 ], [ -43.154626479380063, -22.775447845405644 ], [ -43.15367553192614, -22.775122588779958 ], [ -43.153386892473655, -22.775187516386659 ], [ -43.153176510586398, -22.775096222263603 ], [ -43.152743071601947, -22.774466119909132 ], [ -43.152231907861911, -22.774235163736513 ], [ -43.152053263674979, -22.774043456615377 ], [ -43.152054417527161, -22.773502186512783 ], [ -43.152331131612549, -22.7731727113486 ], [ -43.152412345689591, -22.772688268100161 ], [ -43.152662920911787, -22.772528079449732 ], [ -43.152573495930589, -22.772291530535309 ], [ -43.152815099528233, -22.77214668059802 ], [ -43.152750573364301, -22.771926856223168 ], [ -43.152890170625675, -22.771785701636897 ], [ -43.152840048187485, -22.771689489539302 ], [ -43.152935220831928, -22.771687069355256 ], [ -43.153232295773769, -22.771957085116632 ], [ -43.153163685592368, -22.772460459010883 ], [ -43.153226048844495, -22.772783025038816 ], [ -43.153670488834585, -22.773087434770158 ], [ -43.154684613402132, -22.773340911775747 ], [ -43.156174282812543, -22.773237213719437 ], [ -43.157193610177643, -22.772813903214654 ], [ -43.157830251016648, -22.772301554184498 ], [ -43.157826674890501, -22.772205248690117 ], [ -43.15796882904796, -22.772068994429539 ], [ -43.158261558949057, -22.771887249854824 ], [ -43.158783762914766, -22.771208589037858 ], [ -43.158743382307321, -22.770872280955839 ], [ -43.158858077987681, -22.770880829563207 ], [ -43.158884570432441, -22.77079326744278 ], [ -43.158769899508833, -22.770579730448819 ], [ -43.158974842792581, -22.770604490427811 ], [ -43.159097065838303, -22.770726997481116 ], [ -43.159308224151658, -22.770593345767196 ], [ -43.159613653564215, -22.770604361985985 ], [ -43.159815568898672, -22.770470061137004 ], [ -43.159984546508085, -22.770177708130813 ], [ -43.160182104029325, -22.770179534403582 ], [ -43.160073545180914, -22.770040207594906 ] ] ], [ [ [ -43.149399673427361, -22.786729022151668 ], [ -43.149697926132191, -22.786617616292133 ], [ -43.149839394169746, -22.786692765576579 ], [ -43.150197292723952, -22.786679215662371 ], [ -43.150229299104502, -22.786797253525332 ], [ -43.150454242130223, -22.786936583030617 ], [ -43.15076655243692, -22.786916635248335 ], [ -43.150972428210217, -22.786989368823953 ], [ -43.150977689318474, -22.786880883817989 ], [ -43.151110132770093, -22.78693208540227 ], [ -43.151036974350369, -22.787020098876479 ], [ -43.151363938793914, -22.787112295568402 ], [ -43.151675306217115, -22.787328211231028 ], [ -43.151656801156108, -22.787487289895687 ], [ -43.151439389825207, -22.787815010884618 ], [ -43.150890223281692, -22.78813102978496 ], [ -43.150280361018744, -22.787906957746632 ], [ -43.150107013849109, -22.787754681765772 ], [ -43.149577924513771, -22.787715673283373 ], [ -43.149338454757221, -22.787498242792921 ], [ -43.149074967805113, -22.787407679910373 ], [ -43.148782246219199, -22.787080453496909 ], [ -43.148658264470832, -22.787059147545602 ], [ -43.148988585775754, -22.786678739488735 ], [ -43.14933156324814, -22.786644972737431 ], [ -43.149399673427361, -22.786729022151668 ] ] ], [ [ [ -43.167943446583806, -22.769040230758687 ], [ -43.167735529217559, -22.768858950464239 ], [ -43.167669227169711, -22.7685735475572 ], [ -43.167681246688126, -22.768329774841856 ], [ -43.167918082410189, -22.767657555944147 ], [ -43.168476758744276, -22.767159797091875 ], [ -43.169219541307186, -22.766664237444378 ], [ -43.169359518781874, -22.767332562845187 ], [ -43.169313860917342, -22.767470296357605 ], [ -43.169224606540006, -22.767591275817811 ], [ -43.168900051793578, -22.767620061122919 ], [ -43.168705647226119, -22.767739831077662 ], [ -43.168587936541115, -22.768023030013847 ], [ -43.168679226273646, -22.768406247408375 ], [ -43.168614416138524, -22.768665762326698 ], [ -43.168205894426968, -22.769075753088394 ], [ -43.167943446583806, -22.769040230758687 ] ] ], [ [ [ -43.156421393711689, -22.769891679050755 ], [ -43.157019736667749, -22.76971419113034 ], [ -43.157524937389546, -22.769351399631407 ], [ -43.157723652440922, -22.769346831557666 ], [ -43.157832036494504, -22.769491485746684 ], [ -43.157778518619807, -22.769641044671083 ], [ -43.157414505186225, -22.769903149006272 ], [ -43.156982965715287, -22.770806175477375 ], [ -43.156722966282622, -22.770994345309319 ], [ -43.156377134522643, -22.770997123883348 ], [ -43.156115603656595, -22.770748384688499 ], [ -43.156025588446184, -22.770330861186942 ], [ -43.156052546100319, -22.769962461072808 ], [ -43.156127069127201, -22.769895051364873 ], [ -43.156421393711689, -22.769891679050755 ] ] ], [ [ [ -43.155336171359373, -22.793428183670937 ], [ -43.155839188381421, -22.793452062912859 ], [ -43.155726085492191, -22.793873917681299 ], [ -43.155863374352485, -22.79426065327042 ], [ -43.155721003122309, -22.794548518869888 ], [ -43.155523131137784, -22.79455300550725 ], [ -43.155371778935717, -22.794321159549288 ], [ -43.154877733450697, -22.794035682046321 ], [ -43.155000858930308, -22.793875282351131 ], [ -43.155011950705976, -22.793593842487816 ], [ -43.155211812110132, -22.79365846366051 ], [ -43.155336171359373, -22.793428183670937 ] ] ], [ [ [ -43.149265686572313, -22.788906498610146 ], [ -43.149523121102469, -22.788918877519841 ], [ -43.149586714970816, -22.789012988506876 ], [ -43.149579769412078, -22.789202815631548 ], [ -43.149358047369809, -22.789401894481792 ], [ -43.149386527209032, -22.789507065720201 ], [ -43.148630892847237, -22.789468584364823 ], [ -43.148604821144481, -22.789358291866659 ], [ -43.148722067045831, -22.78923666122547 ], [ -43.14864492298144, -22.789121891886843 ], [ -43.148713704374671, -22.78904087525909 ], [ -43.149265686572313, -22.788906498610146 ] ] ], [ [ [ -43.151404547030019, -22.789322862805641 ], [ -43.151664308162864, -22.789336348920784 ], [ -43.151741277780125, -22.789485790650893 ], [ -43.151727971282249, -22.789786529401283 ], [ -43.151977390992826, -22.790227485243925 ], [ -43.151850547784385, -22.790259245236264 ], [ -43.151951764975088, -22.790466853502767 ], [ -43.151877726341596, -22.790735644232079 ], [ -43.151848610254923, -22.790641389101868 ], [ -43.151658626012889, -22.790595751070775 ], [ -43.151690214793319, -22.790354735328634 ], [ -43.15159495184627, -22.790305317767 ], [ -43.151679782812053, -22.790110070100603 ], [ -43.151333759531198, -22.789798485609719 ], [ -43.151374420823551, -22.789737098913491 ], [ -43.151267835577272, -22.789703714299232 ], [ -43.151432972477444, -22.789685219967023 ], [ -43.151281351480094, -22.789640388369907 ], [ -43.151257930605198, -22.789542587931489 ], [ -43.151390062684229, -22.789443792210218 ], [ -43.151404547030019, -22.789322862805641 ] ] ], [ [ [ -43.157724842465562, -22.799902692406679 ], [ -43.157881265841645, -22.800301205742855 ], [ -43.157539422559829, -22.800349541143792 ], [ -43.15737580526114, -22.800138414238504 ], [ -43.157571629952535, -22.799888369530898 ], [ -43.157724842465562, -22.799902692406679 ] ] ], [ [ [ -43.152220488454404, -22.790292248771156 ], [ -43.152337420307731, -22.790215583885185 ], [ -43.152361048694111, -22.790399080359901 ], [ -43.152220488454404, -22.790292248771156 ] ] ] ] } },
{ "type": "Feature", "properties": { "objectid": 475, "nome": "Rocinha", "regiao_adm": "ROCINHA                 ", "area_plane": "2", "codbairro": "154", "codra": 27, "codbnum": 154, "link": "Rocinha                   &area=154               ", "rp": "Zona Sul", "cod_rp": "2.1", "codbairro_long": 154, "st_area(shape)": 1437198.5771593167, "st_perimeter(shape)": 6120.7534523176173 }, "geometry": { "type": "Polygon", "coordinates": [ [ [ -43.249317575524138, -22.98417407521757 ], [ -43.251198039059091, -22.983743948629339 ], [ -43.251483364156883, -22.983612363332171 ], [ -43.253179129173304, -22.98368678750488 ], [ -43.254311917559782, -22.983389795863129 ], [ -43.255776749340122, -22.984563013479534 ], [ -43.25697806117882, -22.987651496924105 ], [ -43.257056507580579, -22.98860679924454 ], [ -43.257018148398068, -22.988973740265379 ], [ -43.256841238799304, -22.989146443217486 ], [ -43.256056397003718, -22.98949902578061 ], [ -43.254665963120935, -22.989894241174763 ], [ -43.253504766472197, -22.990696899350194 ], [ -43.252776576811605, -22.990776465513942 ], [ -43.252408262132995, -22.990632789588716 ], [ -43.251639796718045, -22.992219372660461 ], [ -43.250807194356732, -22.992051963461247 ], [ -43.249644518902443, -22.992111364867583 ], [ -43.249244354761458, -22.99225901585654 ], [ -43.249173151306735, -22.992372192861676 ], [ -43.249255151520735, -22.992692417955258 ], [ -43.249765176626653, -22.992625811645713 ], [ -43.251481560611722, -22.99262264441359 ], [ -43.252580927716664, -22.993010989400982 ], [ -43.253107705742586, -22.993317787526657 ], [ -43.253115686380362, -22.993485933482997 ], [ -43.252799012713048, -22.993368475261438 ], [ -43.252708060888779, -22.99352342890969 ], [ -43.252278055661726, -22.993321999811453 ], [ -43.25218492902529, -22.993547187437471 ], [ -43.251944708249994, -22.993461725583757 ], [ -43.251730766160684, -22.993918747244777 ], [ -43.25032608148841, -22.995801179694141 ], [ -43.248035369056353, -22.995120602160991 ], [ -43.245687254536982, -22.994000112714104 ], [ -43.244324008309341, -22.993252994293133 ], [ -43.244159003491305, -22.992118920702332 ], [ -43.244025973091354, -22.991921664924277 ], [ -43.243603782104984, -22.991698175959499 ], [ -43.242556373665757, -22.991254809403088 ], [ -43.241507150997926, -22.990929625093003 ], [ -43.23982156172189, -22.990734086014093 ], [ -43.240524098893957, -22.986273513216528 ], [ -43.240652097863212, -22.986301304693907 ], [ -43.24060577719078, -22.986571614439033 ], [ -43.24087627930173, -22.986614262242487 ], [ -43.240877135486123, -22.98654816861146 ], [ -43.241560218234454, -22.986681276070016 ], [ -43.241693436935861, -22.986215517390463 ], [ -43.242127337684721, -22.986248686611042 ], [ -43.242411483836968, -22.985629006491788 ], [ -43.242692613620683, -22.985709697997112 ], [ -43.242985873628598, -22.985493418576407 ], [ -43.243187713086243, -22.985535841760836 ], [ -43.243157722627757, -22.985758110812466 ], [ -43.243670256117284, -22.985721983510473 ], [ -43.244456675259507, -22.98585152904797 ], [ -43.244868797889353, -22.985818978283529 ], [ -43.245232747747131, -22.985423229816181 ], [ -43.24618153389001, -22.985034046064349 ], [ -43.246618830824936, -22.985378161595175 ], [ -43.247421990549945, -22.984996659821352 ], [ -43.247954934991618, -22.984542447427607 ], [ -43.248209743345903, -22.984440692711988 ], [ -43.248821182526484, -22.984517169721222 ], [ -43.249317575524138, -22.98417407521757 ] ] ] } },
{ "type": "Feature", "properties": { "objectid": 407, "nome": "Jacarezinho", "regiao_adm": "JACAREZINHO             ", "area_plane": "3", "codbairro": "155", "codra": 28, "codbnum": 155, "link": "Jacarezinho               &area=155               ", "rp": "Méier", "cod_rp": "3.2", "codbairro_long": 155, "st_area(shape)": 943876.62396093563, "st_perimeter(shape)": 6319.1148644120185 }, "geometry": { "type": "Polygon", "coordinates": [ [ [ -43.25313426196459, -22.884231489858724 ], [ -43.25456496192156, -22.88260606501596 ], [ -43.255810673137972, -22.88161164480584 ], [ -43.261199321506218, -22.885630801310203 ], [ -43.263696304112131, -22.886908752779355 ], [ -43.263291241379115, -22.887543879953181 ], [ -43.264573888675343, -22.887859152185744 ], [ -43.264547475383083, -22.888342005263311 ], [ -43.265115364601975, -22.890017254182091 ], [ -43.263538082323052, -22.890495812564176 ], [ -43.26389487384035, -22.89119615574123 ], [ -43.263369092481796, -22.891535564916875 ], [ -43.263286056816277, -22.89167273719849 ], [ -43.263253774815446, -22.892516480770276 ], [ -43.264039386011078, -22.893435536018973 ], [ -43.263367137919424, -22.894192907058461 ], [ -43.261975438364622, -22.89456790934392 ], [ -43.261622441605539, -22.894434276889054 ], [ -43.261616053817171, -22.894186045694259 ], [ -43.26189427270991, -22.893073981549708 ], [ -43.261921630994422, -22.892127686092945 ], [ -43.261151607897418, -22.890392600781365 ], [ -43.260594341764921, -22.889975155949063 ], [ -43.260241918182409, -22.889767025351233 ], [ -43.25915544541008, -22.89060708171019 ], [ -43.258483275541117, -22.890937283168288 ], [ -43.258177473606331, -22.890452147311802 ], [ -43.257413092409379, -22.88992793730575 ], [ -43.256533040642623, -22.889021271918839 ], [ -43.25574483447415, -22.889012623927034 ], [ -43.255218915044715, -22.888843758279464 ], [ -43.254338681932424, -22.888219467535507 ], [ -43.253742044247581, -22.887636488657243 ], [ -43.253557460354692, -22.887764681408559 ], [ -43.253528662407334, -22.887981371879139 ], [ -43.254192260432731, -22.889676579569286 ], [ -43.254076935296929, -22.889876244236721 ], [ -43.253886324767919, -22.889858075742058 ], [ -43.253798664932113, -22.88992944798656 ], [ -43.253749536996288, -22.89037899553691 ], [ -43.253566469709249, -22.89044931932796 ], [ -43.253387310593624, -22.890214270114711 ], [ -43.253230880043546, -22.890236662710379 ], [ -43.253151378624622, -22.890348310506766 ], [ -43.253235746712733, -22.890534094656196 ], [ -43.252753256495978, -22.890946729180545 ], [ -43.251740184398891, -22.890123825212353 ], [ -43.25168999739973, -22.889978602631814 ], [ -43.252017994353849, -22.888752418485836 ], [ -43.252030887593094, -22.888423031976259 ], [ -43.251314915845605, -22.888109740981665 ], [ -43.250601120700075, -22.888630358104862 ], [ -43.249131327561834, -22.890110730643499 ], [ -43.248728970039714, -22.889777492260979 ], [ -43.249204570224556, -22.889241526575958 ], [ -43.249393471249455, -22.888549331975216 ], [ -43.249231629807696, -22.888552967733851 ], [ -43.249437767470233, -22.888036792494155 ], [ -43.249685256170729, -22.887677840099336 ], [ -43.249922528189117, -22.887439334379277 ], [ -43.251555019576912, -22.886295870058298 ], [ -43.253280777123308, -22.884305525486283 ], [ -43.25313426196459, -22.884231489858724 ] ] ] } },
{ "type": "Feature", "properties": { "objectid": 456, "nome": "Urca", "regiao_adm": "BOTAFOGO                ", "area_plane": "2", "codbairro": "022", "codra": 4, "codbnum": 22, "link": "Urca                      &area=22                ", "rp": "Zona Sul", "cod_rp": "2.1", "codbairro_long": 22, "st_area(shape)": 2319007.9839523658, "st_perimeter(shape)": 14138.523910427148 }, "geometry": { "type": "MultiPolygon", "coordinates": [ [ [ [ -43.151689266734344, -22.938700592585093 ], [ -43.152375958643866, -22.93863562789895 ], [ -43.153239091497966, -22.938917847418498 ], [ -43.153252847493086, -22.93880224000479 ], [ -43.153412951995968, -22.938830109549613 ], [ -43.153391621876182, -22.938684745533763 ], [ -43.153498975951017, -22.938662696008187 ], [ -43.154077132902181, -22.939015734405974 ], [ -43.154116684731612, -22.939169347259927 ], [ -43.1544254530491, -22.939479515467482 ], [ -43.155283601335114, -22.939698635321172 ], [ -43.156101967748469, -22.940349837591931 ], [ -43.157695004584454, -22.941172848576496 ], [ -43.157824545171366, -22.941348546112412 ], [ -43.1578316779148, -22.941527427715926 ], [ -43.157533478366574, -22.942142717914674 ], [ -43.157707667465054, -22.942700643233447 ], [ -43.157654799386727, -22.942695061758158 ], [ -43.157643369970465, -22.943229520103458 ], [ -43.157857020079177, -22.943436899052763 ], [ -43.158243171840283, -22.943606815636439 ], [ -43.158703841619435, -22.943674021176054 ], [ -43.159163488085106, -22.943492428494604 ], [ -43.160430214203899, -22.943292743070952 ], [ -43.16144996036121, -22.943266545171529 ], [ -43.161988568774447, -22.943461248575488 ], [ -43.162478318910168, -22.943873375593739 ], [ -43.162835044451171, -22.944302380679076 ], [ -43.163598811885251, -22.945471072092737 ], [ -43.163797613337081, -22.945898156737833 ], [ -43.163737096897165, -22.946249727486993 ], [ -43.163067985712942, -22.947342589777605 ], [ -43.16309922075488, -22.947542339504306 ], [ -43.163864215590309, -22.948022033280544 ], [ -43.164728772680114, -22.947763841032017 ], [ -43.165147350090713, -22.94783008928357 ], [ -43.165378794512598, -22.947962981841695 ], [ -43.167701912403786, -22.94982876112136 ], [ -43.167868208385578, -22.950020859582605 ], [ -43.16784940144516, -22.950251637500735 ], [ -43.168102811763035, -22.950773985621897 ], [ -43.169228775583619, -22.951662562689517 ], [ -43.169438743335022, -22.951674829276403 ], [ -43.169471994395529, -22.951877672664221 ], [ -43.169959320000409, -22.952350703536254 ], [ -43.1701171551573, -22.952244342034898 ], [ -43.170095507449012, -22.952099426369731 ], [ -43.17022749604839, -22.951747143039405 ], [ -43.170921830869325, -22.951473768662051 ], [ -43.171156900907832, -22.952012155557174 ], [ -43.170891877242454, -22.9521277571049 ], [ -43.171034599177325, -22.952521498595779 ], [ -43.172546193200368, -22.951876008662762 ], [ -43.172350662190397, -22.951449692567799 ], [ -43.176694559405149, -22.949619216275792 ], [ -43.176536642665134, -22.949375661564009 ], [ -43.177733791467709, -22.948869905585767 ], [ -43.177768548714305, -22.948932161575968 ], [ -43.178184503503054, -22.948780263878017 ], [ -43.178245979557012, -22.948878588475118 ], [ -43.178723467107723, -22.948704367846641 ], [ -43.178748764089654, -22.948788369266975 ], [ -43.178965165542536, -22.948749496867492 ], [ -43.178979491819199, -22.948852242941996 ], [ -43.179659107183483, -22.948765678117621 ], [ -43.18021461058148, -22.948415534656412 ], [ -43.180340019215123, -22.948232121960089 ], [ -43.180736953258602, -22.948670944720806 ], [ -43.180423470928254, -22.949020614777993 ], [ -43.180029847299203, -22.949260008396266 ], [ -43.179765507171339, -22.949332649074798 ], [ -43.17836637927639, -22.949375463266104 ], [ -43.176647768516723, -22.950221995400096 ], [ -43.175343235406039, -22.950997506915304 ], [ -43.175578977575867, -22.951305532187089 ], [ -43.17294962640225, -22.952744495475109 ], [ -43.173854719364741, -22.954567029071558 ], [ -43.169614665650911, -22.957339658893581 ], [ -43.167244837580839, -22.958834793799429 ], [ -43.165871812291627, -22.959082507884229 ], [ -43.163345028108829, -22.959176071598453 ], [ -43.162688597557924, -22.959454816374674 ], [ -43.162253826607987, -22.959703979929184 ], [ -43.162066893193796, -22.959992406222277 ], [ -43.16181859560573, -22.961559525551081 ], [ -43.160287667214632, -22.961575812597264 ], [ -43.16049921483657, -22.961277650798284 ], [ -43.160475928348284, -22.960959064983292 ], [ -43.160401405741474, -22.960910159511315 ], [ -43.160529671322735, -22.960857195385824 ], [ -43.159832461871247, -22.960199650865178 ], [ -43.160022954108904, -22.959936913735618 ], [ -43.159949454433054, -22.959790854676175 ], [ -43.160245032047321, -22.959631468622188 ], [ -43.160134506172781, -22.959540967451488 ], [ -43.160193894620278, -22.959411078520663 ], [ -43.159454404690159, -22.959190557640092 ], [ -43.159255841461857, -22.95890425190969 ], [ -43.159428552447842, -22.958694225238823 ], [ -43.159874142762654, -22.958409616867897 ], [ -43.160315583596173, -22.957890714734422 ], [ -43.159694901600567, -22.957776323509897 ], [ -43.159683238385789, -22.957708642015621 ], [ -43.16032646634563, -22.95741079195524 ], [ -43.160823638442892, -22.957342059800062 ], [ -43.160877965902493, -22.957168136348905 ], [ -43.161054169736296, -22.957254702913129 ], [ -43.161085885413094, -22.957115914766682 ], [ -43.161160779846583, -22.957130056834526 ], [ -43.16114426519114, -22.957233532447443 ], [ -43.161220108325416, -22.95722799957473 ], [ -43.161188720668321, -22.957169391470458 ], [ -43.161303090473808, -22.957199163839221 ], [ -43.161253560551479, -22.957242024949657 ], [ -43.161339507006424, -22.957347410194558 ], [ -43.162115859567265, -22.957285885090805 ], [ -43.162625704949583, -22.95743383749814 ], [ -43.162710093625591, -22.957178266113775 ], [ -43.163214401438552, -22.956790479263002 ], [ -43.164415656981369, -22.956508831852052 ], [ -43.164357715778358, -22.956300733598148 ], [ -43.16443909959569, -22.955913556422939 ], [ -43.16443244587407, -22.95522898370206 ], [ -43.164351433829708, -22.954692822995987 ], [ -43.164223814627981, -22.954431003582041 ], [ -43.163975277029323, -22.954191351348634 ], [ -43.163725545468502, -22.954090753494274 ], [ -43.163423529776836, -22.954128614701727 ], [ -43.163207781527596, -22.95392329662323 ], [ -43.16182979758328, -22.953552803183641 ], [ -43.161406205738416, -22.953149387377106 ], [ -43.161416963387943, -22.95324089904847 ], [ -43.161285095572275, -22.95331558455511 ], [ -43.161347167660843, -22.953210470680165 ], [ -43.161242800958419, -22.953039672711665 ], [ -43.161104842124907, -22.95306723989675 ], [ -43.161132275332761, -22.952934903738694 ], [ -43.16090171546692, -22.952642720723624 ], [ -43.16081135868901, -22.95286372561085 ], [ -43.160451047936405, -22.953008818366026 ], [ -43.160366416646667, -22.95314527601419 ], [ -43.160116105132879, -22.953282611835078 ], [ -43.159427693242002, -22.953281939144002 ], [ -43.159405625718335, -22.953334690510758 ], [ -43.159353237568993, -22.953257235187568 ], [ -43.159021427664264, -22.953184031567989 ], [ -43.158673844857944, -22.953224425975179 ], [ -43.157519521436939, -22.953130921319048 ], [ -43.157503256335566, -22.953273409962808 ], [ -43.157404328504938, -22.953126241804856 ], [ -43.157282650365246, -22.953211518223917 ], [ -43.157158968944358, -22.953113728556701 ], [ -43.157158865890217, -22.953222090086108 ], [ -43.15700937712348, -22.953193712868458 ], [ -43.156856916510826, -22.953334347709564 ], [ -43.156745695217055, -22.953108474239738 ], [ -43.156438940364154, -22.953107798304639 ], [ -43.156447624134067, -22.953013803404097 ], [ -43.156316826291153, -22.952923065174282 ], [ -43.15628452979967, -22.953018048883504 ], [ -43.156178896152795, -22.953013207807096 ], [ -43.15618813919658, -22.95285646117998 ], [ -43.156038940984722, -22.952929045257878 ], [ -43.155995744450024, -22.952677230980804 ], [ -43.155673206136107, -22.952617856060236 ], [ -43.155550013560067, -22.952441144957291 ], [ -43.155294459134431, -22.95256206820477 ], [ -43.155109912982709, -22.952480003172536 ], [ -43.154918571934694, -22.952561307673022 ], [ -43.154730212263161, -22.952214251205561 ], [ -43.154538736695521, -22.952190350739397 ], [ -43.154458244826664, -22.952279989898237 ], [ -43.154533661385329, -22.952305697878707 ], [ -43.154369694960202, -22.952316792440598 ], [ -43.15434983014103, -22.952221383668935 ], [ -43.154200816877086, -22.952215585868156 ], [ -43.154223800258869, -22.952124286946994 ], [ -43.154144787187846, -22.95204760383173 ], [ -43.1541271324459, -22.952213283449048 ], [ -43.153984606146885, -22.952254066563523 ], [ -43.153913150580109, -22.952109022261162 ], [ -43.154090971048582, -22.952111632928496 ], [ -43.15390609809814, -22.952061078214061 ], [ -43.153795631360062, -22.951830336327223 ], [ -43.152858233648026, -22.95163989906537 ], [ -43.152572650630958, -22.95143023417884 ], [ -43.152381408625857, -22.951396581273368 ], [ -43.152209859595715, -22.951463483227194 ], [ -43.151909269715674, -22.951396771210284 ], [ -43.151339743838548, -22.95147429351465 ], [ -43.150974657420299, -22.951260265886212 ], [ -43.150559543308141, -22.951168555214764 ], [ -43.150264249159569, -22.950856006715266 ], [ -43.150284425387149, -22.950691801082815 ], [ -43.150681423500039, -22.950408638782498 ], [ -43.150724974330792, -22.950196032779051 ], [ -43.151050495616701, -22.949798434183624 ], [ -43.150938932387881, -22.949713332379126 ], [ -43.150944558421152, -22.949471660181224 ], [ -43.150811308006311, -22.949267919440679 ], [ -43.150879959580038, -22.949109518126455 ], [ -43.150991305574152, -22.949138538914045 ], [ -43.151016493582347, -22.94900717118075 ], [ -43.151168853480932, -22.948953049294374 ], [ -43.151131864643425, -22.94878321229983 ], [ -43.151348185872742, -22.948808127697589 ], [ -43.151481757317995, -22.948959857740263 ], [ -43.151721477308463, -22.948726420962664 ], [ -43.151849584000161, -22.948390362523227 ], [ -43.152135002087135, -22.9481952046667 ], [ -43.15330406422472, -22.947845804037708 ], [ -43.154304994895455, -22.947375961653123 ], [ -43.154764222166591, -22.947334800623111 ], [ -43.155013819561461, -22.94711302924587 ], [ -43.155248075042536, -22.946699369996303 ], [ -43.155318651666192, -22.94616858035878 ], [ -43.15560923489798, -22.945318421093802 ], [ -43.155702442216175, -22.944534866236161 ], [ -43.155983712057498, -22.943522323351612 ], [ -43.155930722710991, -22.94334580208665 ], [ -43.15574378989281, -22.9432970294623 ], [ -43.155310948552994, -22.942989667608391 ], [ -43.154998201434644, -22.942526392038214 ], [ -43.154650040056595, -22.942359704657591 ], [ -43.154543512537543, -22.94189639140934 ], [ -43.154222508430372, -22.941819418348601 ], [ -43.154167298131455, -22.941907633458495 ], [ -43.153510702297844, -22.942074277167478 ], [ -43.152375392927823, -22.941894903448251 ], [ -43.151919819845702, -22.941682895523293 ], [ -43.151944010417616, -22.941531288097 ], [ -43.151810796472041, -22.941353828523731 ], [ -43.151332447814497, -22.940995624485087 ], [ -43.151421808030086, -22.940862836937626 ], [ -43.15118336781034, -22.940679726022136 ], [ -43.151214617888179, -22.94053271700005 ], [ -43.151020673366801, -22.940512396482386 ], [ -43.151092454530975, -22.94037434822981 ], [ -43.151422104055584, -22.940051294534413 ], [ -43.15173190224737, -22.939969387533491 ], [ -43.151685567235745, -22.939834567470069 ], [ -43.151884153449693, -22.93982189148619 ], [ -43.15204319026536, -22.939547870580448 ], [ -43.152421274779499, -22.939434428353717 ], [ -43.152154271528282, -22.939438000450345 ], [ -43.151537873439757, -22.939036200742361 ], [ -43.151689266734344, -22.938700592585093 ] ] ], [ [ [ -43.146141889328916, -22.934281687755771 ], [ -43.146254508657556, -22.934187734660998 ], [ -43.14729115466303, -22.934411689514636 ], [ -43.147364345007418, -22.934585831942073 ], [ -43.148088895677766, -22.935047517329373 ], [ -43.148529036026453, -22.935445919990908 ], [ -43.148534439653304, -22.93555750618744 ], [ -43.148320421901921, -22.93555112598456 ], [ -43.147955885408564, -22.935307300281689 ], [ -43.147945998731792, -22.935181213425739 ], [ -43.147735152013645, -22.9350422156595 ], [ -43.147236515911466, -22.935023481392573 ], [ -43.146680773212935, -22.934874223322986 ], [ -43.146288318619909, -22.934640363305668 ], [ -43.146325076634113, -22.934454046185959 ], [ -43.146141889328916, -22.934281687755771 ] ] ] ] } },
{ "type": "Feature", "properties": { "objectid": 353, "nome": "Zumbi", "regiao_adm": "ILHA DO GOVERNADOR      ", "area_plane": "3", "codbairro": "092", "codra": 20, "codbnum": 92, "link": "Zumbi                     &area=92                ", "rp": "Ilha do Governador", "cod_rp": "3.7", "codbairro_long": 92, "st_area(shape)": 161118.23572570123, "st_perimeter(shape)": 2122.5241066359727 }, "geometry": { "type": "Polygon", "coordinates": [ [ [ -43.175269063371651, -22.818975851060426 ], [ -43.175419633541026, -22.818927185767631 ], [ -43.175861489525964, -22.819432803208109 ], [ -43.178331897443734, -22.819830686201897 ], [ -43.180143776731931, -22.820398188480223 ], [ -43.180082249590683, -22.820651692596357 ], [ -43.178827912757804, -22.820645033964063 ], [ -43.178294046072892, -22.820808341863138 ], [ -43.177958230103705, -22.821066383981766 ], [ -43.176764720765412, -22.822731577849755 ], [ -43.176385248342967, -22.823150853267286 ], [ -43.175539036882299, -22.823680280657854 ], [ -43.175465968327465, -22.82383422429649 ], [ -43.175190158721385, -22.823879558234459 ], [ -43.174148874223611, -22.821314814496059 ], [ -43.173325618796355, -22.821226721638421 ], [ -43.172956640552172, -22.820501500775645 ], [ -43.17325957733155, -22.820401303762544 ], [ -43.173741510175752, -22.820063854747193 ], [ -43.173714835178956, -22.819938388212861 ], [ -43.173870322666495, -22.819886347482171 ], [ -43.173902591684552, -22.819964831426432 ], [ -43.173978019237481, -22.819896973583127 ], [ -43.174047607370674, -22.819945632432894 ], [ -43.1741549902994, -22.820198903193049 ], [ -43.174346879517472, -22.820127323772827 ], [ -43.174494706753165, -22.820262487449657 ], [ -43.175041221554956, -22.819771712539257 ], [ -43.175296282773161, -22.819162822670535 ], [ -43.175269063371651, -22.818975851060426 ] ] ] } },
{ "type": "Feature", "properties": { "objectid": 352, "nome": "Penha", "regiao_adm": "PENHA                   ", "area_plane": "3", "codbairro": "043", "codra": 11, "codbnum": 43, "link": "Penha                     &area=43                ", "rp": "Penha", "cod_rp": "3.5", "codbairro_long": 43, "st_area(shape)": 5811338.8208522154, "st_perimeter(shape)": 13667.794011660009 }, "geometry": { "type": "Polygon", "coordinates": [ [ [ -43.25648886199383, -22.833627606270412 ], [ -43.256646676267842, -22.833606215511605 ], [ -43.263228500076089, -22.827935582776767 ], [ -43.263611514069588, -22.82719526509473 ], [ -43.264017918133675, -22.826646019490351 ], [ -43.264405277163945, -22.82643829058031 ], [ -43.264773833920685, -22.826453052705414 ], [ -43.265249312280659, -22.826026109679734 ], [ -43.266225726814518, -22.824684568024399 ], [ -43.266649992075919, -22.823961939152969 ], [ -43.26727325781421, -22.822740989012136 ], [ -43.267381408276215, -22.822316725290971 ], [ -43.267538164771075, -22.822169875330722 ], [ -43.268858990549731, -22.819357605362715 ], [ -43.274142422167472, -22.82607638810417 ], [ -43.27454196915, -22.82661597093453 ], [ -43.27465579764025, -22.826914586971302 ], [ -43.275083762728492, -22.827325696875111 ], [ -43.278945761684497, -22.831887743166924 ], [ -43.280158976403094, -22.833209320640023 ], [ -43.282113171636311, -22.835143586359074 ], [ -43.282812858369688, -22.835636899930837 ], [ -43.284729866600784, -22.837550958113926 ], [ -43.284685982340854, -22.83763961828187 ], [ -43.284778750303744, -22.837918225773922 ], [ -43.28534118466461, -22.83827124652078 ], [ -43.286463892391325, -22.839998281875314 ], [ -43.28772967040225, -22.840557090066241 ], [ -43.288621873728474, -22.841219068786042 ], [ -43.290665027458573, -22.842431097894313 ], [ -43.293264146492163, -22.843740637421703 ], [ -43.294608859665651, -22.844584892066393 ], [ -43.29746005361298, -22.845845862374492 ], [ -43.296672732905982, -22.846708012552774 ], [ -43.296629284792424, -22.847458008219888 ], [ -43.296908389751188, -22.847634838053327 ], [ -43.296760565249784, -22.847870223898575 ], [ -43.296870551675035, -22.847934618333028 ], [ -43.296570680808045, -22.849424565556884 ], [ -43.295926450533294, -22.850319666331131 ], [ -43.292128106823462, -22.852572868015169 ], [ -43.290732339339421, -22.851427226059517 ], [ -43.287924424858041, -22.850597277631479 ], [ -43.284315477601552, -22.850723226448917 ], [ -43.282965664679317, -22.850572755374191 ], [ -43.282731371969192, -22.850436481854494 ], [ -43.28356608011871, -22.849642829909776 ], [ -43.283484454222616, -22.849578283573369 ], [ -43.282612958409288, -22.850384181192638 ], [ -43.282472082208564, -22.850289281949387 ], [ -43.282390991844004, -22.850182205043595 ], [ -43.282258332598381, -22.849433386421413 ], [ -43.281628869279828, -22.848952837738697 ], [ -43.281938784358758, -22.84851385666887 ], [ -43.281527745880489, -22.848540484115222 ], [ -43.281451360948878, -22.848617325722703 ], [ -43.280303974614753, -22.848542799179974 ], [ -43.279625094177099, -22.848877277601044 ], [ -43.279404345463661, -22.848439878969653 ], [ -43.278782957043951, -22.848526357687465 ], [ -43.278269448808828, -22.848039194538419 ], [ -43.277729339136854, -22.847668327230501 ], [ -43.277279147215175, -22.847476969366088 ], [ -43.277204267852575, -22.846769323960245 ], [ -43.276994354136406, -22.846137786482725 ], [ -43.277040650016517, -22.845788706380986 ], [ -43.276563665790796, -22.845729177559054 ], [ -43.276541659614601, -22.845480413088882 ], [ -43.275293835358752, -22.844402622527809 ], [ -43.274350362046704, -22.844780810586329 ], [ -43.272730203764617, -22.844918206874972 ], [ -43.271453748794713, -22.845129487958165 ], [ -43.270624418245497, -22.842837237670039 ], [ -43.270043077074284, -22.843071770766965 ], [ -43.269375198781759, -22.843530588096723 ], [ -43.268635570112494, -22.844361499675777 ], [ -43.268390939920835, -22.844158897645425 ], [ -43.268464326900613, -22.843318665551934 ], [ -43.268372756923867, -22.843271070960888 ], [ -43.268490702389123, -22.841897423340146 ], [ -43.268375177695518, -22.841756371159473 ], [ -43.268697086466759, -22.841487957137858 ], [ -43.268749221173458, -22.841340961119638 ], [ -43.267171238516546, -22.83954492050599 ], [ -43.267458552645621, -22.839353884985698 ], [ -43.267452732237913, -22.839151805236703 ], [ -43.267251659098605, -22.839149617016627 ], [ -43.267140284334822, -22.839342656619429 ], [ -43.267038863606132, -22.839403684088936 ], [ -43.26695986276161, -22.839356225632585 ], [ -43.264480756304437, -22.836587130376088 ], [ -43.2640880823079, -22.836489560717091 ], [ -43.263282824049774, -22.836550768499819 ], [ -43.262324399391822, -22.836788837821548 ], [ -43.261948819146433, -22.836994522777189 ], [ -43.260920929959802, -22.836105513667661 ], [ -43.260478156410542, -22.835603986507977 ], [ -43.256280603077975, -22.837866685590836 ], [ -43.256039139327967, -22.837479243325362 ], [ -43.255519270935721, -22.837462259000425 ], [ -43.255309468999542, -22.837357914331683 ], [ -43.255088989690329, -22.837189512426548 ], [ -43.254802765397919, -22.836599381824119 ], [ -43.254921078876187, -22.836581622017913 ], [ -43.254861394479022, -22.836219380134576 ], [ -43.254939098579761, -22.835588805284768 ], [ -43.255103875311825, -22.835197504335511 ], [ -43.255711983177385, -22.834475028149949 ], [ -43.255723113646589, -22.834335625908732 ], [ -43.255917346336851, -22.834285285100176 ], [ -43.25648886199383, -22.833627606270412 ] ] ] } },
{ "type": "Feature", "properties": { "objectid": 328, "nome": "Galeão", "regiao_adm": "ILHA DO GOVERNADOR      ", "area_plane": "3", "codbairro": "104", "codra": 20, "codbnum": 104, "link": "Galeão                    &area=104               ", "rp": "Ilha do Governador", "cod_rp": "3.7", "codbairro_long": 104, "st_area(shape)": 18957473.378097732, "st_perimeter(shape)": 21510.088396041181 }, "geometry": { "type": "MultiPolygon", "coordinates": [ [ [ [ -43.227399949201477, -22.783736782027319 ], [ -43.228541003257995, -22.783773114044276 ], [ -43.228607815477829, -22.783893693650509 ], [ -43.229842195011706, -22.783988582592823 ], [ -43.230713105114134, -22.784250200533261 ], [ -43.230849685334277, -22.784405869670461 ], [ -43.230589867613695, -22.784804039138482 ], [ -43.230466084420677, -22.784751190300994 ], [ -43.230394963643647, -22.784466209265211 ], [ -43.230169825806378, -22.784259887679472 ], [ -43.229441657801608, -22.78408410732256 ], [ -43.228949930424676, -22.78410655303837 ], [ -43.228947477819389, -22.784273773456334 ], [ -43.228787739100007, -22.784486117361418 ], [ -43.228643930982948, -22.784943008255031 ], [ -43.228555468462339, -22.784990607993365 ], [ -43.228318486060516, -22.78607066287411 ], [ -43.228506064261722, -22.787337399014575 ], [ -43.228854732167051, -22.78815195432707 ], [ -43.229061821316506, -22.788270387206833 ], [ -43.229542748490992, -22.788218112109583 ], [ -43.229866343704977, -22.78840285795879 ], [ -43.229938024867842, -22.788357688434925 ], [ -43.230274350492671, -22.78858989630054 ], [ -43.230936003792024, -22.789333507045001 ], [ -43.231240118327989, -22.789541153592786 ], [ -43.231687114773479, -22.789454539726787 ], [ -43.232302017428424, -22.78957189186562 ], [ -43.232505144377996, -22.789824473065952 ], [ -43.232440080239897, -22.790126731376827 ], [ -43.232895446139658, -22.7900179906262 ], [ -43.233155607384596, -22.790107297494423 ], [ -43.233910454178002, -22.790732813224903 ], [ -43.233830907918374, -22.791501978470844 ], [ -43.233921769713099, -22.791585887138794 ], [ -43.234507476108234, -22.791558686502665 ], [ -43.235152592153945, -22.791690632975733 ], [ -43.236012945522283, -22.791740247594952 ], [ -43.236265906805592, -22.791700782073839 ], [ -43.236607402554121, -22.791487189603753 ], [ -43.237685392250242, -22.791070690292379 ], [ -43.238644455171048, -22.791131678138107 ], [ -43.238760116636229, -22.791051862811347 ], [ -43.239084875935667, -22.791079287500381 ], [ -43.239330566951601, -22.790961077697027 ], [ -43.239804681385706, -22.790969833505162 ], [ -43.240599374037018, -22.791119120548711 ], [ -43.241625107691554, -22.791601656981612 ], [ -43.242290610503353, -22.79180026376185 ], [ -43.243347363614447, -22.79192271302793 ], [ -43.24422188737627, -22.791839870830817 ], [ -43.244828792003645, -22.791891615069588 ], [ -43.245832807317946, -22.792330175985281 ], [ -43.247152156214518, -22.792749711879271 ], [ -43.247961229253484, -22.793192890963208 ], [ -43.24848614440041, -22.79374673119294 ], [ -43.249510899747555, -22.795407986963017 ], [ -43.250348443394749, -22.795988103122546 ], [ -43.251046740682909, -22.796253048444278 ], [ -43.251395143940456, -22.796680590881561 ], [ -43.25166229388185, -22.796880751344158 ], [ -43.25270316209415, -22.797214377642806 ], [ -43.253544961430556, -22.797340188306176 ], [ -43.254211666344432, -22.797585720392028 ], [ -43.254780959990953, -22.797518623530866 ], [ -43.255254610341368, -22.79719084369184 ], [ -43.255607143275192, -22.797126879430117 ], [ -43.255943957295123, -22.797104014666125 ], [ -43.256461913352013, -22.797213442707275 ], [ -43.256478569619524, -22.797343486763367 ], [ -43.256682067447905, -22.797425817275499 ], [ -43.256914977303879, -22.797776406404036 ], [ -43.257512619195069, -22.798314127896354 ], [ -43.259075736613127, -22.800254391782573 ], [ -43.259715120378523, -22.800866161292863 ], [ -43.26010745765111, -22.801557323577441 ], [ -43.260851424645985, -22.802456415491502 ], [ -43.261266852620366, -22.8031096263039 ], [ -43.261897305263929, -22.803559550011776 ], [ -43.261524449496527, -22.803780802848546 ], [ -43.261092620625355, -22.803782772693488 ], [ -43.260696447418169, -22.803937754419149 ], [ -43.260390320159253, -22.804212109906739 ], [ -43.260461615517436, -22.804227969301991 ], [ -43.260708124112455, -22.803977075233124 ], [ -43.261081554497579, -22.803841082666672 ], [ -43.261464291854615, -22.804130719208104 ], [ -43.261756004148431, -22.804846517267297 ], [ -43.262227309525002, -22.805687632927228 ], [ -43.262430418878481, -22.806278020334233 ], [ -43.263337646773202, -22.807149080529445 ], [ -43.263402947937486, -22.807353707146731 ], [ -43.264163012999219, -22.807993326264945 ], [ -43.264340355154985, -22.808327227869064 ], [ -43.264425481383164, -22.808704828217611 ], [ -43.263834690006945, -22.808873589951112 ], [ -43.26401808556912, -22.808975740442154 ], [ -43.264212508718117, -22.808876531304907 ], [ -43.264544938851067, -22.808902097140905 ], [ -43.264457524515549, -22.809258762783784 ], [ -43.264536850242038, -22.809525220838246 ], [ -43.264347789929573, -22.809747035037919 ], [ -43.264601000783557, -22.809636275100214 ], [ -43.264801398504872, -22.80981898173345 ], [ -43.265228859345591, -22.810501936527842 ], [ -43.265525453794012, -22.810757754825676 ], [ -43.265580387184777, -22.811073616093921 ], [ -43.265651125291434, -22.811087662054138 ], [ -43.265936320555753, -22.811628548452131 ], [ -43.265880917952508, -22.812434390435815 ], [ -43.265526199583149, -22.813206453438919 ], [ -43.263709316620293, -22.814798655674338 ], [ -43.26313895072721, -22.815067426417336 ], [ -43.261948246448455, -22.816073201529537 ], [ -43.261790691947532, -22.816275305493598 ], [ -43.261723210209553, -22.816618550680978 ], [ -43.261274457771577, -22.817727506834668 ], [ -43.26087623222449, -22.818086827805161 ], [ -43.259714843485071, -22.818752444639156 ], [ -43.25942466735583, -22.819171461747061 ], [ -43.258961900411833, -22.819357947706354 ], [ -43.258598110115429, -22.819712670871809 ], [ -43.257966550652114, -22.82007250541702 ], [ -43.256926753484393, -22.820505082816673 ], [ -43.256423048910058, -22.820914352109266 ], [ -43.256320422552129, -22.820902392024131 ], [ -43.25624602837128, -22.8210299934792 ], [ -43.255598709923376, -22.821409874222784 ], [ -43.253649143582933, -22.822121265310365 ], [ -43.253000381707643, -22.822521708055568 ], [ -43.252798263448824, -22.8227332487524 ], [ -43.252227626142108, -22.82278279952288 ], [ -43.250926031711479, -22.823275677782053 ], [ -43.250576150915606, -22.823736464400067 ], [ -43.250350458266595, -22.823833143400403 ], [ -43.250067068142911, -22.823832649335603 ], [ -43.250159343833573, -22.823999013903514 ], [ -43.25036276413659, -22.82412804005536 ], [ -43.250472656368053, -22.824348873269948 ], [ -43.250487516221376, -22.824916524576636 ], [ -43.250413230217447, -22.825263391708344 ], [ -43.250526975124174, -22.825518312896584 ], [ -43.251150854278485, -22.82588521732508 ], [ -43.251662381158241, -22.82585001415347 ], [ -43.251842374060253, -22.826067102460193 ], [ -43.252019934812182, -22.826802433152469 ], [ -43.252030932654478, -22.82747452804383 ], [ -43.251892000564489, -22.827917404129135 ], [ -43.251865021055465, -22.828328635362922 ], [ -43.251665488830469, -22.828619131404306 ], [ -43.2514928201891, -22.828675032228713 ], [ -43.250831264019965, -22.828640585635206 ], [ -43.250645464453775, -22.828755763175792 ], [ -43.250616469497388, -22.828539522066762 ], [ -43.2505107053817, -22.828460244955398 ], [ -43.249805194791769, -22.828777597112115 ], [ -43.249261415532878, -22.828675172932282 ], [ -43.24905850019649, -22.828711773252177 ], [ -43.248465550107035, -22.829132496257397 ], [ -43.248723817239963, -22.829742017812311 ], [ -43.248646886267863, -22.830272084982141 ], [ -43.247731717208339, -22.831037031946526 ], [ -43.247411943451482, -22.831152991575184 ], [ -43.247136758112674, -22.831461428723198 ], [ -43.245049798433413, -22.832198104791697 ], [ -43.244522270467414, -22.832468538138865 ], [ -43.244117528512255, -22.832562148767341 ], [ -43.243975385923832, -22.832698569769939 ], [ -43.243947676879422, -22.832868673522068 ], [ -43.243887397132006, -22.832790707302333 ], [ -43.242513842565664, -22.833263209035579 ], [ -43.24210070563911, -22.833805184411613 ], [ -43.24160141960148, -22.833909032895484 ], [ -43.241118718877317, -22.83374575508131 ], [ -43.240461739147385, -22.833884250635286 ], [ -43.239200959470352, -22.833836449485201 ], [ -43.237767817397653, -22.832814223311544 ], [ -43.23672900333311, -22.831502674007691 ], [ -43.235688139591673, -22.829800158405771 ], [ -43.234811050560118, -22.82856733072655 ], [ -43.234124209174851, -22.827790126197439 ], [ -43.233903708781433, -22.827762305249472 ], [ -43.233608907723116, -22.827452897945108 ], [ -43.233318910239269, -22.827005283712985 ], [ -43.232555234583401, -22.826151453971747 ], [ -43.231344273748711, -22.825187177443137 ], [ -43.230885887235971, -22.824585793623712 ], [ -43.230687644478039, -22.823959666509104 ], [ -43.229923164288628, -22.823049826826882 ], [ -43.229224197498986, -22.822393388699961 ], [ -43.227872345845292, -22.821352567167931 ], [ -43.226170471019373, -22.820381258802126 ], [ -43.224864680503671, -22.819750735205275 ], [ -43.224170031735817, -22.819508107795599 ], [ -43.223636096327084, -22.819560314153421 ], [ -43.223379757208733, -22.819277688815141 ], [ -43.222842539182125, -22.81916242421223 ], [ -43.222530564967187, -22.819263698753677 ], [ -43.221940985355502, -22.819220095287804 ], [ -43.221538486912245, -22.819442813204695 ], [ -43.220978497181576, -22.820997860848951 ], [ -43.220929327461597, -22.82098828116461 ], [ -43.221256008544174, -22.819725567115675 ], [ -43.221010020087881, -22.819508976152793 ], [ -43.219118666333792, -22.818641229042669 ], [ -43.216717637195877, -22.817221765498722 ], [ -43.216396891918208, -22.817330786457635 ], [ -43.215656327064188, -22.817122827545507 ], [ -43.215376629343815, -22.81713188707694 ], [ -43.215255700818112, -22.817269331466409 ], [ -43.215306914409744, -22.817435708208251 ], [ -43.215256668496856, -22.817531320933362 ], [ -43.214834444557283, -22.817832275388518 ], [ -43.214719473202415, -22.81742280548632 ], [ -43.214432560543166, -22.816349288390906 ], [ -43.213261532208655, -22.809832155023461 ], [ -43.212717592603937, -22.806032397995299 ], [ -43.212709687931593, -22.805697545131821 ], [ -43.212960890704245, -22.80561601710674 ], [ -43.212713628175848, -22.805395516654478 ], [ -43.211980372527854, -22.800609481297609 ], [ -43.210587116812171, -22.792970588846753 ], [ -43.210473715041289, -22.792174443827474 ], [ -43.210782758634693, -22.791398301696514 ], [ -43.210798116145, -22.791161870985047 ], [ -43.210967945612623, -22.791007275465642 ], [ -43.211394007160031, -22.790950917693461 ], [ -43.211825689224654, -22.790501249508413 ], [ -43.212377143561056, -22.789724207412917 ], [ -43.212965235986253, -22.789162231597743 ], [ -43.21412288985168, -22.788562381444812 ], [ -43.214610561489209, -22.7884264224713 ], [ -43.215803739122386, -22.78756552109617 ], [ -43.217211854627152, -22.786314272368703 ], [ -43.21937684785361, -22.785118331683947 ], [ -43.219783589437149, -22.785048185066749 ], [ -43.220577225184527, -22.78468127678271 ], [ -43.221168794320604, -22.784672883472876 ], [ -43.221722222624159, -22.784458797531148 ], [ -43.221960583366055, -22.784515367603912 ], [ -43.222413102888957, -22.784407438143816 ], [ -43.223331814580703, -22.784030258952114 ], [ -43.224017443284886, -22.784083499011647 ], [ -43.224287230672438, -22.784187916665715 ], [ -43.225324250818211, -22.784225827388561 ], [ -43.226696009259165, -22.783887081581536 ], [ -43.227074997151639, -22.783876574494567 ], [ -43.227399949201477, -22.783736782027319 ] ] ], [ [ [ -43.258455489093819, -22.824567837008935 ], [ -43.25881606918859, -22.824673283180061 ], [ -43.258955094071183, -22.824611587817444 ], [ -43.259067998115178, -22.824727061231869 ], [ -43.259246587045709, -22.824679977138917 ], [ -43.259365420086503, -22.824857915567517 ], [ -43.259663473409674, -22.824908132002182 ], [ -43.259771098166865, -22.825078994954698 ], [ -43.259833445430338, -22.825025491811157 ], [ -43.260045813505279, -22.825141418117354 ], [ -43.259910989154022, -22.825286423496717 ], [ -43.259932933364233, -22.825445513476659 ], [ -43.259670639850206, -22.82616059135103 ], [ -43.259299877356817, -22.82653366238857 ], [ -43.25926886415489, -22.82666652733397 ], [ -43.258920948387804, -22.826568352815517 ], [ -43.258645309420693, -22.826647338393361 ], [ -43.258099882112553, -22.826636047210553 ], [ -43.257675004124124, -22.826323542455068 ], [ -43.257520171148563, -22.82585884445858 ], [ -43.257572290486145, -22.825438311909021 ], [ -43.257484043229574, -22.825230362769847 ], [ -43.25767623303377, -22.825056185733455 ], [ -43.257691607481206, -22.824728448037892 ], [ -43.258134051461695, -22.824724436805472 ], [ -43.258455489093819, -22.824567837008935 ] ] ], [ [ [ -43.255057007658863, -22.824279861999759 ], [ -43.255450522274593, -22.824262226741222 ], [ -43.255541191251375, -22.824570265323338 ], [ -43.255177466592187, -22.824903036319839 ], [ -43.25512173970781, -22.825094147600204 ], [ -43.254937977733377, -22.825294603636905 ], [ -43.254736224528038, -22.825332307963819 ], [ -43.25466835225928, -22.824787463924803 ], [ -43.254842310846172, -22.824461737107558 ], [ -43.255057007658863, -22.824279861999759 ] ] ] ] } },
{ "type": "Feature", "properties": { "objectid": 367, "nome": "Cidade Universitária", "regiao_adm": "ILHA DO GOVERNADOR      ", "area_plane": "3", "codbairro": "105", "codra": 20, "codbnum": 105, "link": "Cidade Universitária      &area=105               ", "rp": "Ilha do Governador", "cod_rp": "3.7", "codbairro_long": 105, "st_area(shape)": 4690719.0872240057, "st_perimeter(shape)": 22376.252521501476 }, "geometry": { "type": "MultiPolygon", "coordinates": [ [ [ [ -43.228872597282781, -22.837373711226281 ], [ -43.229804332129348, -22.837131484435734 ], [ -43.230724499536535, -22.836472815382177 ], [ -43.231271684002941, -22.836350479495902 ], [ -43.23154799762618, -22.836478169219934 ], [ -43.231649528291733, -22.836741275650144 ], [ -43.231202344333312, -22.837244823647183 ], [ -43.23121339929633, -22.83757275738007 ], [ -43.231538803098928, -22.838056078656539 ], [ -43.232312570730478, -22.838630800944539 ], [ -43.232730538271248, -22.838699377681547 ], [ -43.233225351023357, -22.838491113968473 ], [ -43.236195393836582, -22.839143363646862 ], [ -43.23670623413345, -22.839074520464017 ], [ -43.237456285096641, -22.839102783404904 ], [ -43.238137141741454, -22.839313959136089 ], [ -43.238731373794316, -22.839230859894371 ], [ -43.239273839282127, -22.838476481017064 ], [ -43.239612496503156, -22.838197204943157 ], [ -43.240006729635368, -22.838149546922157 ], [ -43.240952447753976, -22.837698080300555 ], [ -43.241407997707071, -22.837344414734631 ], [ -43.2416010169418, -22.837017831250662 ], [ -43.241745847156793, -22.836930657653351 ], [ -43.242014955598236, -22.83711957184628 ], [ -43.24247380563024, -22.83710025469923 ], [ -43.242730167889768, -22.837636885617339 ], [ -43.243111807849516, -22.83809154580107 ], [ -43.243212397310778, -22.839271788671731 ], [ -43.243078690083529, -22.839774764901335 ], [ -43.242836970615585, -22.839948377142299 ], [ -43.24241298839295, -22.839634487045132 ], [ -43.242281248592668, -22.839620209124028 ], [ -43.24187912581715, -22.83997807818934 ], [ -43.2409731007101, -22.840562106298879 ], [ -43.240146508755309, -22.841590051447557 ], [ -43.239941265803687, -22.842260023365608 ], [ -43.239885627702648, -22.842684390484386 ], [ -43.240122766180278, -22.843881767100026 ], [ -43.240085434623801, -22.844253595928947 ], [ -43.240178278211694, -22.844731621014109 ], [ -43.240246097064791, -22.844928154773296 ], [ -43.240301674523899, -22.844932742661644 ], [ -43.240215404449295, -22.844791994826185 ], [ -43.24037373016958, -22.844951418951947 ], [ -43.240319105471279, -22.845009153851748 ], [ -43.240445273898736, -22.845267469921808 ], [ -43.240603585787554, -22.845397816884095 ], [ -43.240437968147042, -22.844994663310342 ], [ -43.240739066082874, -22.845439771527243 ], [ -43.240721809909445, -22.846114529022127 ], [ -43.241027910036259, -22.846534677258813 ], [ -43.241005265921963, -22.84667394931655 ], [ -43.240517066894505, -22.846964939469466 ], [ -43.23998957299586, -22.847674154109974 ], [ -43.239839404639667, -22.84774356359323 ], [ -43.23964350333712, -22.848012498105813 ], [ -43.239542677136392, -22.848041093661891 ], [ -43.239536888616641, -22.848142623223222 ], [ -43.239214904150707, -22.848396163211632 ], [ -43.239015009890274, -22.848725286871982 ], [ -43.239074423130738, -22.84883304737539 ], [ -43.239040071572042, -22.849033869490562 ], [ -43.239274836592756, -22.849462261445279 ], [ -43.239222729292408, -22.849634530111864 ], [ -43.239007927905682, -22.849970983207474 ], [ -43.238821798064329, -22.850108808746391 ], [ -43.238333905120179, -22.850881306968596 ], [ -43.238142692614112, -22.851594686628594 ], [ -43.237819587982827, -22.852221627423802 ], [ -43.236375952700421, -22.853955226470006 ], [ -43.236699131144903, -22.854214826487855 ], [ -43.236700293679071, -22.854373959538865 ], [ -43.236226152559112, -22.855075169831434 ], [ -43.236059871396492, -22.855591774397514 ], [ -43.236067616662972, -22.855890321643688 ], [ -43.23582877847214, -22.856570116261441 ], [ -43.235718640480755, -22.857334602299854 ], [ -43.235659175931225, -22.857419462692491 ], [ -43.23549288869232, -22.857415541645647 ], [ -43.23562513274392, -22.857535399298786 ], [ -43.235607897793585, -22.857753208624604 ], [ -43.235242932133595, -22.858306888854099 ], [ -43.235412298743839, -22.859589218270855 ], [ -43.235294944605869, -22.859908411546549 ], [ -43.235358956392623, -22.860309088401898 ], [ -43.235222580053261, -22.860448633569376 ], [ -43.235334531851642, -22.860434613669394 ], [ -43.236184510395617, -22.860913449756428 ], [ -43.23633021103462, -22.861078429448281 ], [ -43.236319641811122, -22.861361151476796 ], [ -43.235931142421904, -22.861827518678329 ], [ -43.235077948622944, -22.862004357571902 ], [ -43.234640101550326, -22.86197547805288 ], [ -43.234039201150004, -22.862099120172918 ], [ -43.233807595161501, -22.862240315959593 ], [ -43.233217687110134, -22.86285525222857 ], [ -43.2325240610311, -22.862937401471534 ], [ -43.232291778507538, -22.863040207393443 ], [ -43.232349914476004, -22.863435038267681 ], [ -43.232103344652735, -22.863813479914409 ], [ -43.232197930809974, -22.864125183930533 ], [ -43.232112616969964, -22.864874226313088 ], [ -43.231999987749468, -22.865166016788631 ], [ -43.232159950373607, -22.865636753487681 ], [ -43.232045974207573, -22.866032562128488 ], [ -43.2319012789387, -22.866197026118151 ], [ -43.231384262327154, -22.866283119210671 ], [ -43.230399385190552, -22.866263947483507 ], [ -43.230261049448167, -22.865869397950114 ], [ -43.230140418902195, -22.865943731963661 ], [ -43.230194382079709, -22.866201162729581 ], [ -43.230140316397019, -22.866252486038849 ], [ -43.229195343956896, -22.866259850117075 ], [ -43.228427612654521, -22.866494223476977 ], [ -43.227800448289429, -22.866792651596654 ], [ -43.226814752855589, -22.867511968328618 ], [ -43.225937708680313, -22.867705920455435 ], [ -43.224959331636519, -22.867501024954397 ], [ -43.224327612074894, -22.867166978480999 ], [ -43.223839268092711, -22.867108516669969 ], [ -43.223813655667477, -22.867324603491763 ], [ -43.223668898303949, -22.867275395931319 ], [ -43.223525037748473, -22.867351903473267 ], [ -43.222788652229482, -22.867056054343482 ], [ -43.222788448334249, -22.867214176899999 ], [ -43.222407325939521, -22.86760274571084 ], [ -43.221517915157811, -22.866920119159907 ], [ -43.220890460306663, -22.867733437106985 ], [ -43.220677429550108, -22.867696286526446 ], [ -43.22033559662075, -22.867858804570485 ], [ -43.220376309905568, -22.867935297219397 ], [ -43.220815965566388, -22.867841420891736 ], [ -43.220381394345246, -22.868966101168663 ], [ -43.219841964407962, -22.869604212300974 ], [ -43.219151052884008, -22.869901171180814 ], [ -43.218747827740749, -22.869936117219908 ], [ -43.218358389331883, -22.870109385527645 ], [ -43.218048113356403, -22.870101032903055 ], [ -43.21741514677327, -22.870221360338071 ], [ -43.217302732588315, -22.870307426371856 ], [ -43.216684019891467, -22.870321260136283 ], [ -43.215779799570576, -22.870511958123533 ], [ -43.21553923859755, -22.870470878542868 ], [ -43.215516829355344, -22.870284056639122 ], [ -43.215400219118912, -22.870161648969646 ], [ -43.215265308894622, -22.870156885899764 ], [ -43.214997397871201, -22.86992693966242 ], [ -43.214854451337246, -22.869918202036441 ], [ -43.214528071875179, -22.869643261672014 ], [ -43.214301623447682, -22.869052019278055 ], [ -43.214144585753743, -22.868280312694377 ], [ -43.214180608825956, -22.868096493780808 ], [ -43.21399865810254, -22.867814143610779 ], [ -43.214139296004184, -22.867566842699233 ], [ -43.214047494157981, -22.867082678508645 ], [ -43.214243780941693, -22.865985325873535 ], [ -43.215094043169742, -22.863933108472754 ], [ -43.215148291006514, -22.863741457351672 ], [ -43.215056429176222, -22.8636421727395 ], [ -43.215551863848688, -22.863290573903029 ], [ -43.216164161063077, -22.862638843986876 ], [ -43.216434843811754, -22.861827142106254 ], [ -43.216559827530084, -22.861665904377318 ], [ -43.216705035061544, -22.861687492340462 ], [ -43.216746887094395, -22.861877961105371 ], [ -43.217016079223711, -22.862098524733334 ], [ -43.217073074715131, -22.862502647589587 ], [ -43.217527922818675, -22.8629534013977 ], [ -43.217537917824686, -22.863352393730693 ], [ -43.21797564570371, -22.86348751813804 ], [ -43.217978258665944, -22.863653257664655 ], [ -43.21837891050231, -22.863388363696231 ], [ -43.219249283213649, -22.862344064100217 ], [ -43.219423756112086, -22.862049093841531 ], [ -43.219418904412564, -22.861755906458708 ], [ -43.218913007945531, -22.861318852820947 ], [ -43.217939922902566, -22.861138543682156 ], [ -43.216720032111255, -22.860643005156138 ], [ -43.215509263209221, -22.860352460854461 ], [ -43.214715637349975, -22.859892305407811 ], [ -43.21429628444951, -22.859768935335143 ], [ -43.213810413089654, -22.859844484934555 ], [ -43.213419142914283, -22.860114981538693 ], [ -43.213023855852569, -22.86058058326487 ], [ -43.212818947593703, -22.860683394040681 ], [ -43.212025483551905, -22.860524391406184 ], [ -43.211362585924327, -22.860046089081585 ], [ -43.211227363905046, -22.860199984791258 ], [ -43.210979031338717, -22.860009808465218 ], [ -43.210459719555409, -22.859937232501455 ], [ -43.209934273092443, -22.860199528269579 ], [ -43.209725134657582, -22.860387087438927 ], [ -43.209498134619132, -22.860413158642121 ], [ -43.20956596662824, -22.860546309253849 ], [ -43.20939211994731, -22.860509314315426 ], [ -43.209415350177252, -22.860617854239244 ], [ -43.209256249289986, -22.860571087946337 ], [ -43.208632587763198, -22.860267415662655 ], [ -43.208486729660464, -22.860043081069339 ], [ -43.208597700929765, -22.859977595225452 ], [ -43.208485295076976, -22.859818205401233 ], [ -43.208531448497908, -22.859694555694656 ], [ -43.208295293501045, -22.858947329614104 ], [ -43.208259820937897, -22.858598352723082 ], [ -43.208350124056068, -22.858355184833435 ], [ -43.208933265160475, -22.857898845811636 ], [ -43.209765312315149, -22.857625373575399 ], [ -43.210985028661618, -22.857906847512648 ], [ -43.211416854120969, -22.858118501219394 ], [ -43.211735295167927, -22.858402026639013 ], [ -43.212056847530263, -22.858477433946835 ], [ -43.212113296273337, -22.858557085306206 ], [ -43.21247493591877, -22.858562683934366 ], [ -43.213026674406265, -22.858316115716558 ], [ -43.213687198261667, -22.85776815585853 ], [ -43.21418002585856, -22.857473061952799 ], [ -43.215118063155273, -22.857163544787042 ], [ -43.215386275411149, -22.857219562536507 ], [ -43.215883904719057, -22.857728054423166 ], [ -43.216579005332875, -22.85823306837252 ], [ -43.217749725960424, -22.858813756863025 ], [ -43.219041226573005, -22.858898204719655 ], [ -43.219502482067696, -22.858789673659469 ], [ -43.221178095095922, -22.858995076982275 ], [ -43.221555250953699, -22.858894267122825 ], [ -43.222340624588831, -22.858934200426678 ], [ -43.223841616759572, -22.858225447355263 ], [ -43.225797109674495, -22.856553040125377 ], [ -43.226561857202249, -22.856229328260437 ], [ -43.22726813076769, -22.855454969489564 ], [ -43.227843120969133, -22.855020410470445 ], [ -43.228752803405783, -22.853933051081086 ], [ -43.229462770038111, -22.852736360979176 ], [ -43.229932162158022, -22.852132739849957 ], [ -43.230541354220783, -22.851613664440201 ], [ -43.231166930832991, -22.850129215120674 ], [ -43.23167653265758, -22.849323385475081 ], [ -43.231873306447099, -22.848709416021737 ], [ -43.232577541777303, -22.847529800234391 ], [ -43.232490476190883, -22.846410842597798 ], [ -43.232265776753572, -22.845484788821665 ], [ -43.231668800412344, -22.844564621750724 ], [ -43.231370938035631, -22.844542528870644 ], [ -43.231356142275239, -22.844413135727802 ], [ -43.231488359790106, -22.844142241902748 ], [ -43.231422233437108, -22.843973989636357 ], [ -43.230368857859304, -22.843192062458201 ], [ -43.228642216267666, -22.842659288960583 ], [ -43.2264424909403, -22.841410067253577 ], [ -43.225680609531288, -22.841392004234628 ], [ -43.224715934132895, -22.841534498458319 ], [ -43.224057657699845, -22.84172393521435 ], [ -43.223523050363916, -22.842008574187513 ], [ -43.222766886341446, -22.842659997903265 ], [ -43.222315609122347, -22.843294596001975 ], [ -43.222226432276699, -22.843881039378008 ], [ -43.222343973996551, -22.844148122535422 ], [ -43.22285654848524, -22.844315131824917 ], [ -43.223370017996828, -22.84492329283421 ], [ -43.223562661955583, -22.84495208306091 ], [ -43.223521926292612, -22.844817704186582 ], [ -43.223599736531753, -22.844730706010232 ], [ -43.223799882694976, -22.844767075938506 ], [ -43.22393984190316, -22.844891271876588 ], [ -43.224098133175595, -22.84619967221315 ], [ -43.224057410884058, -22.846544368057931 ], [ -43.223678805437359, -22.847284444519016 ], [ -43.223318097180936, -22.847606782276564 ], [ -43.223423378327254, -22.847723006879775 ], [ -43.223299606401852, -22.847822587915356 ], [ -43.222031238434617, -22.847847524763282 ], [ -43.221665335176262, -22.84808943206367 ], [ -43.221393805724311, -22.847690407031862 ], [ -43.221449342162259, -22.847331067701596 ], [ -43.221255537488751, -22.846844412415816 ], [ -43.221274275721704, -22.846669880481002 ], [ -43.221164767511723, -22.846601739318839 ], [ -43.221195966150866, -22.846353116344066 ], [ -43.221006643049094, -22.845874366587449 ], [ -43.220839382898212, -22.845639238654243 ], [ -43.220607806807827, -22.845599804458509 ], [ -43.220514632756867, -22.84567660896894 ], [ -43.220041335816269, -22.845471106851054 ], [ -43.219856887938946, -22.845269467956143 ], [ -43.219874222798488, -22.845105396891682 ], [ -43.219795697549607, -22.845030016601353 ], [ -43.219928834531117, -22.844862181672987 ], [ -43.219935084117175, -22.844621767811095 ], [ -43.220082378046385, -22.844533922069072 ], [ -43.220071253075623, -22.84429566274736 ], [ -43.220190747777593, -22.844202718028743 ], [ -43.22039639143199, -22.843749064229414 ], [ -43.220914039965194, -22.843510843784419 ], [ -43.220941023041675, -22.843286555261823 ], [ -43.221378757279375, -22.843371638175157 ], [ -43.22162577417258, -22.84328752302838 ], [ -43.221982768122004, -22.84277803193466 ], [ -43.222106772178201, -22.842577854655442 ], [ -43.222295157667915, -22.841427475534758 ], [ -43.222677272575289, -22.841368707774599 ], [ -43.222859737567369, -22.841115721435891 ], [ -43.223064431789837, -22.841011445572072 ], [ -43.223191695105342, -22.839967666556362 ], [ -43.223454845563559, -22.839750979668537 ], [ -43.223460608969198, -22.839524646562509 ], [ -43.22356139086191, -22.839364303532182 ], [ -43.223785102693085, -22.839288505359857 ], [ -43.224425436722662, -22.839489533628349 ], [ -43.224808813462353, -22.839385623382196 ], [ -43.225098843367732, -22.838989343192747 ], [ -43.225453146211912, -22.837851915434875 ], [ -43.226054446060793, -22.837358862584264 ], [ -43.226423823357642, -22.837319540477989 ], [ -43.226653457850354, -22.837417732198148 ], [ -43.226730501102345, -22.837509798315644 ], [ -43.226700371908336, -22.837752026157425 ], [ -43.226185585506542, -22.838155286144069 ], [ -43.225614675229565, -22.83838588799642 ], [ -43.225220089190898, -22.839316608508824 ], [ -43.224826522549165, -22.839642650531392 ], [ -43.224862171716111, -22.839726039049843 ], [ -43.225106617057001, -22.839719372617811 ], [ -43.225655581433472, -22.839498553225205 ], [ -43.225853915754456, -22.839238424164016 ], [ -43.226093486978876, -22.839126495541656 ], [ -43.226282349863773, -22.838912858154583 ], [ -43.226275462195119, -22.838670131392909 ], [ -43.226557471545377, -22.838358555166156 ], [ -43.226850585089508, -22.838310072754616 ], [ -43.227408962081469, -22.837640531316506 ], [ -43.228194546497804, -22.837083327225695 ], [ -43.228440175910386, -22.837135186842907 ], [ -43.228624570010581, -22.837333925664915 ], [ -43.228872597282781, -22.837373711226281 ] ] ], [ [ [ -43.235943268445951, -22.838574621403399 ], [ -43.236408788418437, -22.838401151154134 ], [ -43.23689389531696, -22.838340783675715 ], [ -43.237392614613746, -22.838456297725216 ], [ -43.237486214128701, -22.83874604206347 ], [ -43.237446727636232, -22.838914479402934 ], [ -43.237204997607087, -22.839028117550939 ], [ -43.236677158680784, -22.838662039090178 ], [ -43.235952214217335, -22.83899157478324 ], [ -43.235790848466046, -22.838826963823955 ], [ -43.235943268445951, -22.838574621403399 ] ] ], [ [ [ -43.213701802764334, -22.864507082115292 ], [ -43.213622630784776, -22.864219745970225 ], [ -43.21379120101458, -22.864138829081053 ], [ -43.213954606489061, -22.864199811936956 ], [ -43.214143464377798, -22.86457209501685 ], [ -43.21409044901651, -22.864684020057719 ], [ -43.214143958774997, -22.864795243745924 ], [ -43.213963730059355, -22.864731721513166 ], [ -43.213936100998204, -22.864907056641655 ], [ -43.21382811980245, -22.864982062622406 ], [ -43.213847546562846, -22.865106269746427 ], [ -43.213740780983173, -22.865118255404873 ], [ -43.213596591431049, -22.865316662057801 ], [ -43.21360238453218, -22.86564119440931 ], [ -43.213512215731676, -22.865799841219264 ], [ -43.213176851593346, -22.865497434338838 ], [ -43.213119358216602, -22.865341103350239 ], [ -43.213432729372407, -22.865275900197489 ], [ -43.213500622282154, -22.865143913259857 ], [ -43.213464555215488, -22.865010489607872 ], [ -43.213694610506387, -22.865004855482457 ], [ -43.213753494434137, -22.864838994017699 ], [ -43.213526813170979, -22.864668842008079 ], [ -43.213537489168168, -22.864493317481841 ], [ -43.213701802764334, -22.864507082115292 ] ] ], [ [ [ -43.217454531804727, -22.870824949484113 ], [ -43.217445971082128, -22.87064460611003 ], [ -43.217662378063679, -22.870841549901286 ], [ -43.21758317632019, -22.87118282876542 ], [ -43.217428989633234, -22.871146784629939 ], [ -43.217617583171425, -22.871406448898743 ], [ -43.217362242801507, -22.87159413095166 ], [ -43.217186433234588, -22.871422566982595 ], [ -43.216951204758942, -22.871570017072994 ], [ -43.216840590090698, -22.871406138088048 ], [ -43.216917828468574, -22.871170674487651 ], [ -43.217028334525487, -22.87108901234723 ], [ -43.216844592673226, -22.871077290530231 ], [ -43.216958711605372, -22.870808557460325 ], [ -43.217025782529909, -22.870717198096632 ], [ -43.217359091633938, -22.870879871672724 ], [ -43.217454531804727, -22.870824949484113 ] ] ], [ [ [ -43.221966581690531, -22.848975716508747 ], [ -43.221782900687373, -22.848909098583313 ], [ -43.221757186273109, -22.848706071599803 ], [ -43.221902541374241, -22.848490601800666 ], [ -43.222195802189347, -22.848477531592955 ], [ -43.222318670377142, -22.848589708985607 ], [ -43.222345110152304, -22.848939487943905 ], [ -43.221966581690531, -22.848975716508747 ] ] ], [ [ [ -43.206976788897236, -22.861842467693059 ], [ -43.20718875337429, -22.861766742781519 ], [ -43.207303037368128, -22.86149350265995 ], [ -43.207618899694744, -22.861802473130702 ], [ -43.207466035191025, -22.861948850914438 ], [ -43.20731973870398, -22.861876854836964 ], [ -43.207245328342303, -22.86197038860827 ], [ -43.206976788897236, -22.861842467693059 ] ] ], [ [ [ -43.207649729514145, -22.861710528793736 ], [ -43.207360463555055, -22.861275794150895 ], [ -43.207387580435089, -22.861125198289162 ], [ -43.207904975902004, -22.861529545191416 ], [ -43.207649729514145, -22.861710528793736 ] ] ], [ [ [ -43.206967594190182, -22.861689116553272 ], [ -43.206818382448816, -22.861520099665555 ], [ -43.207026522729642, -22.861275370356857 ], [ -43.207227015544653, -22.861420311698765 ], [ -43.206967594190182, -22.861689116553272 ] ] ] ] } },
{ "type": "Feature", "properties": { "objectid": 460, "nome": "Jacarepaguá", "regiao_adm": "JACAREPAGUA             ", "area_plane": "4", "codbairro": "115", "codra": 16, "codbnum": 115, "link": "Jacarepaguá               &area=115               ", "rp": "Jacarepaguá", "cod_rp": "4.1", "codbairro_long": 115, "st_area(shape)": 68210569.681142181, "st_perimeter(shape)": 74074.698211680647 }, "geometry": { "type": "MultiPolygon", "coordinates": [ [ [ [ -43.43051825659802, -22.90868870938769 ], [ -43.431273505407177, -22.907831706668116 ], [ -43.433154438930636, -22.908144056038804 ], [ -43.436310640083633, -22.90883669067507 ], [ -43.436961037848292, -22.908840380802069 ], [ -43.437917293731537, -22.908661938686073 ], [ -43.440014127369686, -22.909141782575293 ], [ -43.450139096350249, -22.912260852255088 ], [ -43.451711658722338, -22.913587526573558 ], [ -43.452710581937744, -22.913817534372523 ], [ -43.453414290801263, -22.914125939876438 ], [ -43.454462963372308, -22.914379630780424 ], [ -43.455208841828721, -22.914752474102563 ], [ -43.45622547059876, -22.914617135468863 ], [ -43.457526589335579, -22.914687759346876 ], [ -43.460494556465392, -22.91514563285455 ], [ -43.462509289280007, -22.9152115723018 ], [ -43.463912231723008, -22.915132394511421 ], [ -43.464599870758185, -22.915208585793476 ], [ -43.466623014003538, -22.915645555565547 ], [ -43.468751163135764, -22.917167461177232 ], [ -43.469210460352024, -22.920005366182007 ], [ -43.468608025503201, -22.922104658662736 ], [ -43.468020146429424, -22.922916410459333 ], [ -43.46756132004586, -22.923210826343631 ], [ -43.469284150288999, -22.924849013528537 ], [ -43.471259239461055, -22.926410588362899 ], [ -43.471886697197569, -22.927154937234473 ], [ -43.472390241601289, -22.927942072899597 ], [ -43.472887566785936, -22.931805841431704 ], [ -43.471927079394582, -22.931585262947838 ], [ -43.47167800692953, -22.931667397577581 ], [ -43.471339824166236, -22.932009225762474 ], [ -43.471153023485499, -22.932476421296474 ], [ -43.470084323868768, -22.934067639651339 ], [ -43.470173959196813, -22.935019768556611 ], [ -43.469824519388929, -22.935511855745609 ], [ -43.469758042688341, -22.936325293605861 ], [ -43.469234420685993, -22.937010413481456 ], [ -43.468289163058685, -22.937799476922528 ], [ -43.467249506122705, -22.939116581867083 ], [ -43.465779832221543, -22.940266960187692 ], [ -43.465175316762412, -22.940850042358129 ], [ -43.464596493114108, -22.941688232170119 ], [ -43.464235022297323, -22.942603213586661 ], [ -43.464246005308198, -22.943315253281654 ], [ -43.464410286381813, -22.943896920653955 ], [ -43.465258858322727, -22.94522793791625 ], [ -43.466632214876235, -22.946313501319967 ], [ -43.465832336895055, -22.94655186579843 ], [ -43.465025279058487, -22.946588042086166 ], [ -43.464082690947272, -22.946855817663611 ], [ -43.46230610924907, -22.947014356034309 ], [ -43.461405268904564, -22.946952879340664 ], [ -43.460664110537238, -22.947033562315902 ], [ -43.459488912337171, -22.947312239246418 ], [ -43.45751291755932, -22.947486397643534 ], [ -43.4559486645039, -22.947752412039669 ], [ -43.454375960018325, -22.947517367510184 ], [ -43.451399718821442, -22.946767652372536 ], [ -43.449690057979005, -22.946469722804689 ], [ -43.447630630066868, -22.945640930838131 ], [ -43.445917018236322, -22.945281330225907 ], [ -43.442851700876901, -22.945277645560854 ], [ -43.441987384182795, -22.945579922421395 ], [ -43.440599282981012, -22.946463349899727 ], [ -43.438574343033082, -22.947155542897246 ], [ -43.437917488586919, -22.94753714506853 ], [ -43.437101378397301, -22.947545814434264 ], [ -43.436677240555845, -22.947846526876926 ], [ -43.43643504753328, -22.948233745512692 ], [ -43.43628372872103, -22.948672612771411 ], [ -43.436359746593403, -22.951603793206196 ], [ -43.436554077975899, -22.952623970481071 ], [ -43.436672290214432, -22.954735266140784 ], [ -43.436951462269668, -22.955221545172559 ], [ -43.436706293015135, -22.955900529296162 ], [ -43.43594233160772, -22.956288652861311 ], [ -43.434653987318299, -22.956787104765898 ], [ -43.434141467911196, -22.956816004846758 ], [ -43.433191613279554, -22.956704930071137 ], [ -43.431268205740196, -22.956956940527924 ], [ -43.430300343812341, -22.956716436807024 ], [ -43.429636666154046, -22.956643940052839 ], [ -43.429089783923274, -22.956726486873713 ], [ -43.428636860420731, -22.956897835562422 ], [ -43.428444724717963, -22.957093713093048 ], [ -43.42823158070788, -22.957773812940786 ], [ -43.428188864273267, -22.959090126819859 ], [ -43.427479126655328, -22.960545953026585 ], [ -43.427378301340276, -22.961050514562274 ], [ -43.427061220489385, -22.9617946944783 ], [ -43.426746579688526, -22.962319081554757 ], [ -43.426048147577667, -22.963191327788657 ], [ -43.426039241841345, -22.963960598932129 ], [ -43.4258212594074, -22.964332053229654 ], [ -43.425722305586952, -22.964682740823783 ], [ -43.425663107200627, -22.965693277532754 ], [ -43.42575315581233, -22.966111770605927 ], [ -43.426026766323751, -22.966588077194743 ], [ -43.425814380884226, -22.966703283292475 ], [ -43.425700767800691, -22.966879436454427 ], [ -43.425887879313635, -22.967043401743073 ], [ -43.426051389040481, -22.96744347813798 ], [ -43.426097250593294, -22.967685787161916 ], [ -43.426033199913384, -22.96832355948677 ], [ -43.425068377501844, -22.969153150703193 ], [ -43.425097765977171, -22.969217831663698 ], [ -43.425914201344895, -22.969377392336582 ], [ -43.425565957654165, -22.969879224524178 ], [ -43.425325362488991, -22.969953598968807 ], [ -43.425168568690843, -22.970219816822652 ], [ -43.424959446127701, -22.970280050890739 ], [ -43.42485005044481, -22.970462295014944 ], [ -43.424646895715121, -22.970554471308052 ], [ -43.424462259794645, -22.97100112012442 ], [ -43.42398467676793, -22.971427245583413 ], [ -43.423506329230804, -22.971767927773119 ], [ -43.421746550758535, -22.972355679242806 ], [ -43.421156399381644, -22.973042307582539 ], [ -43.421096518360429, -22.973444948650208 ], [ -43.420650551365419, -22.973641717780133 ], [ -43.419836510002241, -22.973652118709371 ], [ -43.419572790125265, -22.973441503698343 ], [ -43.419153326856062, -22.973304925049206 ], [ -43.418782965324816, -22.973307100855454 ], [ -43.418532062444484, -22.973160370514837 ], [ -43.417952644792628, -22.973157930544431 ], [ -43.415484914921045, -22.973897307413242 ], [ -43.415238197414624, -22.974035817337882 ], [ -43.414810379245026, -22.974707514513511 ], [ -43.413440154049781, -22.975621524008641 ], [ -43.411240840088134, -22.973874578623196 ], [ -43.41028246254173, -22.973379888087241 ], [ -43.409255235406945, -22.973059970572702 ], [ -43.406997349437532, -22.972660554117454 ], [ -43.404070920019741, -22.973134899188562 ], [ -43.403541128775757, -22.973310913058029 ], [ -43.402949142820908, -22.972716486943401 ], [ -43.402640499216169, -22.972510398235332 ], [ -43.401243838352194, -22.971054559035576 ], [ -43.391956309606869, -22.961005459293595 ], [ -43.39168417086502, -22.960561212471735 ], [ -43.403356928322552, -22.963308896181609 ], [ -43.404404859377124, -22.962060968890309 ], [ -43.405022698378211, -22.961469059387831 ], [ -43.405244875441824, -22.961035274590326 ], [ -43.405270934696937, -22.960601142697566 ], [ -43.404566741670131, -22.95781421064347 ], [ -43.404150706152954, -22.957208014362088 ], [ -43.40380821119772, -22.956883965467568 ], [ -43.403368631161065, -22.956680767210919 ], [ -43.402697007232497, -22.956605728386695 ], [ -43.399782528522493, -22.957274266276471 ], [ -43.398368472486766, -22.957878617997078 ], [ -43.39756076854853, -22.957963840791482 ], [ -43.395802352796096, -22.957914182773415 ], [ -43.395420974120206, -22.957779553371918 ], [ -43.394487161944667, -22.957072817508827 ], [ -43.391628794903966, -22.954609362860271 ], [ -43.391209092147889, -22.954014027636283 ], [ -43.391101064071563, -22.953641121714742 ], [ -43.391751907674994, -22.952560028168655 ], [ -43.391790560101271, -22.952350899795434 ], [ -43.3898458166179, -22.946512936675802 ], [ -43.388017987259801, -22.944837092830294 ], [ -43.385116216599108, -22.942989098984327 ], [ -43.384564171767686, -22.942499326505782 ], [ -43.384285071276693, -22.941893755890916 ], [ -43.384368501801426, -22.941880426797415 ], [ -43.384284559043564, -22.940384307150797 ], [ -43.38445695474131, -22.939463996647415 ], [ -43.384427946996936, -22.939386125025504 ], [ -43.384326158838128, -22.939401705677362 ], [ -43.384079279791472, -22.939039306454045 ], [ -43.38326078043994, -22.938482696432889 ], [ -43.383137245330602, -22.938309758507916 ], [ -43.383039832089949, -22.937957097115842 ], [ -43.383002483580242, -22.937070685458242 ], [ -43.382614970715302, -22.935972991471758 ], [ -43.382672808089602, -22.935126200605335 ], [ -43.38338241208352, -22.934283431948817 ], [ -43.383846424528635, -22.93297008019616 ], [ -43.384008298073297, -22.932927477441634 ], [ -43.384226057061355, -22.932719180853368 ], [ -43.387213588374088, -22.932132117558631 ], [ -43.387879800318785, -22.93191184332661 ], [ -43.392803468195375, -22.928874331245392 ], [ -43.393019477032801, -22.928812849391896 ], [ -43.392179103255486, -22.92807887647329 ], [ -43.392014462021635, -22.927844658735332 ], [ -43.390658508182952, -22.925214173331078 ], [ -43.39076155283901, -22.924142149504398 ], [ -43.391319074176927, -22.921992991444089 ], [ -43.391881226291979, -22.920383120511485 ], [ -43.391951938475806, -22.919719782285156 ], [ -43.392449495137996, -22.919608590864492 ], [ -43.39336845192318, -22.919246806083304 ], [ -43.394788096347988, -22.919011996355408 ], [ -43.395226937602985, -22.918811516555124 ], [ -43.396034931533258, -22.91796958695851 ], [ -43.398686145547885, -22.91748130116186 ], [ -43.400912194121567, -22.917298817301365 ], [ -43.401306896042023, -22.917286175190053 ], [ -43.402207755190517, -22.917450304748009 ], [ -43.403313231492369, -22.917749426153094 ], [ -43.40483760129424, -22.918268680960928 ], [ -43.404809697858404, -22.918611762472992 ], [ -43.405454997292452, -22.918645969210676 ], [ -43.406774021974911, -22.91908556782969 ], [ -43.40885115416696, -22.919117502880759 ], [ -43.409366312540485, -22.919034068275462 ], [ -43.412865731959712, -22.917321833162841 ], [ -43.414180034677891, -22.916886387439284 ], [ -43.414467019046505, -22.916889253085589 ], [ -43.41474056561551, -22.917008304844959 ], [ -43.414956772192561, -22.916927376766651 ], [ -43.415021357824102, -22.916512679418439 ], [ -43.414885518614149, -22.916372877445504 ], [ -43.414747909682021, -22.916377013704789 ], [ -43.414527490258749, -22.915286650336583 ], [ -43.414753828355316, -22.914845844073675 ], [ -43.415681742150653, -22.913705982013472 ], [ -43.415722055779426, -22.913324276455647 ], [ -43.415463884855143, -22.912906359574656 ], [ -43.415455760326388, -22.912573932293135 ], [ -43.41556412056709, -22.911999100393313 ], [ -43.415742619241982, -22.911555101049675 ], [ -43.415966182251978, -22.911352406479885 ], [ -43.416125203706841, -22.91170295596466 ], [ -43.416206908747775, -22.912214028442918 ], [ -43.41639944573749, -22.912608712868341 ], [ -43.417027658806887, -22.913222412691432 ], [ -43.418276263924938, -22.913504431108365 ], [ -43.418986951647881, -22.913102575981334 ], [ -43.419148938000852, -22.913148170048416 ], [ -43.419473181733167, -22.913081677689355 ], [ -43.419986789802479, -22.913230745320401 ], [ -43.420082516975832, -22.913399494337447 ], [ -43.420647214250984, -22.91303501485099 ], [ -43.420840464022533, -22.91274676505115 ], [ -43.421046881454586, -22.912070852318426 ], [ -43.421451002483394, -22.911917181076795 ], [ -43.42214101451966, -22.911902001475475 ], [ -43.422497382533933, -22.911940311303027 ], [ -43.423163676320179, -22.912231048466595 ], [ -43.425355858310063, -22.911832487672129 ], [ -43.42567130685476, -22.911615250973256 ], [ -43.426445426675208, -22.910706801579295 ], [ -43.427147231287215, -22.910632563526114 ], [ -43.4279758070357, -22.910225150375624 ], [ -43.429064986900656, -22.909892380796418 ], [ -43.43051825659802, -22.90868870938769 ] ] ], [ [ [ -43.313544119972754, -22.916457317191266 ], [ -43.314088101445876, -22.916631336339179 ], [ -43.314953181686086, -22.91676848757492 ], [ -43.315471016967621, -22.917165195193959 ], [ -43.31592670826894, -22.917368345120785 ], [ -43.316627178623278, -22.917912472333025 ], [ -43.318777310419456, -22.917645182273844 ], [ -43.320573096699192, -22.917097952036549 ], [ -43.320901090853908, -22.917166171596254 ], [ -43.320956842839507, -22.917396595495219 ], [ -43.322517406762934, -22.918866150471299 ], [ -43.32288177764449, -22.919155553241652 ], [ -43.323622206997889, -22.91938679664819 ], [ -43.323937658591468, -22.919611200557696 ], [ -43.324956741638644, -22.92084021539468 ], [ -43.325591949314457, -22.921344333678675 ], [ -43.326284077354984, -22.922072383977454 ], [ -43.326667722330455, -22.922960818304407 ], [ -43.326326569613215, -22.924684371391823 ], [ -43.325818360926711, -22.92619655393149 ], [ -43.325804802682775, -22.927299529085829 ], [ -43.325699801844301, -22.927608448953706 ], [ -43.324605304838812, -22.928392247997952 ], [ -43.322044585759897, -22.929866394073105 ], [ -43.322272561391664, -22.930315829106089 ], [ -43.322705318253284, -22.930572723727604 ], [ -43.323974455895318, -22.930550097344206 ], [ -43.32440836838785, -22.930713259818706 ], [ -43.328379677241131, -22.934100789350474 ], [ -43.327237839996435, -22.93516306673812 ], [ -43.326460631312301, -22.935695638966816 ], [ -43.325607026532737, -22.936104852828421 ], [ -43.325377966106835, -22.936376430728387 ], [ -43.325518628119994, -22.937600057003408 ], [ -43.325666789913889, -22.937579949135845 ], [ -43.325687608134864, -22.937782093293492 ], [ -43.325646759398822, -22.937940246088697 ], [ -43.325244536590063, -22.938361443064608 ], [ -43.32561572847591, -22.939194480163295 ], [ -43.325356351122316, -22.939393672791237 ], [ -43.325399989795109, -22.939642930403259 ], [ -43.325322893580669, -22.940218916437061 ], [ -43.331555295575711, -22.943140577087114 ], [ -43.331322306011145, -22.943247309449365 ], [ -43.330615021260108, -22.943895417299753 ], [ -43.330695536226123, -22.94488333713721 ], [ -43.330266018489986, -22.945557753323037 ], [ -43.33024694773178, -22.945736995011554 ], [ -43.330400816996566, -22.94624587930355 ], [ -43.330412801283906, -22.94663613417757 ], [ -43.329731709560271, -22.947897073684913 ], [ -43.329890803646165, -22.948663478361215 ], [ -43.329140022553787, -22.949420303894712 ], [ -43.328998803564517, -22.949945583587034 ], [ -43.328564326265848, -22.950331137818985 ], [ -43.327845919015004, -22.951197569286457 ], [ -43.327151030788315, -22.952204673129021 ], [ -43.326847149684752, -22.953617769397443 ], [ -43.32695840958268, -22.95415736131881 ], [ -43.327231885208363, -22.954534844587524 ], [ -43.327658325149507, -22.954804665995535 ], [ -43.327960794748833, -22.954870258986301 ], [ -43.328517249338475, -22.954844968454509 ], [ -43.328634126896297, -22.954935876150447 ], [ -43.329075663119639, -22.956033076736524 ], [ -43.329072595657657, -22.956282747112745 ], [ -43.329195896498973, -22.956533748024871 ], [ -43.329213866639769, -22.957134757781752 ], [ -43.329680619332834, -22.957545428028983 ], [ -43.330414150773485, -22.957514139628113 ], [ -43.33046284180449, -22.957662939055279 ], [ -43.331251843968765, -22.957577594385587 ], [ -43.331602020908221, -22.95856455565637 ], [ -43.333212078307668, -22.957832379396223 ], [ -43.333286121579192, -22.957981352465154 ], [ -43.334938476541566, -22.957226214360439 ], [ -43.334981840844151, -22.957125252614503 ], [ -43.334673095363286, -22.95619336921456 ], [ -43.337080482959031, -22.955368016307037 ], [ -43.335513244269336, -22.958804606144874 ], [ -43.334867183985779, -22.960643367307309 ], [ -43.33476527986825, -22.961391402701871 ], [ -43.335002122252028, -22.964078303443916 ], [ -43.335127804398212, -22.964820964873805 ], [ -43.335715868950317, -22.964797879401562 ], [ -43.33587751223326, -22.964674679057783 ], [ -43.335990781112905, -22.964710997839727 ], [ -43.336753409549793, -22.965230144960394 ], [ -43.337980735012991, -22.965822435009493 ], [ -43.338271010933333, -22.966896445271626 ], [ -43.338130039526327, -22.967737725788279 ], [ -43.339230546178172, -22.970011392368441 ], [ -43.339442361155761, -22.970252297080854 ], [ -43.340426595927219, -22.971132905754214 ], [ -43.343720643214134, -22.971965776954466 ], [ -43.344575344031007, -22.971921786143643 ], [ -43.345308765634449, -22.971706020531784 ], [ -43.345690279422563, -22.971491637098637 ], [ -43.346596606362795, -22.970723356441912 ], [ -43.346817384377793, -22.970204487178261 ], [ -43.346797648228247, -22.969477838961719 ], [ -43.346478968627935, -22.968640606468323 ], [ -43.346085106118693, -22.968115326436127 ], [ -43.345901247694826, -22.967659968290963 ], [ -43.345923951083797, -22.967557614747687 ], [ -43.346055027167722, -22.967461267676754 ], [ -43.347124700341816, -22.967268959198844 ], [ -43.347526982486315, -22.966949396967181 ], [ -43.347799408311438, -22.966962443129368 ], [ -43.348056097706056, -22.966802198822297 ], [ -43.345888792992291, -22.963625932724746 ], [ -43.346856111947858, -22.963443393677238 ], [ -43.348528202291583, -22.963311718165148 ], [ -43.349107358991326, -22.963354957804412 ], [ -43.35675082387376, -22.96274105711673 ], [ -43.35768867485308, -22.962877708060578 ], [ -43.357668528432207, -22.964850684616959 ], [ -43.357798810003437, -22.965575461615977 ], [ -43.357745414219792, -22.966072377663973 ], [ -43.35784409817407, -22.966643616460757 ], [ -43.357671767422723, -22.967212809046472 ], [ -43.357363616048254, -22.967532103808676 ], [ -43.357071665953043, -22.968222760388763 ], [ -43.357023190808576, -22.969583063825333 ], [ -43.356890556934871, -22.970228347064495 ], [ -43.356710549285523, -22.970632960011724 ], [ -43.356093297361042, -22.971364373282654 ], [ -43.353513022989574, -22.973525319964143 ], [ -43.352430805612165, -22.974577396426429 ], [ -43.352020322947688, -22.974834289435854 ], [ -43.351260236571783, -22.975554262122316 ], [ -43.350958565225476, -22.975746546665984 ], [ -43.349900574717331, -22.97682454773393 ], [ -43.349441627731217, -22.977116604267206 ], [ -43.349064705071605, -22.977585708453987 ], [ -43.348117206063968, -22.978149004344822 ], [ -43.347855372217467, -22.978634118200343 ], [ -43.347222592963853, -22.97893080690223 ], [ -43.346077379143189, -22.98020105725978 ], [ -43.345551226519738, -22.981269782225318 ], [ -43.345068282697504, -22.981737233793215 ], [ -43.344716731474293, -22.98165165197851 ], [ -43.344384552069243, -22.981368767588169 ], [ -43.343809971222441, -22.981744044411325 ], [ -43.343285017432116, -22.981696653427736 ], [ -43.343203755279099, -22.981641980028535 ], [ -43.343247290981239, -22.981543367092762 ], [ -43.343161552601678, -22.981407639468792 ], [ -43.342901615689435, -22.981367805443845 ], [ -43.341943715735319, -22.981716100609283 ], [ -43.339818580600152, -22.979915074883802 ], [ -43.33825080518119, -22.978773942355126 ], [ -43.337396279748084, -22.978520875327451 ], [ -43.336963913375918, -22.978130091627499 ], [ -43.336458296853493, -22.977859098297042 ], [ -43.336025375987184, -22.977792781475912 ], [ -43.334979013727164, -22.97794552028828 ], [ -43.334640254896151, -22.977812187088997 ], [ -43.334088211433468, -22.977358910352223 ], [ -43.333697273108243, -22.977257356061351 ], [ -43.33279311820786, -22.976496032669541 ], [ -43.331983374803016, -22.976045271196842 ], [ -43.331104782671503, -22.975395558530806 ], [ -43.330678469725839, -22.974998861393857 ], [ -43.330246371256884, -22.974429974478983 ], [ -43.329421553384677, -22.973945630772505 ], [ -43.328852630267782, -22.973305128032429 ], [ -43.322666447559683, -22.973852701304821 ], [ -43.321010690522399, -22.974190259874462 ], [ -43.319726410400939, -22.974166445425801 ], [ -43.318353044972405, -22.974035292187423 ], [ -43.317267545523542, -22.973663623563191 ], [ -43.316865007890442, -22.97343782404722 ], [ -43.316298789482595, -22.97337943163749 ], [ -43.314727402009346, -22.973763426430075 ], [ -43.313567544431884, -22.973867766199209 ], [ -43.312916492367876, -22.973799970980604 ], [ -43.311870634826903, -22.973567761406009 ], [ -43.31150096476064, -22.9733818542819 ], [ -43.306628013045689, -22.969959146314064 ], [ -43.30473418144463, -22.969532881298399 ], [ -43.30455141790052, -22.96914974106673 ], [ -43.304374605492491, -22.968453657990356 ], [ -43.304099971412683, -22.968164446469846 ], [ -43.30366995606925, -22.966580009917898 ], [ -43.303341456620934, -22.966168666597483 ], [ -43.302759643925057, -22.965729867667243 ], [ -43.301390068965269, -22.965319743586328 ], [ -43.30111359280761, -22.963961541096541 ], [ -43.300419138771716, -22.962291815054407 ], [ -43.300392936651242, -22.961025336887026 ], [ -43.300918913955087, -22.960459509833402 ], [ -43.301278861034213, -22.959710113011955 ], [ -43.301229444781221, -22.959177131892464 ], [ -43.300389564537547, -22.958486313188558 ], [ -43.300224328625063, -22.958122771797786 ], [ -43.300232765625026, -22.956089865729258 ], [ -43.300353526760823, -22.955260152894361 ], [ -43.300790578486563, -22.953583133651254 ], [ -43.300616881746627, -22.952531360499702 ], [ -43.300164507610219, -22.950674401218496 ], [ -43.299507810819136, -22.949538790756069 ], [ -43.299061193990184, -22.949266602619524 ], [ -43.29791172669151, -22.948829557912685 ], [ -43.296683352089545, -22.947912036047956 ], [ -43.294003112783962, -22.946306379869338 ], [ -43.292697856866162, -22.945427198426735 ], [ -43.291107878601551, -22.944580426376405 ], [ -43.289541580260448, -22.944209634038693 ], [ -43.286214061999885, -22.943772579635183 ], [ -43.285877854941788, -22.943501549054162 ], [ -43.285517890356608, -22.943088750363543 ], [ -43.285264268502281, -22.942323096869508 ], [ -43.285187030448981, -22.941712780730288 ], [ -43.285202981821875, -22.940446760762434 ], [ -43.285530441875316, -22.938043797978647 ], [ -43.286572130699199, -22.936242228518658 ], [ -43.286508436040954, -22.935903431801925 ], [ -43.286041696026757, -22.935206278640667 ], [ -43.281746956537582, -22.932717938685716 ], [ -43.281086616395314, -22.932561332279981 ], [ -43.280612099932611, -22.932151162982709 ], [ -43.280155670237384, -22.931312595401053 ], [ -43.279705754659084, -22.929958897484195 ], [ -43.279129212701164, -22.92878922363526 ], [ -43.278724834047949, -22.928323372667968 ], [ -43.278591608403232, -22.928041525608538 ], [ -43.278431911277934, -22.926614480219207 ], [ -43.279431755752903, -22.924335227884679 ], [ -43.27916796558749, -22.923468765098573 ], [ -43.27881343176918, -22.923218022188848 ], [ -43.279175873778712, -22.922773306241417 ], [ -43.279194533541101, -22.922067851304217 ], [ -43.278790369785568, -22.921270214553314 ], [ -43.279776045309347, -22.921290289076257 ], [ -43.279871024624114, -22.921018319714896 ], [ -43.280418436702142, -22.920848511458942 ], [ -43.282417700782176, -22.920584511258145 ], [ -43.282924561619822, -22.919083401243249 ], [ -43.283120035024062, -22.918897224105983 ], [ -43.283498116939285, -22.91874119663828 ], [ -43.284394226603283, -22.918556631949066 ], [ -43.285135659498259, -22.918655398795828 ], [ -43.285568833963744, -22.918970731778522 ], [ -43.285748503866387, -22.919226887750046 ], [ -43.286052345622466, -22.919314965255239 ], [ -43.288124232387943, -22.920391563622331 ], [ -43.288769678951496, -22.921101201067966 ], [ -43.291157796414154, -22.921935805541544 ], [ -43.291551864409023, -22.92195883040721 ], [ -43.291955269918034, -22.921874667985659 ], [ -43.292798650343997, -22.921254386954232 ], [ -43.294307647385331, -22.921260672639985 ], [ -43.294762413133199, -22.921442559935542 ], [ -43.295046992550553, -22.921450312148576 ], [ -43.296323269290163, -22.921402783123796 ], [ -43.29761850208245, -22.921149365545347 ], [ -43.300974980802337, -22.921022404356602 ], [ -43.303603423504313, -22.919381169061257 ], [ -43.30428389613251, -22.919170797196376 ], [ -43.305556466972853, -22.918439884187158 ], [ -43.308841567956357, -22.916973446974239 ], [ -43.310755662321405, -22.916510491928616 ], [ -43.311615731605016, -22.916878703085015 ], [ -43.313544119972754, -22.916457317191266 ] ] ], [ [ [ -43.372426190469319, -22.947646113168322 ], [ -43.373301451379163, -22.947036108309948 ], [ -43.373821724295077, -22.947081631146101 ], [ -43.374154005179371, -22.947607477974582 ], [ -43.374946075030898, -22.947422693575337 ], [ -43.37497944178029, -22.947535560254948 ], [ -43.375309099544047, -22.947513920214686 ], [ -43.375462394986677, -22.948256752442486 ], [ -43.375786729331153, -22.948942815310346 ], [ -43.377085662864602, -22.949380837346023 ], [ -43.378351302203242, -22.950011410230417 ], [ -43.37858504383685, -22.950232621003295 ], [ -43.37866625335608, -22.950504470510364 ], [ -43.378671138373775, -22.951747454497166 ], [ -43.37888378869912, -22.952437607257067 ], [ -43.378728333806897, -22.953199498068201 ], [ -43.378391450259478, -22.953605157673792 ], [ -43.377138259889733, -22.95405355074406 ], [ -43.376530448068024, -22.954672906466772 ], [ -43.380649318490292, -22.957746986177916 ], [ -43.381140961091916, -22.958022122183326 ], [ -43.382074231146952, -22.958309891084422 ], [ -43.391293125665825, -22.960504836943098 ], [ -43.390540249693608, -22.961570674322758 ], [ -43.381991869278849, -22.961975004958585 ], [ -43.37571448780885, -22.957905266330016 ], [ -43.35666299507902, -22.95795207550329 ], [ -43.35636154449395, -22.956985421919139 ], [ -43.356437607546113, -22.956017105103044 ], [ -43.357025304255671, -22.954681293883088 ], [ -43.35714481901811, -22.954119633398523 ], [ -43.357116602570358, -22.953791337085647 ], [ -43.357396211002026, -22.953660035868239 ], [ -43.357555062411912, -22.953232350204587 ], [ -43.358339364926159, -22.953509229974628 ], [ -43.35871417575374, -22.953359493491952 ], [ -43.359867136490678, -22.953317686805974 ], [ -43.360116612735013, -22.953258856317792 ], [ -43.361630569274816, -22.95214961039467 ], [ -43.362114508522154, -22.951901289591568 ], [ -43.364216472456924, -22.95187692395551 ], [ -43.36457525536575, -22.951688625426133 ], [ -43.364795078458869, -22.951330016095131 ], [ -43.3654051554932, -22.951620418327298 ], [ -43.367190533651517, -22.949999508298006 ], [ -43.368436702673961, -22.948062099104032 ], [ -43.368511569417947, -22.948039840216943 ], [ -43.368988023018161, -22.948405615271088 ], [ -43.372320357409968, -22.948447519505237 ], [ -43.372039192757263, -22.947692174471605 ], [ -43.372426190469319, -22.947646113168322 ] ] ] ] } },
{ "type": "Feature", "properties": { "objectid": 357, "nome": "Parque Anchieta", "regiao_adm": "ANCHIETA                ", "area_plane": "3", "codbairro": "108", "codra": 22, "codbnum": 108, "link": "Parque Anchieta           &area=108               ", "rp": "Pavuna", "cod_rp": "3.6", "codbairro_long": 108, "st_area(shape)": 3905800.4820522773, "st_perimeter(shape)": 13017.752634876078 }, "geometry": { "type": "Polygon", "coordinates": [ [ [ -43.396033018712323, -22.831676540947011 ], [ -43.399921954936794, -22.828096869696893 ], [ -43.402389165869025, -22.825207452355773 ], [ -43.402845303412988, -22.825643085361577 ], [ -43.402881057140547, -22.825902096705018 ], [ -43.40384335419985, -22.826962610958553 ], [ -43.403784694999509, -22.827005101849711 ], [ -43.404099412640676, -22.827604584021376 ], [ -43.404222526463101, -22.828017189430302 ], [ -43.404523208161685, -22.830481109649433 ], [ -43.405774920219621, -22.83065530303428 ], [ -43.406645672189121, -22.830938835659303 ], [ -43.40666672741142, -22.83101319230575 ], [ -43.406854177075985, -22.831005583878067 ], [ -43.407209402284138, -22.832446091930123 ], [ -43.407802627424651, -22.833429197965881 ], [ -43.408719343631304, -22.83458803237372 ], [ -43.409248165770784, -22.834776468326325 ], [ -43.409628504776002, -22.834729963555411 ], [ -43.413634044746097, -22.831895913405962 ], [ -43.417640267879712, -22.826317077456181 ], [ -43.417835774535178, -22.826168107781218 ], [ -43.41898156858484, -22.827640829402775 ], [ -43.419296217262179, -22.827914798668733 ], [ -43.420527493882766, -22.829378696111185 ], [ -43.421143840360884, -22.831253277584427 ], [ -43.421891753197251, -22.832501402120503 ], [ -43.422285046511711, -22.832555964078374 ], [ -43.423734243665301, -22.832278605633146 ], [ -43.424073288304314, -22.832407313629531 ], [ -43.424279395086955, -22.83267496343057 ], [ -43.424550016161973, -22.832628239062007 ], [ -43.424608295140175, -22.833134836557672 ], [ -43.424823273258681, -22.833385231713365 ], [ -43.424810174393663, -22.833668232253732 ], [ -43.424981638692699, -22.833652947645774 ], [ -43.424986931973599, -22.833912648899677 ], [ -43.425079428666557, -22.834003063231503 ], [ -43.425253829035015, -22.833910322095512 ], [ -43.425328276213932, -22.833985927202452 ], [ -43.425246486149938, -22.834158972413032 ], [ -43.425346440862704, -22.834490230375081 ], [ -43.425270877585113, -22.834655480876414 ], [ -43.4255306012668, -22.834641790081776 ], [ -43.425664858400829, -22.834794931615981 ], [ -43.425610022036551, -22.834877929306856 ], [ -43.425424890752424, -22.834869956714378 ], [ -43.425554740769563, -22.835236646183681 ], [ -43.425755910576733, -22.83547660992128 ], [ -43.425537574826741, -22.835661395148311 ], [ -43.425700484518551, -22.835932498775129 ], [ -43.425870428516625, -22.835897331397945 ], [ -43.425907474991526, -22.835776859684362 ], [ -43.426007660081865, -22.835927409970626 ], [ -43.426240609221239, -22.835827476099283 ], [ -43.426304658453546, -22.835866762782825 ], [ -43.426224674579771, -22.836086154748909 ], [ -43.426277280980166, -22.836154589559843 ], [ -43.426364110370052, -22.83613648207108 ], [ -43.426425935046225, -22.835988076726462 ], [ -43.426631052198616, -22.836046098131224 ], [ -43.426609495336649, -22.836183704522604 ], [ -43.427031304070461, -22.836174322239842 ], [ -43.427139492044837, -22.836272928287261 ], [ -43.426979084796443, -22.83641105521821 ], [ -43.427459133308886, -22.836582153053406 ], [ -43.427653560718234, -22.836536027743925 ], [ -43.427630848144702, -22.836672537342679 ], [ -43.427787184382673, -22.836642832034055 ], [ -43.427734322348201, -22.836825372416822 ], [ -43.428037922253843, -22.836750069927081 ], [ -43.428505301972876, -22.837031761770593 ], [ -43.428308807822638, -22.837223724053295 ], [ -43.428360982020877, -22.837321595814977 ], [ -43.428859965917042, -22.837278112672546 ], [ -43.429159846917536, -22.837518231807746 ], [ -43.429857885149673, -22.837450157299923 ], [ -43.430272980326308, -22.837644177995262 ], [ -43.430364030291493, -22.837750469321556 ], [ -43.430269597268115, -22.83804088730567 ], [ -43.43049333524781, -22.838157880020496 ], [ -43.430671584550346, -22.838383972230325 ], [ -43.431788669821763, -22.838828751175761 ], [ -43.43180730088649, -22.838971447803331 ], [ -43.431603969835479, -22.839368987499764 ], [ -43.431650698017009, -22.839508621146834 ], [ -43.431892106614022, -22.839665431479425 ], [ -43.431987204948896, -22.839827125210409 ], [ -43.432386346622238, -22.839756185609364 ], [ -43.433528292902373, -22.840107722529847 ], [ -43.434121078059, -22.840740324617357 ], [ -43.434440414773334, -22.841231513208214 ], [ -43.43502634036826, -22.841663912149411 ], [ -43.435159318452875, -22.841955746663277 ], [ -43.434794511974545, -22.842687304734689 ], [ -43.434435808045407, -22.842961943921694 ], [ -43.434152502244928, -22.84350202624713 ], [ -43.433848995745507, -22.843840692021384 ], [ -43.433238172070133, -22.843939263458342 ], [ -43.432504053661901, -22.84372648641714 ], [ -43.432060041492882, -22.843758148559761 ], [ -43.431784975282007, -22.843901564689784 ], [ -43.431141640119336, -22.844473045730112 ], [ -43.430600849120204, -22.845448689420923 ], [ -43.429910883916676, -22.845930480071711 ], [ -43.42939853798142, -22.846141451112945 ], [ -43.428664035838828, -22.846674270925902 ], [ -43.427904577455699, -22.846842338333506 ], [ -43.426609385528586, -22.846721532379885 ], [ -43.426041510232885, -22.846067750858527 ], [ -43.425145317250681, -22.845451355728393 ], [ -43.423670017522582, -22.844532097152907 ], [ -43.422481593566985, -22.843993711826826 ], [ -43.422169560027584, -22.843261528482124 ], [ -43.421292908813669, -22.842854469690923 ], [ -43.41984180389052, -22.842367559340843 ], [ -43.418198909995368, -22.841589100905004 ], [ -43.417224596125081, -22.840858364501788 ], [ -43.41684147302643, -22.840445353262663 ], [ -43.41619869907008, -22.839954979247064 ], [ -43.4142678251823, -22.838126445616052 ], [ -43.41379025908607, -22.837851656014479 ], [ -43.412152020939935, -22.839685099465381 ], [ -43.411328213932485, -22.840379055418783 ], [ -43.411076789387742, -22.840700587151808 ], [ -43.408220268568463, -22.837688058374798 ], [ -43.406452239468223, -22.839398671953212 ], [ -43.403921342698084, -22.837199517712648 ], [ -43.403675817277517, -22.837014715384313 ], [ -43.403334827567043, -22.836903284677089 ], [ -43.403072815148704, -22.836887201634497 ], [ -43.402837965087571, -22.837040090943525 ], [ -43.402377550932947, -22.838419409926573 ], [ -43.402271469771676, -22.838458895392158 ], [ -43.401669726048326, -22.838223283059303 ], [ -43.400755981605073, -22.837255449881432 ], [ -43.39999587763667, -22.836856313266356 ], [ -43.399335257126189, -22.836674108150131 ], [ -43.397878516714194, -22.836673003535381 ], [ -43.39757903163958, -22.837061492903821 ], [ -43.397500386163209, -22.837553530191435 ], [ -43.397212677195306, -22.837867989701554 ], [ -43.396224767985693, -22.837020854369403 ], [ -43.39576627597873, -22.836452420655945 ], [ -43.395314529733142, -22.835475665526648 ], [ -43.395191279070524, -22.834777577849767 ], [ -43.395252144300201, -22.833575694560093 ], [ -43.395540740340117, -22.832487186817165 ], [ -43.396033018712323, -22.831676540947011 ] ] ] } },
{ "type": "Feature", "properties": { "objectid": 384, "nome": "Santíssimo", "regiao_adm": "CAMPO GRANDE            ", "area_plane": "5", "codbairro": "143", "codra": 18, "codbnum": 143, "link": "Santíssimo                &area=143               ", "rp": "Campo Grande", "cod_rp": "5.2", "codbairro_long": 143, "st_area(shape)": 8319636.3345545027, "st_perimeter(shape)": 15804.040719539249 }, "geometry": { "type": "Polygon", "coordinates": [ [ [ -43.514629234703321, -22.860521075422259 ], [ -43.519035688593789, -22.860369509636769 ], [ -43.52197980180388, -22.860381080574019 ], [ -43.541111062177841, -22.861365064334432 ], [ -43.541070481250465, -22.862044136341009 ], [ -43.541353698169935, -22.862518179843313 ], [ -43.541587424354042, -22.862671601819262 ], [ -43.541013748366076, -22.863587650790087 ], [ -43.540533059895743, -22.864137146331377 ], [ -43.540290762738167, -22.864594629695425 ], [ -43.540083857998987, -22.865305772079058 ], [ -43.539748799718289, -22.865715259365523 ], [ -43.539311299319991, -22.86599799412722 ], [ -43.536102392013255, -22.866327592617214 ], [ -43.535984813456615, -22.866731393907088 ], [ -43.535446218794434, -22.867161214676251 ], [ -43.535303217743305, -22.868426932242379 ], [ -43.535179959493114, -22.86860570514721 ], [ -43.536342575336199, -22.872608616928861 ], [ -43.535362496579218, -22.874968655277129 ], [ -43.533860379374929, -22.874574496228838 ], [ -43.533067135056804, -22.87743821105434 ], [ -43.532611670995969, -22.881726958584448 ], [ -43.532362000336569, -22.882320644622638 ], [ -43.532173995675343, -22.882536387551745 ], [ -43.531778317104781, -22.882766472862404 ], [ -43.530246640004847, -22.882811745395944 ], [ -43.529569505177626, -22.882585025569671 ], [ -43.528893927058846, -22.882087552384224 ], [ -43.528180195420454, -22.882028473925878 ], [ -43.527418260564289, -22.88208265314999 ], [ -43.526290055329035, -22.882405009906154 ], [ -43.52562852402589, -22.882719948533573 ], [ -43.525448994337985, -22.883341363520575 ], [ -43.525505534807863, -22.884143704378435 ], [ -43.525741044618314, -22.884593760392242 ], [ -43.525695832699427, -22.885070293472111 ], [ -43.526146913564453, -22.885704693508451 ], [ -43.524786893935826, -22.885512081559362 ], [ -43.522461773328743, -22.884636563085937 ], [ -43.522125408166296, -22.885310345071641 ], [ -43.521571811847998, -22.886762969189139 ], [ -43.520980600738994, -22.88650458875588 ], [ -43.519126371249108, -22.887445203709408 ], [ -43.517789963930625, -22.887833114469657 ], [ -43.517328847815662, -22.88752454370989 ], [ -43.516697377688814, -22.887266766419145 ], [ -43.515702510780066, -22.887100061143659 ], [ -43.514632883539569, -22.88704942867496 ], [ -43.513995253307961, -22.887161420037 ], [ -43.512842464963462, -22.887819057234584 ], [ -43.511854641026154, -22.888910565656218 ], [ -43.511301365273283, -22.88906262304506 ], [ -43.509932071409885, -22.890111258442499 ], [ -43.508813477525301, -22.891516084366877 ], [ -43.512876515612554, -22.89755509340262 ], [ -43.511732695620026, -22.896908481497764 ], [ -43.51089446279093, -22.896255514397534 ], [ -43.50799773890904, -22.894354684201868 ], [ -43.506586700777703, -22.893020676198066 ], [ -43.503746930860864, -22.892604713305253 ], [ -43.502758901791395, -22.892132819265218 ], [ -43.504712043056742, -22.886717993394594 ], [ -43.506483781584997, -22.881556021713191 ], [ -43.506592082866909, -22.881047123739474 ], [ -43.508124321908582, -22.877487583887895 ], [ -43.506358552497346, -22.876734403457686 ], [ -43.504444468912979, -22.876265113081928 ], [ -43.504732628521609, -22.875495183355415 ], [ -43.504885541450939, -22.875344893065442 ], [ -43.505151713992177, -22.875247597992637 ], [ -43.505235143345814, -22.875007422753804 ], [ -43.505211803940085, -22.874219118993274 ], [ -43.504497189872701, -22.873560331462819 ], [ -43.504455781720132, -22.87314946362466 ], [ -43.504765052470326, -22.872890097934896 ], [ -43.505587430466491, -22.872536118542833 ], [ -43.506655411683383, -22.871308932535875 ], [ -43.507332951745788, -22.870918900922813 ], [ -43.507912310797103, -22.870897423322425 ], [ -43.509287596921972, -22.87158614214934 ], [ -43.509686344014042, -22.871494780562642 ], [ -43.509360099435163, -22.871015673066257 ], [ -43.508914071482948, -22.869742481179564 ], [ -43.508670795320576, -22.869270384625946 ], [ -43.509911939907475, -22.867388118733274 ], [ -43.510020034860126, -22.867020827765238 ], [ -43.510612322069356, -22.866500292209675 ], [ -43.511054417225722, -22.86587313115739 ], [ -43.512353594753961, -22.863434593454013 ], [ -43.512640417091589, -22.863156668554225 ], [ -43.513058526423094, -22.862994036665331 ], [ -43.514455216027777, -22.863045467171109 ], [ -43.514629234703321, -22.860521075422259 ] ] ] } },
{ "type": "Feature", "properties": { "objectid": 464, "nome": "Jardim Botânico", "regiao_adm": "LAGOA                   ", "area_plane": "2", "codbairro": "028", "codra": 6, "codbnum": 28, "link": "Jardim Botânico           &area=28                ", "rp": "Zona Sul", "cod_rp": "2.1", "codbairro_long": 28, "st_area(shape)": 2689210.8554853303, "st_perimeter(shape)": 12263.131622962666 }, "geometry": { "type": "Polygon", "coordinates": [ [ [ -43.204077652666406, -22.955978568027049 ], [ -43.204329984970933, -22.955493511740066 ], [ -43.204209367096269, -22.95516813550422 ], [ -43.204166379612694, -22.954635307201411 ], [ -43.204305684074804, -22.954497997214052 ], [ -43.204835720776295, -22.955047899449067 ], [ -43.204746736964417, -22.955162661756351 ], [ -43.204571976689749, -22.955149124371513 ], [ -43.204753566176677, -22.955590869040911 ], [ -43.205078029152205, -22.955920269019938 ], [ -43.205173373865655, -22.955870688576567 ], [ -43.205315569936218, -22.955957724527238 ], [ -43.205639591182994, -22.956513149217407 ], [ -43.20563692663471, -22.95683333953173 ], [ -43.205899925965525, -22.957062253965322 ], [ -43.206195189092448, -22.957129619806484 ], [ -43.206600526683189, -22.956924879952599 ], [ -43.206644453826073, -22.95674386576556 ], [ -43.20749523682796, -22.95662037616621 ], [ -43.20763980438258, -22.956150170014926 ], [ -43.207935842779278, -22.956388037115865 ], [ -43.208468444489519, -22.956404348869388 ], [ -43.208834201860668, -22.956664854710343 ], [ -43.209180142221882, -22.956690073611401 ], [ -43.209669899435674, -22.957072170854911 ], [ -43.20993695246198, -22.957178764502252 ], [ -43.210400241054842, -22.957179118185323 ], [ -43.210860354283696, -22.956968482474803 ], [ -43.211104410239564, -22.957452105327622 ], [ -43.211365876905845, -22.957664923395676 ], [ -43.211863054276911, -22.957809779643053 ], [ -43.212554573381503, -22.957777122620307 ], [ -43.21290563051506, -22.957977305007045 ], [ -43.213101181985699, -22.958249250074122 ], [ -43.214174548603729, -22.958901690308107 ], [ -43.214650332003274, -22.958982903656967 ], [ -43.215437440951504, -22.959313247309954 ], [ -43.216975604731644, -22.9595408701257 ], [ -43.218210979692373, -22.95953823060065 ], [ -43.219433275539195, -22.95978973440673 ], [ -43.219731300786862, -22.959773753903352 ], [ -43.220506004855508, -22.959234934522456 ], [ -43.221018397645672, -22.958724953643216 ], [ -43.221465701312717, -22.958464024788316 ], [ -43.221664949456866, -22.958238692231632 ], [ -43.221695339156128, -22.957838712410734 ], [ -43.221828012956706, -22.95781229616026 ], [ -43.222327367400815, -22.958030291211823 ], [ -43.222620952648562, -22.958368704067151 ], [ -43.223043828534216, -22.958574101962281 ], [ -43.223314136177528, -22.958806050168398 ], [ -43.223397295347368, -22.958927086945316 ], [ -43.223408382863838, -22.95951157534023 ], [ -43.223552276250444, -22.959693793858492 ], [ -43.223853385459321, -22.959710532158997 ], [ -43.224269003644309, -22.959546137148539 ], [ -43.224715093294229, -22.959579939456571 ], [ -43.225963010115862, -22.960141061209875 ], [ -43.226085704582943, -22.960259288998319 ], [ -43.226160932149163, -22.960562561633466 ], [ -43.226256498572297, -22.960622419953811 ], [ -43.227330283537228, -22.960643551231719 ], [ -43.228223586436329, -22.960872431780853 ], [ -43.227822016781815, -22.9611485204532 ], [ -43.227718691408263, -22.961369606168102 ], [ -43.22776747148297, -22.962146049825829 ], [ -43.227964056245604, -22.962476323893735 ], [ -43.228645345553879, -22.962534598005959 ], [ -43.228998281300598, -22.962750666493694 ], [ -43.229337334286157, -22.96311169973071 ], [ -43.230143442657919, -22.963298239687742 ], [ -43.23079918620622, -22.96360374487022 ], [ -43.231638596633992, -22.963644355381767 ], [ -43.231855331912676, -22.9637535129471 ], [ -43.232391305621178, -22.963798229472989 ], [ -43.232554225636981, -22.964221048556713 ], [ -43.232926858464189, -22.964738133640612 ], [ -43.234235703611645, -22.964947053100197 ], [ -43.234914944686622, -22.964691106681933 ], [ -43.235299076569348, -22.964991945154722 ], [ -43.23560666034949, -22.965029323354461 ], [ -43.235809201415329, -22.964910027042645 ], [ -43.236039481566088, -22.96461422121169 ], [ -43.236381638224302, -22.964647738221263 ], [ -43.236701721540413, -22.96451846013635 ], [ -43.237403179777075, -22.964526711143179 ], [ -43.237972697535916, -22.964429101022819 ], [ -43.238142663888532, -22.964467745031055 ], [ -43.238391686138336, -22.964712170227315 ], [ -43.23842024452982, -22.965194985229473 ], [ -43.23851780970022, -22.965447479278239 ], [ -43.23874966991864, -22.9654585440543 ], [ -43.23911744681179, -22.96523849078563 ], [ -43.239558941706136, -22.96516212045919 ], [ -43.239870131985413, -22.965478392402062 ], [ -43.240685219571866, -22.96594537784722 ], [ -43.241171518123394, -22.966325720554309 ], [ -43.241829771797441, -22.967586548920174 ], [ -43.241898642398915, -22.967894259673621 ], [ -43.242710376118225, -22.968448975000754 ], [ -43.242742560694914, -22.968607093873018 ], [ -43.242620792127205, -22.968755020017127 ], [ -43.241614121028363, -22.969390350864025 ], [ -43.240745416891897, -22.968964945647262 ], [ -43.240168112377908, -22.968856493589417 ], [ -43.239702337402754, -22.968901711956093 ], [ -43.239308247546283, -22.968803417875069 ], [ -43.238972979883165, -22.968854599813483 ], [ -43.238252038993288, -22.969249078663815 ], [ -43.23823427837565, -22.969400412923026 ], [ -43.238492913700817, -22.969829164480142 ], [ -43.23863876685693, -22.970336855922611 ], [ -43.238778725505313, -22.970494095933592 ], [ -43.239818453805491, -22.971012799114803 ], [ -43.240229153503449, -22.971395376999574 ], [ -43.240196972224524, -22.971545828086565 ], [ -43.238996410158947, -22.971336442580785 ], [ -43.238305297603155, -22.971490409131864 ], [ -43.237545815065658, -22.97205811170366 ], [ -43.236896835113136, -22.971843192594971 ], [ -43.236280129024991, -22.971906951359284 ], [ -43.235576708877474, -22.97164879639223 ], [ -43.235097208671071, -22.971165562080174 ], [ -43.234482320813022, -22.971254797442754 ], [ -43.234214462601933, -22.971168825272169 ], [ -43.233751836984823, -22.970888421761753 ], [ -43.233349320625166, -22.970290542452833 ], [ -43.233028495827071, -22.97007050583154 ], [ -43.232683035082196, -22.970057712379937 ], [ -43.231657083840396, -22.970446773810853 ], [ -43.231298040127839, -22.970488461889925 ], [ -43.230542957886868, -22.970342048770817 ], [ -43.229704864086308, -22.969912592466773 ], [ -43.229038438953893, -22.969990306142318 ], [ -43.228681199996934, -22.96981897994295 ], [ -43.227938387599181, -22.969726874580342 ], [ -43.227343620779472, -22.969866339598347 ], [ -43.227083775556913, -22.970138589511041 ], [ -43.227134487103775, -22.970512476572626 ], [ -43.22534807930785, -22.971464523534607 ], [ -43.22476645643011, -22.971918472524187 ], [ -43.224506928380549, -22.97247193191275 ], [ -43.22439902479956, -22.972549468546543 ], [ -43.218348754108604, -22.965329106172142 ], [ -43.215625565481616, -22.962455335809992 ], [ -43.215132595806146, -22.96204784370002 ], [ -43.214370221429341, -22.961652304986703 ], [ -43.213929510954912, -22.961550534880622 ], [ -43.212741923989235, -22.961403232067873 ], [ -43.2127241721237, -22.961529548046489 ], [ -43.209987760981363, -22.961208349411713 ], [ -43.209973143234258, -22.961096569489765 ], [ -43.204103730205176, -22.960442771325507 ], [ -43.204222395931119, -22.959564732838498 ], [ -43.203559915084426, -22.959539440432778 ], [ -43.203445491667466, -22.959475833457649 ], [ -43.203519228541893, -22.958987491225244 ], [ -43.203744179496525, -22.958678763250902 ], [ -43.204082007458716, -22.958558060864604 ], [ -43.204861604199728, -22.957704123508073 ], [ -43.204318019491872, -22.958142625040725 ], [ -43.204086705815584, -22.958202315949265 ], [ -43.20380838116094, -22.958181373566628 ], [ -43.20379976690667, -22.958110116547804 ], [ -43.203417259711244, -22.95798125416519 ], [ -43.203204920715464, -22.958058857412823 ], [ -43.203119259058866, -22.957995667379862 ], [ -43.203121726371492, -22.957808946103356 ], [ -43.203238968755514, -22.95765901569747 ], [ -43.203285274976594, -22.957793010372381 ], [ -43.203428225706666, -22.957874638360636 ], [ -43.203954602088629, -22.958022920187446 ], [ -43.20424341909856, -22.957972822573012 ], [ -43.204543202977661, -22.957816110308087 ], [ -43.204787475118422, -22.957498655658384 ], [ -43.204476940422303, -22.957014813336066 ], [ -43.204977038661376, -22.956967104640686 ], [ -43.205220482986952, -22.956711952204309 ], [ -43.205155420646562, -22.956551108760532 ], [ -43.204832065777552, -22.956307327722307 ], [ -43.204371089190488, -22.95630210857713 ], [ -43.204353410023046, -22.956186229097792 ], [ -43.204077652666406, -22.955978568027049 ] ] ] } },
{ "type": "Feature", "properties": { "objectid": 470, "nome": "Gávea", "regiao_adm": "LAGOA                   ", "area_plane": "2", "codbairro": "029", "codra": 6, "codbnum": 29, "link": "Gávea                     &area=29                ", "rp": "Zona Sul", "cod_rp": "2.1", "codbairro_long": 29, "st_area(shape)": 2579643.4149627555, "st_perimeter(shape)": 14268.524286217855 }, "geometry": { "type": "Polygon", "coordinates": [ [ [ -43.22753784003568, -22.970692719343763 ], [ -43.228244973766394, -22.970380134457145 ], [ -43.228505754371696, -22.970394969463126 ], [ -43.228915175180276, -22.971172371466754 ], [ -43.229002281507121, -22.971642658618229 ], [ -43.229217947919253, -22.972043943642589 ], [ -43.229657048499284, -22.972280571405587 ], [ -43.230372382815993, -22.972282058028327 ], [ -43.230554460016592, -22.972349922950208 ], [ -43.231579545311156, -22.973212665925843 ], [ -43.232300595266885, -22.974492201413199 ], [ -43.232425115668754, -22.974576400548969 ], [ -43.232798232386507, -22.974690552668644 ], [ -43.233763264198537, -22.974683881906849 ], [ -43.234222129937955, -22.974954220207589 ], [ -43.235636502017243, -22.974547434998723 ], [ -43.236199264903668, -22.974492924977458 ], [ -43.236795289651248, -22.97454308415708 ], [ -43.237756983611803, -22.975545598816769 ], [ -43.238356781067743, -22.975606089984893 ], [ -43.239084351620996, -22.976538808689874 ], [ -43.238609101647945, -22.976936739136569 ], [ -43.238483403355758, -22.977145931951902 ], [ -43.238335766035846, -22.97804679913737 ], [ -43.237689711468313, -22.979754234638861 ], [ -43.237745909763596, -22.980091154724015 ], [ -43.238007341004241, -22.980343215725846 ], [ -43.238245556846977, -22.980024107596869 ], [ -43.238225416333876, -22.979697069640462 ], [ -43.238312375929425, -22.979557160961541 ], [ -43.23912474067027, -22.979329591079939 ], [ -43.23923564171718, -22.979223721895266 ], [ -43.239594124259227, -22.978557190374215 ], [ -43.239586404463374, -22.978452891884306 ], [ -43.239401707410693, -22.978383201545753 ], [ -43.239551387897457, -22.978573692906778 ], [ -43.2394670987129, -22.978733317606586 ], [ -43.23938830593368, -22.978709866860985 ], [ -43.239439339009728, -22.978527295600596 ], [ -43.239270401076816, -22.978415607826044 ], [ -43.239145020573474, -22.978464875644189 ], [ -43.239202598838659, -22.978251400824139 ], [ -43.239500487269382, -22.978271688842735 ], [ -43.239732863881542, -22.978417946328801 ], [ -43.239646299720562, -22.978760685058017 ], [ -43.239286084243275, -22.979320094951294 ], [ -43.238366047541007, -22.979645081527753 ], [ -43.238358567890401, -22.979988699413205 ], [ -43.238074967853599, -22.980400587939862 ], [ -43.238295271288635, -22.980357072353961 ], [ -43.238815610224542, -22.979935442229774 ], [ -43.239454918558913, -22.979974243781292 ], [ -43.23991926999102, -22.979695664540156 ], [ -43.240570585740159, -22.979658196979294 ], [ -43.241016219193881, -22.97937859375546 ], [ -43.241474933099347, -22.979309092398552 ], [ -43.241791096780965, -22.979130907281117 ], [ -43.242072598242963, -22.978782293623897 ], [ -43.242704779579348, -22.979122801076997 ], [ -43.242841958850711, -22.978538332417823 ], [ -43.243087003340378, -22.978240694200323 ], [ -43.243500906860781, -22.976627648049259 ], [ -43.243853785202184, -22.975879496792437 ], [ -43.243915318204259, -22.975283983817349 ], [ -43.244384861088371, -22.97488850159564 ], [ -43.245202749208389, -22.974494707040858 ], [ -43.245725504818331, -22.974426535407559 ], [ -43.246261115399726, -22.974654252703715 ], [ -43.246466479386036, -22.974845715288986 ], [ -43.246727273716068, -22.975623960685208 ], [ -43.247204509693667, -22.975863853486 ], [ -43.247701098470493, -22.97629739079018 ], [ -43.248416278942102, -22.976464144963742 ], [ -43.248912831015843, -22.976711831126579 ], [ -43.248197511609675, -22.977024509588158 ], [ -43.247235628968099, -22.977647545587605 ], [ -43.247025334836415, -22.978041931665146 ], [ -43.246848421700207, -22.978797091717585 ], [ -43.246616195462124, -22.978842746089416 ], [ -43.246193476768845, -22.978692946862708 ], [ -43.245975080640854, -22.97877008832322 ], [ -43.245884159312077, -22.978870223560772 ], [ -43.245843087101868, -22.979392275883921 ], [ -43.245734751714586, -22.979556696945668 ], [ -43.245077049570405, -22.979816626763668 ], [ -43.244743947035595, -22.980287129830447 ], [ -43.243476144214817, -22.980768223708065 ], [ -43.24268753604521, -22.98130772078882 ], [ -43.242773378330917, -22.980281272429878 ], [ -43.242666291091354, -22.979640273229943 ], [ -43.241711501590373, -22.980638658270593 ], [ -43.241546652741427, -22.980723070979746 ], [ -43.241509303429233, -22.980850710650934 ], [ -43.241626113801637, -22.981297842365024 ], [ -43.241617580363744, -22.982032288702147 ], [ -43.241837650714913, -22.982218050759098 ], [ -43.242243810866078, -22.982343927074737 ], [ -43.242383065237092, -22.982338155414826 ], [ -43.242615551638139, -22.982114792223495 ], [ -43.243127823735058, -22.982007321253185 ], [ -43.243606584048919, -22.98168545339983 ], [ -43.244742294863393, -22.98153205748093 ], [ -43.245306119634421, -22.981102941969436 ], [ -43.245765265254136, -22.980871968615855 ], [ -43.246688816603744, -22.980515822222252 ], [ -43.247961091578574, -22.980163438877785 ], [ -43.249374747439262, -22.979253701851118 ], [ -43.249874137900029, -22.979017019718498 ], [ -43.25128622496922, -22.978924332599878 ], [ -43.252834216393531, -22.97922270934923 ], [ -43.2542639329167, -22.979139672114709 ], [ -43.257910452338884, -22.979589158728864 ], [ -43.256550928676894, -22.979750212254558 ], [ -43.255872583898999, -22.980145689830888 ], [ -43.255272643279369, -22.981020286718923 ], [ -43.254996335377875, -22.981604500641367 ], [ -43.254925638856193, -22.982279026374979 ], [ -43.254671975610378, -22.982846422048183 ], [ -43.254311917559782, -22.983389795863129 ], [ -43.253179129173304, -22.98368678750488 ], [ -43.251483364156883, -22.983612363332171 ], [ -43.251198039059091, -22.983743948629339 ], [ -43.250328928901482, -22.983893292746956 ], [ -43.249317575524138, -22.98417407521757 ], [ -43.248821182526484, -22.984517169721222 ], [ -43.248209743345903, -22.984440692711988 ], [ -43.247954934991618, -22.984542447427607 ], [ -43.247421990549945, -22.984996659821352 ], [ -43.246618830824936, -22.985378161595175 ], [ -43.24618153389001, -22.985034046064349 ], [ -43.245232747747131, -22.985423229816181 ], [ -43.244868797889353, -22.985818978283529 ], [ -43.244456675259507, -22.98585152904797 ], [ -43.243670256117284, -22.985721983510473 ], [ -43.243157722627757, -22.985758110812466 ], [ -43.243187713086243, -22.985535841760836 ], [ -43.242985873628598, -22.985493418576407 ], [ -43.242692613620683, -22.985709697997112 ], [ -43.242411483836968, -22.985629006491788 ], [ -43.242127337684721, -22.986248686611042 ], [ -43.241693436935861, -22.986215517390463 ], [ -43.241560218234454, -22.986681276070016 ], [ -43.240877135486123, -22.98654816861146 ], [ -43.24087627930173, -22.986614262242487 ], [ -43.24060577719078, -22.986571614439033 ], [ -43.240652097863212, -22.986301304693907 ], [ -43.240524098893957, -22.986273513216528 ], [ -43.23982156172189, -22.990734086014093 ], [ -43.238998121635191, -22.990042860802692 ], [ -43.237995768016518, -22.989429652492632 ], [ -43.237541391458358, -22.988463483743654 ], [ -43.237455189211715, -22.988123700484973 ], [ -43.237314861734383, -22.987377575899895 ], [ -43.237339476986357, -22.986458007820438 ], [ -43.237186017218391, -22.985769348684762 ], [ -43.237020054906743, -22.985307577258538 ], [ -43.236713976647216, -22.984850210889867 ], [ -43.236304688742386, -22.984491840276149 ], [ -43.235137264598379, -22.984148594633037 ], [ -43.234481432886732, -22.983736543000195 ], [ -43.232525794634597, -22.981366003080062 ], [ -43.23138441794201, -22.980425747607292 ], [ -43.23110192715248, -22.980338881861858 ], [ -43.230670129665434, -22.980505367625113 ], [ -43.229592670587188, -22.980529455183525 ], [ -43.228865784249777, -22.980468052112343 ], [ -43.22826335127818, -22.980324325141524 ], [ -43.228124551051515, -22.980250438282908 ], [ -43.228036337633014, -22.980074351455432 ], [ -43.227917172096781, -22.979444951236726 ], [ -43.227696814700046, -22.979320665994873 ], [ -43.227346267156015, -22.979404341900054 ], [ -43.227159832608059, -22.979677412851856 ], [ -43.226758338104098, -22.979689084756814 ], [ -43.22675109039362, -22.977793510862039 ], [ -43.226442940930475, -22.977790062288364 ], [ -43.226205710613542, -22.977695837388435 ], [ -43.226129362653133, -22.977754223360932 ], [ -43.224999319301595, -22.976556954621937 ], [ -43.225082344635119, -22.97623378205844 ], [ -43.225996562816455, -22.974554511230934 ], [ -43.225777426938414, -22.974098099467763 ], [ -43.225139702439435, -22.974306782812533 ], [ -43.225012152485206, -22.974223449106528 ], [ -43.22498434659412, -22.97389569384611 ], [ -43.22548487260903, -22.973730081700783 ], [ -43.225239422305258, -22.973444497971531 ], [ -43.225004906595018, -22.973553579132531 ], [ -43.224772727346121, -22.973476476576433 ], [ -43.224695390113098, -22.973244882501458 ], [ -43.224930292333156, -22.973106188062573 ], [ -43.22439902479956, -22.972549468546543 ], [ -43.224506928380549, -22.97247193191275 ], [ -43.22476645643011, -22.971918472524187 ], [ -43.22534807930785, -22.971464523534607 ], [ -43.227134487103775, -22.970512476572626 ], [ -43.22735837389655, -22.970679333968484 ], [ -43.22753784003568, -22.970692719343763 ] ] ] } },
{ "type": "Feature", "properties": { "objectid": 478, "nome": "Vidigal", "regiao_adm": "LAGOA                   ", "area_plane": "2", "codbairro": "030", "codra": 6, "codbnum": 30, "link": "Vidigal                   &area=30                ", "rp": "Zona Sul", "cod_rp": "2.1", "codbairro_long": 30, "st_area(shape)": 1621382.1218256566, "st_perimeter(shape)": 7553.3539923081107 }, "geometry": { "type": "Polygon", "coordinates": [ [ [ -43.227034265764523, -22.989647430528986 ], [ -43.227631168701372, -22.988932577799194 ], [ -43.227993140971456, -22.989290711795384 ], [ -43.228228279776765, -22.989412363226826 ], [ -43.228948512675572, -22.989389172296043 ], [ -43.229596212645625, -22.989617658574964 ], [ -43.230187700307859, -22.989527009593452 ], [ -43.230826045458059, -22.989148630764941 ], [ -43.231040242130661, -22.988527018103962 ], [ -43.231168521400683, -22.988420807628376 ], [ -43.231789935516964, -22.988256075574622 ], [ -43.232150678107296, -22.98828981119274 ], [ -43.232595751902707, -22.988206730718201 ], [ -43.233767463848871, -22.988432195848841 ], [ -43.234146409311307, -22.988671574661911 ], [ -43.234290365452765, -22.988942286136403 ], [ -43.235338463233056, -22.989216302374583 ], [ -43.236877601481652, -22.9895259373131 ], [ -43.237995768016518, -22.989429652492632 ], [ -43.238998121635191, -22.990042860802692 ], [ -43.23982156172189, -22.990734086014093 ], [ -43.241507150997926, -22.990929625093003 ], [ -43.242556373665757, -22.991254809403088 ], [ -43.243603782104984, -22.991698175959499 ], [ -43.244025973091354, -22.991921664924277 ], [ -43.244159003491305, -22.992118920702332 ], [ -43.244324008309341, -22.993252994293133 ], [ -43.245687254536982, -22.994000112714104 ], [ -43.248035369056353, -22.995120602160991 ], [ -43.25032608148841, -22.995801179694141 ], [ -43.250969654160144, -22.997521286422195 ], [ -43.249623149487356, -22.997452679326862 ], [ -43.249971902339936, -22.999447491210695 ], [ -43.249505338402095, -22.999447481590433 ], [ -43.247973935757813, -22.999728642599756 ], [ -43.247701375663652, -22.999873365509536 ], [ -43.247425780503711, -23.000154866273125 ], [ -43.247317415511745, -23.000410856135311 ], [ -43.247037783854147, -23.000687525270489 ], [ -43.245976591801039, -23.001085668245818 ], [ -43.24528910173327, -23.00116681980122 ], [ -43.243662184792932, -23.001070309039303 ], [ -43.243387058662918, -23.000877615232994 ], [ -43.242987157214323, -23.000761382805059 ], [ -43.242828518355552, -23.000597613883681 ], [ -43.24267852710247, -23.000587461578139 ], [ -43.242700054111744, -23.000537038619168 ], [ -43.242619733215811, -23.000577777683148 ], [ -43.242132124336024, -23.000455060228479 ], [ -43.241915822237331, -23.00052598441205 ], [ -43.241901826774615, -23.000627513945389 ], [ -43.241802856128345, -23.000571691273741 ], [ -43.241731975046527, -23.000621654562362 ], [ -43.241611317869776, -23.000523146843207 ], [ -43.2407564712788, -23.000383432176054 ], [ -43.240568565852612, -23.000265482575305 ], [ -43.240454705844755, -23.00007918400399 ], [ -43.240351354299598, -23.000075506990616 ], [ -43.240255176965881, -22.999849488322397 ], [ -43.240082046886478, -22.999825801669761 ], [ -43.240172580065703, -22.999772354140536 ], [ -43.239951424194182, -22.999796354483742 ], [ -43.239917892745176, -22.999643819314677 ], [ -43.240014710884246, -22.999459408749878 ], [ -43.239875705653205, -22.999406931867501 ], [ -43.239931519224342, -22.99924012739277 ], [ -43.239810432621375, -22.999182521654518 ], [ -43.239773087419721, -22.99875261571794 ], [ -43.239620500945279, -22.998792098440063 ], [ -43.239500957164772, -22.998720874539355 ], [ -43.239557245423029, -22.998660364060914 ], [ -43.239403962546362, -22.998595627257487 ], [ -43.239424099692279, -22.998457051976278 ], [ -43.239265610088474, -22.998447883929774 ], [ -43.239294942969387, -22.998517655263012 ], [ -43.239003415341429, -22.998665222315108 ], [ -43.238775069555366, -22.998627104563248 ], [ -43.238879653600968, -22.998415509084285 ], [ -43.238706591161801, -22.998409249671752 ], [ -43.238600674877638, -22.998280108109714 ], [ -43.237801448673892, -22.997997595052464 ], [ -43.237713055723802, -22.997886168849298 ], [ -43.237820687410789, -22.997898203152694 ], [ -43.236564520035756, -22.99737137910013 ], [ -43.235785036101554, -22.996906659146937 ], [ -43.235340958601249, -22.996820886961792 ], [ -43.235018161090629, -22.996605253708672 ], [ -43.235012720825416, -22.99649845492527 ], [ -43.234939588496779, -22.996511727347322 ], [ -43.23493531370076, -22.996337662871245 ], [ -43.234847093590744, -22.996393300525433 ], [ -43.234856763592923, -22.99633985681951 ], [ -43.234386555525873, -22.996290998988947 ], [ -43.234014782641815, -22.996143721025977 ], [ -43.233885837923062, -22.99591823670891 ], [ -43.234026609508085, -22.995789496227733 ], [ -43.234033027628634, -22.995468624670668 ], [ -43.234119249461408, -22.995334131134939 ], [ -43.234005826146301, -22.995317604926001 ], [ -43.233924998867238, -22.995142505297498 ], [ -43.233447831007169, -22.995096635833214 ], [ -43.233395854339101, -22.995177964032621 ], [ -43.233225411932338, -22.995180758518067 ], [ -43.232785081826428, -22.995399620099199 ], [ -43.231993037013908, -22.995287019164032 ], [ -43.231747458578191, -22.995142139123598 ], [ -43.231821116611634, -22.994998835630952 ], [ -43.231794193195313, -22.994789298746309 ], [ -43.231922663792567, -22.994564071591775 ], [ -43.232054236449727, -22.994535013885095 ], [ -43.232351158265864, -22.994115342052055 ], [ -43.232969927295009, -22.993923396459767 ], [ -43.233152632354034, -22.993555458178921 ], [ -43.232955156717132, -22.993004833152192 ], [ -43.232698802017623, -22.992788762137057 ], [ -43.232377119144381, -22.99272087647639 ], [ -43.232382903962687, -22.99252380544679 ], [ -43.232515030263663, -22.992526907238972 ], [ -43.23253940784285, -22.992377725344703 ], [ -43.232338997178502, -22.992000453362692 ], [ -43.232021562556433, -22.991778553242138 ], [ -43.231843761580137, -22.991754805107593 ], [ -43.231753362856416, -22.991521261913661 ], [ -43.231226589045569, -22.991285917501092 ], [ -43.231223124188766, -22.991177601957343 ], [ -43.230933033416179, -22.990998540371372 ], [ -43.230913082400065, -22.990837845628651 ], [ -43.230865505687241, -22.990806249511746 ], [ -43.23051851071282, -22.991064257255136 ], [ -43.229893759834127, -22.991154716007063 ], [ -43.229735050497467, -22.991252911065597 ], [ -43.22954452305288, -22.991217999220346 ], [ -43.229554227403511, -22.991124641733098 ], [ -43.229397556665184, -22.991148628112313 ], [ -43.229415920378109, -22.991071896753606 ], [ -43.229279664526473, -22.991161036469755 ], [ -43.228895660740314, -22.99113046452597 ], [ -43.228681462019445, -22.991033339979065 ], [ -43.228685197816034, -22.990948856862442 ], [ -43.228842166122703, -22.990849561559891 ], [ -43.228681450896737, -22.990802431568351 ], [ -43.228778375424305, -22.99073000677479 ], [ -43.228714688341611, -22.990654703175487 ], [ -43.228442875131584, -22.990772039961804 ], [ -43.228370328393432, -22.990628367040919 ], [ -43.228094400800373, -22.990859077662183 ], [ -43.228065867929189, -22.990773331454296 ], [ -43.2279681490961, -22.990764742997101 ], [ -43.228241276356925, -22.990516839829908 ], [ -43.228196941714458, -22.990445998619659 ], [ -43.227444320200583, -22.99039441170784 ], [ -43.227375524810242, -22.990359236780037 ], [ -43.227453332549445, -22.990279375432426 ], [ -43.22731559567454, -22.990317567930756 ], [ -43.226964797614052, -22.990194349604081 ], [ -43.226972186947172, -22.990121466423002 ], [ -43.226804161258578, -22.990021876262528 ], [ -43.226986577841593, -22.989975515107659 ], [ -43.226945197697638, -22.989850432852393 ], [ -43.22711009226127, -22.989704267919496 ], [ -43.227034265764523, -22.989647430528986 ] ] ] } },
{ "type": "Feature", "properties": { "objectid": 474, "nome": "São Conrado", "regiao_adm": "LAGOA                   ", "area_plane": "2", "codbairro": "031", "codra": 6, "codbnum": 31, "link": "São Conrado               &area=31                ", "rp": "Zona Sul", "cod_rp": "2.1", "codbairro_long": 31, "st_area(shape)": 6488582.9831844131, "st_perimeter(shape)": 13311.910709791106 }, "geometry": { "type": "MultiPolygon", "coordinates": [ [ [ [ -43.254925638856193, -22.982279026374979 ], [ -43.254996335377875, -22.981604500641367 ], [ -43.255272643279369, -22.981020286718923 ], [ -43.255872583898999, -22.980145689830888 ], [ -43.256550928676894, -22.979750212254558 ], [ -43.257910452338884, -22.979589158728864 ], [ -43.258950715315208, -22.979993965666917 ], [ -43.259241811463582, -22.98026338275637 ], [ -43.259750530232843, -22.980515684545551 ], [ -43.26079912022395, -22.980773916950294 ], [ -43.262160213987961, -22.981275866402708 ], [ -43.263807854332534, -22.982138107257807 ], [ -43.265316039218227, -22.982381834813427 ], [ -43.265841958597129, -22.982663567103906 ], [ -43.267254650456302, -22.982419302751161 ], [ -43.272975250872108, -22.981761027495907 ], [ -43.273510873491425, -22.981825292757748 ], [ -43.274319762254748, -22.982191263167103 ], [ -43.275756007208017, -22.982310753286331 ], [ -43.276505229746597, -22.982283233110419 ], [ -43.278706736747701, -22.981902866410422 ], [ -43.278858943748546, -22.982560501944473 ], [ -43.278907073651858, -22.983234528910977 ], [ -43.279044785191729, -22.983550832925943 ], [ -43.281670906555583, -22.985905084669945 ], [ -43.283047269511037, -22.988566164320577 ], [ -43.283453763329966, -22.989179865832902 ], [ -43.283884271776039, -22.989522186344676 ], [ -43.284254997511439, -22.990149587223378 ], [ -43.28458099721955, -22.990997301772698 ], [ -43.285025316969623, -22.992463088617814 ], [ -43.285396113854084, -22.995317714533844 ], [ -43.284735192782151, -22.996557236749076 ], [ -43.284646920212182, -22.996880932312965 ], [ -43.284731526425688, -22.997464864577932 ], [ -43.284674351268748, -22.99803705920883 ], [ -43.284705700369237, -23.000272389770185 ], [ -43.284826004023891, -23.001165647729486 ], [ -43.275733523456296, -23.001123972326774 ], [ -43.276172148266603, -23.002771323183886 ], [ -43.2760676256949, -23.00295928832503 ], [ -43.275629040791323, -23.00330471747106 ], [ -43.275586340676199, -23.003095282933341 ], [ -43.275200669753488, -23.002976845204081 ], [ -43.274534619606584, -23.002538107059344 ], [ -43.272489016921647, -23.001832276679252 ], [ -43.270629903259, -23.001497537058654 ], [ -43.269977324519203, -23.001273765041901 ], [ -43.269335964939906, -23.00115739706176 ], [ -43.268800727187731, -23.000942398214065 ], [ -43.266772528198906, -23.000627531002312 ], [ -43.266517399344274, -23.000470405077717 ], [ -43.266167493258621, -23.000463052175061 ], [ -43.26449904019632, -23.000088879468983 ], [ -43.263570779812611, -23.00001250990266 ], [ -43.263195456138419, -22.999864717707553 ], [ -43.262109364084459, -22.99965918661972 ], [ -43.26111601833658, -22.999630580712346 ], [ -43.258977637128282, -22.999330660348939 ], [ -43.257911794278286, -22.999364813184343 ], [ -43.257112245272808, -22.999506012863097 ], [ -43.256122888397471, -22.999190069311489 ], [ -43.255597883534016, -22.999168031773337 ], [ -43.255069346510957, -22.998942765109238 ], [ -43.253860231009064, -22.998876880212222 ], [ -43.253362268766352, -22.999027436611499 ], [ -43.253083358255452, -22.998968912611588 ], [ -43.252943078623069, -22.998825585977499 ], [ -43.252067170706162, -22.999116546471058 ], [ -43.250856876479325, -22.999384482428997 ], [ -43.250478206161773, -22.999588362838104 ], [ -43.250110505037526, -22.999577075450595 ], [ -43.250115615449467, -22.999437879789717 ], [ -43.249971902339936, -22.999447491210695 ], [ -43.249623149487356, -22.997452679326862 ], [ -43.250969654160144, -22.997521286422195 ], [ -43.25032608148841, -22.995801179694141 ], [ -43.251730766160684, -22.993918747244777 ], [ -43.251944708249994, -22.993461725583757 ], [ -43.25218492902529, -22.993547187437471 ], [ -43.252278055661726, -22.993321999811453 ], [ -43.252708060888779, -22.99352342890969 ], [ -43.252799012713048, -22.993368475261438 ], [ -43.253115686380362, -22.993485933482997 ], [ -43.253125454884383, -22.993424182179758 ], [ -43.25299410878474, -22.993223610533743 ], [ -43.252580927716664, -22.993010989400982 ], [ -43.251481560611722, -22.99262264441359 ], [ -43.249765176626653, -22.992625811645713 ], [ -43.249255151520735, -22.992692417955258 ], [ -43.249173151306735, -22.992372192861676 ], [ -43.249244354761458, -22.99225901585654 ], [ -43.249644518902443, -22.992111364867583 ], [ -43.250807194356732, -22.992051963461247 ], [ -43.251639796718045, -22.992219372660461 ], [ -43.252408262132995, -22.990632789588716 ], [ -43.252776576811605, -22.990776465513942 ], [ -43.253504766472197, -22.990696899350194 ], [ -43.254665963120935, -22.989894241174763 ], [ -43.256454483915483, -22.989344652172068 ], [ -43.257018148398068, -22.988973740265379 ], [ -43.25697806117882, -22.987651496924105 ], [ -43.255776749340122, -22.984563013479534 ], [ -43.254311917559782, -22.983389795863129 ], [ -43.254671975610378, -22.982846422048183 ], [ -43.254925638856193, -22.982279026374979 ] ] ], [ [ [ -43.275390890791513, -23.029618496907219 ], [ -43.276026471126194, -23.029325879419339 ], [ -43.275967891776297, -23.028930063840743 ], [ -43.276277114710616, -23.028889636208579 ], [ -43.276739364867773, -23.029106709857981 ], [ -43.276763281163532, -23.029451125004794 ], [ -43.277268124221067, -23.029641388911426 ], [ -43.277932808361662, -23.029737848947686 ], [ -43.278286680928787, -23.029984442389335 ], [ -43.278476242678686, -23.030223827775579 ], [ -43.278398481266066, -23.030392666689902 ], [ -43.278219077312002, -23.030490322083104 ], [ -43.277564765726225, -23.030322093647321 ], [ -43.276736071955227, -23.030723777932369 ], [ -43.276184625937027, -23.030683814628038 ], [ -43.275902126026438, -23.030571645831277 ], [ -43.275674556346829, -23.03030619919808 ], [ -43.275299032262431, -23.030120499090241 ], [ -43.275390890791513, -23.029618496907219 ] ] ] ] } },
{ "type": "Feature", "properties": { "objectid": 442, "nome": "Tijuca", "regiao_adm": "TIJUCA                  ", "area_plane": "2", "codbairro": "033", "codra": 8, "codbnum": 33, "link": "Tijuca                    &area=33                ", "rp": "Tijuca", "cod_rp": "2.2", "codbairro_long": 33, "st_area(shape)": 10065585.297068439, "st_perimeter(shape)": 20628.852933261329 }, "geometry": { "type": "Polygon", "coordinates": [ [ [ -43.216063506975331, -22.91313137286085 ], [ -43.216212378450102, -22.912847229662589 ], [ -43.216861421859996, -22.913182416024252 ], [ -43.216930633177171, -22.913122868637153 ], [ -43.220594075639895, -22.915152203087363 ], [ -43.224258946454619, -22.918037927382471 ], [ -43.225111409463999, -22.916964970614089 ], [ -43.225536953395192, -22.916597036862377 ], [ -43.226708171926646, -22.916310759390136 ], [ -43.229487371176887, -22.91615538145815 ], [ -43.230466404549418, -22.917290232943373 ], [ -43.23312502628513, -22.919375639787102 ], [ -43.233871796470375, -22.9196154917902 ], [ -43.234154046122569, -22.918771475304567 ], [ -43.234636689924216, -22.918697735660807 ], [ -43.235323165659672, -22.920303682555204 ], [ -43.235865318082091, -22.9212811228718 ], [ -43.236051836803284, -22.921475184422064 ], [ -43.236328935237061, -22.923618773018543 ], [ -43.236459408571619, -22.923902607223493 ], [ -43.23704858534424, -22.924043165184159 ], [ -43.237189367621049, -22.924276360844907 ], [ -43.242087514444265, -22.924272788944492 ], [ -43.242464461631528, -22.924375395613286 ], [ -43.243526142670376, -22.924943068851615 ], [ -43.243227187600432, -22.925339362799729 ], [ -43.242803897675692, -22.925201477187528 ], [ -43.242740195601776, -22.925287645960431 ], [ -43.242794573571878, -22.925433007661766 ], [ -43.242964753506932, -22.925330588464153 ], [ -43.243294343722425, -22.925461656339312 ], [ -43.243612557463116, -22.925030898019301 ], [ -43.24525685989272, -22.92599295825141 ], [ -43.243945563289842, -22.927808321799645 ], [ -43.243956173320505, -22.927953289269649 ], [ -43.243675729894001, -22.928372906665228 ], [ -43.243492771896555, -22.928498212928428 ], [ -43.246085766247354, -22.929829817190878 ], [ -43.247988473280301, -22.929665524016468 ], [ -43.248133824190404, -22.929545575132007 ], [ -43.248137399573615, -22.929267654648203 ], [ -43.24847564276741, -22.929462474344618 ], [ -43.249043245772327, -22.930047777897986 ], [ -43.249891159168335, -22.93023087777955 ], [ -43.250103812378455, -22.930708049943966 ], [ -43.250575969736012, -22.930944890927567 ], [ -43.25062374681201, -22.931119163065144 ], [ -43.251205627534532, -22.93156572762015 ], [ -43.251979036040872, -22.931713229144187 ], [ -43.255454990176851, -22.935810275610692 ], [ -43.25624800871114, -22.936149421724568 ], [ -43.257465066115131, -22.937280688502657 ], [ -43.257939187757763, -22.937610814955704 ], [ -43.257977381647173, -22.937955842531931 ], [ -43.258610910600993, -22.939109864053467 ], [ -43.258766552347204, -22.939184087766584 ], [ -43.259503518556507, -22.939105116634064 ], [ -43.260805570851325, -22.938754831066557 ], [ -43.261410208760928, -22.938859979281528 ], [ -43.262131573532201, -22.93930803238052 ], [ -43.262889257580134, -22.939446822366648 ], [ -43.264395321147539, -22.939231215840703 ], [ -43.265086587507597, -22.939050307622608 ], [ -43.266026742028927, -22.939002516620118 ], [ -43.267558087351581, -22.939251329784 ], [ -43.2694852682827, -22.939825215744175 ], [ -43.26992767274632, -22.94036004961167 ], [ -43.270652193167408, -22.940992234628382 ], [ -43.272400393664185, -22.943586097799919 ], [ -43.273793086310235, -22.944424039654603 ], [ -43.272404422338901, -22.945119815860298 ], [ -43.269668727052952, -22.945365616113349 ], [ -43.268587962646123, -22.944766471789155 ], [ -43.268024718980008, -22.944731245904251 ], [ -43.267349576333316, -22.944868905308528 ], [ -43.266549487568078, -22.945147428692909 ], [ -43.265747069583774, -22.94518760551335 ], [ -43.263799402701309, -22.94557304093431 ], [ -43.263283775695548, -22.94554265300787 ], [ -43.262793498229193, -22.94561964392382 ], [ -43.262464422289447, -22.945962093368223 ], [ -43.260669486075813, -22.945794140070625 ], [ -43.260196423166043, -22.94591258227317 ], [ -43.259761994281099, -22.945800624084026 ], [ -43.259542558206377, -22.94556757549303 ], [ -43.258905604841836, -22.945280457226666 ], [ -43.258354597522349, -22.945241449936567 ], [ -43.257861892947219, -22.945507948093287 ], [ -43.257562325511905, -22.945974249162369 ], [ -43.257823788473587, -22.946397314728024 ], [ -43.257051667714663, -22.946949091125294 ], [ -43.253087710335549, -22.950284819428028 ], [ -43.252479381735398, -22.949886733806959 ], [ -43.252062963601944, -22.949822092184338 ], [ -43.251734169837505, -22.949965215091147 ], [ -43.251185976723555, -22.950388846617688 ], [ -43.249873378493923, -22.950464675184243 ], [ -43.248737815537467, -22.950824110354866 ], [ -43.247845680678502, -22.950612425687485 ], [ -43.246894994484371, -22.95054042178425 ], [ -43.246401221855763, -22.950357061768656 ], [ -43.246696250756806, -22.949376534383383 ], [ -43.247329423954902, -22.948707503717202 ], [ -43.247423698197679, -22.947762685175697 ], [ -43.24691594455139, -22.94734067604254 ], [ -43.246213747045879, -22.946193619047737 ], [ -43.245788412066972, -22.946125973276679 ], [ -43.2451426624947, -22.946334028864488 ], [ -43.244965828901208, -22.946315276664848 ], [ -43.244842292617733, -22.945944469639215 ], [ -43.244650752276669, -22.945690217668147 ], [ -43.24465798772124, -22.9452880775425 ], [ -43.24439668466362, -22.944908792264044 ], [ -43.243488518143877, -22.94504367947189 ], [ -43.243186194758394, -22.945236565258629 ], [ -43.242446569166006, -22.945427857118759 ], [ -43.241546696130918, -22.945803399863753 ], [ -43.240737298523328, -22.945840118378626 ], [ -43.24070842377494, -22.945524273418503 ], [ -43.240593774561525, -22.945439829874317 ], [ -43.240387913538754, -22.944951525570975 ], [ -43.239815593062033, -22.944126375292903 ], [ -43.239713000167121, -22.943456707316052 ], [ -43.23974334467335, -22.943168699366463 ], [ -43.239607155497993, -22.942736972281221 ], [ -43.239669200267208, -22.942455637431028 ], [ -43.239454939342153, -22.941848485745489 ], [ -43.239454969076228, -22.941431636143399 ], [ -43.239043889424785, -22.941521894592661 ], [ -43.238106879908635, -22.941235248279245 ], [ -43.237840623966662, -22.940999665127311 ], [ -43.237290761617068, -22.940980011378631 ], [ -43.237029890282564, -22.941743984405715 ], [ -43.236859054718735, -22.942655163244009 ], [ -43.236697190270689, -22.942903961995775 ], [ -43.236248667108384, -22.943302550813218 ], [ -43.23613546974746, -22.944144562381606 ], [ -43.235795027453364, -22.944622193316594 ], [ -43.235544684475236, -22.945249559796281 ], [ -43.234636138721015, -22.945270335294712 ], [ -43.233987783620563, -22.9454455359562 ], [ -43.233779588869318, -22.945341713462707 ], [ -43.233434840697385, -22.944940805452632 ], [ -43.232523854116707, -22.944819312307477 ], [ -43.231718098226672, -22.944808797813742 ], [ -43.231646085712448, -22.944662875053272 ], [ -43.231757594219232, -22.943982949484919 ], [ -43.231520319884183, -22.943663692776102 ], [ -43.231566545049027, -22.943205276432451 ], [ -43.231436152411305, -22.942742276055235 ], [ -43.231260500577733, -22.942513289404268 ], [ -43.230855983129011, -22.942240843432153 ], [ -43.230749179214413, -22.942063648086734 ], [ -43.230748620684203, -22.941566603408866 ], [ -43.230653449323498, -22.941304830789225 ], [ -43.230741677951407, -22.940788184852686 ], [ -43.230565036840012, -22.939847855262059 ], [ -43.230382881184909, -22.939691944124704 ], [ -43.229765723945178, -22.939756674300465 ], [ -43.229456777104986, -22.939701118455364 ], [ -43.229175279106776, -22.939297113471529 ], [ -43.228766825428728, -22.938953639181761 ], [ -43.228663278211101, -22.938691412667161 ], [ -43.228812664855646, -22.938128311494278 ], [ -43.228786383022083, -22.937832812235055 ], [ -43.227885058612237, -22.937033120932384 ], [ -43.227404081662513, -22.936763969104607 ], [ -43.227303652355694, -22.936255061922935 ], [ -43.227053443209961, -22.935605591521877 ], [ -43.227031415712879, -22.935260650752969 ], [ -43.226609774868145, -22.935129965027915 ], [ -43.225917324658411, -22.935070841878442 ], [ -43.225395406194139, -22.934861820393724 ], [ -43.224894469354879, -22.934374622185395 ], [ -43.224607341045633, -22.934306932584484 ], [ -43.224238991811298, -22.933850924229016 ], [ -43.223682649811295, -22.933508403901836 ], [ -43.223193414345232, -22.932005942038369 ], [ -43.222855242645316, -22.931270144207012 ], [ -43.222432880023824, -22.93094248354857 ], [ -43.222182947414481, -22.930946095790514 ], [ -43.221814401421319, -22.93123076354728 ], [ -43.22108475460896, -22.931453314710037 ], [ -43.221037391236116, -22.931533877472809 ], [ -43.221197638514155, -22.931902312579385 ], [ -43.220442810753532, -22.932141558292567 ], [ -43.219060856004496, -22.929736319864737 ], [ -43.218113670360552, -22.926921274297261 ], [ -43.218119167343687, -22.926501058052903 ], [ -43.218024895507334, -22.926113312467095 ], [ -43.215644637702063, -22.924742300977574 ], [ -43.215334294572592, -22.924059901439229 ], [ -43.214789738343939, -22.923529559584697 ], [ -43.214778032209544, -22.923314321504524 ], [ -43.215348470436723, -22.922977938843225 ], [ -43.215914592125642, -22.922970845573218 ], [ -43.215251039830171, -22.922660958911596 ], [ -43.215312732812571, -22.922379358400828 ], [ -43.215682751244962, -22.922383517515463 ], [ -43.216202923657939, -22.922557328694268 ], [ -43.215633022769616, -22.922302315662918 ], [ -43.214801285491902, -22.922097997606063 ], [ -43.214855065752957, -22.921870042268711 ], [ -43.212972531736895, -22.920726466535616 ], [ -43.211829343752164, -22.919927133092969 ], [ -43.211943463601017, -22.917864956851659 ], [ -43.212750158272804, -22.914951958389565 ], [ -43.213860364443107, -22.915401525021569 ], [ -43.213916063194297, -22.915309678648924 ], [ -43.212769831876905, -22.914834422598148 ], [ -43.213026676410571, -22.913929478877446 ], [ -43.214605201761692, -22.914653325916511 ], [ -43.216196865557322, -22.914032395483691 ], [ -43.216049711079727, -22.91349270776189 ], [ -43.216063506975331, -22.91313137286085 ] ] ] } },
{ "type": "Feature", "properties": { "objectid": 452, "nome": "Alto da Boa Vista", "regiao_adm": "TIJUCA                  ", "area_plane": "2", "codbairro": "034", "codra": 8, "codbnum": 34, "link": "Alto da Boa Vista         &area=34                ", "rp": "Tijuca", "cod_rp": "2.2", "codbairro_long": 34, "st_area(shape)": 31495759.649494231, "st_perimeter(shape)": 43744.469541577237 }, "geometry": { "type": "Polygon", "coordinates": [ [ [ -43.220442810753532, -22.932141558292567 ], [ -43.221197638514155, -22.931902312579385 ], [ -43.221037391236116, -22.931533877472809 ], [ -43.22108475460896, -22.931453314710037 ], [ -43.221814401421319, -22.93123076354728 ], [ -43.222182947414481, -22.930946095790514 ], [ -43.222432880023824, -22.93094248354857 ], [ -43.222855242645316, -22.931270144207012 ], [ -43.223193414345232, -22.932005942038369 ], [ -43.223682649811295, -22.933508403901836 ], [ -43.224238991811298, -22.933850924229016 ], [ -43.224607341045633, -22.934306932584484 ], [ -43.224894469354879, -22.934374622185395 ], [ -43.225395406194139, -22.934861820393724 ], [ -43.225917324658411, -22.935070841878442 ], [ -43.226609774868145, -22.935129965027915 ], [ -43.227031415712879, -22.935260650752969 ], [ -43.227053443209961, -22.935605591521877 ], [ -43.227303652355694, -22.936255061922935 ], [ -43.227404081662513, -22.936763969104607 ], [ -43.227885058612237, -22.937033120932384 ], [ -43.228786383022083, -22.937832812235055 ], [ -43.228812664855646, -22.938128311494278 ], [ -43.228663278211101, -22.938691412667161 ], [ -43.228766825428728, -22.938953639181761 ], [ -43.229175279106776, -22.939297113471529 ], [ -43.229456777104986, -22.939701118455364 ], [ -43.229765723945178, -22.939756674300465 ], [ -43.230382881184909, -22.939691944124704 ], [ -43.230565036840012, -22.939847855262059 ], [ -43.230741677951407, -22.940788184852686 ], [ -43.230653449323498, -22.941304830789225 ], [ -43.230748620684203, -22.941566603408866 ], [ -43.230749179214413, -22.942063648086734 ], [ -43.230855983129011, -22.942240843432153 ], [ -43.231260500577733, -22.942513289404268 ], [ -43.231436152411305, -22.942742276055235 ], [ -43.231566545049027, -22.943205276432451 ], [ -43.231520319884183, -22.943663692776102 ], [ -43.231757594219232, -22.943982949484919 ], [ -43.231646085712448, -22.944662875053272 ], [ -43.231718098226672, -22.944808797813742 ], [ -43.232523854116707, -22.944819312307477 ], [ -43.233434840697385, -22.944940805452632 ], [ -43.233779588869318, -22.945341713462707 ], [ -43.233987783620563, -22.9454455359562 ], [ -43.234636138721015, -22.945270335294712 ], [ -43.235544684475236, -22.945249559796281 ], [ -43.235795027453364, -22.944622193316594 ], [ -43.23613546974746, -22.944144562381606 ], [ -43.236248667108384, -22.943302550813218 ], [ -43.236697190270689, -22.942903961995775 ], [ -43.236859054718735, -22.942655163244009 ], [ -43.237029890282564, -22.941743984405715 ], [ -43.237290761617068, -22.940980011378631 ], [ -43.237840623966662, -22.940999665127311 ], [ -43.238106879908635, -22.941235248279245 ], [ -43.239043889424785, -22.941521894592661 ], [ -43.239454969076228, -22.941431636143399 ], [ -43.239454939342153, -22.941848485745489 ], [ -43.239669200267208, -22.942455637431028 ], [ -43.239607155497993, -22.942736972281221 ], [ -43.23974334467335, -22.943168699366463 ], [ -43.239713000167121, -22.943456707316052 ], [ -43.239815593062033, -22.944126375292903 ], [ -43.240387913538754, -22.944951525570975 ], [ -43.240593774561525, -22.945439829874317 ], [ -43.24070842377494, -22.945524273418503 ], [ -43.24076620585523, -22.945866719591965 ], [ -43.241546696130918, -22.945803399863753 ], [ -43.242446569166006, -22.945427857118759 ], [ -43.243186194758394, -22.945236565258629 ], [ -43.243488518143877, -22.94504367947189 ], [ -43.24433680372713, -22.944894582866432 ], [ -43.244486724847285, -22.944988804982977 ], [ -43.24465798772124, -22.9452880775425 ], [ -43.244650752276669, -22.945690217668147 ], [ -43.244842292617733, -22.945944469639215 ], [ -43.244965828901208, -22.946315276664848 ], [ -43.2451426624947, -22.946334028864488 ], [ -43.245788412066972, -22.946125973276679 ], [ -43.246161608145336, -22.946168840758268 ], [ -43.246299167818201, -22.946268975078169 ], [ -43.246567510167672, -22.946859198568212 ], [ -43.246878734333798, -22.947292311713806 ], [ -43.247423698197679, -22.947762685175697 ], [ -43.247329423954902, -22.948707503717202 ], [ -43.246727150517962, -22.949324498796674 ], [ -43.246390927260371, -22.950270704493942 ], [ -43.246534890748521, -22.950434304875419 ], [ -43.246894994484371, -22.95054042178425 ], [ -43.247845680678502, -22.950612425687485 ], [ -43.248870582966305, -22.950812302234052 ], [ -43.249873378493923, -22.950464675184243 ], [ -43.251185976723555, -22.950388846617688 ], [ -43.251734169837505, -22.949965215091147 ], [ -43.25212280732255, -22.949816520566998 ], [ -43.252479381735398, -22.949886733806959 ], [ -43.253087710335549, -22.950284819428028 ], [ -43.257051667714663, -22.946949091125294 ], [ -43.257823788473587, -22.946397314728024 ], [ -43.257562325511905, -22.945974249162369 ], [ -43.257861892947219, -22.945507948093287 ], [ -43.258354597522349, -22.945241449936567 ], [ -43.258905604841836, -22.945280457226666 ], [ -43.259542558206377, -22.94556757549303 ], [ -43.259761994281099, -22.945800624084026 ], [ -43.260196423166043, -22.94591258227317 ], [ -43.260669486075813, -22.945794140070625 ], [ -43.262464422289447, -22.945962093368223 ], [ -43.262793498229193, -22.94561964392382 ], [ -43.263283775695548, -22.94554265300787 ], [ -43.263799402701309, -22.94557304093431 ], [ -43.265747069583774, -22.94518760551335 ], [ -43.266549487568078, -22.945147428692909 ], [ -43.267349576333316, -22.944868905308528 ], [ -43.268024718980008, -22.944731245904251 ], [ -43.268587962646123, -22.944766471789155 ], [ -43.269668727052952, -22.945365616113349 ], [ -43.272404422338901, -22.945119815860298 ], [ -43.273793086310235, -22.944424039654603 ], [ -43.274542407791159, -22.94447237667228 ], [ -43.274887682701127, -22.944410840061046 ], [ -43.273729911741221, -22.943270408903686 ], [ -43.272381747988931, -22.942351223734054 ], [ -43.272334791387749, -22.942156102230996 ], [ -43.272564136970146, -22.942101345254862 ], [ -43.272708208110245, -22.942434971207593 ], [ -43.273743356357528, -22.943178984518642 ], [ -43.274739727255913, -22.944059925027062 ], [ -43.274952437894413, -22.944348510323024 ], [ -43.279014312685987, -22.940046705906045 ], [ -43.279494575899058, -22.939834364794809 ], [ -43.280681427210382, -22.940449846934083 ], [ -43.281349675673994, -22.940492666635542 ], [ -43.283546316990929, -22.941393867194314 ], [ -43.284226974418146, -22.942053876193004 ], [ -43.285275070663559, -22.943384953039736 ], [ -43.28575692675156, -22.943665684471224 ], [ -43.287116441510761, -22.943931782713047 ], [ -43.289541580260448, -22.944209634038693 ], [ -43.291107878601551, -22.944580426376405 ], [ -43.292697856866162, -22.945427198426735 ], [ -43.294003112783962, -22.946306379869338 ], [ -43.296683352089545, -22.947912036047956 ], [ -43.29791172669151, -22.948829557912685 ], [ -43.299061193990184, -22.949266602619524 ], [ -43.299507810819136, -22.949538790756069 ], [ -43.300164507610219, -22.950674401218496 ], [ -43.300616881746627, -22.952531360499702 ], [ -43.300790578486563, -22.953583133651254 ], [ -43.300353526760823, -22.955260152894361 ], [ -43.300232765625026, -22.956089865729258 ], [ -43.300224328625063, -22.958122771797786 ], [ -43.300389564537547, -22.958486313188558 ], [ -43.301229444781221, -22.959177131892464 ], [ -43.301278861034213, -22.959710113011955 ], [ -43.300918913955087, -22.960459509833402 ], [ -43.300392936651242, -22.961025336887026 ], [ -43.300419138771716, -22.962291815054407 ], [ -43.30111359280761, -22.963961541096541 ], [ -43.301390068965269, -22.965319743586328 ], [ -43.301279678840949, -22.973348762444559 ], [ -43.301124252716654, -22.973501611738467 ], [ -43.300871100022981, -22.973468013890049 ], [ -43.300619566429795, -22.973304570691798 ], [ -43.300220186888907, -22.972594717943046 ], [ -43.299908057792372, -22.973229029335773 ], [ -43.299937131529127, -22.973844151719771 ], [ -43.299332938990652, -22.973859343229783 ], [ -43.298851985069703, -22.973495753528546 ], [ -43.298640643984704, -22.972521780934162 ], [ -43.298401376803611, -22.973240675026219 ], [ -43.298198659329458, -22.973439341890295 ], [ -43.298128748650264, -22.973694970621928 ], [ -43.298270250188658, -22.974116690622175 ], [ -43.298186744451279, -22.974390778393797 ], [ -43.297840204561538, -22.974353101505599 ], [ -43.2971376369754, -22.97396861353964 ], [ -43.296263109522855, -22.973990099758879 ], [ -43.296194995905658, -22.974094394343396 ], [ -43.296160702018035, -22.974705855159833 ], [ -43.295623896949159, -22.975732019576949 ], [ -43.295592391548176, -22.976120994127566 ], [ -43.295409306957566, -22.976347682571589 ], [ -43.294736680000888, -22.976235327385272 ], [ -43.294553712712606, -22.975924420046795 ], [ -43.294689986614884, -22.975697229826956 ], [ -43.294651787220786, -22.975554675064341 ], [ -43.29442110234725, -22.975323627122656 ], [ -43.293318100704504, -22.974409497511331 ], [ -43.292707318079096, -22.974149606923923 ], [ -43.292297456207777, -22.973842392872271 ], [ -43.292909125091327, -22.974559610312099 ], [ -43.293566454409216, -22.976417437619332 ], [ -43.294504345973039, -22.977199924629797 ], [ -43.294799678366942, -22.977883293046769 ], [ -43.295231049876591, -22.978203196896182 ], [ -43.295856693576972, -22.978493308923778 ], [ -43.296382772538877, -22.978471059890321 ], [ -43.296558726727206, -22.978532825739084 ], [ -43.296999129578218, -22.979152097912518 ], [ -43.297061035005974, -22.979372208689743 ], [ -43.296981904693538, -22.979499051147709 ], [ -43.296724179328017, -22.979424488078866 ], [ -43.29634937477784, -22.979073228465158 ], [ -43.295266626715623, -22.979145388508517 ], [ -43.294600399298666, -22.979337799372892 ], [ -43.293843799168393, -22.979868424350371 ], [ -43.293125864612435, -22.979898531850203 ], [ -43.29294596924791, -22.979808815876936 ], [ -43.292768882721091, -22.979495619238431 ], [ -43.282748830736843, -22.9879543548439 ], [ -43.281670906555583, -22.985905084669945 ], [ -43.279044785191729, -22.983550832925943 ], [ -43.278907073651858, -22.983234528910977 ], [ -43.278858943748546, -22.982560501944473 ], [ -43.278706736747701, -22.981902866410422 ], [ -43.276505229746597, -22.982283233110419 ], [ -43.275756007208017, -22.982310753286331 ], [ -43.274319762254748, -22.982191263167103 ], [ -43.273510873491425, -22.981825292757748 ], [ -43.272975250872108, -22.981761027495907 ], [ -43.267254650456302, -22.982419302751161 ], [ -43.265841958597129, -22.982663567103906 ], [ -43.265316039218227, -22.982381834813427 ], [ -43.263807854332534, -22.982138107257807 ], [ -43.262160213987961, -22.981275866402708 ], [ -43.26079912022395, -22.980773916950294 ], [ -43.259750530232843, -22.980515684545551 ], [ -43.259241811463582, -22.98026338275637 ], [ -43.258950715315208, -22.979993965666917 ], [ -43.258222158121214, -22.979658057752495 ], [ -43.2542639329167, -22.979139672114709 ], [ -43.252834216393531, -22.97922270934923 ], [ -43.25128622496922, -22.978924332599878 ], [ -43.249874137900029, -22.979017019718498 ], [ -43.249374747439262, -22.979253701851118 ], [ -43.247961091578574, -22.980163438877785 ], [ -43.246688816603744, -22.980515822222252 ], [ -43.245765265254136, -22.980871968615855 ], [ -43.245306119634421, -22.981102941969436 ], [ -43.244742294863393, -22.98153205748093 ], [ -43.243606584048919, -22.98168545339983 ], [ -43.243127823735058, -22.982007321253185 ], [ -43.242572365171071, -22.982135714573335 ], [ -43.242339592695039, -22.982358716011099 ], [ -43.241837650714913, -22.982218050759098 ], [ -43.241606264239508, -22.981994867189666 ], [ -43.241626113801637, -22.981297842365024 ], [ -43.241528485905157, -22.98075519852442 ], [ -43.242497335095905, -22.979876353811278 ], [ -43.242666291091354, -22.979640273229943 ], [ -43.242773378330917, -22.980281272429878 ], [ -43.24268753604521, -22.98130772078882 ], [ -43.243476144214817, -22.980768223708065 ], [ -43.244743947035595, -22.980287129830447 ], [ -43.245077049570405, -22.979816626763668 ], [ -43.245734751714586, -22.979556696945668 ], [ -43.245843087101868, -22.979392275883921 ], [ -43.245884159312077, -22.978870223560772 ], [ -43.245975080640854, -22.97877008832322 ], [ -43.246193476768845, -22.978692946862708 ], [ -43.246616195462124, -22.978842746089416 ], [ -43.246848421700207, -22.978797091717585 ], [ -43.247025334836415, -22.978041931665146 ], [ -43.247235628968099, -22.977647545587605 ], [ -43.248197511609675, -22.977024509588158 ], [ -43.248912831015843, -22.976711831126579 ], [ -43.248416278942102, -22.976464144963742 ], [ -43.247701098470493, -22.97629739079018 ], [ -43.247204509693667, -22.975863853486 ], [ -43.246727273716068, -22.975623960685208 ], [ -43.246435474072939, -22.974799770834213 ], [ -43.246173096952859, -22.974605145135559 ], [ -43.245725504818331, -22.974426535407559 ], [ -43.245524853767414, -22.974414109757159 ], [ -43.245012636736725, -22.974572614025902 ], [ -43.244255276413938, -22.974969152429807 ], [ -43.243915318204259, -22.975283983817349 ], [ -43.243853785202184, -22.975879496792437 ], [ -43.243500906860781, -22.976627648049259 ], [ -43.243087003340378, -22.978240694200323 ], [ -43.242841958850711, -22.978538332417823 ], [ -43.242704779579348, -22.979122801076997 ], [ -43.242072598242963, -22.978782293623897 ], [ -43.241791096780965, -22.979130907281117 ], [ -43.241474933099347, -22.979309092398552 ], [ -43.241016219193881, -22.97937859375546 ], [ -43.240570585740159, -22.979658196979294 ], [ -43.23991926999102, -22.979695664540156 ], [ -43.239454918558913, -22.979974243781292 ], [ -43.238815610224542, -22.979935442229774 ], [ -43.238295271288635, -22.980357072353961 ], [ -43.238074967853599, -22.980400587939862 ], [ -43.238358567890401, -22.979988699413205 ], [ -43.238366047541007, -22.979645081527753 ], [ -43.239286084243275, -22.979320094951294 ], [ -43.239646299720562, -22.978760685058017 ], [ -43.239732863881542, -22.978417946328801 ], [ -43.239500487269382, -22.978271688842735 ], [ -43.239202598838659, -22.978251400824139 ], [ -43.239145020573474, -22.978464875644189 ], [ -43.239270401076816, -22.978415607826044 ], [ -43.239439339009728, -22.978527295600596 ], [ -43.23938830593368, -22.978709866860985 ], [ -43.2394670987129, -22.978733317606586 ], [ -43.239551387897457, -22.978573692906778 ], [ -43.239401707410693, -22.978383201545753 ], [ -43.239586404463374, -22.978452891884306 ], [ -43.239594124259227, -22.978557190374215 ], [ -43.23923564171718, -22.979223721895266 ], [ -43.23912474067027, -22.979329591079939 ], [ -43.238312375929425, -22.979557160961541 ], [ -43.238225416333876, -22.979697069640462 ], [ -43.238245556846977, -22.980024107596869 ], [ -43.238007341004241, -22.980343215725846 ], [ -43.237745909763596, -22.980091154724015 ], [ -43.237689711468313, -22.979754234638861 ], [ -43.238335766035846, -22.97804679913737 ], [ -43.238483403355758, -22.977145931951902 ], [ -43.238609101647945, -22.976936739136569 ], [ -43.239084351620996, -22.976538808689874 ], [ -43.238356781067743, -22.975606089984893 ], [ -43.237756983611803, -22.975545598816769 ], [ -43.236795289651248, -22.97454308415708 ], [ -43.236199264903668, -22.974492924977458 ], [ -43.235636502017243, -22.974547434998723 ], [ -43.234222129937955, -22.974954220207589 ], [ -43.233763264198537, -22.974683881906849 ], [ -43.232798232386507, -22.974690552668644 ], [ -43.232425115668754, -22.974576400548969 ], [ -43.232300595266885, -22.974492201413199 ], [ -43.231579545311156, -22.973212665925843 ], [ -43.230554460016592, -22.972349922950208 ], [ -43.230372382815993, -22.972282058028327 ], [ -43.229657048499284, -22.972280571405587 ], [ -43.229217947919253, -22.972043943642589 ], [ -43.229002281507121, -22.971642658618229 ], [ -43.228915175180276, -22.971172371466754 ], [ -43.228505754371696, -22.970394969463126 ], [ -43.228294320504318, -22.970365153662666 ], [ -43.227641682460323, -22.970671935632158 ], [ -43.227407249971634, -22.970692975640024 ], [ -43.227119459700496, -22.970490633595212 ], [ -43.227083775556913, -22.970138589511041 ], [ -43.227446482590771, -22.969808607745158 ], [ -43.22816414195588, -22.969727953418886 ], [ -43.228681199996934, -22.96981897994295 ], [ -43.229038438953893, -22.969990306142318 ], [ -43.229704864086308, -22.969912592466773 ], [ -43.230596061028898, -22.970360702510192 ], [ -43.231424603308533, -22.970490234449048 ], [ -43.232569838758927, -22.970085350431965 ], [ -43.232972118418175, -22.970056059814073 ], [ -43.233140634547674, -22.97010155644805 ], [ -43.233349320625166, -22.970290542452833 ], [ -43.233751836984823, -22.970888421761753 ], [ -43.234214462601933, -22.971168825272169 ], [ -43.234482320813022, -22.971254797442754 ], [ -43.235056395980905, -22.971154091340555 ], [ -43.235225046392578, -22.9712346247101 ], [ -43.235533191859545, -22.971620405953448 ], [ -43.236009824612587, -22.971821400994074 ], [ -43.236387338341302, -22.971919882158179 ], [ -43.236896835113136, -22.971843192594971 ], [ -43.237486743152331, -22.972063323729262 ], [ -43.238305297603155, -22.971490409131864 ], [ -43.238916834389961, -22.971351091782477 ], [ -43.239468363369809, -22.97137220859592 ], [ -43.240196972224524, -22.971545828086565 ], [ -43.240229153503449, -22.971395376999574 ], [ -43.239818453805491, -22.971012799114803 ], [ -43.238746487564526, -22.970460687015276 ], [ -43.238574320248553, -22.970245292999227 ], [ -43.238492913700817, -22.969829164480142 ], [ -43.238219466951556, -22.969294139113313 ], [ -43.238686333420993, -22.968976757342336 ], [ -43.239308247546283, -22.968803417875069 ], [ -43.239702337402754, -22.968901711956093 ], [ -43.240168112377908, -22.968856493589417 ], [ -43.240745416891897, -22.968964945647262 ], [ -43.241614121028363, -22.969390350864025 ], [ -43.242704363759515, -22.968680089356532 ], [ -43.242738319112767, -22.968475112028216 ], [ -43.241898642398915, -22.967894259673621 ], [ -43.241829771797441, -22.967586548920174 ], [ -43.241362297240165, -22.966587555367532 ], [ -43.240939622812007, -22.966121135137509 ], [ -43.239870131985413, -22.965478392402062 ], [ -43.239519461267228, -22.965145698050819 ], [ -43.23911744681179, -22.96523849078563 ], [ -43.23874966991864, -22.9654585440543 ], [ -43.23851780970022, -22.965447479278239 ], [ -43.23842024452982, -22.965194985229473 ], [ -43.238391686138336, -22.964712170227315 ], [ -43.238079705039866, -22.964442120261467 ], [ -43.236701721540413, -22.96451846013635 ], [ -43.236381638224302, -22.964647738221263 ], [ -43.236039481566088, -22.96461422121169 ], [ -43.235809201415329, -22.964910027042645 ], [ -43.23560666034949, -22.965029323354461 ], [ -43.235299076569348, -22.964991945154722 ], [ -43.234914944686622, -22.964691106681933 ], [ -43.234235703611645, -22.964947053100197 ], [ -43.232926858464189, -22.964738133640612 ], [ -43.232554225636981, -22.964221048556713 ], [ -43.232391305621178, -22.963798229472989 ], [ -43.231855331912676, -22.9637535129471 ], [ -43.231638596633992, -22.963644355381767 ], [ -43.23079918620622, -22.96360374487022 ], [ -43.230143442657919, -22.963298239687742 ], [ -43.229337334286157, -22.96311169973071 ], [ -43.228998281300598, -22.962750666493694 ], [ -43.228645345553879, -22.962534598005959 ], [ -43.227964056245604, -22.962476323893735 ], [ -43.22776747148297, -22.962146049825829 ], [ -43.227718691408263, -22.961369606168102 ], [ -43.227822016781815, -22.9611485204532 ], [ -43.228223586436329, -22.960872431780853 ], [ -43.227330283537228, -22.960643551231719 ], [ -43.226256498572297, -22.960622419953811 ], [ -43.226160932149163, -22.960562561633466 ], [ -43.226085704582943, -22.960259288998319 ], [ -43.225963010115862, -22.960141061209875 ], [ -43.224715093294229, -22.959579939456571 ], [ -43.224269003644309, -22.959546137148539 ], [ -43.223853385459321, -22.959710532158997 ], [ -43.223552276250444, -22.959693793858492 ], [ -43.223408382863838, -22.95951157534023 ], [ -43.223397295347368, -22.958927086945316 ], [ -43.223314136177528, -22.958806050168398 ], [ -43.223043828534216, -22.958574101962281 ], [ -43.222620952648562, -22.958368704067151 ], [ -43.222327367400815, -22.958030291211823 ], [ -43.221828012956706, -22.95781229616026 ], [ -43.221695339156128, -22.957838712410734 ], [ -43.221664949456866, -22.958238692231632 ], [ -43.221465701312717, -22.958464024788316 ], [ -43.221018397645672, -22.958724953643216 ], [ -43.220506004855508, -22.959234934522456 ], [ -43.219731300786862, -22.959773753903352 ], [ -43.219433275539195, -22.95978973440673 ], [ -43.218210979692373, -22.95953823060065 ], [ -43.216975604731644, -22.9595408701257 ], [ -43.215640847830585, -22.959351387250649 ], [ -43.214593726074746, -22.958964475455694 ], [ -43.214174548603729, -22.958901690308107 ], [ -43.213101181985699, -22.958249250074122 ], [ -43.21290563051506, -22.957977305007045 ], [ -43.212554573381503, -22.957777122620307 ], [ -43.211863054276911, -22.957809779643053 ], [ -43.211416819890182, -22.957691595904432 ], [ -43.211104410239564, -22.957452105327622 ], [ -43.210860354283696, -22.956968482474803 ], [ -43.210400241054842, -22.957179118185323 ], [ -43.20993695246198, -22.957178764502252 ], [ -43.209669899435674, -22.957072170854911 ], [ -43.209180142221882, -22.956690073611401 ], [ -43.208834201860668, -22.956664854710343 ], [ -43.208468444489519, -22.956404348869388 ], [ -43.207935842779278, -22.956388037115865 ], [ -43.20763980438258, -22.956150170014926 ], [ -43.20749523682796, -22.95662037616621 ], [ -43.206644453826073, -22.95674386576556 ], [ -43.206600526683189, -22.956924879952599 ], [ -43.206195189092448, -22.957129619806484 ], [ -43.205899925965525, -22.957062253965322 ], [ -43.20563692663471, -22.95683333953173 ], [ -43.205639591182994, -22.956513149217407 ], [ -43.205315569936218, -22.955957724527238 ], [ -43.205173373865655, -22.955870688576567 ], [ -43.205078029152205, -22.955920269019938 ], [ -43.204753566176677, -22.955590869040911 ], [ -43.204571976689749, -22.955149124371513 ], [ -43.204746736964417, -22.955162661756351 ], [ -43.204835720776295, -22.955047899449067 ], [ -43.204305684074804, -22.954497997214052 ], [ -43.204166379612694, -22.954635307201411 ], [ -43.204209367096269, -22.95516813550422 ], [ -43.204329984970933, -22.955493511740066 ], [ -43.204182360353876, -22.95581774773126 ], [ -43.204103433457128, -22.955576914663862 ], [ -43.203611295910441, -22.955605386910225 ], [ -43.202538380205375, -22.955028469154843 ], [ -43.20217965369114, -22.955078403565725 ], [ -43.201951108509739, -22.954855201099694 ], [ -43.202009829882151, -22.95466929916558 ], [ -43.202174089077886, -22.954658338250731 ], [ -43.202185622335151, -22.954516150150408 ], [ -43.203211313235499, -22.953685236679529 ], [ -43.204268561055684, -22.953144279643794 ], [ -43.204763344685354, -22.953017856857059 ], [ -43.207245077121861, -22.952583751959786 ], [ -43.210063853825332, -22.951974701451221 ], [ -43.210504972951121, -22.952154145943091 ], [ -43.211196696789806, -22.952022157458082 ], [ -43.211214433329737, -22.952230420127005 ], [ -43.21174468302403, -22.952283628834806 ], [ -43.211949587219785, -22.952229227124263 ], [ -43.211949113472414, -22.951879382405629 ], [ -43.21247625590992, -22.952168970928145 ], [ -43.212904202047952, -22.952230594951587 ], [ -43.213537525580037, -22.952209283227848 ], [ -43.213855861048373, -22.952071091840754 ], [ -43.214113713804018, -22.951875415543068 ], [ -43.214364060530123, -22.951471593193801 ], [ -43.214358637030486, -22.95111221135625 ], [ -43.214191076894316, -22.950646973497115 ], [ -43.214749362494985, -22.950123802400775 ], [ -43.215294705718151, -22.949798974203237 ], [ -43.215734030501416, -22.949000116872526 ], [ -43.2159517680956, -22.948747274672705 ], [ -43.216649244643911, -22.948509308491271 ], [ -43.217173830281787, -22.948212594504049 ], [ -43.217465134572592, -22.947799835839561 ], [ -43.217571545801242, -22.947470064928641 ], [ -43.217508752939864, -22.946807427763648 ], [ -43.217896394280544, -22.946744147839038 ], [ -43.217913169256676, -22.946319449281926 ], [ -43.217794070474575, -22.946017578012622 ], [ -43.218201832052927, -22.945638725779318 ], [ -43.218498222279173, -22.944367314467716 ], [ -43.219022588172578, -22.942908641395839 ], [ -43.21909333561895, -22.942360561856255 ], [ -43.219147856898694, -22.940392083868812 ], [ -43.218994315805745, -22.938840188552234 ], [ -43.21870309745303, -22.938034019740225 ], [ -43.218570379936558, -22.937238209833481 ], [ -43.21835189676807, -22.934421050458372 ], [ -43.216511254102024, -22.933793439205754 ], [ -43.214322011190994, -22.933401008956096 ], [ -43.214379298270998, -22.933248135922831 ], [ -43.214717531400233, -22.933098331438842 ], [ -43.215577019580216, -22.933399683138422 ], [ -43.216303376306072, -22.933273293942207 ], [ -43.217547631610636, -22.93351249512585 ], [ -43.218175128027788, -22.9333411006711 ], [ -43.218811640278076, -22.933441888170048 ], [ -43.219009304553154, -22.93354353285687 ], [ -43.21907530772495, -22.933804620915879 ], [ -43.219012609699213, -22.933991391520653 ], [ -43.220442810753532, -22.932141558292567 ] ] ] } },
{ "type": "Feature", "properties": { "objectid": 405, "nome": "Senador Vasconcelos", "regiao_adm": "CAMPO GRANDE            ", "area_plane": "5", "codbairro": "145", "codra": 18, "codbnum": 145, "link": "Senador Vasconcelos       &area=145               ", "rp": "Campo Grande", "cod_rp": "5.2", "codbairro_long": 145, "st_area(shape)": 6441786.3505681092, "st_perimeter(shape)": 12846.825085576149 }, "geometry": { "type": "Polygon", "coordinates": [ [ [ -43.512876515612554, -22.89755509340262 ], [ -43.508813477525301, -22.891516084366877 ], [ -43.509932071409885, -22.890111258442499 ], [ -43.511301365273283, -22.88906262304506 ], [ -43.511854641026154, -22.888910565656218 ], [ -43.512842464963462, -22.887819057234584 ], [ -43.513995253307961, -22.887161420037 ], [ -43.514632883539569, -22.88704942867496 ], [ -43.515702510780066, -22.887100061143659 ], [ -43.516697377688814, -22.887266766419145 ], [ -43.517328847815662, -22.88752454370989 ], [ -43.517789963930625, -22.887833114469657 ], [ -43.519126371249108, -22.887445203709408 ], [ -43.520980600738994, -22.88650458875588 ], [ -43.521571811847998, -22.886762969189139 ], [ -43.522125408166296, -22.885310345071641 ], [ -43.522461773328743, -22.884636563085937 ], [ -43.524786893935826, -22.885512081559362 ], [ -43.526146913564453, -22.885704693508451 ], [ -43.525695832699427, -22.885070293472111 ], [ -43.525741044618314, -22.884593760392242 ], [ -43.525491481664822, -22.884046123488151 ], [ -43.525448994337985, -22.883341363520575 ], [ -43.525508143174328, -22.882972885860127 ], [ -43.52562852402589, -22.882719948533573 ], [ -43.526290055329035, -22.882405009906154 ], [ -43.527418260564289, -22.88208265314999 ], [ -43.528180195420454, -22.882028473925878 ], [ -43.528893927058846, -22.882087552384224 ], [ -43.529569505177626, -22.882585025569671 ], [ -43.530246640004847, -22.882811745395944 ], [ -43.53129820981335, -22.882798974592216 ], [ -43.532441648198841, -22.884159562578439 ], [ -43.532185129336021, -22.884691591729833 ], [ -43.532142545605758, -22.884926014752462 ], [ -43.532251106697956, -22.885100692745915 ], [ -43.532483519958042, -22.885233434672617 ], [ -43.532735703962189, -22.885195301287009 ], [ -43.533077746907189, -22.885421356071401 ], [ -43.534032482328868, -22.884969916696452 ], [ -43.534565834334664, -22.884908722453218 ], [ -43.535486935684524, -22.88456588477808 ], [ -43.536882332642811, -22.885151240365463 ], [ -43.537423159116535, -22.885229280876544 ], [ -43.53791735104766, -22.88548436260664 ], [ -43.539351566222116, -22.885577564846738 ], [ -43.539572440280892, -22.885668915767731 ], [ -43.539979205485345, -22.886460923742824 ], [ -43.540547992483297, -22.886933347945554 ], [ -43.540545145172217, -22.88711774358968 ], [ -43.540647807472617, -22.887261476192055 ], [ -43.541024689323073, -22.887439967370497 ], [ -43.541534753905992, -22.887424326998371 ], [ -43.541732250296121, -22.887815578019715 ], [ -43.542420372779446, -22.888131309068239 ], [ -43.542722818968251, -22.888580782037582 ], [ -43.543211261992049, -22.888764534904475 ], [ -43.543766770564503, -22.888738284673909 ], [ -43.544778291831911, -22.889176727228858 ], [ -43.545079147361363, -22.88922779992286 ], [ -43.545437934077874, -22.88951386157693 ], [ -43.546243988040978, -22.889723000018613 ], [ -43.546522185179533, -22.889705132862233 ], [ -43.546857061278466, -22.889948523725963 ], [ -43.545093447865071, -22.894413659292994 ], [ -43.544641241379416, -22.894330764038902 ], [ -43.544553895634827, -22.894550333272868 ], [ -43.545368939017074, -22.895134999968139 ], [ -43.545458749153227, -22.895214576857231 ], [ -43.545435254369551, -22.895287789002506 ], [ -43.54526581053647, -22.895244241471545 ], [ -43.544557855366591, -22.894718356727921 ], [ -43.5444898183124, -22.89471773362936 ], [ -43.54426988424499, -22.895166933952289 ], [ -43.545083853786061, -22.895843444713044 ], [ -43.545574504377051, -22.896042112712795 ], [ -43.54623008968224, -22.89616877245162 ], [ -43.545831603012836, -22.896889276804142 ], [ -43.544899101599476, -22.897764836456403 ], [ -43.545258360434616, -22.898072489723297 ], [ -43.545149797556135, -22.898160726335416 ], [ -43.544863612289213, -22.897911456093706 ], [ -43.544233880556625, -22.898540604835667 ], [ -43.54400354262517, -22.89889532874361 ], [ -43.544533388508867, -22.899131028283115 ], [ -43.544234289563718, -22.900886185044989 ], [ -43.543979149146381, -22.900915369039179 ], [ -43.543739194143015, -22.901102017118255 ], [ -43.543797279965474, -22.901496142751739 ], [ -43.544089222356178, -22.901745379291746 ], [ -43.543522733103934, -22.904930572442403 ], [ -43.540988007262598, -22.905206436997634 ], [ -43.540368670727901, -22.904067293999674 ], [ -43.536470640092531, -22.907072251363871 ], [ -43.535002335975257, -22.907200421359708 ], [ -43.533817146340866, -22.906276404649667 ], [ -43.533559646979135, -22.906777803719727 ], [ -43.533344467313846, -22.90677057989474 ], [ -43.533119288822711, -22.90716723954646 ], [ -43.53308254313437, -22.90742926639307 ], [ -43.532442011910099, -22.909052630600272 ], [ -43.531534578603555, -22.90889739186056 ], [ -43.531344556551296, -22.908654223043388 ], [ -43.530035589001002, -22.907782409426002 ], [ -43.529270775719553, -22.907430418762061 ], [ -43.526804019168296, -22.904937634048121 ], [ -43.526413792525915, -22.903619033621354 ], [ -43.526550936652427, -22.902781824749145 ], [ -43.525739009257052, -22.901687355878767 ], [ -43.525959524036416, -22.900532651327758 ], [ -43.525639093681228, -22.899495302386065 ], [ -43.525411294601611, -22.899015603960869 ], [ -43.52509222897875, -22.898673150115005 ], [ -43.524204559325753, -22.898347542996977 ], [ -43.523566390780445, -22.89761304535152 ], [ -43.519324181975072, -22.897259641924713 ], [ -43.512876515612554, -22.89755509340262 ] ] ] } },
{ "type": "Feature", "properties": { "objectid": 325, "nome": "Paquetá", "regiao_adm": "PAQUETA                 ", "area_plane": "1", "codbairro": "013", "codra": 21, "codbnum": 13, "link": "Paqueta&area=013                                  ", "rp": "Centro", "cod_rp": "1.1", "codbairro_long": 13, "st_area(shape)": 1705689.1178265398, "st_perimeter(shape)": 24841.459984438439 }, "geometry": { "type": "MultiPolygon", "coordinates": [ [ [ [ -43.105713719613078, -22.748890004791285 ], [ -43.105826344566871, -22.748806910602749 ], [ -43.105893427046198, -22.748905680866457 ], [ -43.105966387110477, -22.748825455492227 ], [ -43.106051247608079, -22.748955324519255 ], [ -43.106228108833861, -22.74902216798564 ], [ -43.106476438561316, -22.74901111582632 ], [ -43.106740306170728, -22.749292469147402 ], [ -43.106964597358697, -22.749337116110773 ], [ -43.107016014621301, -22.74944943346091 ], [ -43.107128565676241, -22.749428282289404 ], [ -43.10706624647397, -22.749598393250107 ], [ -43.107301941861735, -22.749790551397538 ], [ -43.108014136541833, -22.749650172482756 ], [ -43.108811467718219, -22.749223635447649 ], [ -43.10884174021006, -22.749118068109791 ], [ -43.108968334395023, -22.749215379222385 ], [ -43.109332048118254, -22.749125681726696 ], [ -43.109227401396993, -22.749322475443098 ], [ -43.10900901811258, -22.749463923129333 ], [ -43.108877106360111, -22.750261990443935 ], [ -43.109027260377573, -22.751554916771461 ], [ -43.109368873274384, -22.752081092387339 ], [ -43.109423051559233, -22.752042541649239 ], [ -43.10966713864665, -22.752375397163391 ], [ -43.109970602046801, -22.752263673973086 ], [ -43.110385848399794, -22.752866212236054 ], [ -43.110757742125614, -22.753166534656366 ], [ -43.11134385158595, -22.752970378802473 ], [ -43.111963457879753, -22.752986283536497 ], [ -43.11220081939976, -22.753093571163614 ], [ -43.112352841668034, -22.753275252319145 ], [ -43.112775308945238, -22.754189322584516 ], [ -43.112755974791924, -22.754568908956095 ], [ -43.112606231777356, -22.754844639011218 ], [ -43.111374262181677, -22.756295775353415 ], [ -43.110532846822643, -22.757432664078355 ], [ -43.110255484544027, -22.757960450516933 ], [ -43.109851948376566, -22.759088068853831 ], [ -43.109885600113223, -22.759479929671727 ], [ -43.110055046300587, -22.759457012364869 ], [ -43.110069767461141, -22.759575933581569 ], [ -43.110345792560466, -22.759824826865344 ], [ -43.110486790151079, -22.759838594596065 ], [ -43.110506752804589, -22.760001193962282 ], [ -43.111134367762453, -22.760612205686954 ], [ -43.111104953781634, -22.760733043670477 ], [ -43.111177479432953, -22.760854546081681 ], [ -43.111067359077111, -22.760875367150106 ], [ -43.111252252409749, -22.760869250734491 ], [ -43.111058973218071, -22.761067252056151 ], [ -43.111105114722264, -22.761110600575297 ], [ -43.110439531675404, -22.762635611253391 ], [ -43.110309410058186, -22.763451490930596 ], [ -43.110255102041471, -22.764998723925885 ], [ -43.110524218214906, -22.766111188588027 ], [ -43.110873483215137, -22.766444746633361 ], [ -43.111607440016769, -22.766767143646359 ], [ -43.113566958214342, -22.766728550427551 ], [ -43.114024823291551, -22.76719567899675 ], [ -43.114312718442527, -22.7673121397819 ], [ -43.114394510331145, -22.767461292775511 ], [ -43.114317088616886, -22.767639087772658 ], [ -43.1139047811971, -22.767909729632002 ], [ -43.112813455498078, -22.768308968963307 ], [ -43.112595182826801, -22.768418994907435 ], [ -43.112613872737519, -22.768546904641646 ], [ -43.112561236674772, -22.768423380364808 ], [ -43.112424470641635, -22.768455355305502 ], [ -43.111461873493731, -22.768988582999146 ], [ -43.111229429278374, -22.769250958317333 ], [ -43.111218105033913, -22.769465293575148 ], [ -43.110789677771223, -22.769597392509656 ], [ -43.110690190730402, -22.769312213454409 ], [ -43.109995011760184, -22.769355183077764 ], [ -43.109242358938822, -22.769555134880253 ], [ -43.108695284371727, -22.769866970619489 ], [ -43.108180123990678, -22.769876667069145 ], [ -43.107770401219206, -22.769506626524407 ], [ -43.107612369039273, -22.769223369556642 ], [ -43.107368406904456, -22.769204763753937 ], [ -43.107227978051185, -22.768958469186682 ], [ -43.107226427258801, -22.768746059696262 ], [ -43.106639155599844, -22.76826590812983 ], [ -43.106625279579013, -22.767930630679782 ], [ -43.106444909487273, -22.76776341801046 ], [ -43.105708477439826, -22.767486932122701 ], [ -43.105155190031539, -22.767698805927399 ], [ -43.104904094290347, -22.767350597950635 ], [ -43.105273520027929, -22.767189550548622 ], [ -43.105137133578495, -22.766749602202783 ], [ -43.10455416726451, -22.766050422452739 ], [ -43.104134173655517, -22.765798005746053 ], [ -43.104056045586866, -22.76584286089609 ], [ -43.104044933798477, -22.766012858332985 ], [ -43.10396929652417, -22.765856097200832 ], [ -43.103512675409654, -22.765717657643965 ], [ -43.103383810812126, -22.765459757399508 ], [ -43.103189835401331, -22.765291116396405 ], [ -43.10295957132265, -22.765211892759812 ], [ -43.10278670617344, -22.765354863342772 ], [ -43.102526369218005, -22.7651053346694 ], [ -43.1027529947525, -22.764940607579216 ], [ -43.102680332566315, -22.763554414805458 ], [ -43.102846057208353, -22.763413617775662 ], [ -43.103259025336271, -22.763454917571185 ], [ -43.103816724215299, -22.76324698486188 ], [ -43.104459242629233, -22.763207478769857 ], [ -43.104614273432659, -22.763023116464012 ], [ -43.104726872181942, -22.762999348559383 ], [ -43.104758403977584, -22.762852440806771 ], [ -43.105665414905843, -22.763269207159961 ], [ -43.10557259782901, -22.763461352548205 ], [ -43.105734952924891, -22.763303444303173 ], [ -43.105619608488652, -22.763568647861803 ], [ -43.106139183525748, -22.763830009005698 ], [ -43.106529624616279, -22.76364807571678 ], [ -43.106933556396733, -22.763264564991321 ], [ -43.107269772988666, -22.762693235682534 ], [ -43.106983955434082, -22.762532990966786 ], [ -43.106971112274671, -22.76236993223219 ], [ -43.106816534528022, -22.762331075839089 ], [ -43.106825842660733, -22.762270322429401 ], [ -43.106918202745412, -22.762280809292744 ], [ -43.106969834771476, -22.762102442292498 ], [ -43.10639396947002, -22.761976322296629 ], [ -43.106422888262109, -22.761905686790126 ], [ -43.107169189674494, -22.762078710844616 ], [ -43.107762742389369, -22.760031451856889 ], [ -43.107773330575334, -22.759750737657967 ], [ -43.108213968913866, -22.758843181026496 ], [ -43.108524959782947, -22.757698488422434 ], [ -43.108525047467523, -22.75744464823536 ], [ -43.10836160075845, -22.757102903354646 ], [ -43.108134429446686, -22.756920057109589 ], [ -43.107713421854911, -22.756756767299823 ], [ -43.107503445993821, -22.756520303766994 ], [ -43.107383673111521, -22.755779306702181 ], [ -43.107120061055923, -22.755026308913983 ], [ -43.106712927715712, -22.754831846354154 ], [ -43.1062312191602, -22.754947499892765 ], [ -43.106132618545814, -22.75487463019504 ], [ -43.10615997432479, -22.754924350117868 ], [ -43.105880045516365, -22.754889152671705 ], [ -43.105752879157848, -22.754734310468532 ], [ -43.105641798057412, -22.754740397338047 ], [ -43.105581668799054, -22.754836037481383 ], [ -43.105462858728288, -22.754647249303382 ], [ -43.105297308935207, -22.754613770165783 ], [ -43.105276793581631, -22.754513017417636 ], [ -43.104976415301948, -22.754428632768086 ], [ -43.104955839030417, -22.75431813022114 ], [ -43.104747026419496, -22.754244854602533 ], [ -43.104609051288634, -22.753885708669337 ], [ -43.104372255167441, -22.753815441596611 ], [ -43.104322875662099, -22.753633075731553 ], [ -43.104269310538683, -22.753662329846378 ], [ -43.104135760179183, -22.753476436984091 ], [ -43.103775339591415, -22.753326499283865 ], [ -43.103646079327135, -22.753344740348528 ], [ -43.103587633139746, -22.753445366330478 ], [ -43.103229057261608, -22.753401825506568 ], [ -43.103221818784995, -22.753305477216269 ], [ -43.102937289127169, -22.7532511663746 ], [ -43.102901336048738, -22.752970980758032 ], [ -43.102730439022977, -22.752930300777006 ], [ -43.102715596840589, -22.75277128441871 ], [ -43.10259207604166, -22.752726560921793 ], [ -43.102546907791819, -22.752528442677114 ], [ -43.102218107592257, -22.752472159724913 ], [ -43.102217443498446, -22.752358008798485 ], [ -43.101812954099934, -22.751952348826652 ], [ -43.101992655965361, -22.751700915175885 ], [ -43.10222925387793, -22.751707790035912 ], [ -43.102439507986247, -22.751605719583043 ], [ -43.102359312142731, -22.751455496782921 ], [ -43.102256187738135, -22.751491927274461 ], [ -43.102348311118185, -22.751356756799733 ], [ -43.102415311647526, -22.751390873691285 ], [ -43.102549198725512, -22.751086972798319 ], [ -43.102575268201534, -22.750891414980799 ], [ -43.102471484358112, -22.750756985771091 ], [ -43.102516460832263, -22.750616467962196 ], [ -43.10269432371225, -22.750631947028797 ], [ -43.102920137292749, -22.750813067388837 ], [ -43.103129207030392, -22.750796768187218 ], [ -43.103294286283237, -22.750976623861114 ], [ -43.103584762499779, -22.751093403392858 ], [ -43.104283324067325, -22.751003267683377 ], [ -43.104580608048373, -22.750662112394533 ], [ -43.105310797100636, -22.750092841404786 ], [ -43.105833209813177, -22.749120971068866 ], [ -43.105713719613078, -22.748890004791285 ] ] ], [ [ [ -43.117740226060988, -22.753775284487578 ], [ -43.118157135570669, -22.75356997363393 ], [ -43.118350732401218, -22.753709695356218 ], [ -43.118731489727466, -22.754224395305954 ], [ -43.11931182563923, -22.754506386071544 ], [ -43.119213793598433, -22.755010023717112 ], [ -43.119332130600924, -22.755142448116846 ], [ -43.119351294613899, -22.755371230539282 ], [ -43.11929305724766, -22.755379213616475 ], [ -43.119362249411616, -22.755452993414963 ], [ -43.119271487391693, -22.755454091554583 ], [ -43.119271238108034, -22.755514952781304 ], [ -43.1195449596283, -22.756082209870701 ], [ -43.119722213554674, -22.756149948652659 ], [ -43.119958701752537, -22.756087352525 ], [ -43.120460502827306, -22.75625300853001 ], [ -43.120640488358021, -22.756491449261237 ], [ -43.120911084873526, -22.756469260159612 ], [ -43.12088405836969, -22.756729556401652 ], [ -43.120760883866978, -22.756843694349143 ], [ -43.12100775102725, -22.75744567167018 ], [ -43.120909628180712, -22.75737976864372 ], [ -43.120832495844233, -22.757423741322089 ], [ -43.120838574491486, -22.757577147280951 ], [ -43.12068208141342, -22.757706875638643 ], [ -43.120709366135287, -22.757804907320455 ], [ -43.12053685623826, -22.757845587973364 ], [ -43.120570787014401, -22.757970244269877 ], [ -43.12044582913051, -22.75796552313378 ], [ -43.12053373650155, -22.758030763466209 ], [ -43.120330112454397, -22.758089410868283 ], [ -43.120095808582718, -22.75838365824352 ], [ -43.119875483411491, -22.758424860498103 ], [ -43.119718302377464, -22.758305975808952 ], [ -43.11967845511608, -22.758414052368291 ], [ -43.119549449175409, -22.758356724739127 ], [ -43.118914771037723, -22.758522088071782 ], [ -43.118875575608513, -22.7586113899767 ], [ -43.118641986238359, -22.758618476698146 ], [ -43.118480603495478, -22.758443825363344 ], [ -43.117895650217498, -22.758149590062487 ], [ -43.117910828240746, -22.757944418544788 ], [ -43.117824724394296, -22.757960738852091 ], [ -43.117892943373647, -22.757800082557438 ], [ -43.117511486602723, -22.7573358532748 ], [ -43.117456588583224, -22.757149903624001 ], [ -43.117223157948715, -22.756975304607401 ], [ -43.116829869421153, -22.756976717173135 ], [ -43.116483431417457, -22.75710456270475 ], [ -43.115878303223148, -22.756812516150969 ], [ -43.115392487744742, -22.756716659863187 ], [ -43.11520378161957, -22.756575185307351 ], [ -43.115070389232351, -22.756610635487668 ], [ -43.114918017856965, -22.756468053551469 ], [ -43.114768031416332, -22.756549090130978 ], [ -43.114580231434253, -22.756334661878284 ], [ -43.114733962999686, -22.756243374275837 ], [ -43.114586951709505, -22.755901917522529 ], [ -43.11503544296697, -22.755822689890824 ], [ -43.11514306016366, -22.755763999402486 ], [ -43.115139556538452, -22.755657401686197 ], [ -43.115293942248627, -22.755717018021439 ], [ -43.11577173051311, -22.755609958731014 ], [ -43.116052887967982, -22.755456601291463 ], [ -43.116126753647436, -22.755530256940776 ], [ -43.116470185625417, -22.755323000324992 ], [ -43.116720266541684, -22.755007450541719 ], [ -43.116964772548435, -22.75484986721284 ], [ -43.116979557455664, -22.754630876600775 ], [ -43.116859550159376, -22.754613297908417 ], [ -43.116751672350716, -22.753995255348148 ], [ -43.117216580655167, -22.753797375326069 ], [ -43.117229899423769, -22.75370659650153 ], [ -43.117740226060988, -22.753775284487578 ] ] ], [ [ [ -43.126992015177606, -22.746136503060377 ], [ -43.127162432419624, -22.746033930346382 ], [ -43.127345583681411, -22.746032827955112 ], [ -43.127578635085946, -22.746234768601145 ], [ -43.127933233652406, -22.746334375231044 ], [ -43.128262480017533, -22.746264818553399 ], [ -43.128324957669228, -22.746524089208663 ], [ -43.128435395290175, -22.746636366238736 ], [ -43.128887102371152, -22.746611315332395 ], [ -43.129047106022533, -22.746858726482444 ], [ -43.128987003422353, -22.747039713614527 ], [ -43.129136222367983, -22.747535691980531 ], [ -43.129271361918526, -22.747692958941329 ], [ -43.129223388925993, -22.747862618799513 ], [ -43.12832287571549, -22.748420888824569 ], [ -43.128029146452562, -22.748298335022035 ], [ -43.12780805448886, -22.748039913984243 ], [ -43.127002866213267, -22.748168638303216 ], [ -43.126792180984914, -22.747582715973241 ], [ -43.126547374578855, -22.747471210418091 ], [ -43.125755785036411, -22.747859527459873 ], [ -43.125757466377152, -22.748164410878395 ], [ -43.125477678243406, -22.748369186488713 ], [ -43.125098300399493, -22.748201917127222 ], [ -43.124575864945889, -22.748679086211027 ], [ -43.124243208911423, -22.748127669318379 ], [ -43.126299860985206, -22.746851623932699 ], [ -43.126395935125714, -22.746546260900281 ], [ -43.126640134141084, -22.746544882194115 ], [ -43.126811798677771, -22.746679370636421 ], [ -43.126993220253624, -22.746362275411371 ], [ -43.126992015177606, -22.746136503060377 ] ] ], [ [ [ -43.109223282068761, -22.802052021854561 ], [ -43.108634569639939, -22.8015810657188 ], [ -43.108353281510517, -22.801503589066986 ], [ -43.108010117584222, -22.801279630957595 ], [ -43.107813337656673, -22.801021107499459 ], [ -43.10837251056126, -22.800498663272155 ], [ -43.108566445923053, -22.800215339011849 ], [ -43.108896086872761, -22.800190985308628 ], [ -43.109561396106216, -22.801293700912371 ], [ -43.110211182115357, -22.80176438357465 ], [ -43.111018085212613, -22.801895404896715 ], [ -43.111347554400218, -22.801848468747178 ], [ -43.111397665119902, -22.802085292901793 ], [ -43.111326136083996, -22.802413055840784 ], [ -43.111610031959273, -22.802987309579802 ], [ -43.111648672165458, -22.80337101058721 ], [ -43.111404625750318, -22.803417514472777 ], [ -43.110645519102427, -22.803082888076496 ], [ -43.110004934627, -22.802036457620474 ], [ -43.109686802092099, -22.80192531701346 ], [ -43.109223282068761, -22.802052021854561 ] ] ], [ [ [ -43.116837216966182, -22.802868183593272 ], [ -43.117641590885498, -22.802525052870024 ], [ -43.118144477053519, -22.802928683289146 ], [ -43.118742536600351, -22.802835054740452 ], [ -43.118999310119854, -22.802890100118379 ], [ -43.119177337082334, -22.804232650929109 ], [ -43.117443638776471, -22.804377708068525 ], [ -43.116792336934033, -22.803624839395457 ], [ -43.116837216966182, -22.802868183593272 ] ] ], [ [ [ -43.111689811452806, -22.797183712374167 ], [ -43.110955029869615, -22.796803866706625 ], [ -43.111413658338108, -22.795751407015747 ], [ -43.113505878710207, -22.796439899063742 ], [ -43.113120510852347, -22.797491967409719 ], [ -43.112619500544874, -22.797449554902389 ], [ -43.112337823662777, -22.797315642101598 ], [ -43.112118572180954, -22.797429717362732 ], [ -43.111861773086225, -22.797363373491489 ], [ -43.111689811452806, -22.797183712374167 ] ] ], [ [ [ -43.12300449255342, -22.807293603009729 ], [ -43.12258726484108, -22.8069346125361 ], [ -43.122744434539406, -22.806617603857323 ], [ -43.122789880066065, -22.805973830595576 ], [ -43.122677576465996, -22.805511602827341 ], [ -43.122115023256278, -22.805401760007079 ], [ -43.122075419857559, -22.804837533895519 ], [ -43.122245359275396, -22.804633375377328 ], [ -43.122513437377648, -22.804496385624653 ], [ -43.122904243815903, -22.804494214021403 ], [ -43.123283511203702, -22.804616253126959 ], [ -43.123287604837273, -22.805383965189957 ], [ -43.123770207538847, -22.806566739999948 ], [ -43.1235029005271, -22.806839199101407 ], [ -43.123432668660811, -22.807415406337157 ], [ -43.12300449255342, -22.807293603009729 ] ] ], [ [ [ -43.141046034758205, -22.775863176114608 ], [ -43.141348951164517, -22.775909328488837 ], [ -43.141474595400304, -22.776101872559881 ], [ -43.141681512999142, -22.77609624756597 ], [ -43.141666454357306, -22.776201456373045 ], [ -43.141514179409889, -22.776220633067517 ], [ -43.141595001432464, -22.77630745315313 ], [ -43.141627506755334, -22.776618025243167 ], [ -43.141392194216472, -22.776663777112404 ], [ -43.14105710422777, -22.77643339105007 ], [ -43.140928265792894, -22.776476590956072 ], [ -43.140860478695338, -22.77662814213247 ], [ -43.140770693460929, -22.776613641534539 ], [ -43.140688906452731, -22.776720419556963 ], [ -43.140963061290933, -22.776977368015238 ], [ -43.140825113563935, -22.777017299232419 ], [ -43.140518776288722, -22.776756364226191 ], [ -43.140346387304099, -22.77672193688511 ], [ -43.140232619624548, -22.776903475253992 ], [ -43.140329082600417, -22.776964019364428 ], [ -43.14014944935461, -22.777004278617106 ], [ -43.140063840614332, -22.776933113926461 ], [ -43.140028522278079, -22.777081613471132 ], [ -43.139701384782974, -22.776961488446389 ], [ -43.139995273358508, -22.777178031136639 ], [ -43.139952538220363, -22.77724155804362 ], [ -43.139452836135675, -22.776934839398482 ], [ -43.139198019220544, -22.776903512287291 ], [ -43.13924449193064, -22.776779977409532 ], [ -43.139123960981536, -22.776662892921646 ], [ -43.139236090513307, -22.776588075854615 ], [ -43.139438476278528, -22.77660063864543 ], [ -43.139490926007838, -22.776402494241744 ], [ -43.139415483935558, -22.776306973757492 ], [ -43.139486586107751, -22.776205490031828 ], [ -43.139592340955957, -22.776320506477791 ], [ -43.139629415079092, -22.776071339166272 ], [ -43.139901832411482, -22.776183331086379 ], [ -43.139951921632644, -22.776353234030093 ], [ -43.140397308780059, -22.776420916847467 ], [ -43.140552076287911, -22.776260897774716 ], [ -43.140457498912518, -22.77612578331884 ], [ -43.140542544282184, -22.776109165340419 ], [ -43.140529908075905, -22.775863212004278 ], [ -43.140837602231606, -22.775930461737232 ], [ -43.141046034758205, -22.775863176114608 ] ] ], [ [ [ -43.10582699060209, -22.77660797601531 ], [ -43.106185734280622, -22.776516967804504 ], [ -43.106433920120352, -22.776562082094319 ], [ -43.106594255114729, -22.776636497693328 ], [ -43.106530781480885, -22.776635113174056 ], [ -43.106587784015623, -22.776907870313369 ], [ -43.106917610917812, -22.776915214932568 ], [ -43.106809238860528, -22.776808366545822 ], [ -43.107065766458724, -22.776954810409855 ], [ -43.106915734750636, -22.776973619125155 ], [ -43.106238318375134, -22.777779835476633 ], [ -43.106109544214611, -22.777655315202509 ], [ -43.105908574080765, -22.777738084277608 ], [ -43.10590943793391, -22.777604989091106 ], [ -43.10576229895522, -22.777519892284101 ], [ -43.105615450002205, -22.777773525017363 ], [ -43.105514329183613, -22.777776207227507 ], [ -43.105476424090398, -22.777488864348811 ], [ -43.105111452837946, -22.777628654806058 ], [ -43.10526370164159, -22.777400103120591 ], [ -43.10542002392247, -22.776897709480423 ], [ -43.10582699060209, -22.77660797601531 ] ] ], [ [ [ -43.123257106856741, -22.799603510187538 ], [ -43.122339389822507, -22.799292538817628 ], [ -43.12275097610155, -22.798590224543606 ], [ -43.12305246566843, -22.797854645644346 ], [ -43.123297312169228, -22.79795496460121 ], [ -43.123543434903738, -22.798303541075281 ], [ -43.123605999733257, -22.79858548077944 ], [ -43.123415238881975, -22.799478495640351 ], [ -43.123257106856741, -22.799603510187538 ] ] ], [ [ [ -43.122011305937555, -22.797284674866308 ], [ -43.121692063396885, -22.796970364382258 ], [ -43.120983046374477, -22.796861411713596 ], [ -43.120823345268875, -22.796681634317661 ], [ -43.120638858519023, -22.796434287411603 ], [ -43.120880212992077, -22.795879694531894 ], [ -43.121101323166783, -22.796126839734434 ], [ -43.122434801118786, -22.796537171182063 ], [ -43.122168028566556, -22.796899935466747 ], [ -43.122108486945798, -22.797193802131453 ], [ -43.122011305937555, -22.797284674866308 ] ] ], [ [ [ -43.104898359231569, -22.790294622321259 ], [ -43.105353363871373, -22.790182364470912 ], [ -43.105345788296539, -22.790321793844662 ], [ -43.105153408784702, -22.790345242304578 ], [ -43.105108333385303, -22.790449726162372 ], [ -43.105686508769267, -22.790544009629429 ], [ -43.105939664122161, -22.790844652323059 ], [ -43.106087797101324, -22.790900953281426 ], [ -43.106177162383439, -22.791171839034973 ], [ -43.106575896783504, -22.791269675491783 ], [ -43.106626921023704, -22.791397336377518 ], [ -43.106363500097309, -22.791571832590886 ], [ -43.106250462606347, -22.791548095279762 ], [ -43.106239050386634, -22.791725674223848 ], [ -43.10582115232603, -22.791492065841542 ], [ -43.105780536089888, -22.79134439011299 ], [ -43.105884527295117, -22.79121920249284 ], [ -43.105858487144516, -22.791137260116873 ], [ -43.105655784186055, -22.791047711637109 ], [ -43.105495973647088, -22.791110468443406 ], [ -43.105488700608539, -22.791044913952533 ], [ -43.1056594908016, -22.790948693411043 ], [ -43.105375745778815, -22.790888251518293 ], [ -43.105456106486834, -22.790746529043268 ], [ -43.105306815780267, -22.790654092042626 ], [ -43.104905331575303, -22.790565161579792 ], [ -43.104844672850213, -22.790437113025238 ], [ -43.104898359231569, -22.790294622321259 ] ] ], [ [ [ -43.103882407334481, -22.790700554353126 ], [ -43.104461535104136, -22.790704819784125 ], [ -43.104549723574863, -22.790743523989935 ], [ -43.104585632552862, -22.79088653770118 ], [ -43.105084115070412, -22.791039202795858 ], [ -43.105090145060913, -22.791138517290047 ], [ -43.104872405833035, -22.791192728786502 ], [ -43.105075684124841, -22.791268740680589 ], [ -43.105113767795956, -22.791416386451907 ], [ -43.104988098083339, -22.791538696231793 ], [ -43.104790786105468, -22.791566423643477 ], [ -43.104805048980651, -22.791704303738317 ], [ -43.104673018827832, -22.791997659951086 ], [ -43.104281616007334, -22.791897829813418 ], [ -43.104615717302288, -22.791450742888308 ], [ -43.104624221293811, -22.791286492495836 ], [ -43.104356943315807, -22.791303092414378 ], [ -43.104290810265326, -22.791190692946991 ], [ -43.104070244377638, -22.791125400179006 ], [ -43.104185159363688, -22.791034298980133 ], [ -43.104168630359759, -22.790954906711065 ], [ -43.103897304348379, -22.790820471930221 ], [ -43.103882407334481, -22.790700554353126 ] ] ], [ [ [ -43.099090170827637, -22.788620830294601 ], [ -43.099392140738914, -22.788321372796048 ], [ -43.099532385462986, -22.788264889739946 ], [ -43.099696333235272, -22.788353262281124 ], [ -43.099700314566931, -22.788571931434944 ], [ -43.099863134547327, -22.788495759483343 ], [ -43.100028080825062, -22.788687811058519 ], [ -43.100429357455951, -22.788650600048129 ], [ -43.100618583843101, -22.788974057717141 ], [ -43.100319440330573, -22.789329806618575 ], [ -43.099958032614971, -22.788942533492435 ], [ -43.099764247025618, -22.788941124834192 ], [ -43.099602245066428, -22.788733396461115 ], [ -43.099406086782928, -22.788664234528046 ], [ -43.099125334087567, -22.788718772706407 ], [ -43.099090170827637, -22.788620830294601 ] ] ], [ [ [ -43.137870468627078, -22.782665909887285 ], [ -43.13813546998135, -22.782672255128649 ], [ -43.138115470021624, -22.78281117819574 ], [ -43.138172697095371, -22.782742132909888 ], [ -43.13843701938935, -22.782841570662193 ], [ -43.138410203380147, -22.782894266660318 ], [ -43.138184197535182, -22.782849095976541 ], [ -43.138404347365928, -22.782923907208783 ], [ -43.138288998529617, -22.782977104162384 ], [ -43.138392992055863, -22.783057424513 ], [ -43.137984351274348, -22.783244189002353 ], [ -43.138063821762366, -22.783279883462576 ], [ -43.137982824391344, -22.783363823065514 ], [ -43.137520905919473, -22.783314179714655 ], [ -43.137428511262463, -22.783075694389272 ], [ -43.137220215698214, -22.783060258315867 ], [ -43.137200983187661, -22.782948870366901 ], [ -43.137392106533369, -22.782952456809436 ], [ -43.137543282883485, -22.78272783077276 ], [ -43.13781664964246, -22.782734909057879 ], [ -43.137870468627078, -22.782665909887285 ] ] ], [ [ [ -43.140351207479725, -22.78255135875629 ], [ -43.14031213981044, -22.782100016575491 ], [ -43.140433396600535, -22.781941232851473 ], [ -43.140849031156016, -22.782006671245572 ], [ -43.140996918567581, -22.782254200760978 ], [ -43.140925863033871, -22.782661003212425 ], [ -43.140535323194442, -22.782719753729978 ], [ -43.140351207479725, -22.78255135875629 ] ] ], [ [ [ -43.138355933784133, -22.777177242006054 ], [ -43.137914704451489, -22.77687490437383 ], [ -43.137864733538066, -22.776660663351706 ], [ -43.137937097145752, -22.776502211879993 ], [ -43.138156644039768, -22.776455738457109 ], [ -43.138462752504701, -22.776589528783155 ], [ -43.138635546291603, -22.776938581704979 ], [ -43.138587753421426, -22.777130731547999 ], [ -43.138355933784133, -22.777177242006054 ] ] ], [ [ [ -43.096904304425209, -22.793493453252243 ], [ -43.097072288712695, -22.79290542580576 ], [ -43.097413033622644, -22.792655201363793 ], [ -43.097584545330683, -22.792767236163609 ], [ -43.097585447462272, -22.792947850408083 ], [ -43.097100476211082, -22.793639193658993 ], [ -43.096941789139855, -22.793662582433168 ], [ -43.096904304425209, -22.793493453252243 ] ] ], [ [ [ -43.11732515171628, -22.801162893513649 ], [ -43.117278448237187, -22.800762483879044 ], [ -43.117414637588496, -22.800632883821031 ], [ -43.117663878143965, -22.800739494215737 ], [ -43.117972658122319, -22.801056940886443 ], [ -43.11795952059699, -22.8013043064756 ], [ -43.117773809149575, -22.801373000248102 ], [ -43.11732515171628, -22.801162893513649 ] ] ], [ [ [ -43.101707284557797, -22.762709806536243 ], [ -43.10180006831694, -22.762506465788022 ], [ -43.102258746627356, -22.762769822933887 ], [ -43.102343858871933, -22.76289599462087 ], [ -43.10222722662305, -22.762908785396199 ], [ -43.102152512527411, -22.763277142785594 ], [ -43.101979728754706, -22.763231111076802 ], [ -43.102054316435314, -22.763139348847307 ], [ -43.101933253770468, -22.76313465838814 ], [ -43.101975897256089, -22.763057504683946 ], [ -43.101625452579214, -22.762945064739039 ], [ -43.101690356623912, -22.762793314446142 ], [ -43.101780107995793, -22.76277379473521 ], [ -43.101707284557797, -22.762709806536243 ] ] ], [ [ [ -43.101663282656439, -22.789952277890723 ], [ -43.10124012432734, -22.789860459851536 ], [ -43.100938956761425, -22.789616941493286 ], [ -43.100974706978455, -22.789370210021865 ], [ -43.101163756471784, -22.789369209386898 ], [ -43.101631607082957, -22.78982737717828 ], [ -43.101663282656439, -22.789952277890723 ] ] ], [ [ [ -43.136082931372805, -22.783704651240399 ], [ -43.135703746976212, -22.783593936478809 ], [ -43.135678611087414, -22.783458547256547 ], [ -43.135970236674943, -22.783197184643253 ], [ -43.13617848972553, -22.783308976325031 ], [ -43.136179401317143, -22.783478305561523 ], [ -43.136082931372805, -22.783704651240399 ] ] ], [ [ [ -43.116567600078469, -22.769188439346671 ], [ -43.116715676625887, -22.7688643739334 ], [ -43.117165552074425, -22.769141583799829 ], [ -43.116855352988324, -22.769365487287139 ], [ -43.116688738692311, -22.769351420504144 ], [ -43.116567600078469, -22.769188439346671 ] ] ], [ [ [ -43.114749333740662, -22.769844151282854 ], [ -43.114627807259829, -22.769525118577967 ], [ -43.115071744249541, -22.769709795085145 ], [ -43.115076748845574, -22.769770808464305 ], [ -43.114749333740662, -22.769844151282854 ] ] ], [ [ [ -43.100846881635945, -22.790400298400012 ], [ -43.100872646749693, -22.790227676229538 ], [ -43.101183507518229, -22.790277703819378 ], [ -43.101012047026217, -22.790457259198813 ], [ -43.100846881635945, -22.790400298400012 ] ] ], [ [ [ -43.100372920158506, -22.790045635434808 ], [ -43.100308520625234, -22.789885936983797 ], [ -43.100477834160849, -22.789699674449547 ], [ -43.100538516728221, -22.789762344348876 ], [ -43.1004954649868, -22.790008807183138 ], [ -43.100372920158506, -22.790045635434808 ] ] ], [ [ [ -43.101344768508902, -22.79135503014831 ], [ -43.101106655407605, -22.791304966934725 ], [ -43.101109525517181, -22.791097760087645 ], [ -43.101287633801995, -22.791197856669822 ], [ -43.101344768508902, -22.79135503014831 ] ] ], [ [ [ -43.115689437315602, -22.770303245300425 ], [ -43.115747320990415, -22.770115827500113 ], [ -43.115954662992969, -22.770142386420467 ], [ -43.115803195197543, -22.770309012464192 ], [ -43.115689437315602, -22.770303245300425 ] ] ], [ [ [ -43.104708733917739, -22.77785730206292 ], [ -43.104782330042106, -22.777704031499177 ], [ -43.10494158670317, -22.777722447721967 ], [ -43.104823323894692, -22.777838254176896 ], [ -43.104708733917739, -22.77785730206292 ] ] ], [ [ [ -43.101813538209534, -22.790150564377974 ], [ -43.101693579565691, -22.790050074319741 ], [ -43.101757872290655, -22.789950603610752 ], [ -43.101860312484021, -22.790064159481982 ], [ -43.101813538209534, -22.790150564377974 ] ] ], [ [ [ -43.118322313696304, -22.770865744706327 ], [ -43.118191033796485, -22.770809924674325 ], [ -43.118309151290141, -22.77069636038576 ], [ -43.118387166682474, -22.770815939005995 ], [ -43.118322313696304, -22.770865744706327 ] ] ], [ [ [ -43.104142313431581, -22.790618396765172 ], [ -43.104140991810858, -22.79052374545439 ], [ -43.104327130617982, -22.790536163352353 ], [ -43.104329662895516, -22.790599404863613 ], [ -43.104142313431581, -22.790618396765172 ] ] ], [ [ [ -43.103745637191849, -22.790202988581928 ], [ -43.103619731560144, -22.790201401061189 ], [ -43.103525099090582, -22.790072316846558 ], [ -43.103738780081599, -22.790128407897232 ], [ -43.103745637191849, -22.790202988581928 ] ] ], [ [ [ -43.108188066659551, -22.780896999169549 ], [ -43.108027008072824, -22.780860502342293 ], [ -43.108030264318501, -22.780772768082958 ], [ -43.108148189846901, -22.780794394398487 ], [ -43.108188066659551, -22.780896999169549 ] ] ], [ [ [ -43.108246299400044, -22.78056537657233 ], [ -43.108135442483167, -22.780483151057023 ], [ -43.108129674207667, -22.780442356330589 ], [ -43.108344687900683, -22.780527803666867 ], [ -43.108246299400044, -22.78056537657233 ] ] ], [ [ [ -43.116252176315832, -22.770750656493039 ], [ -43.116043227933702, -22.770699244812803 ], [ -43.116097585352925, -22.770669365165489 ], [ -43.116252176315832, -22.770750656493039 ] ] ], [ [ [ -43.115530145355955, -22.770223974011877 ], [ -43.115541972448924, -22.770100398175614 ], [ -43.115672883762308, -22.770097610438505 ], [ -43.115602440723016, -22.770235212547497 ], [ -43.115530145355955, -22.770223974011877 ] ] ], [ [ [ -43.100556359440823, -22.790456798614262 ], [ -43.100572429257234, -22.790351336831957 ], [ -43.100722830382061, -22.790412275044126 ], [ -43.100648006196074, -22.790470803390043 ], [ -43.100556359440823, -22.790456798614262 ] ] ], [ [ [ -43.106812894018326, -22.791675688239987 ], [ -43.106779073364798, -22.791607017415192 ], [ -43.106836028272035, -22.79150962644432 ], [ -43.106908539439765, -22.791647024074614 ], [ -43.106812894018326, -22.791675688239987 ] ] ], [ [ [ -43.118339387543607, -22.770600453318487 ], [ -43.118173599725274, -22.7705615663019 ], [ -43.118214695426602, -22.770497484481165 ], [ -43.118339387543607, -22.770600453318487 ] ] ], [ [ [ -43.106241424996519, -22.791137745624816 ], [ -43.10623827631791, -22.791027267888332 ], [ -43.10639156518824, -22.791077037759578 ], [ -43.106362401804041, -22.79114369558739 ], [ -43.106241424996519, -22.791137745624816 ] ] ], [ [ [ -43.103939074202074, -22.790215672489929 ], [ -43.103920337945311, -22.79013399821314 ], [ -43.104101867552082, -22.790204876338365 ], [ -43.10406370267922, -22.790253275074942 ], [ -43.103939074202074, -22.790215672489929 ] ] ], [ [ [ -43.116535807909337, -22.769894322218185 ], [ -43.116583046190705, -22.769794372881179 ], [ -43.116617809994537, -22.769772929927544 ], [ -43.11659617064565, -22.769966011648062 ], [ -43.116535807909337, -22.769894322218185 ] ] ], [ [ [ -43.114513449825807, -22.769733359779913 ], [ -43.114488619298598, -22.769619917244754 ], [ -43.114585818479107, -22.769611584799765 ], [ -43.114587116253112, -22.76970849482122 ], [ -43.114513449825807, -22.769733359779913 ] ] ], [ [ [ -43.1159795734753, -22.770321028245597 ], [ -43.115939313462448, -22.770231965119599 ], [ -43.115991237909761, -22.770201966470172 ], [ -43.116053686782244, -22.770284969458181 ], [ -43.1159795734753, -22.770321028245597 ] ] ], [ [ [ -43.116159817852285, -22.770101282569797 ], [ -43.116033089102444, -22.770054543030227 ], [ -43.116100409105712, -22.770002602851889 ], [ -43.116159817852285, -22.770101282569797 ] ] ], [ [ [ -43.107573009731773, -22.77996347187084 ], [ -43.107561472022965, -22.779882062984097 ], [ -43.107667137966807, -22.779910045935608 ], [ -43.107665794839775, -22.779943802138217 ], [ -43.107573009731773, -22.77996347187084 ] ] ], [ [ [ -43.1047893353932, -22.777972401525588 ], [ -43.104822469469937, -22.777928366483359 ], [ -43.104937608339391, -22.777961159381992 ], [ -43.104895188164946, -22.777993614862737 ], [ -43.1047893353932, -22.777972401525588 ] ] ], [ [ [ -43.10225184694503, -22.763226671905112 ], [ -43.102226705162742, -22.763164786869677 ], [ -43.102265950772399, -22.763185571482893 ], [ -43.10225184694503, -22.763226671905112 ] ] ], [ [ [ -43.101694497331771, -22.763028963920128 ], [ -43.101660286715173, -22.76298214262534 ], [ -43.101696288257266, -22.762998102772844 ], [ -43.101694497331771, -22.763028963920128 ] ] ] ] } },
{ "type": "Feature", "properties": { "objectid": 440, "nome": "Santa Teresa", "regiao_adm": "SANTA TEREZA            ", "area_plane": "1", "codbairro": "014", "codra": 23, "codbnum": 14, "link": "Santa Teresa              &area=14                ", "rp": "Centro", "cod_rp": "1.1", "codbairro_long": 14, "st_area(shape)": 5157142.202903972, "st_perimeter(shape)": 27344.841104626736 }, "geometry": { "type": "Polygon", "coordinates": [ [ [ -43.189357680919812, -22.914711616632172 ], [ -43.191484417341186, -22.912997227379318 ], [ -43.193102459289975, -22.911899307076581 ], [ -43.193464566660893, -22.911409282259466 ], [ -43.195156242506755, -22.911748914681542 ], [ -43.195091551425904, -22.912342380892532 ], [ -43.19535929274636, -22.912352919698741 ], [ -43.195645723381098, -22.912799928314122 ], [ -43.195668098673281, -22.912950629965998 ], [ -43.19546619068695, -22.913482303547003 ], [ -43.195526132670295, -22.913725993701654 ], [ -43.194876605414692, -22.913645013230056 ], [ -43.194650768900054, -22.914194565519566 ], [ -43.193809974881546, -22.915422710686432 ], [ -43.193773352527174, -22.915560280363326 ], [ -43.194150003961418, -22.917312941644308 ], [ -43.19407563050833, -22.917680174627559 ], [ -43.194225849151927, -22.918335232947719 ], [ -43.194230306113425, -22.918749417460997 ], [ -43.194010128158254, -22.919621056049127 ], [ -43.193646834393903, -22.919860745618578 ], [ -43.19347743153191, -22.920277556452195 ], [ -43.193569711459631, -22.920435013650444 ], [ -43.194038003953729, -22.920702583611504 ], [ -43.194272061992812, -22.920659280234034 ], [ -43.194482786864718, -22.920500664869024 ], [ -43.194780614965012, -22.920890462004596 ], [ -43.195333627364889, -22.921136056213992 ], [ -43.195607506154147, -22.920706612289447 ], [ -43.195084319387171, -22.920461450266171 ], [ -43.195212424077845, -22.920159213461282 ], [ -43.196801091781566, -22.920968689520709 ], [ -43.197250457850792, -22.922298825058046 ], [ -43.195573773718394, -22.922877951174712 ], [ -43.195592316791064, -22.922979393547308 ], [ -43.195641177114126, -22.92304433559033 ], [ -43.1957707195048, -22.92300905327178 ], [ -43.1957616319431, -22.922944473883543 ], [ -43.197288667577055, -22.922409700724746 ], [ -43.197365674111218, -22.92259461557412 ], [ -43.195298306090287, -22.923426939026339 ], [ -43.19505634669509, -22.923691037196015 ], [ -43.195184284201616, -22.92378451143227 ], [ -43.196679309779249, -22.923414999270186 ], [ -43.197006101181032, -22.924246888791625 ], [ -43.197563473679182, -22.924915779443246 ], [ -43.197636464518773, -22.925404341795613 ], [ -43.19798817596017, -22.925598785863475 ], [ -43.197709827122146, -22.926041728384398 ], [ -43.197673158143012, -22.926248920880159 ], [ -43.198076713352243, -22.926555569208947 ], [ -43.198132268989177, -22.926984151323907 ], [ -43.198049680204868, -22.927058798223307 ], [ -43.197587899408838, -22.927040912833483 ], [ -43.197382837432379, -22.927139273136721 ], [ -43.196962301762156, -22.927084196655844 ], [ -43.196539933760263, -22.927167445675263 ], [ -43.196369460230613, -22.927215899216623 ], [ -43.196272487688645, -22.927353233213054 ], [ -43.196488105856901, -22.928003885626048 ], [ -43.19668893332306, -22.928232739884837 ], [ -43.196813922167003, -22.92802645901784 ], [ -43.196935590490831, -22.928078231644928 ], [ -43.19718605128206, -22.928660016869472 ], [ -43.19715643887465, -22.928842184763564 ], [ -43.196642822074253, -22.929660735330096 ], [ -43.196857368901483, -22.929877193110421 ], [ -43.196859110855314, -22.930261095699009 ], [ -43.196387567743237, -22.930979433203621 ], [ -43.196460569657752, -22.931106148198825 ], [ -43.196942489561359, -22.931143048680802 ], [ -43.197903162948649, -22.931456025342534 ], [ -43.198244531060105, -22.931843784935957 ], [ -43.198756309712273, -22.932195729203968 ], [ -43.200088137717138, -22.933469498087167 ], [ -43.19995391356936, -22.933858180082588 ], [ -43.200082147739373, -22.933922576419473 ], [ -43.200233503215145, -22.933779534815699 ], [ -43.200659468491835, -22.933683675199077 ], [ -43.200947045697568, -22.933516984287547 ], [ -43.201099230160999, -22.933311100483529 ], [ -43.201175323168215, -22.932695185611117 ], [ -43.20143419506816, -22.932125409566684 ], [ -43.201465123851449, -22.931326569253237 ], [ -43.201542634753707, -22.93111974737138 ], [ -43.201866373439756, -22.93078360040311 ], [ -43.202104808024451, -22.930742233160444 ], [ -43.202916646417037, -22.93203528362336 ], [ -43.203026170944675, -22.931973580903254 ], [ -43.202220390786401, -22.930730991064582 ], [ -43.202487885903608, -22.930674238590324 ], [ -43.202546883825256, -22.930577288030733 ], [ -43.202460215049641, -22.929934423153679 ], [ -43.202951411597937, -22.930043836006703 ], [ -43.204207035432098, -22.93104290469708 ], [ -43.20479248290053, -22.930955160865082 ], [ -43.204865043387564, -22.930864683161126 ], [ -43.2048118953266, -22.930518035522081 ], [ -43.204988966941904, -22.930479581963308 ], [ -43.205072437456153, -22.930944420352485 ], [ -43.204949638817105, -22.931140709186227 ], [ -43.204752983109763, -22.936738248993624 ], [ -43.204906359068119, -22.936959514342227 ], [ -43.206553481592174, -22.937976451600029 ], [ -43.206968249323424, -22.938309576196023 ], [ -43.207111403344086, -22.938285637709193 ], [ -43.207172945112355, -22.938158372050914 ], [ -43.206647629376221, -22.937823910113249 ], [ -43.206381022599246, -22.937782516538963 ], [ -43.206386449897209, -22.937718554046736 ], [ -43.206676061310603, -22.937760204891298 ], [ -43.207196738110966, -22.938098863126186 ], [ -43.207318137182099, -22.937972270078266 ], [ -43.207668435432829, -22.937959159796637 ], [ -43.208692571251632, -22.938367522397026 ], [ -43.208904296645763, -22.938378401081195 ], [ -43.209412450256664, -22.938268996548974 ], [ -43.209836593564042, -22.937889809453583 ], [ -43.210384021027821, -22.937588768411 ], [ -43.211804083109726, -22.938014398462148 ], [ -43.212720107589568, -22.938058763724964 ], [ -43.213206906881638, -22.938350150760744 ], [ -43.214143644715094, -22.938569751140072 ], [ -43.21456022383056, -22.938766426397475 ], [ -43.214931960554701, -22.939222765028667 ], [ -43.215362947454494, -22.939027135468603 ], [ -43.215962740071369, -22.938598702312348 ], [ -43.216221155816186, -22.937859305599339 ], [ -43.216992627835836, -22.936984885653168 ], [ -43.217008931544768, -22.936797324824806 ], [ -43.216581246783669, -22.936391479020099 ], [ -43.216556176286659, -22.93619920532856 ], [ -43.217158017390879, -22.935612938244549 ], [ -43.21699409480302, -22.935466066513417 ], [ -43.21651755447111, -22.935277303877111 ], [ -43.216263132080762, -22.935005606812574 ], [ -43.216283512446282, -22.934506722766525 ], [ -43.216148283389536, -22.934283323616437 ], [ -43.215694810224157, -22.934090573732142 ], [ -43.214578605494196, -22.933856141662154 ], [ -43.214322011190994, -22.933401008956096 ], [ -43.216511254102024, -22.933793439205754 ], [ -43.21835189676807, -22.934421050458372 ], [ -43.218570379936558, -22.937238209833481 ], [ -43.21870309745303, -22.938034019740225 ], [ -43.218994315805745, -22.938840188552234 ], [ -43.219147856898694, -22.940392083868812 ], [ -43.219127904079286, -22.94182011684191 ], [ -43.219022588172578, -22.942908641395839 ], [ -43.218498222279173, -22.944367314467716 ], [ -43.218201832052927, -22.945638725779318 ], [ -43.217794070474575, -22.946017578012622 ], [ -43.217913169256676, -22.946319449281926 ], [ -43.217896394280544, -22.946744147839038 ], [ -43.217508752939864, -22.946807427763648 ], [ -43.217571545801242, -22.947470064928641 ], [ -43.217465134572592, -22.947799835839561 ], [ -43.217060278368919, -22.948305866916865 ], [ -43.2159517680956, -22.948747274672705 ], [ -43.215734030501416, -22.949000116872526 ], [ -43.215294705718151, -22.949798974203237 ], [ -43.214749362494985, -22.950123802400775 ], [ -43.214191076894316, -22.950646973497115 ], [ -43.214358637030486, -22.95111221135625 ], [ -43.214364060530123, -22.951471593193801 ], [ -43.214113713804018, -22.951875415543068 ], [ -43.213855861048373, -22.952071091840754 ], [ -43.213537525580037, -22.952209283227848 ], [ -43.212904202047952, -22.952230594951587 ], [ -43.21247625590992, -22.952168970928145 ], [ -43.211949113472414, -22.951879382405629 ], [ -43.211949587219785, -22.952229227124263 ], [ -43.21174468302403, -22.952283628834806 ], [ -43.211214433329737, -22.952230420127005 ], [ -43.211196696789806, -22.952022157458082 ], [ -43.210504972951121, -22.952154145943091 ], [ -43.210063853825332, -22.951974701451221 ], [ -43.209226667961488, -22.951208590958117 ], [ -43.207836796295688, -22.950620724603251 ], [ -43.206982413952232, -22.950539546631163 ], [ -43.20521803550028, -22.950180320764002 ], [ -43.202908517511318, -22.94939850699491 ], [ -43.201695546630624, -22.948576900031011 ], [ -43.201069745134468, -22.948030778322583 ], [ -43.198780943657262, -22.9473901977012 ], [ -43.198081068671371, -22.947041802786114 ], [ -43.197718503465374, -22.946668973542771 ], [ -43.197323731048911, -22.946409108768194 ], [ -43.197048406377917, -22.945611757362538 ], [ -43.196817783356884, -22.945297043599027 ], [ -43.196422889732986, -22.945046749461962 ], [ -43.199655586319651, -22.943336809872008 ], [ -43.20047076485131, -22.943879122432953 ], [ -43.20151831230249, -22.945394834484041 ], [ -43.201735405943452, -22.945937312071877 ], [ -43.201876717871549, -22.9461050749374 ], [ -43.202250352191278, -22.946342022039378 ], [ -43.203372262299929, -22.946666914330287 ], [ -43.204046843940496, -22.946613055295146 ], [ -43.20447985703963, -22.946296474919567 ], [ -43.204864214034423, -22.945794941834809 ], [ -43.205155587867708, -22.945600743009262 ], [ -43.204826302841703, -22.944884336754498 ], [ -43.204828089634752, -22.944748900930144 ], [ -43.204960064376294, -22.944604824208209 ], [ -43.205338841014367, -22.944644237964923 ], [ -43.205810837374536, -22.945015940460131 ], [ -43.206575247849912, -22.945395915398063 ], [ -43.207691868173377, -22.945774899932058 ], [ -43.208344748773932, -22.94557656046338 ], [ -43.208443495775768, -22.945482314523971 ], [ -43.208457651982108, -22.945236576198976 ], [ -43.208035448732389, -22.944785162364578 ], [ -43.207878548850189, -22.944356791415309 ], [ -43.207951544981498, -22.94416689546976 ], [ -43.208359867439, -22.944020968583157 ], [ -43.208738535193461, -22.943653914765544 ], [ -43.208729629709943, -22.943508242977263 ], [ -43.208054374601801, -22.942955541338286 ], [ -43.207663012297232, -22.943383136326432 ], [ -43.207529135561636, -22.943331775888648 ], [ -43.207393504226587, -22.943413323200843 ], [ -43.207208760209362, -22.943818325685143 ], [ -43.207213024350438, -22.944175618778573 ], [ -43.207077828778431, -22.944223939672973 ], [ -43.206849130366919, -22.943872419757959 ], [ -43.206926468429167, -22.943449584280856 ], [ -43.206883592284754, -22.9432995560588 ], [ -43.206494427464129, -22.942879669639243 ], [ -43.206363503947095, -22.942604024447625 ], [ -43.20626570191552, -22.942160607400684 ], [ -43.206344753321012, -22.941504086297513 ], [ -43.206103772866882, -22.94087907613569 ], [ -43.20602984567374, -22.940732670027273 ], [ -43.205098253017923, -22.939879053957021 ], [ -43.205963657220963, -22.939999192233088 ], [ -43.207042631196735, -22.939946189947275 ], [ -43.207581463855277, -22.940173071699967 ], [ -43.207658629324158, -22.940073615478809 ], [ -43.207508193370764, -22.939976554810364 ], [ -43.208288621180124, -22.939960264196841 ], [ -43.208290537225849, -22.939814715463875 ], [ -43.207748930523366, -22.939798574753677 ], [ -43.207368250089921, -22.939904717116555 ], [ -43.207157656039627, -22.939852128526056 ], [ -43.207089814738801, -22.939650614887363 ], [ -43.205992094179031, -22.939276898374452 ], [ -43.205444433992696, -22.939305835327094 ], [ -43.205147903434259, -22.93919709637138 ], [ -43.204985193037544, -22.939210336499361 ], [ -43.20465497913451, -22.939593012508354 ], [ -43.203918381333139, -22.939465205584352 ], [ -43.20385618204628, -22.939553358867418 ], [ -43.203566242567078, -22.939624938468459 ], [ -43.202825562057939, -22.93955550427253 ], [ -43.202735210145377, -22.939516012249072 ], [ -43.203276919414932, -22.93911063014178 ], [ -43.203333771484267, -22.938910528936908 ], [ -43.203206307339002, -22.938713396729927 ], [ -43.202824438332236, -22.938503359415886 ], [ -43.202570400725797, -22.938455238681424 ], [ -43.202233400066362, -22.938531792273093 ], [ -43.202074562743618, -22.938665448551035 ], [ -43.20200136195654, -22.938870420984497 ], [ -43.201140204498635, -22.939115952303265 ], [ -43.19960787565352, -22.939786689240897 ], [ -43.199352308406731, -22.939854045510938 ], [ -43.198801279252727, -22.939732381808838 ], [ -43.19810114000159, -22.939001820732688 ], [ -43.198217562599901, -22.938802396436564 ], [ -43.198707417152107, -22.938632317181277 ], [ -43.19912543814079, -22.938165313689176 ], [ -43.199127429516473, -22.938014799688002 ], [ -43.1990363687963, -22.937933394798399 ], [ -43.198544444497891, -22.937847530538779 ], [ -43.198351101882203, -22.937714847187955 ], [ -43.198825117718165, -22.937113024266353 ], [ -43.198690875279631, -22.93701613950579 ], [ -43.198965767845301, -22.936718186575526 ], [ -43.199069095077775, -22.936277681050885 ], [ -43.19795375150423, -22.936009097713246 ], [ -43.197356445067584, -22.936519212800324 ], [ -43.196916471163533, -22.936604608203119 ], [ -43.1959135586808, -22.93623181414188 ], [ -43.195775287230695, -22.936034552819919 ], [ -43.195947509470948, -22.935715300204762 ], [ -43.19585964236024, -22.93539318089195 ], [ -43.195922994553307, -22.935107817735169 ], [ -43.195129936602385, -22.934446445207726 ], [ -43.194815414312153, -22.934056366613422 ], [ -43.194315415890792, -22.933764685312074 ], [ -43.194306162416929, -22.93363905867583 ], [ -43.194412631670637, -22.933580129554404 ], [ -43.195052456507213, -22.933753023240005 ], [ -43.195388888138552, -22.934123121564234 ], [ -43.19620413924266, -22.934338191682851 ], [ -43.196737014229093, -22.935011687092924 ], [ -43.19679678028394, -22.935203086152153 ], [ -43.196861800830391, -22.935203824972881 ], [ -43.197051761546348, -22.934774331772168 ], [ -43.19716126016715, -22.93468527101275 ], [ -43.198437387854149, -22.934679715072111 ], [ -43.198893178947458, -22.934835424546627 ], [ -43.199533973525504, -22.934722231530781 ], [ -43.197296959496157, -22.933442242722453 ], [ -43.196025791963585, -22.932875769816413 ], [ -43.195295673198409, -22.932365649587606 ], [ -43.193844937235433, -22.929748486246055 ], [ -43.193265546984264, -22.928924097256139 ], [ -43.193163410284221, -22.928495165557983 ], [ -43.191275069624467, -22.927518245085853 ], [ -43.189750413322116, -22.926973218149008 ], [ -43.188246405240818, -22.926613808910837 ], [ -43.187396998424489, -22.926588941668587 ], [ -43.186126178323349, -22.926355710707117 ], [ -43.184614003150266, -22.924811116854777 ], [ -43.182260139280565, -22.924106814679007 ], [ -43.18166815939486, -22.924057231306513 ], [ -43.181453881729531, -22.923962036974736 ], [ -43.181509876841872, -22.923798685579065 ], [ -43.181920471304437, -22.923603816010925 ], [ -43.182504561071255, -22.923674620534172 ], [ -43.183476904455873, -22.923493222604165 ], [ -43.18405081964638, -22.923171804408792 ], [ -43.184535942757378, -22.923155951861009 ], [ -43.184598683130638, -22.923071151872286 ], [ -43.184453709742357, -22.92297675044475 ], [ -43.183442204693094, -22.923207646177055 ], [ -43.183227069724865, -22.923176648409768 ], [ -43.1802583576766, -22.922408209163741 ], [ -43.18055785363196, -22.920443746931554 ], [ -43.180183212215979, -22.920254060262874 ], [ -43.18023407921239, -22.91990525753717 ], [ -43.180127516377858, -22.91981842937814 ], [ -43.177218687275058, -22.919179035422079 ], [ -43.177159879345758, -22.918401118610312 ], [ -43.177214924110196, -22.917878984507688 ], [ -43.17760295177699, -22.917920011389114 ], [ -43.177742224700275, -22.917842322567843 ], [ -43.178193294664638, -22.916121167015898 ], [ -43.178688312207477, -22.916041418550776 ], [ -43.179679562740631, -22.914302069140728 ], [ -43.180208991591556, -22.9138567090334 ], [ -43.180107620465932, -22.913556642809212 ], [ -43.183088776714811, -22.914444779716078 ], [ -43.18433193378786, -22.914550475096423 ], [ -43.185810512211773, -22.91503713536077 ], [ -43.187515662156699, -22.91506879691779 ], [ -43.187562591903891, -22.915996571243433 ], [ -43.187890547411399, -22.917080077658518 ], [ -43.187448236546729, -22.917660649712857 ], [ -43.18765746900047, -22.91826690161642 ], [ -43.18823539312713, -22.918389445270325 ], [ -43.188849002864615, -22.918298826480694 ], [ -43.189141122168721, -22.918119112610725 ], [ -43.189388525506104, -22.917841359289266 ], [ -43.189390308483063, -22.917707189122357 ], [ -43.189079966747784, -22.917270551331967 ], [ -43.188929828876461, -22.916677077511288 ], [ -43.188979095015632, -22.916439780190448 ], [ -43.189126774849001, -22.916227893295169 ], [ -43.189934573840198, -22.915901626656478 ], [ -43.190379172580833, -22.916138503889808 ], [ -43.190511503606686, -22.916091156633904 ], [ -43.190545825711247, -22.915987879851798 ], [ -43.190237183260464, -22.915423123394653 ], [ -43.190304743668136, -22.915789895654495 ], [ -43.190212067962726, -22.915831553150838 ], [ -43.18983463817294, -22.915491770633434 ], [ -43.189357680919812, -22.914711616632172 ] ] ] } },
{ "type": "Feature", "properties": { "objectid": 448, "nome": "Flamengo", "regiao_adm": "BOTAFOGO                ", "area_plane": "2", "codbairro": "015", "codra": 4, "codbnum": 15, "link": "Flamengo                  &area=15                ", "rp": "Zona Sul", "cod_rp": "2.1", "codbairro_long": 15, "st_area(shape)": 1646257.9637779063, "st_perimeter(shape)": 6665.3491625650977 }, "geometry": { "type": "Polygon", "coordinates": [ [ [ -43.168908229984822, -22.924667397921247 ], [ -43.172747196302403, -22.924484608630443 ], [ -43.172967154162578, -22.925311609612564 ], [ -43.176467036586693, -22.9256336884497 ], [ -43.176506054834846, -22.926928274978856 ], [ -43.177564687297732, -22.930332496293904 ], [ -43.177377910337704, -22.932501244278502 ], [ -43.177838058700317, -22.932642162704486 ], [ -43.179042206730855, -22.932760376103538 ], [ -43.178796451727059, -22.934281334729004 ], [ -43.17842493242626, -22.93510162928235 ], [ -43.179690522089331, -22.935679735292794 ], [ -43.179699961744248, -22.936402813147783 ], [ -43.180077042055935, -22.937799074358715 ], [ -43.180323634285969, -22.938133133863978 ], [ -43.180876685966531, -22.938619709897488 ], [ -43.1813786824044, -22.938899353319673 ], [ -43.180393442434173, -22.93957030044189 ], [ -43.178313462471714, -22.940057912034369 ], [ -43.178572718220153, -22.940895831475032 ], [ -43.177458951702882, -22.940757791772086 ], [ -43.176519149345332, -22.941091410163722 ], [ -43.176755184212219, -22.943661622532311 ], [ -43.175985312674335, -22.94411133242718 ], [ -43.175094495185739, -22.94428024955484 ], [ -43.174233892988418, -22.944202620088905 ], [ -43.172896270459574, -22.943336023661285 ], [ -43.170988802992689, -22.941784401836834 ], [ -43.169531724506356, -22.940037844752439 ], [ -43.168654411721256, -22.938748035979639 ], [ -43.168500760973508, -22.937979321487383 ], [ -43.168513967137152, -22.937186162623771 ], [ -43.168587911289954, -22.936965773220841 ], [ -43.168911311630879, -22.936480515499245 ], [ -43.168867169892273, -22.936413361710674 ], [ -43.168962842697042, -22.936396767257534 ], [ -43.169310342203303, -22.936011299491692 ], [ -43.169856522697643, -22.935859298707769 ], [ -43.169848190464755, -22.935790120892534 ], [ -43.169480181559159, -22.935793913083867 ], [ -43.168983463384762, -22.935929324857344 ], [ -43.169292104189729, -22.935729072290723 ], [ -43.170490412710386, -22.935557500430861 ], [ -43.170999636785098, -22.935333007706031 ], [ -43.171091136773477, -22.935206102110598 ], [ -43.171260430991858, -22.93243782537645 ], [ -43.17109887810291, -22.930754159096352 ], [ -43.170507669471448, -22.928054867771198 ], [ -43.170329127844767, -22.927520475420359 ], [ -43.168908229984822, -22.924667397921247 ] ] ] } },
{ "type": "Feature", "properties": { "objectid": 394, "nome": "Engenheiro Leal", "regiao_adm": "MADUREIRA               ", "area_plane": "3", "codbairro": "081", "codra": 15, "codbnum": 81, "link": "Engenheiro Leal           &area=81                ", "rp": "Madureira", "cod_rp": "3.3", "codbairro_long": 81, "st_area(shape)": 708276.17433995567, "st_perimeter(shape)": 3785.0317308685703 }, "geometry": { "type": "Polygon", "coordinates": [ [ [ -43.3191772237018, -22.876457009915086 ], [ -43.320492413844924, -22.876539721708337 ], [ -43.320469230154707, -22.874581853224775 ], [ -43.320678195519086, -22.873360377046033 ], [ -43.320960250592904, -22.872907748044874 ], [ -43.322007812483236, -22.871846386967189 ], [ -43.322903766700534, -22.871455317417833 ], [ -43.323688073937745, -22.871338507571348 ], [ -43.324874932879084, -22.870875625453365 ], [ -43.325659410531955, -22.870752577008421 ], [ -43.327107659771919, -22.870972186858268 ], [ -43.327430742728907, -22.871154215880026 ], [ -43.328032264972876, -22.871216351595322 ], [ -43.329372889340206, -22.871535142068151 ], [ -43.33158285559081, -22.872961564549989 ], [ -43.331402220608808, -22.874998938550846 ], [ -43.329218631177511, -22.875006536594583 ], [ -43.329125000739062, -22.877783728929348 ], [ -43.324272410928828, -22.877573991064697 ], [ -43.323664324360678, -22.878195048109607 ], [ -43.323051210220946, -22.877661720351274 ], [ -43.322223063920831, -22.878511282150086 ], [ -43.320231049715417, -22.876862433132146 ], [ -43.319004516255859, -22.876861301844951 ], [ -43.3191772237018, -22.876457009915086 ] ] ] } },
{ "type": "Feature", "properties": { "objectid": 406, "nome": "Cosmos", "regiao_adm": "CAMPO GRANDE            ", "area_plane": "5", "codbairro": "147", "codra": 18, "codbnum": 147, "link": "Cosmos                    &area=147               ", "rp": "Campo Grande", "cod_rp": "5.2", "codbairro_long": 147, "st_area(shape)": 11261348.974442268, "st_perimeter(shape)": 17686.749141471671 }, "geometry": { "type": "Polygon", "coordinates": [ [ [ -43.595620458584953, -22.889659511743673 ], [ -43.596099031606343, -22.888991330592837 ], [ -43.596538095540566, -22.888629514486169 ], [ -43.59824033415218, -22.887891743318011 ], [ -43.599565712572165, -22.886830640238145 ], [ -43.599904200134752, -22.886645401493929 ], [ -43.600949926103397, -22.886541710107675 ], [ -43.602245106564794, -22.886160585994759 ], [ -43.604169845758051, -22.886354879751519 ], [ -43.6056525769419, -22.885800609755307 ], [ -43.608198835464187, -22.885086297017104 ], [ -43.608774279789145, -22.885005258843918 ], [ -43.612465572457523, -22.885833302720197 ], [ -43.612987260214197, -22.885891685054137 ], [ -43.615023192323505, -22.885715884071345 ], [ -43.617715355940632, -22.886067257877698 ], [ -43.618399819141082, -22.88553012788385 ], [ -43.621507994052351, -22.89095050914479 ], [ -43.619397696256897, -22.897466024380972 ], [ -43.619372673554288, -22.897954061909783 ], [ -43.619634312208795, -22.898311915548419 ], [ -43.621052006840351, -22.899318978278703 ], [ -43.622603785367204, -22.899687385563958 ], [ -43.623119345184676, -22.900358575105027 ], [ -43.623488234018147, -22.900619899814117 ], [ -43.623694523078122, -22.900879812703067 ], [ -43.624426467688586, -22.900821573087654 ], [ -43.624992560342747, -22.901084600629829 ], [ -43.62535939486115, -22.901550200345159 ], [ -43.626466430069229, -22.902280326748677 ], [ -43.62711350726493, -22.902576379868854 ], [ -43.626469281491005, -22.903604135627138 ], [ -43.626791607132716, -22.903998536963538 ], [ -43.626838509437746, -22.904249392363525 ], [ -43.627094921912146, -22.904751696408987 ], [ -43.6276896481885, -22.905116480130022 ], [ -43.62770895193858, -22.905474934054048 ], [ -43.627839543081208, -22.905692734277306 ], [ -43.627176609126124, -22.907260517636406 ], [ -43.628144168091445, -22.908021672897057 ], [ -43.628713262281813, -22.90892054854552 ], [ -43.626930120124953, -22.910990216205366 ], [ -43.627910070831561, -22.91166540467777 ], [ -43.627558274291992, -22.912017313230706 ], [ -43.627734736572386, -22.912162803638942 ], [ -43.627723174368228, -22.912352821645538 ], [ -43.626410872580813, -22.914133286751763 ], [ -43.62741423174861, -22.914974142496497 ], [ -43.629142166771288, -22.915315654806854 ], [ -43.628988561714415, -22.915708022848953 ], [ -43.62745079376991, -22.91541963402123 ], [ -43.626747680629016, -22.915453837455669 ], [ -43.625988103128329, -22.915585903808108 ], [ -43.624974772561046, -22.915975343969997 ], [ -43.625056295142421, -22.91627355817625 ], [ -43.624664690613237, -22.918229777791222 ], [ -43.624581495927927, -22.918338611945344 ], [ -43.624681937530795, -22.918433502006764 ], [ -43.624348786712702, -22.91986223588507 ], [ -43.620985648105133, -22.919479112569103 ], [ -43.62094300027254, -22.919560026628943 ], [ -43.62153225181541, -22.926570320864943 ], [ -43.621746775795351, -22.930558598722648 ], [ -43.621613635059653, -22.93215199067313 ], [ -43.621706698665626, -22.936223115825758 ], [ -43.620665119463872, -22.935890370261685 ], [ -43.61634009549568, -22.934848129319096 ], [ -43.614697470235427, -22.934688751816502 ], [ -43.605871205494616, -22.934373756176498 ], [ -43.606064469122856, -22.933116711015241 ], [ -43.606114300157834, -22.931792294109101 ], [ -43.6060371022566, -22.930808249121416 ], [ -43.605787258923449, -22.929696333158621 ], [ -43.605046846909573, -22.928376264241063 ], [ -43.605421835178191, -22.927473863859699 ], [ -43.605414456726159, -22.926737448315503 ], [ -43.605523928166292, -22.926254401743492 ], [ -43.606584253445867, -22.9247530746641 ], [ -43.60649804910377, -22.924420493100254 ], [ -43.606255453128405, -22.924058814225226 ], [ -43.606229651868752, -22.923664534625885 ], [ -43.606437181934545, -22.923078665221183 ], [ -43.606890524911165, -22.922539930938019 ], [ -43.606989936048763, -22.92230570894279 ], [ -43.606864683381453, -22.919231401971839 ], [ -43.606818820193993, -22.914218506626796 ], [ -43.606785997094107, -22.913786141736402 ], [ -43.60649192594019, -22.912615134545717 ], [ -43.606342214071951, -22.911199910854013 ], [ -43.604599344350476, -22.910852785876006 ], [ -43.603806411466991, -22.903741857363087 ], [ -43.60294533478887, -22.903937322811053 ], [ -43.602970387987661, -22.904194492362404 ], [ -43.602038295046569, -22.904659915228891 ], [ -43.601610605646698, -22.901437079310103 ], [ -43.597916571349046, -22.900558529917028 ], [ -43.59714664765918, -22.893370648682154 ], [ -43.596862093988221, -22.893371117245113 ], [ -43.596809685458844, -22.892306000735598 ], [ -43.596929284586857, -22.891851859574405 ], [ -43.596064809469482, -22.891910247564269 ], [ -43.595856447393885, -22.889830487829361 ], [ -43.595620458584953, -22.889659511743673 ] ] ] } },
{ "type": "Feature", "properties": { "objectid": 374, "nome": "Paciência", "regiao_adm": "SANTA CRUZ              ", "area_plane": "5", "codbairro": "148", "codra": 19, "codbnum": 148, "link": "Paciência                 &area=148               ", "rp": "Santa Cruz", "cod_rp": "5.3", "codbairro_long": 148, "st_area(shape)": 27418044.175438199, "st_perimeter(shape)": 34307.612115051837 }, "geometry": { "type": "Polygon", "coordinates": [ [ [ -43.625041567135789, -22.862357530529444 ], [ -43.629666461712333, -22.860724198392727 ], [ -43.63104698465078, -22.860343832050507 ], [ -43.635425051984335, -22.858654823852785 ], [ -43.638385329551632, -22.857668076141223 ], [ -43.642911398413041, -22.856004778289154 ], [ -43.643616167468871, -22.855821479598024 ], [ -43.644589128300218, -22.8558162207209 ], [ -43.645636990792646, -22.856100162344092 ], [ -43.646593604768157, -22.856525300814223 ], [ -43.649360692448099, -22.857107882141985 ], [ -43.650072737961175, -22.857411433051027 ], [ -43.651066658730699, -22.857999164253354 ], [ -43.653196109643268, -22.859601933068831 ], [ -43.655728722843627, -22.86128241298572 ], [ -43.658358197513898, -22.863258923071193 ], [ -43.659899552839164, -22.863587486739483 ], [ -43.66237469679487, -22.864444577699995 ], [ -43.664801119425867, -22.865064586283136 ], [ -43.665646594819151, -22.865166333927156 ], [ -43.66630523348045, -22.86509851795131 ], [ -43.666754262175125, -22.868123177281777 ], [ -43.663331711096085, -22.868476327119513 ], [ -43.663213302989796, -22.867688113464691 ], [ -43.663089002483311, -22.867492248731235 ], [ -43.661460868875707, -22.86797738726597 ], [ -43.661214664051862, -22.868216919556758 ], [ -43.66073528379561, -22.869066396209135 ], [ -43.658544137027718, -22.872064306029188 ], [ -43.659343921747876, -22.872326741234762 ], [ -43.65990624128807, -22.872801137486942 ], [ -43.660447028646644, -22.872917236496555 ], [ -43.661194469890958, -22.872942135542353 ], [ -43.662248730554637, -22.873664793492306 ], [ -43.662981122493925, -22.873694167585587 ], [ -43.663211145937474, -22.874281996280352 ], [ -43.665693093018135, -22.876539492911832 ], [ -43.665732203136855, -22.876646758356536 ], [ -43.665533789557742, -22.877949386121088 ], [ -43.664273503322676, -22.883155976165913 ], [ -43.662643620549375, -22.881761212553208 ], [ -43.661970073470229, -22.881362660369099 ], [ -43.66081970307264, -22.880455570228321 ], [ -43.660494538241487, -22.880355197033658 ], [ -43.659856253513468, -22.880456755837535 ], [ -43.659557869165276, -22.880428590279514 ], [ -43.658180761890243, -22.879882290119308 ], [ -43.657729881123878, -22.87979945517657 ], [ -43.656675083658804, -22.879902091880567 ], [ -43.65639951785581, -22.879853249684135 ], [ -43.655778751410466, -22.879452769033314 ], [ -43.653203853190377, -22.878231371476698 ], [ -43.652788075372449, -22.878158124716013 ], [ -43.648942495008697, -22.878069682797964 ], [ -43.646376242743145, -22.878522120337344 ], [ -43.644246638989735, -22.877955294691372 ], [ -43.643652421585124, -22.878164101602653 ], [ -43.643891418397786, -22.880372521901446 ], [ -43.644026486875944, -22.883447202325662 ], [ -43.643983897501698, -22.883946749366007 ], [ -43.647312111207349, -22.884853897056402 ], [ -43.655362062454159, -22.887368006396319 ], [ -43.653504911029977, -22.889430786594783 ], [ -43.653318782036408, -22.88997789113446 ], [ -43.653801208727707, -22.893990122846585 ], [ -43.653659546451692, -22.894100557041767 ], [ -43.653937436635395, -22.896455701649856 ], [ -43.654127369034434, -22.896531732421774 ], [ -43.654243235567726, -22.897504537841275 ], [ -43.655286308880498, -22.902688694808294 ], [ -43.656491228314565, -22.904693656924756 ], [ -43.656946583259533, -22.90559725974456 ], [ -43.658635404258071, -22.907394768416836 ], [ -43.660274414052402, -22.908391985290145 ], [ -43.662196677532613, -22.909428873213155 ], [ -43.661014601738792, -22.909939688409128 ], [ -43.658328803155584, -22.911514213580599 ], [ -43.657137945463752, -22.912408598169073 ], [ -43.651587419508459, -22.916116275780858 ], [ -43.651552804753734, -22.916313598296426 ], [ -43.651707103102773, -22.917461133338865 ], [ -43.651796604583694, -22.917550224061895 ], [ -43.651776442892505, -22.918572993894522 ], [ -43.651010172195257, -22.918652559341172 ], [ -43.650973556629083, -22.919307866328069 ], [ -43.651129256236388, -22.919811356078544 ], [ -43.651276203756993, -22.921188960235643 ], [ -43.648904195440089, -22.921459437548666 ], [ -43.6484370535184, -22.921597352979607 ], [ -43.647922572635494, -22.921966075461526 ], [ -43.646826804113353, -22.922989615833249 ], [ -43.646501773405944, -22.923524417118884 ], [ -43.646107322427433, -22.923823256956211 ], [ -43.64549080017855, -22.923970184681284 ], [ -43.644826501497491, -22.923891448234464 ], [ -43.644226692221011, -22.924142016694503 ], [ -43.642388502072663, -22.926502387835484 ], [ -43.642706558283706, -22.926826547433659 ], [ -43.642938101659695, -22.927260334968306 ], [ -43.636752084962659, -22.934426229990908 ], [ -43.636013058259799, -22.934531423357043 ], [ -43.633445634305204, -22.937244147458685 ], [ -43.632931961287213, -22.937512661015862 ], [ -43.632424294353541, -22.937960057033177 ], [ -43.631718105486584, -22.938288774536197 ], [ -43.630519745029822, -22.939636177049596 ], [ -43.629681814649125, -22.939759721682361 ], [ -43.628064882147562, -22.93933625249807 ], [ -43.627211602612114, -22.93918319287118 ], [ -43.626582872538705, -22.939168720055577 ], [ -43.62283662274104, -22.937347074866572 ], [ -43.621706698665626, -22.936223115825758 ], [ -43.621613635059653, -22.93215199067313 ], [ -43.621746775795351, -22.930558598722648 ], [ -43.62153225181541, -22.926570320864943 ], [ -43.62094300027254, -22.919560026628943 ], [ -43.620985648105133, -22.919479112569103 ], [ -43.624348786712702, -22.91986223588507 ], [ -43.624681937530795, -22.918433502006764 ], [ -43.624581495927927, -22.918338611945344 ], [ -43.624664690613237, -22.918229777791222 ], [ -43.625056295142421, -22.91627355817625 ], [ -43.624974772561046, -22.915975343969997 ], [ -43.625988103128329, -22.915585903808108 ], [ -43.626747680629016, -22.915453837455669 ], [ -43.62745079376991, -22.91541963402123 ], [ -43.628988561714415, -22.915708022848953 ], [ -43.629142166771288, -22.915315654806854 ], [ -43.62741423174861, -22.914974142496497 ], [ -43.626410872580813, -22.914133286751763 ], [ -43.627723174368228, -22.912352821645538 ], [ -43.627734736572386, -22.912162803638942 ], [ -43.627558274291992, -22.912017313230706 ], [ -43.627910070831561, -22.91166540467777 ], [ -43.626930120124953, -22.910990216205366 ], [ -43.628713262281813, -22.90892054854552 ], [ -43.628144168091445, -22.908021672897057 ], [ -43.627176609126124, -22.907260517636406 ], [ -43.627839543081208, -22.905692734277306 ], [ -43.62770895193858, -22.905474934054048 ], [ -43.6276896481885, -22.905116480130022 ], [ -43.627094921912146, -22.904751696408987 ], [ -43.626838509437746, -22.904249392363525 ], [ -43.626791607132716, -22.903998536963538 ], [ -43.626469281491005, -22.903604135627138 ], [ -43.62711350726493, -22.902576379868854 ], [ -43.626466430069229, -22.902280326748677 ], [ -43.62535939486115, -22.901550200345159 ], [ -43.624992560342747, -22.901084600629829 ], [ -43.624426467688586, -22.900821573087654 ], [ -43.623694523078122, -22.900879812703067 ], [ -43.623488234018147, -22.900619899814117 ], [ -43.623119345184676, -22.900358575105027 ], [ -43.622603785367204, -22.899687385563958 ], [ -43.621052006840351, -22.899318978278703 ], [ -43.619634312208795, -22.898311915548419 ], [ -43.619372673554288, -22.897954061909783 ], [ -43.619397696256897, -22.897466024380972 ], [ -43.621507994052351, -22.89095050914479 ], [ -43.618399819141082, -22.88553012788385 ], [ -43.61896935564873, -22.885233326156495 ], [ -43.620773818556707, -22.884956000405307 ], [ -43.622290187709346, -22.884625128209123 ], [ -43.623284778876439, -22.883538641864593 ], [ -43.623774106070023, -22.883287190347001 ], [ -43.625404544484937, -22.883087331011769 ], [ -43.62593595065573, -22.883138438941149 ], [ -43.626874505460449, -22.883374418753757 ], [ -43.628094849741203, -22.883291925560989 ], [ -43.629298651874336, -22.883100087191732 ], [ -43.630309820012123, -22.882346248405312 ], [ -43.63183894343279, -22.881496787450768 ], [ -43.632213075938132, -22.881211801507458 ], [ -43.632168718527346, -22.881134651650868 ], [ -43.623236114279578, -22.879752468509711 ], [ -43.619145187072547, -22.878952185503504 ], [ -43.616872514925177, -22.878193548256924 ], [ -43.614894670332532, -22.877333761628183 ], [ -43.612521432778756, -22.876146353384552 ], [ -43.615117495621803, -22.874670885462869 ], [ -43.61589769642994, -22.874059363781981 ], [ -43.625041567135789, -22.862357530529444 ] ] ] } },
{ "type": "Feature", "properties": { "objectid": 387, "nome": "Santa Cruz", "regiao_adm": "SANTA CRUZ              ", "area_plane": "5", "codbairro": "149", "codra": 19, "codbnum": 149, "link": "Santa Cruz                &area=149               ", "rp": "Santa Cruz", "cod_rp": "5.3", "codbairro_long": 149, "st_area(shape)": 125044629.03766814, "st_perimeter(shape)": 65717.479341021259 }, "geometry": { "type": "Polygon", "coordinates": [ [ [ -43.678564049110214, -22.863977257267749 ], [ -43.679794498834276, -22.863636491230565 ], [ -43.680858603031304, -22.862515422593084 ], [ -43.681558350569972, -22.863094299017657 ], [ -43.682221099990066, -22.863498187815079 ], [ -43.683474360667482, -22.864045873440116 ], [ -43.684661784915427, -22.864407126347523 ], [ -43.6859447247612, -22.865134052288592 ], [ -43.687491366010988, -22.865572135234373 ], [ -43.690415584770832, -22.866732000167492 ], [ -43.691630679781383, -22.864717575509463 ], [ -43.692193787316022, -22.864355146196758 ], [ -43.692661355699279, -22.864269842793558 ], [ -43.693917517893141, -22.864488708728793 ], [ -43.695981607458442, -22.864703530515889 ], [ -43.697382433230864, -22.864726656561359 ], [ -43.701018817723593, -22.865905888231968 ], [ -43.701418387557311, -22.866330221578842 ], [ -43.701850949384479, -22.866965088363184 ], [ -43.7032849390744, -22.867881516241354 ], [ -43.704078684262306, -22.868109990360797 ], [ -43.705342636598786, -22.868181609301548 ], [ -43.706526073026581, -22.868604268841189 ], [ -43.707172611662713, -22.868558855308315 ], [ -43.707921767656309, -22.868030518766748 ], [ -43.709255366819164, -22.86752950155195 ], [ -43.710611796056781, -22.866828328233094 ], [ -43.711063337756464, -22.866747447938351 ], [ -43.711531972415393, -22.866766508310011 ], [ -43.712377363002275, -22.867121175280744 ], [ -43.71417879883996, -22.868823015548102 ], [ -43.715582814547894, -22.870689082299588 ], [ -43.715603265806287, -22.87113660235681 ], [ -43.71763292957138, -22.872489896753631 ], [ -43.718018778967817, -22.872628578471911 ], [ -43.718536105864686, -22.872664630321871 ], [ -43.721396835970843, -22.87220931507937 ], [ -43.722165970047143, -22.872313766219399 ], [ -43.722893438195129, -22.872569434546442 ], [ -43.723380373302348, -22.872645148150024 ], [ -43.724627782611059, -22.872500978889651 ], [ -43.725097766336418, -22.87254466829954 ], [ -43.727070992145045, -22.873095348234486 ], [ -43.727486982253332, -22.873295936437351 ], [ -43.733513100761336, -22.877850216258999 ], [ -43.734411084783844, -22.878339134231439 ], [ -43.741297070764496, -22.877158561155344 ], [ -43.746448596331696, -22.877549965966004 ], [ -43.747726720929485, -22.878194088055437 ], [ -43.748033943071988, -22.8778879715166 ], [ -43.748225147864048, -22.877945565872867 ], [ -43.750419895679215, -22.879212867054246 ], [ -43.751716903023954, -22.879842655237141 ], [ -43.752002384640654, -22.880048028388178 ], [ -43.752241466694883, -22.880467096325702 ], [ -43.752273078463226, -22.880901065683243 ], [ -43.751868453992365, -22.882382855600145 ], [ -43.751358857928601, -22.884980908032258 ], [ -43.750684140793595, -22.887489958398756 ], [ -43.750664138196072, -22.887736830944977 ], [ -43.750832520269377, -22.888116957225314 ], [ -43.751467626505899, -22.88863794858548 ], [ -43.753181695824551, -22.889093341831448 ], [ -43.753830813538066, -22.889383847971086 ], [ -43.755116421732225, -22.889726027798098 ], [ -43.756325125145857, -22.890377851254257 ], [ -43.75710141376414, -22.890685865377588 ], [ -43.758326321697403, -22.890212311351355 ], [ -43.75877671792707, -22.890199393196163 ], [ -43.75909341386896, -22.890234739856385 ], [ -43.760079813926247, -22.890571838175372 ], [ -43.760671633415505, -22.890647806953215 ], [ -43.762233628334485, -22.890572183829956 ], [ -43.762642052027005, -22.89061926048112 ], [ -43.762925296769275, -22.890742224151605 ], [ -43.763101256819127, -22.890935706985719 ], [ -43.763494865532373, -22.89163875750058 ], [ -43.764498083861348, -22.892091208552902 ], [ -43.764696027020968, -22.893130355028685 ], [ -43.765138756633888, -22.893965472423268 ], [ -43.765966792395844, -22.894463249645593 ], [ -43.766419352894175, -22.894870227499748 ], [ -43.767093605594901, -22.895007237640726 ], [ -43.767887390266431, -22.895024323073365 ], [ -43.768848670814677, -22.894878045074638 ], [ -43.769066442488594, -22.8947068564852 ], [ -43.769148446134849, -22.893505226373644 ], [ -43.769197433274933, -22.893327220745597 ], [ -43.769369856903701, -22.893222429506501 ], [ -43.769689672942938, -22.893269704627965 ], [ -43.769942185938589, -22.893440107813454 ], [ -43.770580581727216, -22.893401692966954 ], [ -43.771811848975126, -22.893108093472836 ], [ -43.772245841079453, -22.892936494384376 ], [ -43.772896742290172, -22.892537061869895 ], [ -43.773195215164449, -22.892497005233857 ], [ -43.774589255887804, -22.892682620560041 ], [ -43.775113669312454, -22.895653897810384 ], [ -43.775769757961115, -22.895839415586057 ], [ -43.778275064989202, -22.896182133584666 ], [ -43.778560450927685, -22.896047580809931 ], [ -43.778799774884646, -22.895155599906477 ], [ -43.779082259937844, -22.894800008552068 ], [ -43.779545031037891, -22.894680543423622 ], [ -43.780211267659119, -22.894701825506271 ], [ -43.780655273777015, -22.895121885593024 ], [ -43.781059222344489, -22.896054030060942 ], [ -43.781599233891527, -22.896750215486367 ], [ -43.781707170604207, -22.897479754345714 ], [ -43.781648203661263, -22.89791465095324 ], [ -43.781394742115545, -22.898742852332848 ], [ -43.780988142595952, -22.899349673406117 ], [ -43.782458477287655, -22.901919209308041 ], [ -43.783440345136285, -22.903447379871579 ], [ -43.783622249488147, -22.903646396415002 ], [ -43.784221399036028, -22.903903520450797 ], [ -43.785014802038418, -22.903980944217647 ], [ -43.785282310068474, -22.903884177172344 ], [ -43.785624945626331, -22.903332313679009 ], [ -43.785712052189098, -22.902210372764628 ], [ -43.785983516077415, -22.901668983479336 ], [ -43.786753863499221, -22.900994114073338 ], [ -43.787476504213004, -22.900694976727479 ], [ -43.787963054721672, -22.900621823294674 ], [ -43.788507706210552, -22.900680801773834 ], [ -43.788961259282516, -22.900986204500043 ], [ -43.789499799371434, -22.902063598537548 ], [ -43.789589245232627, -22.902673590127776 ], [ -43.789728311389212, -22.90302057962117 ], [ -43.790241098170711, -22.90333185214801 ], [ -43.790637824494347, -22.903362329070823 ], [ -43.79171461527315, -22.902892898554029 ], [ -43.792120940903239, -22.90284116276435 ], [ -43.792985702225216, -22.902886120841998 ], [ -43.793689613933097, -22.903028755209213 ], [ -43.794654611805328, -22.90345878339042 ], [ -43.795106368850561, -22.903969998454055 ], [ -43.795416481417639, -22.905097758122764 ], [ -43.795454188298201, -22.906193193522352 ], [ -43.795215688176469, -22.907023070168279 ], [ -43.79496165474022, -22.907614101493657 ], [ -43.794555814700502, -22.907940425981813 ], [ -43.794116352259344, -22.908044120854672 ], [ -43.792937830405904, -22.907963819523935 ], [ -43.792455889821234, -22.908174216999402 ], [ -43.792102591310709, -22.908588726721327 ], [ -43.791998866744777, -22.908928359459928 ], [ -43.792232404421071, -22.90999240987945 ], [ -43.792161394014492, -22.910656091800703 ], [ -43.792052598295228, -22.910885855962388 ], [ -43.79120532425042, -22.911875746713982 ], [ -43.791070496230297, -22.912379798588397 ], [ -43.790995559052078, -22.913474467661278 ], [ -43.790744785869045, -22.914353643292046 ], [ -43.793924288316212, -22.916022030158402 ], [ -43.794632645922768, -22.916717013462339 ], [ -43.79479779955507, -22.917005670420547 ], [ -43.794894693466524, -22.917416464826083 ], [ -43.794919675964401, -22.918119718815674 ], [ -43.794668818328958, -22.919197426477655 ], [ -43.794462827154099, -22.919733184653321 ], [ -43.793960913286135, -22.920543170717661 ], [ -43.793717883177806, -22.921208980935027 ], [ -43.793321825218911, -22.92166959198898 ], [ -43.79309011701411, -22.921893363337702 ], [ -43.792176665307039, -22.921992454165203 ], [ -43.791235834140416, -22.923122353789918 ], [ -43.790852922454071, -22.923473587022155 ], [ -43.790664896429774, -22.923872278105318 ], [ -43.790343818833144, -22.924177557602331 ], [ -43.790363940290916, -22.924415255691088 ], [ -43.790148711165187, -22.924549999947676 ], [ -43.790292293856567, -22.92489585091797 ], [ -43.790153272486755, -22.924991615072326 ], [ -43.789874813800651, -22.925526273640799 ], [ -43.789610555683353, -22.925658567789377 ], [ -43.789389746916278, -22.925609014067327 ], [ -43.788284969909689, -22.926079108739593 ], [ -43.786743698975627, -22.926957454581061 ], [ -43.786566380816829, -22.92720303730248 ], [ -43.78645214167247, -22.928227038382232 ], [ -43.78603877108722, -22.928852603848743 ], [ -43.785752232868589, -22.928945431124571 ], [ -43.785294645410303, -22.928919259030788 ], [ -43.783979093447108, -22.928014196550176 ], [ -43.782197777067239, -22.928414755252234 ], [ -43.780894283888188, -22.928791053544636 ], [ -43.779471495383852, -22.929431968984165 ], [ -43.778959885828101, -22.929753912469881 ], [ -43.77738093960717, -22.931081219737944 ], [ -43.776665138098366, -22.931835937126397 ], [ -43.776055058790945, -22.932913639509842 ], [ -43.775344348189606, -22.93500865997607 ], [ -43.77481845082454, -22.936871623726624 ], [ -43.774419373949762, -22.93772044822062 ], [ -43.773924565836673, -22.939290466797047 ], [ -43.773248779606497, -22.940186012975587 ], [ -43.772431891616911, -22.940852404843621 ], [ -43.771806521416359, -22.941162604149902 ], [ -43.770972313391269, -22.941337149620203 ], [ -43.767334040381208, -22.941182661193157 ], [ -43.766431158206778, -22.941100678177389 ], [ -43.765166707090934, -22.940820876869594 ], [ -43.763775647485701, -22.940255116691535 ], [ -43.762701496673863, -22.940187405667135 ], [ -43.761686727818258, -22.940388672329725 ], [ -43.76130497535771, -22.940663066722159 ], [ -43.761078363089119, -22.941067560371824 ], [ -43.760593686144915, -22.941142443683756 ], [ -43.760291993717239, -22.940999457401194 ], [ -43.760003060226055, -22.940654705256645 ], [ -43.759841860499485, -22.940215753293 ], [ -43.759901788562281, -22.939942643162851 ], [ -43.758819083921161, -22.939808089742762 ], [ -43.757126852653272, -22.939859062112436 ], [ -43.755811474897968, -22.940449656939059 ], [ -43.753563387047528, -22.941830173881169 ], [ -43.752325258981308, -22.942841424036981 ], [ -43.75092990993064, -22.943735363063965 ], [ -43.749146707634559, -22.945307067736238 ], [ -43.748407886246937, -22.945761421701633 ], [ -43.747624932042349, -22.94606206126862 ], [ -43.746771098643947, -22.946095150327132 ], [ -43.746453605683065, -22.946048384493658 ], [ -43.745837758281837, -22.945739952299579 ], [ -43.745401644924961, -22.946045580904038 ], [ -43.745426454114124, -22.946496201559338 ], [ -43.745122404252797, -22.947212383884921 ], [ -43.743588615237456, -22.948999779200086 ], [ -43.740790053973392, -22.951177332775906 ], [ -43.738493846033158, -22.952726769395056 ], [ -43.735046356908413, -22.954642634123289 ], [ -43.732989859129525, -22.955531854606647 ], [ -43.731226306726967, -22.956568445010667 ], [ -43.729643098385779, -22.957810220801104 ], [ -43.727933260004122, -22.958833473968934 ], [ -43.726905650632567, -22.959574246160876 ], [ -43.725616234482523, -22.960316792144607 ], [ -43.723708685596648, -22.961905885552493 ], [ -43.723228241790643, -22.962735935032764 ], [ -43.722467915236145, -22.963363221291164 ], [ -43.721532150535012, -22.964650586455296 ], [ -43.720997650520502, -22.965044674341346 ], [ -43.720344856476373, -22.966172371623365 ], [ -43.720011481189303, -22.966534118055346 ], [ -43.719744296724969, -22.966702845367642 ], [ -43.719148027129805, -22.966798283561786 ], [ -43.718109606890671, -22.966222777942473 ], [ -43.716787497385241, -22.965777466244763 ], [ -43.715578538301401, -22.965672752818957 ], [ -43.71436518060866, -22.965734722426408 ], [ -43.714011363930737, -22.965667816958607 ], [ -43.709258200908842, -22.964116441144689 ], [ -43.708785116510754, -22.963925450578184 ], [ -43.708328644683462, -22.963597396992437 ], [ -43.707783105841912, -22.962727606710146 ], [ -43.706936398643514, -22.961066965467051 ], [ -43.705638941397197, -22.958163827409653 ], [ -43.70413448176123, -22.955936651477153 ], [ -43.699566120070074, -22.950812956171326 ], [ -43.695100982882323, -22.946645651702955 ], [ -43.694925300687544, -22.94625366876414 ], [ -43.694927851393814, -22.945987699475545 ], [ -43.695112775881789, -22.945415787256046 ], [ -43.693120632841847, -22.946346834674685 ], [ -43.686357681973085, -22.947192724541367 ], [ -43.684215736676521, -22.946502191980358 ], [ -43.682761824492133, -22.948058869423303 ], [ -43.681155194940295, -22.949581204117212 ], [ -43.681461283542937, -22.950642190243553 ], [ -43.681701022149475, -22.951173449670183 ], [ -43.683141335104118, -22.953132225756008 ], [ -43.68422036088095, -22.953930290416576 ], [ -43.686372510312708, -22.955101045452928 ], [ -43.685363814721441, -22.957044198532277 ], [ -43.68500413112546, -22.957305848356043 ], [ -43.683684483784972, -22.957635131722284 ], [ -43.683314372941297, -22.957915568379327 ], [ -43.683148468280216, -22.958188218239226 ], [ -43.682969118518685, -22.958791590091842 ], [ -43.683013035963739, -22.959533828681128 ], [ -43.683600512838389, -22.959982801125648 ], [ -43.684052710996021, -22.960714250944473 ], [ -43.684244946365453, -22.960886005635125 ], [ -43.685157671386435, -22.961479471549477 ], [ -43.687366058670428, -22.962121506506964 ], [ -43.687909692051555, -22.962891453404158 ], [ -43.681030308894123, -22.965799075959648 ], [ -43.670831720588112, -22.970352096817223 ], [ -43.670257550129598, -22.970248111791044 ], [ -43.669367371293148, -22.969733779085676 ], [ -43.668087716459958, -22.969320577180486 ], [ -43.667961447814591, -22.969077191999716 ], [ -43.66746786723207, -22.968603663724338 ], [ -43.666458263207538, -22.968364141823479 ], [ -43.664991951950803, -22.967324436657414 ], [ -43.664790707078986, -22.966492904968 ], [ -43.664893098885912, -22.966276639918519 ], [ -43.663903628081464, -22.965370184891803 ], [ -43.662917122834081, -22.963846336721115 ], [ -43.662569858619861, -22.963206216045752 ], [ -43.662587135265674, -22.962947059773946 ], [ -43.662044821378771, -22.962543370127911 ], [ -43.662042748196171, -22.962169347242817 ], [ -43.65913345865988, -22.958833815606361 ], [ -43.657726210555047, -22.956934813467242 ], [ -43.656681758266437, -22.95622519541627 ], [ -43.654412392938085, -22.95496075124419 ], [ -43.652322147227331, -22.955259745900101 ], [ -43.651700341538891, -22.954449731670103 ], [ -43.650785783522785, -22.954513666677002 ], [ -43.649637672797461, -22.953602074870979 ], [ -43.649282262263128, -22.953496629642711 ], [ -43.649341375086912, -22.954369510710873 ], [ -43.646777409645139, -22.956005072403396 ], [ -43.64597340910727, -22.956247936887603 ], [ -43.645332219243606, -22.956849214811498 ], [ -43.644967442081004, -22.957066653381016 ], [ -43.643571262801956, -22.956876612779979 ], [ -43.642302446929172, -22.956003948264598 ], [ -43.641881554470899, -22.955853488916897 ], [ -43.641093905702057, -22.956001456502321 ], [ -43.640494458403005, -22.956005440392452 ], [ -43.639131573509566, -22.9561938957339 ], [ -43.637953016429236, -22.956138351050999 ], [ -43.636966852453149, -22.955501902502707 ], [ -43.636011654401614, -22.955211632359262 ], [ -43.635662881974056, -22.954717214826125 ], [ -43.63431205675446, -22.954200535695271 ], [ -43.633213761355982, -22.953972688735099 ], [ -43.632040046796675, -22.95294334152975 ], [ -43.631317079970195, -22.952527607743445 ], [ -43.6300059534735, -22.951965717006065 ], [ -43.628816014223851, -22.951573216837289 ], [ -43.626305008789885, -22.951123838347655 ], [ -43.625816207807958, -22.950873851626721 ], [ -43.62550359638923, -22.950299527115238 ], [ -43.624202165862876, -22.949834674282876 ], [ -43.623814638936857, -22.949812345433166 ], [ -43.623205886032565, -22.9494669311241 ], [ -43.621567243441518, -22.949146165012976 ], [ -43.620784162531706, -22.948807083521231 ], [ -43.61975599249979, -22.948133590087156 ], [ -43.619100460269294, -22.947450509353597 ], [ -43.617784291177067, -22.946608314989266 ], [ -43.617062664747976, -22.946327282167839 ], [ -43.616938063526831, -22.94500982905636 ], [ -43.616737682499007, -22.944316891535394 ], [ -43.615972273948962, -22.943327386452008 ], [ -43.615386258999131, -22.942755265853165 ], [ -43.614738432560479, -22.942239321568309 ], [ -43.614112037501748, -22.942013750165501 ], [ -43.613484157431017, -22.937654455751495 ], [ -43.613436129241514, -22.936185034056447 ], [ -43.614697470235427, -22.934688751816502 ], [ -43.61634009549568, -22.934848129319096 ], [ -43.620665119463872, -22.935890370261685 ], [ -43.621706698665626, -22.936223115825758 ], [ -43.62283662274104, -22.937347074866572 ], [ -43.626582872538705, -22.939168720055577 ], [ -43.627211602612114, -22.93918319287118 ], [ -43.628064882147562, -22.93933625249807 ], [ -43.629681814649125, -22.939759721682361 ], [ -43.630519745029822, -22.939636177049596 ], [ -43.631718105486584, -22.938288774536197 ], [ -43.632424294353541, -22.937960057033177 ], [ -43.632931961287213, -22.937512661015862 ], [ -43.633445634305204, -22.937244147458685 ], [ -43.636013058259799, -22.934531423357043 ], [ -43.636752084962659, -22.934426229990908 ], [ -43.642938101659695, -22.927260334968306 ], [ -43.642706558283706, -22.926826547433659 ], [ -43.642388502072663, -22.926502387835484 ], [ -43.644226692221011, -22.924142016694503 ], [ -43.644826501497491, -22.923891448234464 ], [ -43.64549080017855, -22.923970184681284 ], [ -43.646107322427433, -22.923823256956211 ], [ -43.646501773405944, -22.923524417118884 ], [ -43.646826804113353, -22.922989615833249 ], [ -43.647922572635494, -22.921966075461526 ], [ -43.6484370535184, -22.921597352979607 ], [ -43.648904195440089, -22.921459437548666 ], [ -43.651276203756993, -22.921188960235643 ], [ -43.651129256236388, -22.919811356078544 ], [ -43.650973556629083, -22.919307866328069 ], [ -43.651010172195257, -22.918652559341172 ], [ -43.651776442892505, -22.918572993894522 ], [ -43.651796604583694, -22.917550224061895 ], [ -43.651707103102773, -22.917461133338865 ], [ -43.651552804753734, -22.916313598296426 ], [ -43.651587419508459, -22.916116275780858 ], [ -43.657137945463752, -22.912408598169073 ], [ -43.658328803155584, -22.911514213580599 ], [ -43.661014601738792, -22.909939688409128 ], [ -43.662196677532613, -22.909428873213155 ], [ -43.660274414052402, -22.908391985290145 ], [ -43.658635404258071, -22.907394768416836 ], [ -43.656946583259533, -22.90559725974456 ], [ -43.656491228314565, -22.904693656924756 ], [ -43.655286308880498, -22.902688694808294 ], [ -43.654243235567726, -22.897504537841275 ], [ -43.654127369034434, -22.896531732421774 ], [ -43.653937436635395, -22.896455701649856 ], [ -43.653659546451692, -22.894100557041767 ], [ -43.653801208727707, -22.893990122846585 ], [ -43.653318782036408, -22.88997789113446 ], [ -43.653504911029977, -22.889430786594783 ], [ -43.655362062454159, -22.887368006396319 ], [ -43.647312111207349, -22.884853897056402 ], [ -43.643983897501698, -22.883946749366007 ], [ -43.644026486875944, -22.883447202325662 ], [ -43.643891418397786, -22.880372521901446 ], [ -43.643652421585124, -22.878164101602653 ], [ -43.644246638989735, -22.877955294691372 ], [ -43.646376242743145, -22.878522120337344 ], [ -43.648942495008697, -22.878069682797964 ], [ -43.652788075372449, -22.878158124716013 ], [ -43.653203853190377, -22.878231371476698 ], [ -43.655778751410466, -22.879452769033314 ], [ -43.65639951785581, -22.879853249684135 ], [ -43.656675083658804, -22.879902091880567 ], [ -43.657729881123878, -22.87979945517657 ], [ -43.658180761890243, -22.879882290119308 ], [ -43.659557869165276, -22.880428590279514 ], [ -43.659856253513468, -22.880456755837535 ], [ -43.660494538241487, -22.880355197033658 ], [ -43.66081970307264, -22.880455570228321 ], [ -43.661970073470229, -22.881362660369099 ], [ -43.662643620549375, -22.881761212553208 ], [ -43.664273503322676, -22.883155976165913 ], [ -43.665533789557742, -22.877949386121088 ], [ -43.665732203136855, -22.876646758356536 ], [ -43.665693093018135, -22.876539492911832 ], [ -43.663211145937474, -22.874281996280352 ], [ -43.662981122493925, -22.873694167585587 ], [ -43.662248730554637, -22.873664793492306 ], [ -43.661194469890958, -22.872942135542353 ], [ -43.660447028646644, -22.872917236496555 ], [ -43.65990624128807, -22.872801137486942 ], [ -43.659343921747876, -22.872326741234762 ], [ -43.658544137027718, -22.872064306029188 ], [ -43.66073528379561, -22.869066396209135 ], [ -43.661214664051862, -22.868216919556758 ], [ -43.661587611481885, -22.867923902128958 ], [ -43.662954414367697, -22.86749111757786 ], [ -43.663172500009786, -22.867555270335945 ], [ -43.663331711096085, -22.868476327119513 ], [ -43.666754262175125, -22.868123177281777 ], [ -43.66630523348045, -22.86509851795131 ], [ -43.668204537019392, -22.865025464833558 ], [ -43.669498563553027, -22.865275275983791 ], [ -43.669912330841342, -22.865251638387594 ], [ -43.670346601209104, -22.865124577992592 ], [ -43.671219314608159, -22.864680998364229 ], [ -43.672474309436303, -22.863943089672464 ], [ -43.673025136314067, -22.863826025195991 ], [ -43.673277602671718, -22.86388223179965 ], [ -43.673615180010906, -22.864187073266315 ], [ -43.67369255085304, -22.864640488355054 ], [ -43.673563971428273, -22.865004396346393 ], [ -43.675564770759394, -22.865098287423226 ], [ -43.675983230527912, -22.864912279366504 ], [ -43.676244505138641, -22.864924932380266 ], [ -43.676883301753328, -22.865446240108017 ], [ -43.677087561863331, -22.86546898221162 ], [ -43.677335672686262, -22.86527098841545 ], [ -43.677421431185927, -22.864627634122566 ], [ -43.677668588239428, -22.864145307233237 ], [ -43.677988379910474, -22.86397247481742 ], [ -43.678564049110214, -22.863977257267749 ] ] ] } },
{ "type": "Feature", "properties": { "objectid": 476, "nome": "Pedra de Guaratiba", "regiao_adm": "GUARATIBA               ", "area_plane": "5", "codbairro": "153", "codra": 26, "codbnum": 153, "link": "Pedra de Guaratiba        &area=153               ", "rp": "Guaratiba", "cod_rp": "5.4", "codbairro_long": 153, "st_area(shape)": 3636921.8822345068, "st_perimeter(shape)": 8804.3356348739962 }, "geometry": { "type": "Polygon", "coordinates": [ [ [ -43.627353703499274, -23.001439867008678 ], [ -43.62671708065831, -22.998329628979668 ], [ -43.626525384727742, -22.996757546037852 ], [ -43.626639198316155, -22.996404220994616 ], [ -43.628382829712933, -22.993323640259511 ], [ -43.628639799282475, -22.992926484944586 ], [ -43.628849262700115, -22.992780088906223 ], [ -43.629288035740551, -22.98879144134002 ], [ -43.629532707313743, -22.988973739524116 ], [ -43.630204548038925, -22.989243816098654 ], [ -43.631899003646112, -22.989738851889236 ], [ -43.633401290592431, -22.989992060512609 ], [ -43.635362160410111, -22.990441309587172 ], [ -43.636121280903602, -22.990736137812824 ], [ -43.636356753248769, -22.991194536902203 ], [ -43.636616065139599, -22.991202728883259 ], [ -43.636918467294116, -22.99048469344358 ], [ -43.637127632131417, -22.990318412758892 ], [ -43.637492211221165, -22.990189417279886 ], [ -43.638102704240282, -22.990110580985732 ], [ -43.640453024522465, -22.990208801613743 ], [ -43.641201656971603, -22.990587600805327 ], [ -43.641694955716162, -22.991204360793006 ], [ -43.642006391515324, -22.991843582896813 ], [ -43.642431816610262, -22.992117459994081 ], [ -43.643091809015672, -22.992279271697974 ], [ -43.644014096003225, -22.992161086920465 ], [ -43.646381805128499, -22.992466557827655 ], [ -43.64758914119593, -22.992711062017648 ], [ -43.650305397379597, -22.993520981610576 ], [ -43.650617421549555, -22.993457527918672 ], [ -43.650214296507045, -22.996168483878833 ], [ -43.650395565516774, -22.996854631283309 ], [ -43.650460129523843, -22.997533824992399 ], [ -43.652531689016548, -23.00024480931484 ], [ -43.652887882640286, -23.00086389280164 ], [ -43.652693926283675, -23.001306783927568 ], [ -43.652814731670659, -23.001874371059138 ], [ -43.65260125990509, -23.001934058910312 ], [ -43.652953965390104, -23.002049776066755 ], [ -43.653284807033636, -23.002373036512921 ], [ -43.653181926318389, -23.002800985694996 ], [ -43.653006591936965, -23.002763278134076 ], [ -43.652906460477865, -23.002845247022556 ], [ -43.652285126205932, -23.002703945493273 ], [ -43.651861550914404, -23.002483937806161 ], [ -43.649546655561764, -23.002224601465219 ], [ -43.649008437363669, -23.001555368637849 ], [ -43.648302290982429, -23.001193041793133 ], [ -43.647569181731086, -23.001490790022341 ], [ -43.646953090236877, -23.002087038244927 ], [ -43.646205428970788, -23.002317008189227 ], [ -43.644052235811081, -23.001849982241989 ], [ -43.643358083108481, -23.00194826247273 ], [ -43.642805866009049, -23.002165167888798 ], [ -43.641690984077755, -23.003086502889253 ], [ -43.641015927931825, -23.003858971376832 ], [ -43.640457103731421, -23.004821647986027 ], [ -43.639515991318376, -23.005543776175539 ], [ -43.639158486317264, -23.005566624827548 ], [ -43.638843193844579, -23.00597160464709 ], [ -43.638755965941087, -23.006273775637915 ], [ -43.638257700384827, -23.006284213589336 ], [ -43.637679394427543, -23.005861073194733 ], [ -43.637115509366062, -23.00567305856676 ], [ -43.636324046095112, -23.005753760733814 ], [ -43.635465717032432, -23.005983084606758 ], [ -43.635000426193507, -23.006371952493623 ], [ -43.63457299447473, -23.006566330978778 ], [ -43.633684141898584, -23.007181124897738 ], [ -43.630178083854553, -23.008667424496895 ], [ -43.629140432170615, -23.007783638494121 ], [ -43.628927877275302, -23.007432273851354 ], [ -43.628902823802079, -23.007140604374541 ], [ -43.62874228238406, -23.00683638436799 ], [ -43.628721964874153, -23.006375413705552 ], [ -43.628335518071523, -23.005709142840814 ], [ -43.628171883273154, -23.005209270406198 ], [ -43.627488223003539, -23.001615163748596 ], [ -43.627353703499274, -23.001439867008678 ] ] ] } },
{ "type": "Feature", "properties": { "objectid": 341, "nome": "Parque Colúmbia", "regiao_adm": "PAVUNA                  ", "area_plane": "3", "codbairro": "159", "codra": 25, "codbnum": 159, "link": "Parque Colúmbia           &area=159               ", "rp": "Pavuna", "cod_rp": "3.6", "codbairro_long": 159, "st_area(shape)": 1517138.5418343781, "st_perimeter(shape)": 6179.2776771401413 }, "geometry": { "type": "Polygon", "coordinates": [ [ [ -43.330919022180147, -22.812664479455613 ], [ -43.339917972832076, -22.807691270386606 ], [ -43.340520819998765, -22.808530658571552 ], [ -43.340998247153713, -22.808795632166479 ], [ -43.344454801664895, -22.80855061784019 ], [ -43.344990174503401, -22.808640077024432 ], [ -43.345583110933994, -22.808859364864855 ], [ -43.346096237488275, -22.809202179459962 ], [ -43.346538730956873, -22.809771841308166 ], [ -43.347088622769867, -22.810814127101121 ], [ -43.347319857709017, -22.811575401444529 ], [ -43.34735219382992, -22.812932017257168 ], [ -43.347118863670147, -22.816969354563316 ], [ -43.347203372144854, -22.817756471723829 ], [ -43.347726509962662, -22.817853924435891 ], [ -43.349675243947978, -22.818884873198236 ], [ -43.350826447804771, -22.819323057509393 ], [ -43.351613547449944, -22.819918941744625 ], [ -43.351917801024577, -22.820687381694537 ], [ -43.35157468510927, -22.821407214688534 ], [ -43.351217238648339, -22.822709492871404 ], [ -43.349579605538587, -22.822196011094498 ], [ -43.34853554870157, -22.821975851610439 ], [ -43.34727111942361, -22.821271956514266 ], [ -43.346457887355903, -22.82069519686198 ], [ -43.344196504239918, -22.819327986967593 ], [ -43.343694672610383, -22.81885415148972 ], [ -43.343034616976425, -22.817866702079918 ], [ -43.342426989777955, -22.81724871089861 ], [ -43.34211867711624, -22.817222925700715 ], [ -43.340968478844516, -22.817485769364314 ], [ -43.340392297993077, -22.817457190539852 ], [ -43.340105204102535, -22.817352510110201 ], [ -43.339291098540656, -22.816683500728942 ], [ -43.338825965216692, -22.816535601373534 ], [ -43.338508794754198, -22.816573746605052 ], [ -43.337374928944811, -22.817160312674204 ], [ -43.336826471206649, -22.817022919750773 ], [ -43.334362771157394, -22.81427388983677 ], [ -43.333673788321541, -22.813837623474736 ], [ -43.333245380676715, -22.813675010844921 ], [ -43.331386835434905, -22.813262263027607 ], [ -43.331140834067426, -22.813120428618692 ], [ -43.330919022180147, -22.812664479455613 ] ] ] } },
{ "type": "Feature", "properties": { "objectid": 376, "nome": "Complexo do Alemão", "regiao_adm": "COMPLEXO DO ALEMÃO      ", "area_plane": "3", "codbairro": "156", "codra": 29, "codbnum": 156, "link": "Complexo do Alemão        &area=156               ", "rp": "Inhaúma", "cod_rp": "3.4", "codbairro_long": 156, "st_area(shape)": 2960863.1247469252, "st_perimeter(shape)": 11998.452432870083 }, "geometry": { "type": "Polygon", "coordinates": [ [ [ -43.266881475031894, -22.856670705052608 ], [ -43.267410409241826, -22.857715450857668 ], [ -43.268663064396151, -22.856762435506308 ], [ -43.269480115730417, -22.856279511053994 ], [ -43.269517968122329, -22.856199006616922 ], [ -43.269066507771136, -22.855568177443939 ], [ -43.26935123503074, -22.855353092391294 ], [ -43.270491909531358, -22.856623925845991 ], [ -43.271578093870545, -22.855701950867463 ], [ -43.270979226096316, -22.85509923474666 ], [ -43.272080189486161, -22.854232504301901 ], [ -43.27333789357742, -22.855095946841718 ], [ -43.275205399542841, -22.853714358216095 ], [ -43.276124601443883, -22.85377434701569 ], [ -43.276320636857328, -22.853876352322356 ], [ -43.276507137416012, -22.853590922980903 ], [ -43.276650496268424, -22.853550572924874 ], [ -43.277483552493941, -22.853788973267246 ], [ -43.278508812348406, -22.853265717600959 ], [ -43.278855379672109, -22.853222145190113 ], [ -43.279084125937587, -22.853086719507814 ], [ -43.279358710395428, -22.853126172884551 ], [ -43.279485627226116, -22.85325406592359 ], [ -43.279779148191615, -22.853275480308596 ], [ -43.279975481104152, -22.853392744595244 ], [ -43.280404565457559, -22.853420230528496 ], [ -43.280593513257585, -22.853582477745967 ], [ -43.281001224688879, -22.853736612379546 ], [ -43.281873987442467, -22.853677494359971 ], [ -43.281521393103851, -22.855479028223776 ], [ -43.282720984791766, -22.855738607991931 ], [ -43.283223271881113, -22.856215163642993 ], [ -43.283669857784353, -22.856898193289489 ], [ -43.283997905765425, -22.85704974658022 ], [ -43.284434305058682, -22.857054452395559 ], [ -43.285567131017729, -22.85754998811214 ], [ -43.285880032984885, -22.857588579304927 ], [ -43.284290618032045, -22.860372703831619 ], [ -43.28494596546922, -22.860705781147587 ], [ -43.285395614267173, -22.861255363315003 ], [ -43.285605618945326, -22.863049061388875 ], [ -43.285187652007039, -22.863010691172974 ], [ -43.285126127922958, -22.863145399051191 ], [ -43.285623625139856, -22.863206209154704 ], [ -43.285817158697562, -22.865248979194408 ], [ -43.284250506108684, -22.865429050549597 ], [ -43.281791137830112, -22.865544107466075 ], [ -43.281366652243662, -22.86549644510848 ], [ -43.280551029262298, -22.866429537974565 ], [ -43.279804430988847, -22.86584277595589 ], [ -43.280277527268638, -22.867316110857839 ], [ -43.277649656108387, -22.867884789844183 ], [ -43.276012760228497, -22.86862419387186 ], [ -43.2759804654685, -22.86854997250698 ], [ -43.27588041455757, -22.868585822746667 ], [ -43.276054965378066, -22.868963213142145 ], [ -43.275694188676901, -22.869125558768861 ], [ -43.274505390128091, -22.868096347365068 ], [ -43.274449098755525, -22.868147302085355 ], [ -43.274325207829129, -22.868049329287871 ], [ -43.276137038628185, -22.866043020886021 ], [ -43.27563471785912, -22.865638236693929 ], [ -43.275659463718185, -22.864781759117783 ], [ -43.276935295113873, -22.86337522876736 ], [ -43.27642524989021, -22.863034752768186 ], [ -43.276552877397492, -22.862836466035748 ], [ -43.276456270120782, -22.862777442111497 ], [ -43.276335901732963, -22.862956481653892 ], [ -43.275797993920534, -22.862615704597964 ], [ -43.272940519304271, -22.865966535523288 ], [ -43.272024619119385, -22.867203009192959 ], [ -43.271438780075563, -22.867114735206314 ], [ -43.269974530259589, -22.867117148292429 ], [ -43.268950032016448, -22.868138482882095 ], [ -43.268134289048554, -22.868858020574159 ], [ -43.267948791165651, -22.868938272067229 ], [ -43.267280916083273, -22.868779010949083 ], [ -43.265716621841804, -22.8678942000391 ], [ -43.264545863387823, -22.865889349256527 ], [ -43.261134378192104, -22.866219461317023 ], [ -43.260099107593312, -22.866467863577594 ], [ -43.258247108461966, -22.866707316763666 ], [ -43.257999508064607, -22.866292897286456 ], [ -43.258074028860001, -22.865805966232834 ], [ -43.257407170020691, -22.865576959312754 ], [ -43.258195392986792, -22.863257844741678 ], [ -43.259222976319826, -22.863611084217951 ], [ -43.25980877899147, -22.86189461864322 ], [ -43.261843137732363, -22.862459150176601 ], [ -43.262241759686667, -22.862446979765316 ], [ -43.26269047099229, -22.862641885321985 ], [ -43.26516037135108, -22.861639519885607 ], [ -43.265652094042622, -22.861670257524114 ], [ -43.267124537914583, -22.861977633292774 ], [ -43.267726628864629, -22.861927205844466 ], [ -43.267572447514858, -22.860614358322206 ], [ -43.267331291190203, -22.859690147995181 ], [ -43.266241750952517, -22.859474094572963 ], [ -43.266065245802778, -22.859261392730801 ], [ -43.26446006108597, -22.859118998249194 ], [ -43.263599006885087, -22.858629801745245 ], [ -43.262205501604384, -22.858003571279131 ], [ -43.263175250817042, -22.856181016178294 ], [ -43.266091947206256, -22.857517943957408 ], [ -43.266609380644852, -22.856634508136509 ], [ -43.266765363019125, -22.85672886323972 ], [ -43.266881475031894, -22.856670705052608 ] ] ] } },
{ "type": "Feature", "properties": { "objectid": 413, "nome": "Vasco da Gama", "regiao_adm": "SAO CRISTOVAO           ", "area_plane": "1", "codbairro": "158", "codra": 7, "codbnum": 158, "link": "Vasco da Gama             &area=158               ", "rp": "Centro", "cod_rp": "1.1", "codbairro_long": 158, "st_area(shape)": 863076.83431614446, "st_perimeter(shape)": 4349.9829054856973 }, "geometry": { "type": "Polygon", "coordinates": [ [ [ -43.22070329123823, -22.893697564201382 ], [ -43.227670413817812, -22.885001516421084 ], [ -43.228259565025112, -22.885220392150345 ], [ -43.229954416096717, -22.886546357217227 ], [ -43.230602115784208, -22.886903502317054 ], [ -43.230678118330523, -22.887265931603327 ], [ -43.23366355923956, -22.889661532785055 ], [ -43.232648722713954, -22.891393059662008 ], [ -43.231414351353912, -22.891357926518495 ], [ -43.228873091961873, -22.891543470459837 ], [ -43.228537352205919, -22.894287634460877 ], [ -43.227440611611094, -22.894318210388903 ], [ -43.225783149751116, -22.898865283267792 ], [ -43.22070329123823, -22.893697564201382 ] ] ] } },
{ "type": "Feature", "properties": { "objectid": 454, "nome": "Curicica", "regiao_adm": "JACAREPAGUA             ", "area_plane": "4", "codbairro": "119", "codra": 16, "codbnum": 119, "link": "Curicica                  &area=119               ", "rp": "Jacarepaguá", "cod_rp": "4.1", "codbairro_long": 119, "st_area(shape)": 3339574.4135224451, "st_perimeter(shape)": 9985.6921828179475 }, "geometry": { "type": "Polygon", "coordinates": [ [ [ -43.380649318490292, -22.957746986177916 ], [ -43.376530448068024, -22.954672906466772 ], [ -43.377138259889733, -22.95405355074406 ], [ -43.378391450259478, -22.953605157673792 ], [ -43.378728333806897, -22.953199498068201 ], [ -43.37888378869912, -22.952437607257067 ], [ -43.378671138373775, -22.951747454497166 ], [ -43.37866625335608, -22.950504470510364 ], [ -43.37858504383685, -22.950232621003295 ], [ -43.378351302203242, -22.950011410230417 ], [ -43.377085662864602, -22.949380837346023 ], [ -43.375786729331153, -22.948942815310346 ], [ -43.375462394986677, -22.948256752442486 ], [ -43.375309099544047, -22.947513920214686 ], [ -43.375434737198411, -22.947053182862426 ], [ -43.376251278824796, -22.945952809303876 ], [ -43.378353599589389, -22.943526644606976 ], [ -43.378290571717244, -22.941713030015563 ], [ -43.378179339239026, -22.940908947948987 ], [ -43.378172471944993, -22.940208613885339 ], [ -43.378271026812264, -22.939867075258171 ], [ -43.380072086668271, -22.937926469397528 ], [ -43.380704230414544, -22.937450394675448 ], [ -43.384208034048086, -22.941598379391937 ], [ -43.384318630944406, -22.942073001665687 ], [ -43.384709899144546, -22.942659576013483 ], [ -43.385116216599108, -22.942989098984327 ], [ -43.388017987259801, -22.944837092830294 ], [ -43.3898458166179, -22.946512936675802 ], [ -43.391790560101271, -22.952350899795434 ], [ -43.391751907674994, -22.952560028168655 ], [ -43.391101064071563, -22.953641121714742 ], [ -43.391209092147889, -22.954014027636283 ], [ -43.391628794903966, -22.954609362860271 ], [ -43.394487161944667, -22.957072817508827 ], [ -43.395420974120206, -22.957779553371918 ], [ -43.395802352796096, -22.957914182773415 ], [ -43.398095848527227, -22.957924180264044 ], [ -43.398679387028565, -22.957777991423598 ], [ -43.399782528522493, -22.957274266276471 ], [ -43.40237040775316, -22.95666394076072 ], [ -43.402941853151567, -22.956608194317504 ], [ -43.403603396751556, -22.956777595319629 ], [ -43.404150706152954, -22.957208014362088 ], [ -43.40463492361819, -22.95797086359315 ], [ -43.405270934696937, -22.960601142697566 ], [ -43.405259960369563, -22.960938161092962 ], [ -43.405022698378211, -22.961469059387831 ], [ -43.404404859377124, -22.962060968890309 ], [ -43.403356928322552, -22.963308896181609 ], [ -43.382074231146952, -22.958309891084422 ], [ -43.381140961091916, -22.958022122183326 ], [ -43.380649318490292, -22.957746986177916 ] ] ] } },
{ "type": "Feature", "properties": { "objectid": 463, "nome": "Gardênia Azul", "regiao_adm": "JACAREPAGUA             ", "area_plane": "4", "codbairro": "117", "codra": 16, "codbnum": 117, "link": "Gardênia Azul             &area=117               ", "rp": "Jacarepaguá", "cod_rp": "4.1", "codbairro_long": 117, "st_area(shape)": 1236294.8056899323, "st_perimeter(shape)": 4618.1122396363216 }, "geometry": { "type": "Polygon", "coordinates": [ [ [ -43.349637613326756, -22.955575316799312 ], [ -43.349628130766675, -22.954966537279656 ], [ -43.349213685603004, -22.954596381428019 ], [ -43.351158476119323, -22.953543111057432 ], [ -43.352021485620668, -22.9527394810098 ], [ -43.352199005801346, -22.952704027882977 ], [ -43.354102874356741, -22.952809550155692 ], [ -43.355389228256826, -22.953505038861092 ], [ -43.356763994674886, -22.953660893038975 ], [ -43.357116602570358, -22.953791337085647 ], [ -43.35714481901811, -22.954119633398523 ], [ -43.357025304255671, -22.954681293883088 ], [ -43.356437607546113, -22.956017105103044 ], [ -43.356348606654365, -22.956724385334166 ], [ -43.35649204002523, -22.957508671494988 ], [ -43.357103549672722, -22.958868106773707 ], [ -43.35725760225899, -22.959443708146225 ], [ -43.357195828308953, -22.960561365337352 ], [ -43.356938382772611, -22.962545497170556 ], [ -43.356976178909697, -22.96275088911182 ], [ -43.349107358991326, -22.963354957804412 ], [ -43.348528202291583, -22.963311718165148 ], [ -43.346856111947858, -22.963443393677238 ], [ -43.345888792992291, -22.963625932724746 ], [ -43.34458892280194, -22.961837531242978 ], [ -43.343694948262623, -22.959738637418194 ], [ -43.343573764059101, -22.959135369707877 ], [ -43.343518979038201, -22.957388230945824 ], [ -43.344868567475793, -22.956930187746579 ], [ -43.34835004862849, -22.956123724616301 ], [ -43.34942652576224, -22.955604276478237 ], [ -43.349637613326756, -22.955575316799312 ] ] ] } },
{ "type": "Feature", "properties": { "objectid": 430, "nome": "Taquara", "regiao_adm": "JACAREPAGUA             ", "area_plane": "4", "codbairro": "122", "codra": 16, "codbnum": 122, "link": "Taquara                   &area=122               ", "rp": "Jacarepaguá", "cod_rp": "4.1", "codbairro_long": 122, "st_area(shape)": 13206665.317426307, "st_perimeter(shape)": 22254.690293555919 }, "geometry": { "type": "Polygon", "coordinates": [ [ [ -43.375251115882101, -22.914194116720683 ], [ -43.375607630267005, -22.914120909891949 ], [ -43.375942519559537, -22.913882664463237 ], [ -43.376196188296703, -22.913489789911427 ], [ -43.376417839362922, -22.912797301061698 ], [ -43.377481656639091, -22.91208325205092 ], [ -43.378079574820433, -22.911163951736597 ], [ -43.378638896489697, -22.909988854985222 ], [ -43.378623401913899, -22.908299895647826 ], [ -43.378770612339764, -22.907889493648831 ], [ -43.379005734956152, -22.907562441761154 ], [ -43.379698010879309, -22.907174034627033 ], [ -43.379607598364089, -22.907013804318805 ], [ -43.380102093182181, -22.906927363513134 ], [ -43.381930873506228, -22.90551729284897 ], [ -43.383287196404304, -22.905177354653194 ], [ -43.385532903275582, -22.903623100008055 ], [ -43.385828166912255, -22.902874445793302 ], [ -43.386563365127913, -22.902587139590462 ], [ -43.387455542816866, -22.9027251608257 ], [ -43.389154001362108, -22.90325056984782 ], [ -43.390513420958122, -22.903330815231399 ], [ -43.393265416623521, -22.903978743108844 ], [ -43.393843035204576, -22.904009058971919 ], [ -43.394645033229324, -22.904190831683742 ], [ -43.409897104577645, -22.905828033106804 ], [ -43.410470644060119, -22.906033902426671 ], [ -43.412532510450347, -22.906104281503982 ], [ -43.415546440424194, -22.906424890860379 ], [ -43.419805732863139, -22.909405244293911 ], [ -43.417994666179837, -22.910417311617405 ], [ -43.416200856685805, -22.91121630048292 ], [ -43.415742619241982, -22.911555101049675 ], [ -43.41556412056709, -22.911999100393313 ], [ -43.415441837810413, -22.912739966051909 ], [ -43.415521902820259, -22.913056403482727 ], [ -43.415722055779426, -22.913324276455647 ], [ -43.415681742150653, -22.913705982013472 ], [ -43.414753828355316, -22.914845844073675 ], [ -43.414527490258749, -22.915286650336583 ], [ -43.414747909682021, -22.916377013704789 ], [ -43.414885518614149, -22.916372877445504 ], [ -43.415021357824102, -22.916512679418439 ], [ -43.414956772192561, -22.916927376766651 ], [ -43.41474056561551, -22.917008304844959 ], [ -43.414467019046505, -22.916889253085589 ], [ -43.414180034677891, -22.916886387439284 ], [ -43.412865731959712, -22.917321833162841 ], [ -43.409660346440567, -22.918942909392289 ], [ -43.40885115416696, -22.919117502880759 ], [ -43.406774021974911, -22.91908556782969 ], [ -43.405454997292452, -22.918645969210676 ], [ -43.404809697858404, -22.918611762472992 ], [ -43.40483760129424, -22.918268680960928 ], [ -43.403313231492369, -22.917749426153094 ], [ -43.402207755190517, -22.917450304748009 ], [ -43.401306896042023, -22.917286175190053 ], [ -43.400912194121567, -22.917298817301365 ], [ -43.398686145547885, -22.91748130116186 ], [ -43.396034931533258, -22.91796958695851 ], [ -43.395226937602985, -22.918811516555124 ], [ -43.394788096347988, -22.919011996355408 ], [ -43.39336845192318, -22.919246806083304 ], [ -43.392449495137996, -22.919608590864492 ], [ -43.391951938475806, -22.919719782285156 ], [ -43.391881226291979, -22.920383120511485 ], [ -43.391319074176927, -22.921992991444089 ], [ -43.39076155283901, -22.924142149504398 ], [ -43.390658508182952, -22.925214173331078 ], [ -43.392014462021635, -22.927844658735332 ], [ -43.392179103255486, -22.92807887647329 ], [ -43.393019477032801, -22.928812849391896 ], [ -43.392803468195375, -22.928874331245392 ], [ -43.387879800318785, -22.93191184332661 ], [ -43.387213588374088, -22.932132117558631 ], [ -43.384226057061355, -22.932719180853368 ], [ -43.384008298073297, -22.932927477441634 ], [ -43.383846424528635, -22.93297008019616 ], [ -43.38338241208352, -22.934283431948817 ], [ -43.382672808089602, -22.935126200605335 ], [ -43.382593816311569, -22.935734625767093 ], [ -43.383002483580242, -22.937070685458242 ], [ -43.383039832089949, -22.937957097115842 ], [ -43.383137245330602, -22.938309758507916 ], [ -43.38326078043994, -22.938482696432889 ], [ -43.384079279791472, -22.939039306454045 ], [ -43.384326158838128, -22.939401705677362 ], [ -43.384427946996936, -22.939386125025504 ], [ -43.38445695474131, -22.939463996647415 ], [ -43.384276640368043, -22.940550396871604 ], [ -43.384368501801426, -22.941880426797415 ], [ -43.384285071276693, -22.941893755890916 ], [ -43.384208034048086, -22.941598379391937 ], [ -43.380704230414544, -22.937450394675448 ], [ -43.380072086668271, -22.937926469397528 ], [ -43.378271026812264, -22.939867075258171 ], [ -43.378172471944993, -22.940208613885339 ], [ -43.378179339239026, -22.940908947948987 ], [ -43.378290571717244, -22.941713030015563 ], [ -43.378353599589389, -22.943526644606976 ], [ -43.376251278824796, -22.945952809303876 ], [ -43.375434737198411, -22.947053182862426 ], [ -43.375309099544047, -22.947513920214686 ], [ -43.37497944178029, -22.947535560254948 ], [ -43.374946075030898, -22.947422693575337 ], [ -43.374154005179371, -22.947607477974582 ], [ -43.373821724295077, -22.947081631146101 ], [ -43.373301451379163, -22.947036108309948 ], [ -43.372426190469319, -22.947646113168322 ], [ -43.372039192757263, -22.947692174471605 ], [ -43.371777782018157, -22.946679830265559 ], [ -43.371693339290083, -22.946801784484773 ], [ -43.371560462627706, -22.946823449463295 ], [ -43.371273606764184, -22.946544156591205 ], [ -43.370888144981734, -22.944808783046966 ], [ -43.371442971090069, -22.942096429517065 ], [ -43.370662669225204, -22.942180534077519 ], [ -43.370568736522308, -22.941718900515045 ], [ -43.37046154909423, -22.94166397521921 ], [ -43.36846940735871, -22.941877765522289 ], [ -43.369235861250296, -22.942623926039023 ], [ -43.36947350106238, -22.942973247157685 ], [ -43.369512949103203, -22.943334982617124 ], [ -43.369341006708368, -22.943484124433468 ], [ -43.368524122553673, -22.943820887282104 ], [ -43.367635409983095, -22.943934838541246 ], [ -43.36752023973515, -22.94430952219728 ], [ -43.367399627229418, -22.944292565430587 ], [ -43.367359663402574, -22.944364493815538 ], [ -43.365714379221941, -22.94381879086578 ], [ -43.365233601642466, -22.944504886516853 ], [ -43.364291023841467, -22.944986544955036 ], [ -43.362924067247654, -22.944219986621086 ], [ -43.362826373197755, -22.944073129952038 ], [ -43.361991838091406, -22.941427123615608 ], [ -43.361446568780501, -22.941516404913994 ], [ -43.361422578911281, -22.94145167816918 ], [ -43.360871989378687, -22.939804618004334 ], [ -43.36047047238393, -22.937422897302213 ], [ -43.360592515552348, -22.937385233088303 ], [ -43.361673694602629, -22.93768222625927 ], [ -43.362346317865246, -22.93735565873002 ], [ -43.362988925582378, -22.936216803588906 ], [ -43.363286940434861, -22.935929711707498 ], [ -43.363734115682824, -22.935676671294534 ], [ -43.363795375162219, -22.934863161974707 ], [ -43.363746348868048, -22.93426932379251 ], [ -43.363102339860049, -22.932614804637392 ], [ -43.36238075392334, -22.931574491624659 ], [ -43.362154204201808, -22.931359926040102 ], [ -43.360828546032565, -22.928656916069897 ], [ -43.360505089031385, -22.928337401597734 ], [ -43.359495616947775, -22.927913445687853 ], [ -43.359135743409894, -22.927509113963168 ], [ -43.360728453203379, -22.927049909128797 ], [ -43.362419832371209, -22.926419304026886 ], [ -43.364085625150203, -22.925953231253498 ], [ -43.364193560261391, -22.92585545459492 ], [ -43.36483994738137, -22.924362794216048 ], [ -43.365186680616119, -22.92115901649678 ], [ -43.36509604701822, -22.920806596583585 ], [ -43.364221847583693, -22.919545451503254 ], [ -43.363056456754663, -22.918835979079088 ], [ -43.363781190894819, -22.917733993956269 ], [ -43.364826930527457, -22.918283012058581 ], [ -43.367218439706626, -22.918346091258002 ], [ -43.36827803385966, -22.918488745945933 ], [ -43.368921603047511, -22.918462393133144 ], [ -43.370552093840089, -22.91796292334454 ], [ -43.371148482152556, -22.917666957604897 ], [ -43.371412949421355, -22.917367674189915 ], [ -43.371981141025906, -22.915212378713903 ], [ -43.372271519120659, -22.914726507975139 ], [ -43.3731726905418, -22.914230549369705 ], [ -43.375251115882101, -22.914194116720683 ] ] ] } },
{ "type": "Feature", "properties": { "objectid": 421, "nome": "Santo Cristo", "regiao_adm": "PORTUARIA               ", "area_plane": "1", "codbairro": "003", "codra": 1, "codbnum": 3, "link": "Santo Cristo              &area=3                 ", "rp": "Centro", "cod_rp": "1.1", "codbairro_long": 3, "st_area(shape)": 1684725.1769949349, "st_perimeter(shape)": 6743.2278848728156 }, "geometry": { "type": "Polygon", "coordinates": [ [ [ -43.194498082949806, -22.903378003392305 ], [ -43.194587236183217, -22.903263065258667 ], [ -43.195620813038495, -22.903657427741319 ], [ -43.196988404403662, -22.903406286328241 ], [ -43.196857283740904, -22.902906228723527 ], [ -43.198664841692626, -22.902509346732632 ], [ -43.199356171088439, -22.902285282672775 ], [ -43.199705355058292, -22.901906529571455 ], [ -43.200102427258251, -22.901215323391906 ], [ -43.199302076334099, -22.90078660910817 ], [ -43.198770574367479, -22.900666891954994 ], [ -43.198456489146558, -22.900425197496492 ], [ -43.198212927905701, -22.899921608091667 ], [ -43.198348419559878, -22.899899304266864 ], [ -43.197705683223965, -22.897885541596473 ], [ -43.19627815852391, -22.897307379592799 ], [ -43.196834654730786, -22.896575003536718 ], [ -43.196859556115648, -22.896409219313536 ], [ -43.196137069332963, -22.893132001935903 ], [ -43.196025032003213, -22.892088978421441 ], [ -43.209555778471461, -22.897644115538579 ], [ -43.209960755733391, -22.897749458464371 ], [ -43.210328727757513, -22.89773355589227 ], [ -43.210190604547599, -22.900199669516304 ], [ -43.210004848252979, -22.90019757681041 ], [ -43.209986510360558, -22.90036199651254 ], [ -43.210180454375987, -22.900356685299109 ], [ -43.210031163983494, -22.903115891118507 ], [ -43.209845403733667, -22.903113797974857 ], [ -43.209842457609824, -22.903338263890458 ], [ -43.210012040537592, -22.903340174774605 ], [ -43.209835818376831, -22.906308581405728 ], [ -43.209633873872932, -22.906306305393407 ], [ -43.209622344609613, -22.906575554936197 ], [ -43.209799726757808, -22.906592543823123 ], [ -43.209632662795926, -22.909478694140489 ], [ -43.208477822876574, -22.909373923709055 ], [ -43.207829389713297, -22.909217876828826 ], [ -43.205944131020942, -22.90845465368956 ], [ -43.204664789958805, -22.907671704986388 ], [ -43.203284792718804, -22.90654644005005 ], [ -43.202726560490369, -22.906182339853981 ], [ -43.200805403540784, -22.905323196748899 ], [ -43.199615128779499, -22.904937929094789 ], [ -43.197550991791701, -22.904515376846874 ], [ -43.194498082949806, -22.903378003392305 ] ] ] } },
{ "type": "Feature", "properties": { "objectid": 482, "nome": "Caju", "regiao_adm": "PORTUARIA               ", "area_plane": "1", "codbairro": "004", "codra": 1, "codbnum": 4, "link": "Caju                      &area=4                 ", "rp": "Centro", "cod_rp": "1.1", "codbairro_long": 4, "st_area(shape)": 5347494.8486350374, "st_perimeter(shape)": 19800.52252353646 }, "geometry": { "type": "MultiPolygon", "coordinates": [ [ [ [ -43.225222417884687, -22.874649846693245 ], [ -43.225234307495242, -22.874432341443431 ], [ -43.225603376739194, -22.874469511015054 ], [ -43.225678814903546, -22.874596510414822 ], [ -43.225450786583572, -22.874684996512748 ], [ -43.225539735730877, -22.87471723209817 ], [ -43.225751575712358, -22.874591992437956 ], [ -43.225886904062179, -22.874339744832731 ], [ -43.226274520043397, -22.874187117908409 ], [ -43.2264852889003, -22.874346961505481 ], [ -43.226571302920753, -22.87426745858436 ], [ -43.226534289260222, -22.874198503013929 ], [ -43.226645647960204, -22.874163533299907 ], [ -43.227608261139409, -22.874445452784961 ], [ -43.226433825001855, -22.873919784350942 ], [ -43.225959193115749, -22.87355407995388 ], [ -43.225883802002457, -22.873206105490119 ], [ -43.225989651193061, -22.872409798489155 ], [ -43.225443472887974, -22.872413275362362 ], [ -43.225989638712143, -22.872335744226504 ], [ -43.225935067148761, -22.872320598079 ], [ -43.225999019422581, -22.872198859034658 ], [ -43.22591665200418, -22.87213255630239 ], [ -43.225985758730168, -22.871471656958523 ], [ -43.225908870157269, -22.87121649893886 ], [ -43.225740720585748, -22.871219680195626 ], [ -43.225670005339325, -22.870946891076422 ], [ -43.225735003181512, -22.870467100608327 ], [ -43.226093248932429, -22.870136243047479 ], [ -43.226024642534178, -22.869956311649219 ], [ -43.226189247333501, -22.869145396846893 ], [ -43.22647389012181, -22.868966334544815 ], [ -43.228064259320988, -22.868549417058169 ], [ -43.228424445340366, -22.868226072403111 ], [ -43.228913369033478, -22.868075016875856 ], [ -43.22981694750252, -22.867946546955029 ], [ -43.230913887893223, -22.867989726428114 ], [ -43.231987325133943, -22.868531124838565 ], [ -43.232399064497635, -22.869110498274821 ], [ -43.232937006205162, -22.86914013599581 ], [ -43.233525122651663, -22.870692975920583 ], [ -43.234735384295291, -22.873212132718276 ], [ -43.23506727243609, -22.874783887240397 ], [ -43.235367170223057, -22.875370231550139 ], [ -43.236822047129053, -22.876974580693908 ], [ -43.239283073892047, -22.879913044419581 ], [ -43.237683250202764, -22.882035300584061 ], [ -43.234095288812, -22.885960000630387 ], [ -43.233541450069694, -22.886430481725665 ], [ -43.233735454580341, -22.886554640479869 ], [ -43.233553937323869, -22.886723211590194 ], [ -43.233047112551006, -22.88694207811518 ], [ -43.23262889916731, -22.887054194581129 ], [ -43.23244859864559, -22.8864740525228 ], [ -43.232283588870111, -22.886323665776256 ], [ -43.231957215542231, -22.886245712588931 ], [ -43.230624075548597, -22.886540449493186 ], [ -43.230602115784208, -22.886903502317054 ], [ -43.229954416096717, -22.886546357217227 ], [ -43.228259565025112, -22.885220392150345 ], [ -43.227594619337239, -22.884983964832291 ], [ -43.22690664210662, -22.884982523525352 ], [ -43.226537651743676, -22.88510221597635 ], [ -43.225890925621556, -22.885496317331601 ], [ -43.223073070403657, -22.888241914379876 ], [ -43.222634893948026, -22.888546491126682 ], [ -43.222198246343723, -22.888733507181509 ], [ -43.221903443950566, -22.888798299567192 ], [ -43.219280568923878, -22.888855538816578 ], [ -43.219270853216138, -22.888576928123243 ], [ -43.218305409867234, -22.888587781888155 ], [ -43.217909378731967, -22.888224289062922 ], [ -43.217872112224505, -22.888517905395446 ], [ -43.21747964709089, -22.889411047093702 ], [ -43.217021270291795, -22.890238338135234 ], [ -43.214821146432868, -22.894998275846046 ], [ -43.214411172370795, -22.895699310944302 ], [ -43.213400141888378, -22.896381126632711 ], [ -43.210631523605549, -22.89897052932886 ], [ -43.210604832906455, -22.898627522395039 ], [ -43.210313240264021, -22.898854338155235 ], [ -43.210328727757513, -22.89773355589227 ], [ -43.21084968452508, -22.897609564632027 ], [ -43.216045142234819, -22.886704582115346 ], [ -43.215971530286531, -22.886318875969533 ], [ -43.210170957200319, -22.88005432224244 ], [ -43.209696250619622, -22.880402250934512 ], [ -43.202437447842357, -22.872617078713819 ], [ -43.202662605025303, -22.872443800387799 ], [ -43.204469795029439, -22.874355288631836 ], [ -43.204838676811164, -22.874065150213152 ], [ -43.204687434795567, -22.873604874340064 ], [ -43.204987495199411, -22.873219589050507 ], [ -43.204989129967032, -22.872880242177136 ], [ -43.204729896288036, -22.87272506201149 ], [ -43.204375260183838, -22.872146989841202 ], [ -43.204436087234129, -22.871856714696019 ], [ -43.204718008378677, -22.871449912944716 ], [ -43.204641768309685, -22.871252278165962 ], [ -43.20677600972396, -22.869543407369619 ], [ -43.206856749559307, -22.869591634739184 ], [ -43.20704989617812, -22.869435867231079 ], [ -43.207005877121546, -22.869351930181097 ], [ -43.209916803696167, -22.867028659198343 ], [ -43.210415257567789, -22.867564358639058 ], [ -43.210520738372402, -22.867777040664748 ], [ -43.211395912950259, -22.868449002173669 ], [ -43.212658956382128, -22.870334684957626 ], [ -43.213015730337816, -22.870572944570096 ], [ -43.213146431379265, -22.870474807501111 ], [ -43.213791420768032, -22.871156542546249 ], [ -43.213644240838974, -22.871337396003753 ], [ -43.213696968185168, -22.871545600557269 ], [ -43.213563602079006, -22.871489829140568 ], [ -43.213373261795375, -22.871557948263785 ], [ -43.212730306443582, -22.872105648329995 ], [ -43.212540844621586, -22.872367212360899 ], [ -43.212551945166169, -22.872553816129678 ], [ -43.212704034084368, -22.872742908478056 ], [ -43.212661738443153, -22.87310040137616 ], [ -43.212842076363692, -22.873171241506824 ], [ -43.212887588590554, -22.873081809157011 ], [ -43.21308207275468, -22.873084535571273 ], [ -43.213158909467744, -22.872917431547535 ], [ -43.213351209792854, -22.872796418760121 ], [ -43.21340806327806, -22.872808433224233 ], [ -43.213426043752321, -22.873080364064752 ], [ -43.214646246993624, -22.872895937544921 ], [ -43.216522813036455, -22.873583535888631 ], [ -43.216763404301489, -22.873786984205783 ], [ -43.216951108079378, -22.874465836843378 ], [ -43.216813463481827, -22.874729880870827 ], [ -43.216906671589754, -22.874831255106486 ], [ -43.216827399482696, -22.875244777460139 ], [ -43.216955297588747, -22.875876270746211 ], [ -43.217945603456144, -22.875431963308749 ], [ -43.217899882983374, -22.875350718069384 ], [ -43.21800851419448, -22.875293688641367 ], [ -43.217776011104206, -22.874895906486607 ], [ -43.217838777959429, -22.874865634373265 ], [ -43.218068372080175, -22.8752623001835 ], [ -43.218874159589305, -22.874864864114571 ], [ -43.219014544927234, -22.875003067423002 ], [ -43.219161144047234, -22.875008593314426 ], [ -43.219336711909811, -22.875385958339557 ], [ -43.219543104863192, -22.875596694862622 ], [ -43.21974188740932, -22.875419574278499 ], [ -43.219725294907825, -22.875301900471992 ], [ -43.21898708421876, -22.874418484974122 ], [ -43.218274461395254, -22.873696277056322 ], [ -43.218225566360168, -22.873238605979292 ], [ -43.218778741446982, -22.872138650406402 ], [ -43.219027084280278, -22.872173761069845 ], [ -43.219713886461882, -22.87253671207004 ], [ -43.220208536608581, -22.872538817209918 ], [ -43.221187276989333, -22.872882452804614 ], [ -43.221364603136166, -22.872481584096775 ], [ -43.221474423863604, -22.872519927834055 ], [ -43.220813425352297, -22.874058020092164 ], [ -43.221460681217231, -22.874300777768916 ], [ -43.222157090755694, -22.87276696065106 ], [ -43.222261593196563, -22.872809398457171 ], [ -43.222150452432622, -22.873067242078633 ], [ -43.222485814924681, -22.873192903221756 ], [ -43.222621534435973, -22.873098335261407 ], [ -43.224067945966539, -22.873646304371587 ], [ -43.223718912814377, -22.87458627905044 ], [ -43.223957679840112, -22.87463870426939 ], [ -43.223922617843058, -22.874906791536617 ], [ -43.224091857577399, -22.874999889282922 ], [ -43.224297129767862, -22.87472042786202 ], [ -43.224380765410601, -22.874771391888519 ], [ -43.224175579783697, -22.875051846843999 ], [ -43.224870914614144, -22.875547802675197 ], [ -43.224659276674181, -22.875874603177419 ], [ -43.224894604893052, -22.87559963244389 ], [ -43.224877014927579, -22.875528274497395 ], [ -43.22470066896129, -22.875307044196347 ], [ -43.22466061569726, -22.874992153519532 ], [ -43.225222417884687, -22.874649846693245 ] ], [ [ -43.225222417884687, -22.874649846693245 ], [ -43.225254604470585, -22.874662756574402 ], [ -43.225271477491503, -22.874662944888957 ], [ -43.225222417884687, -22.874649846693245 ] ], [ [ -43.22533049615614, -22.874681664654975 ], [ -43.225317732955943, -22.874683717539252 ], [ -43.225348399568368, -22.874678082468446 ], [ -43.22533049615614, -22.874681664654975 ] ], [ [ -43.225351773762007, -22.87467708703053 ], [ -43.225346273494367, -22.874658180704149 ], [ -43.225340315462006, -22.874659197876902 ], [ -43.225351773762007, -22.87467708703053 ] ], [ [ -43.225251758627358, -22.874694331721027 ], [ -43.22525154946085, -22.874695503357444 ], [ -43.22528463155723, -22.874690503013575 ], [ -43.225251758627358, -22.874694331721027 ] ] ], [ [ [ -43.207505725067499, -22.888974681821793 ], [ -43.207431323075546, -22.888806779024449 ], [ -43.207457674011636, -22.888514759012601 ], [ -43.208023962108612, -22.886554304955368 ], [ -43.208267385048316, -22.886193753051764 ], [ -43.208534498129914, -22.886092369631058 ], [ -43.209289285680455, -22.886238681448884 ], [ -43.210166843819259, -22.88629868354122 ], [ -43.210637094107334, -22.886500211221151 ], [ -43.210898788755529, -22.886812181919751 ], [ -43.210880919662372, -22.887141862532946 ], [ -43.210195984050337, -22.887510000951281 ], [ -43.20986727810466, -22.888182773315641 ], [ -43.209562829592151, -22.888388219943504 ], [ -43.209327550861545, -22.888811446672229 ], [ -43.209078734056384, -22.888892176011602 ], [ -43.208590564330152, -22.88971350557815 ], [ -43.207422396649775, -22.889144959723378 ], [ -43.207505725067499, -22.888974681821793 ] ] ], [ [ [ -43.196711909178013, -22.887249502147636 ], [ -43.196670513923181, -22.887328590624222 ], [ -43.196926622293496, -22.887455935477501 ], [ -43.197046620963185, -22.887402752862702 ], [ -43.197035665682002, -22.887501693365866 ], [ -43.197533555255653, -22.887572358513683 ], [ -43.198211635706137, -22.887799395951902 ], [ -43.197823477670553, -22.887980751418489 ], [ -43.197748895902606, -22.888129810099805 ], [ -43.196970476990863, -22.888046392118493 ], [ -43.196012369956911, -22.887628518168896 ], [ -43.195859321502333, -22.887483197190004 ], [ -43.195721116648912, -22.887505378445102 ], [ -43.19562401031024, -22.887124545631163 ], [ -43.196105285341709, -22.887109870473644 ], [ -43.196414543965972, -22.887190590137951 ], [ -43.19643198425311, -22.887132180523736 ], [ -43.196711909178013, -22.887249502147636 ] ] ], [ [ [ -43.208983924356389, -22.891993891517135 ], [ -43.208831945756749, -22.891223774072138 ], [ -43.209025400350669, -22.890549481555098 ], [ -43.209022848243571, -22.890060812980987 ], [ -43.209097330637903, -22.889873728125938 ], [ -43.209517616165584, -22.890801378890973 ], [ -43.209620433086037, -22.89120340086037 ], [ -43.209393058280412, -22.891714493451541 ], [ -43.209191712411339, -22.891950267094337 ], [ -43.208983924356389, -22.891993891517135 ] ] ] ] } },
{ "type": "Feature", "properties": { "objectid": 511, "nome": "Bangu", "regiao_adm": "BANGU                   ", "area_plane": "5", "codbairro": "141", "codra": 17, "codbnum": 141, "link": "Bangu                &area=141", "rp": "Bangu", "cod_rp": "5.1", "codbairro_long": 141, "st_area(shape)": 35966293.177628562, "st_perimeter(shape)": 46529.035222409009 }, "geometry": { "type": "Polygon", "coordinates": [ [ [ -43.487172994385624, -22.848805326665932 ], [ -43.487390352173676, -22.848518748660052 ], [ -43.487491785015685, -22.848140844148844 ], [ -43.487667436731243, -22.846338577920346 ], [ -43.481638074527687, -22.839222595525033 ], [ -43.484218719020447, -22.830874649076829 ], [ -43.484242430188623, -22.827156714400946 ], [ -43.490107742984556, -22.815546544713406 ], [ -43.523540776866383, -22.823889934176069 ], [ -43.525084839179975, -22.824517948287173 ], [ -43.525417742878325, -22.825215827450915 ], [ -43.526127716861261, -22.82589506707496 ], [ -43.526359241462664, -22.826263619624026 ], [ -43.526515110579602, -22.826690988120021 ], [ -43.526962529275593, -22.827468499914012 ], [ -43.527145946513244, -22.828767758543666 ], [ -43.527225526859901, -22.828869467029701 ], [ -43.527161932536565, -22.829690570398085 ], [ -43.527289178482341, -22.829944448607236 ], [ -43.5270676708979, -22.8306361137743 ], [ -43.527067815968927, -22.831066108494433 ], [ -43.526817803335248, -22.831590515439409 ], [ -43.526613520773694, -22.831803938468425 ], [ -43.526610006753145, -22.832229923534772 ], [ -43.526370157186186, -22.832741961848541 ], [ -43.526379203241582, -22.832897387952919 ], [ -43.526132739480154, -22.833254562284274 ], [ -43.525813019981193, -22.834025878151706 ], [ -43.52478819607753, -22.835397581591423 ], [ -43.524680094970513, -22.835871368413503 ], [ -43.524737843286275, -22.836308126164241 ], [ -43.523786743421716, -22.83703935589989 ], [ -43.523302101887047, -22.837245297602205 ], [ -43.522840125030235, -22.837977534035485 ], [ -43.521963437941039, -22.838565570048026 ], [ -43.521112251719586, -22.839417016911941 ], [ -43.520783951865091, -22.840040844498962 ], [ -43.520345578655359, -22.842084126711526 ], [ -43.52017327266411, -22.842266678576273 ], [ -43.519716728918254, -22.843367259320502 ], [ -43.518836293011091, -22.844306025207505 ], [ -43.518369757673923, -22.844582203165203 ], [ -43.519104391480042, -22.845535992525026 ], [ -43.520394241720041, -22.846547593240409 ], [ -43.515151398643482, -22.852286612393538 ], [ -43.514455216027777, -22.863045467171109 ], [ -43.513058526423094, -22.862994036665331 ], [ -43.512640417091589, -22.863156668554225 ], [ -43.512353594753961, -22.863434593454013 ], [ -43.511054417225722, -22.86587313115739 ], [ -43.510612322069356, -22.866500292209675 ], [ -43.510020034860126, -22.867020827765238 ], [ -43.509911939907475, -22.867388118733274 ], [ -43.508670795320576, -22.869270384625946 ], [ -43.506901974302714, -22.868350646527105 ], [ -43.504168247214359, -22.867517822301775 ], [ -43.502602490777385, -22.867398326275932 ], [ -43.501734609715953, -22.866695997744412 ], [ -43.500987977708725, -22.866659792232372 ], [ -43.500545143325695, -22.866488988856215 ], [ -43.499831551340648, -22.865982551351326 ], [ -43.499241427284289, -22.86544205403543 ], [ -43.497586347357533, -22.864514618675152 ], [ -43.497393080466686, -22.864594979243897 ], [ -43.4964541992994, -22.864663146462945 ], [ -43.495881102081178, -22.864578523482809 ], [ -43.49325280746838, -22.865280771215794 ], [ -43.492397800025834, -22.865272129714199 ], [ -43.490702132193697, -22.865465397900106 ], [ -43.490334542946734, -22.865427772151399 ], [ -43.490070376495666, -22.865168230584011 ], [ -43.48897302885554, -22.864592356705359 ], [ -43.488503244463132, -22.86449008211537 ], [ -43.487438176787755, -22.864485379834385 ], [ -43.48608568108655, -22.866233727706913 ], [ -43.485707313598922, -22.867071852042045 ], [ -43.484509886317653, -22.870957854730094 ], [ -43.483783381585773, -22.870775540545267 ], [ -43.48260041310504, -22.87079053945806 ], [ -43.482427255273883, -22.875734109765904 ], [ -43.479026239638024, -22.875668742513817 ], [ -43.478998505152802, -22.876032352237363 ], [ -43.479073351683034, -22.876111911806316 ], [ -43.479226162286317, -22.875981874944205 ], [ -43.481884794713622, -22.876011705855234 ], [ -43.482010680414959, -22.877882670925271 ], [ -43.481985021097948, -22.87934008897771 ], [ -43.482166850360841, -22.880431278321442 ], [ -43.481968376439838, -22.880407438243637 ], [ -43.482134711766115, -22.881402024734928 ], [ -43.482078112307157, -22.881600896714655 ], [ -43.481843525734405, -22.881852980766883 ], [ -43.481823492988738, -22.882795302457833 ], [ -43.481049698176619, -22.885578332118275 ], [ -43.481043263146262, -22.885736138594002 ], [ -43.481358937808558, -22.886282751396454 ], [ -43.480745193342671, -22.886287544021414 ], [ -43.479118342196479, -22.892245504811441 ], [ -43.48013676816808, -22.892570891395959 ], [ -43.479388562482463, -22.895182917355093 ], [ -43.480054652980584, -22.898348543697061 ], [ -43.477989299688915, -22.899886772109081 ], [ -43.477254751386063, -22.901643010342713 ], [ -43.477018600649508, -22.903611021995626 ], [ -43.47678848881047, -22.906747834564889 ], [ -43.476389755094843, -22.90946162606166 ], [ -43.474819448592264, -22.911077341242258 ], [ -43.473628310077075, -22.912644210579579 ], [ -43.472037606148731, -22.913829629309429 ], [ -43.470078066015439, -22.914484038259872 ], [ -43.469549677570974, -22.914212706806371 ], [ -43.468531523143902, -22.913175127689293 ], [ -43.468091009193436, -22.912563436303358 ], [ -43.467833467752193, -22.911918739471535 ], [ -43.467552234193526, -22.911491374548106 ], [ -43.466919671544879, -22.910974999270039 ], [ -43.466450753415302, -22.910367455887425 ], [ -43.463871410122067, -22.908036391003304 ], [ -43.462804348294583, -22.905507789671805 ], [ -43.461531447818025, -22.904239486296969 ], [ -43.455390018557623, -22.894138937400012 ], [ -43.454709512942635, -22.893322216948562 ], [ -43.454886659388563, -22.893027080770768 ], [ -43.454877323501805, -22.892896217322548 ], [ -43.45465060286508, -22.892292710630308 ], [ -43.454670648334179, -22.891004775514421 ], [ -43.454421058077102, -22.890501745691193 ], [ -43.454583930846972, -22.889547276971069 ], [ -43.454348677677544, -22.888742470367834 ], [ -43.454322962974551, -22.888138388978415 ], [ -43.454436038702163, -22.887742023328649 ], [ -43.454673860926128, -22.887364388263638 ], [ -43.456662126893704, -22.885381106985839 ], [ -43.456641188666573, -22.885310459757466 ], [ -43.45410707647023, -22.885142420910551 ], [ -43.45411909132644, -22.885036871900901 ], [ -43.452081070347127, -22.884941629761805 ], [ -43.452075045409615, -22.884518907986045 ], [ -43.452138602981968, -22.883701833480782 ], [ -43.452537915430135, -22.882483069749345 ], [ -43.456020281742106, -22.882597392369306 ], [ -43.456065979732742, -22.876152292458155 ], [ -43.455669057017971, -22.875242689943533 ], [ -43.455245607472264, -22.875231081222896 ], [ -43.455336004639676, -22.871556312211027 ], [ -43.449294999058914, -22.871817054992526 ], [ -43.449089380663644, -22.871754629966606 ], [ -43.449177580368904, -22.871634741959728 ], [ -43.449200107593335, -22.870603498604851 ], [ -43.450088538920099, -22.869351663005965 ], [ -43.450991370826223, -22.868263607596298 ], [ -43.451351362658272, -22.868360225374278 ], [ -43.452613830962278, -22.866684381753224 ], [ -43.452285456862043, -22.866429575592949 ], [ -43.452390192096111, -22.866294764084159 ], [ -43.452790030264389, -22.866469706075119 ], [ -43.454052706540736, -22.864763686578961 ], [ -43.453864196213026, -22.864628462399423 ], [ -43.453941229051232, -22.864538629034303 ], [ -43.454173884834695, -22.864613860953995 ], [ -43.455339952151128, -22.863045250022843 ], [ -43.455281285029734, -22.862476069115687 ], [ -43.453992782757943, -22.862385613253398 ], [ -43.454056337699434, -22.861566097318043 ], [ -43.453858961499044, -22.860535153769334 ], [ -43.454789293873979, -22.860368080561251 ], [ -43.454687997155226, -22.859725602837319 ], [ -43.455828873700284, -22.858700155870523 ], [ -43.455050454427202, -22.858154152639372 ], [ -43.454485590027119, -22.858656859163155 ], [ -43.454034172186788, -22.858244890516161 ], [ -43.454033147923532, -22.858093968497226 ], [ -43.454632654560733, -22.856932402695758 ], [ -43.453198049467595, -22.85680530260364 ], [ -43.452058303832892, -22.856044442446265 ], [ -43.450465966992311, -22.855889132469148 ], [ -43.450478721129883, -22.855004910126315 ], [ -43.450813039371923, -22.854620721801769 ], [ -43.453132107592651, -22.852841444588474 ], [ -43.454345953228405, -22.851770111232479 ], [ -43.455055254877358, -22.851297888289761 ], [ -43.469298896105613, -22.840470829480726 ], [ -43.469891757663738, -22.840750610169724 ], [ -43.470688510328706, -22.8414144860545 ], [ -43.471019132041462, -22.841971915494202 ], [ -43.471156875336327, -22.842559374746827 ], [ -43.471146680932783, -22.842852346417992 ], [ -43.470432665161816, -22.845680524069664 ], [ -43.475694456155949, -22.847602298126972 ], [ -43.475537034484795, -22.848751389050307 ], [ -43.475026498554328, -22.849451668718661 ], [ -43.475375705152864, -22.850740179661042 ], [ -43.474864046225711, -22.852990232462176 ], [ -43.474767877823417, -22.854630853186233 ], [ -43.474706595304198, -22.854882873918044 ], [ -43.474391794812163, -22.855334221354415 ], [ -43.475195347827153, -22.855926830966443 ], [ -43.475410756264552, -22.856197436117448 ], [ -43.475360313388173, -22.856298344318482 ], [ -43.475521051035038, -22.856231656855972 ], [ -43.47542608159204, -22.855895412517885 ], [ -43.475575624999763, -22.85575965784918 ], [ -43.484108293072403, -22.848586421071563 ], [ -43.485390429056238, -22.850122675976905 ], [ -43.487172994385624, -22.848805326665932 ] ], [ [ -43.493388588475021, -22.861478476314591 ], [ -43.495013221627751, -22.856855220140076 ], [ -43.495153611193871, -22.856062232653155 ], [ -43.495931968016876, -22.853723585984007 ], [ -43.494138367469581, -22.853327936272919 ], [ -43.494821091354183, -22.850656032185199 ], [ -43.491492901119088, -22.849927207201802 ], [ -43.491285061709149, -22.850738066409392 ], [ -43.490252775802624, -22.850510349832916 ], [ -43.490200330980208, -22.850556092277291 ], [ -43.489385540248648, -22.853751083424356 ], [ -43.487507927311448, -22.853464114066171 ], [ -43.485687969014087, -22.852838090990026 ], [ -43.484351570003909, -22.852897710890574 ], [ -43.483633510675936, -22.852647565181758 ], [ -43.482757755292489, -22.853804631544794 ], [ -43.48243100337865, -22.853945294772679 ], [ -43.481408816150868, -22.854123758915012 ], [ -43.481035702047819, -22.854270841512008 ], [ -43.480320928945133, -22.854969729467921 ], [ -43.479353351422155, -22.855456659545318 ], [ -43.479285854680072, -22.85561372582983 ], [ -43.479398014366112, -22.856037376531809 ], [ -43.479172700653059, -22.856320280593952 ], [ -43.479414097529755, -22.856954114417867 ], [ -43.479827792612348, -22.85693566928073 ], [ -43.479950381424267, -22.85700620131442 ], [ -43.480235074820477, -22.85804590490179 ], [ -43.482632944197491, -22.858814691680099 ], [ -43.484675924520957, -22.859108172241623 ], [ -43.484505382338853, -22.859573741586793 ], [ -43.484511419379551, -22.859767524113082 ], [ -43.483890512992879, -22.859725844665931 ], [ -43.482555641789546, -22.859474960311751 ], [ -43.479602250686497, -22.858568376334983 ], [ -43.479566293503765, -22.859978284108152 ], [ -43.479784526155299, -22.86040457286288 ], [ -43.481018613471264, -22.861069147064295 ], [ -43.482487405170133, -22.861284472400548 ], [ -43.483501679695138, -22.861902768886509 ], [ -43.483852049403175, -22.86191893360358 ], [ -43.484311126720833, -22.86172886027024 ], [ -43.484783854600245, -22.861696515014362 ], [ -43.485086621060901, -22.861778151838131 ], [ -43.48587006534175, -22.86224458565998 ], [ -43.486418461322025, -22.862356374166566 ], [ -43.487208526149793, -22.862279986012354 ], [ -43.487792964676672, -22.8623862421362 ], [ -43.487928213606118, -22.862335056121541 ], [ -43.488421251380075, -22.860387511225873 ], [ -43.488890001979456, -22.860596102304097 ], [ -43.493143070181851, -22.861488916195938 ], [ -43.493388588475021, -22.861478476314591 ] ] ] } },
{ "type": "Feature", "properties": { "objectid": 422, "nome": "Centro", "regiao_adm": "CENTRO                  ", "area_plane": "1", "codbairro": "005", "codra": 2, "codbnum": 5, "link": "Centro                    &area=5                 ", "rp": "Centro", "cod_rp": "1.1", "codbairro_long": 5, "st_area(shape)": 5424753.712257931, "st_perimeter(shape)": 22846.244806009247 }, "geometry": { "type": "MultiPolygon", "coordinates": [ [ [ [ -43.178330741495564, -22.892579047030221 ], [ -43.179097533456584, -22.892329567323767 ], [ -43.18021185586872, -22.895099849497896 ], [ -43.180574590548439, -22.895410222981042 ], [ -43.180861874283309, -22.895472751334808 ], [ -43.181151633502964, -22.89543028430424 ], [ -43.181799624479943, -22.896949836866771 ], [ -43.180781195694635, -22.897283232047606 ], [ -43.18213125550902, -22.900435296287466 ], [ -43.183039950647874, -22.900599568617096 ], [ -43.18339256554227, -22.899929572879454 ], [ -43.183529370045228, -22.899984235641039 ], [ -43.183429225664703, -22.900184737998412 ], [ -43.184055617788474, -22.900467868021956 ], [ -43.18440264659155, -22.899792569183308 ], [ -43.186420798118142, -22.899449346469591 ], [ -43.186638871725748, -22.899425375631463 ], [ -43.187296251696381, -22.899745960719866 ], [ -43.187496473168267, -22.899334291048454 ], [ -43.187543635121472, -22.899049288144067 ], [ -43.18770690890679, -22.899004732590445 ], [ -43.193533042274296, -22.902769940162258 ], [ -43.193587349013313, -22.903158957285267 ], [ -43.194498082949806, -22.903378003392305 ], [ -43.197005453812665, -22.904335711622718 ], [ -43.198322516171075, -22.904699950517532 ], [ -43.195634398658427, -22.911814490423719 ], [ -43.193464566660893, -22.911409282259466 ], [ -43.193102459289975, -22.911899307076581 ], [ -43.191484417341186, -22.912997227379318 ], [ -43.189357680919812, -22.914711616632172 ], [ -43.18983463817294, -22.915491770633434 ], [ -43.190212067962726, -22.915831553150838 ], [ -43.190304743668136, -22.915789895654495 ], [ -43.190237183260464, -22.915423123394653 ], [ -43.190545825711247, -22.915987879851798 ], [ -43.19046458897801, -22.916151668306068 ], [ -43.189934573840198, -22.915901626656478 ], [ -43.18928598742805, -22.916138232971946 ], [ -43.189039815776397, -22.916330665128118 ], [ -43.188931368597743, -22.916561235341863 ], [ -43.18899126315705, -22.917013258484172 ], [ -43.189079966747784, -22.917270551331967 ], [ -43.189390308483063, -22.917707189122357 ], [ -43.189388525506104, -22.917841359289266 ], [ -43.189141122168721, -22.918119112610725 ], [ -43.188637379632105, -22.918363508097148 ], [ -43.188064458767556, -22.918363112713426 ], [ -43.18759264708364, -22.918193013006373 ], [ -43.187449291154962, -22.917581374197074 ], [ -43.187735525559397, -22.917352832637672 ], [ -43.187890547411399, -22.917080077658518 ], [ -43.187562591903891, -22.915996571243433 ], [ -43.187515662156699, -22.91506879691779 ], [ -43.185810512211773, -22.91503713536077 ], [ -43.18433193378786, -22.914550475096423 ], [ -43.183888104615903, -22.914523712550402 ], [ -43.184427264436728, -22.912814652241831 ], [ -43.184526001493353, -22.912689974484895 ], [ -43.184875659245364, -22.912675998165433 ], [ -43.186073475271733, -22.913121022496039 ], [ -43.186707075763159, -22.911465809975162 ], [ -43.18310919108086, -22.910222591895845 ], [ -43.182429449100276, -22.911853827326244 ], [ -43.181661207702021, -22.912079822467664 ], [ -43.180145768970192, -22.912780378740742 ], [ -43.180019303554033, -22.912760868774654 ], [ -43.179822039007036, -22.912203240607795 ], [ -43.179171596182435, -22.912367361000996 ], [ -43.178875853214961, -22.91334376417398 ], [ -43.178342304065083, -22.913513736422715 ], [ -43.178104399814806, -22.913809009409775 ], [ -43.17781981323013, -22.913950229636043 ], [ -43.177701643468843, -22.91369536040224 ], [ -43.176642657743784, -22.91242893527982 ], [ -43.176370323386607, -22.912453805037838 ], [ -43.17558435792369, -22.913885271276808 ], [ -43.174986579513742, -22.913150115388213 ], [ -43.174805066133779, -22.912684412143896 ], [ -43.174270932024136, -22.913727507214904 ], [ -43.173234252565521, -22.912458921710101 ], [ -43.172655399962196, -22.91192155188725 ], [ -43.171931146890621, -22.9114252172946 ], [ -43.171239948767031, -22.91116106858815 ], [ -43.170399542943166, -22.910974486181686 ], [ -43.169437772023763, -22.911006117854846 ], [ -43.169197631509491, -22.910741018274415 ], [ -43.168325076806617, -22.910749288956804 ], [ -43.168225048941181, -22.912309748424232 ], [ -43.168705979516005, -22.912290913070109 ], [ -43.168551811635616, -22.91436204520901 ], [ -43.16731188981678, -22.914684389947507 ], [ -43.166442824188969, -22.915126868677156 ], [ -43.166144544558144, -22.915408149552526 ], [ -43.165507347202315, -22.915766335855441 ], [ -43.165217713017398, -22.915832523671046 ], [ -43.164823268869881, -22.91611684456814 ], [ -43.163377181523259, -22.916761865506949 ], [ -43.162700331523808, -22.917168164919548 ], [ -43.162186882194021, -22.917168182029169 ], [ -43.161654801328638, -22.91678609302868 ], [ -43.161762735020751, -22.914291730259915 ], [ -43.161209083821298, -22.91300952119412 ], [ -43.160745612221433, -22.913179070607935 ], [ -43.161297743690952, -22.914197940464447 ], [ -43.161530344480724, -22.914905357633497 ], [ -43.161474050522749, -22.916245433488605 ], [ -43.161080650430861, -22.916516844273946 ], [ -43.160673704706809, -22.91657823254484 ], [ -43.160473807688746, -22.916517312208033 ], [ -43.158797471643418, -22.914303161595356 ], [ -43.157975996248531, -22.913047907253844 ], [ -43.157868220202424, -22.91260534776341 ], [ -43.158075441646275, -22.912549144871083 ], [ -43.158722308331456, -22.912651193126948 ], [ -43.159109564031802, -22.912516796088099 ], [ -43.159157131093373, -22.912596362383809 ], [ -43.159982222704841, -22.912703631968643 ], [ -43.159990351395592, -22.912570800449593 ], [ -43.159613182486368, -22.91242772494164 ], [ -43.159646170453065, -22.912345388977528 ], [ -43.160090580109959, -22.91250450641806 ], [ -43.160059164147675, -22.912896416848259 ], [ -43.160563862444327, -22.912972969678894 ], [ -43.160696127160641, -22.913082415288457 ], [ -43.161177620850253, -22.912899347748876 ], [ -43.161102405339413, -22.912636327714207 ], [ -43.161140059134389, -22.911680725828553 ], [ -43.161536694756755, -22.90542966784783 ], [ -43.161738443524733, -22.904925673315681 ], [ -43.162237311000666, -22.904499887798554 ], [ -43.16276310847379, -22.904281564292784 ], [ -43.164214600381037, -22.904412399559089 ], [ -43.165178862773701, -22.904402228618615 ], [ -43.16583585261111, -22.904510413403042 ], [ -43.167353507133157, -22.904476636418575 ], [ -43.167405363189609, -22.90424470409253 ], [ -43.167399136159297, -22.904519423785814 ], [ -43.167483564924751, -22.904547219611924 ], [ -43.16890859436802, -22.904595257526687 ], [ -43.168905461390509, -22.904683446720153 ], [ -43.169223667433748, -22.904621826076305 ], [ -43.16959990373806, -22.904354619113164 ], [ -43.169497049319389, -22.904239742194608 ], [ -43.169643193670694, -22.90433209059896 ], [ -43.171210448815799, -22.903267404068131 ], [ -43.171239050974648, -22.903118913526615 ], [ -43.171331066573828, -22.9031406513101 ], [ -43.171357461742474, -22.903047760350315 ], [ -43.171257535332188, -22.903012567536237 ], [ -43.171289014000095, -22.902911158100732 ], [ -43.171793796725304, -22.902972052145511 ], [ -43.171516117764035, -22.902824822563748 ], [ -43.171563465654529, -22.902732083317616 ], [ -43.171191651023605, -22.902590453066871 ], [ -43.171223918871881, -22.902517407953962 ], [ -43.171594475570437, -22.902673021557781 ], [ -43.171646199659953, -22.902573832615019 ], [ -43.171874590039927, -22.902667666429682 ], [ -43.17194133780729, -22.902618407389234 ], [ -43.171670908283197, -22.902374003057712 ], [ -43.171727701503087, -22.902303768570366 ], [ -43.171412792877781, -22.902076372606405 ], [ -43.17146835823236, -22.902010548938748 ], [ -43.171807349126752, -22.902244815875189 ], [ -43.171855965770668, -22.902166538741994 ], [ -43.172164410823989, -22.902403613168762 ], [ -43.172358908165606, -22.902190025006931 ], [ -43.17228410085437, -22.902127938724131 ], [ -43.17233700483861, -22.902071565962629 ], [ -43.172130440999346, -22.901898063725891 ], [ -43.172192590748551, -22.901835840077347 ], [ -43.172533470568034, -22.902118258018668 ], [ -43.172754198449432, -22.901881941884241 ], [ -43.172475168985414, -22.90161016928419 ], [ -43.172541101925326, -22.901592415536882 ], [ -43.172799483382825, -22.901833879530766 ], [ -43.172975430971348, -22.901644278454839 ], [ -43.172730343689459, -22.901487131277388 ], [ -43.172810466045533, -22.901407231300581 ], [ -43.173012305277837, -22.901605781766122 ], [ -43.173200984440832, -22.901411361033094 ], [ -43.173243529041265, -22.901480661403795 ], [ -43.172897292946097, -22.901830760192368 ], [ -43.173408368784806, -22.902105560590375 ], [ -43.173881610657332, -22.901384599713698 ], [ -43.173508442243843, -22.901176583683629 ], [ -43.173301701070564, -22.901336664281999 ], [ -43.173448855443183, -22.901040626866472 ], [ -43.173003322141177, -22.901053834614146 ], [ -43.17290743785054, -22.900753555986665 ], [ -43.172982470900557, -22.900733288788409 ], [ -43.173070136489507, -22.900956081979974 ], [ -43.173285986673456, -22.900938064206819 ], [ -43.17323253553414, -22.900678820748606 ], [ -43.173308624592202, -22.900659828877668 ], [ -43.173398577834647, -22.900908203172168 ], [ -43.173649571206802, -22.900908199912223 ], [ -43.175602929329216, -22.898409006317728 ], [ -43.175733432818504, -22.898497285510494 ], [ -43.174068880031768, -22.900633079957842 ], [ -43.174356027811399, -22.900822855527529 ], [ -43.174838878925321, -22.90013324569307 ], [ -43.175188420791351, -22.900314798303043 ], [ -43.176104690312222, -22.898971759843587 ], [ -43.175888263333192, -22.898799955279806 ], [ -43.175982189887129, -22.898678671466261 ], [ -43.176271793382405, -22.89876498481409 ], [ -43.176358110831899, -22.898600268637441 ], [ -43.176577253853246, -22.897373660709611 ], [ -43.176958424189706, -22.896340896478964 ], [ -43.17570910608876, -22.896074881239421 ], [ -43.174982905237954, -22.897120567101357 ], [ -43.175045324342484, -22.897343522685059 ], [ -43.174922733693563, -22.897501679043774 ], [ -43.171339939758226, -22.898641204209113 ], [ -43.171186658718582, -22.898223772846766 ], [ -43.171820040119407, -22.898019029643134 ], [ -43.171695492618255, -22.897675888655471 ], [ -43.17087300780161, -22.89792514141303 ], [ -43.168135709574173, -22.897484802347797 ], [ -43.167344921810979, -22.895498132374023 ], [ -43.174705692227114, -22.893158832933452 ], [ -43.17549355048822, -22.895197004123546 ], [ -43.175621808719065, -22.895190439703619 ], [ -43.175742997243873, -22.895421110765149 ], [ -43.175802937094375, -22.89539958422051 ], [ -43.175869741381945, -22.895673611384357 ], [ -43.175695749188741, -22.895951193589827 ], [ -43.176990437467524, -22.896228202814331 ], [ -43.177105815479294, -22.895909401268462 ], [ -43.177311259797811, -22.895699453395668 ], [ -43.177482400000407, -22.895649491830998 ], [ -43.17782520265812, -22.895700289904916 ], [ -43.178429643679891, -22.895588379658431 ], [ -43.179276332967348, -22.895707172060284 ], [ -43.179308976261808, -22.895627445858501 ], [ -43.179534708628481, -22.895649899848785 ], [ -43.178330741495564, -22.892579047030221 ] ] ], [ [ [ -43.174272351416057, -22.882910080282425 ], [ -43.174253223086978, -22.882824612197332 ], [ -43.17509425277423, -22.882689784190834 ], [ -43.175196490175892, -22.88276988316634 ], [ -43.175228259683088, -22.882930356176789 ], [ -43.175577589560859, -22.88281128180817 ], [ -43.176135811108672, -22.883054102254984 ], [ -43.176245904797099, -22.883231998393281 ], [ -43.176165417313918, -22.883391274572816 ], [ -43.176951890858007, -22.884064931873048 ], [ -43.176942100122467, -22.884316405629747 ], [ -43.175627727034204, -22.884433892906841 ], [ -43.175469429145451, -22.884340779106356 ], [ -43.175211446760926, -22.88396170236572 ], [ -43.174427864459552, -22.884165731639655 ], [ -43.173705041485405, -22.884177025662574 ], [ -43.173086972630323, -22.883869124272113 ], [ -43.172819074638959, -22.883190481726949 ], [ -43.173293807623075, -22.883095520061254 ], [ -43.173223296976907, -22.882982462486218 ], [ -43.173392031510105, -22.882950988173572 ], [ -43.173390502959812, -22.883079834696769 ], [ -43.174272351416057, -22.882910080282425 ] ] ], [ [ [ -43.165805214256082, -22.897041460284619 ], [ -43.165685534733633, -22.89684168449573 ], [ -43.165717168866323, -22.896764109036617 ], [ -43.16599435351511, -22.896625597683848 ], [ -43.166977438004707, -22.896884935901458 ], [ -43.166817838005187, -22.897379082191268 ], [ -43.165805214256082, -22.897041460284619 ] ] ] ] } },
{ "type": "Feature", "properties": { "objectid": 510, "nome": "Campo Grande", "regiao_adm": "CAMPO GRANDE            ", "area_plane": "5", "codbairro": "144", "codra": 18, "codbnum": 144, "link": "Campo Grande                &area=144", "rp": "Campo Grande", "cod_rp": "5.2", "codbairro_long": 144, "st_area(shape)": 104445426.69294351, "st_perimeter(shape)": 75083.751961629954 }, "geometry": { "type": "Polygon", "coordinates": [ [ [ -43.515151398643482, -22.852286612393538 ], [ -43.520394241720041, -22.846547593240409 ], [ -43.519104391480042, -22.845535992525026 ], [ -43.518369757673923, -22.844582203165203 ], [ -43.518836293011091, -22.844306025207505 ], [ -43.519716728918254, -22.843367259320502 ], [ -43.52017327266411, -22.842266678576273 ], [ -43.520345578655359, -22.842084126711526 ], [ -43.520783951865091, -22.840040844498962 ], [ -43.521112251719586, -22.839417016911941 ], [ -43.521963437941039, -22.838565570048026 ], [ -43.522840125030235, -22.837977534035485 ], [ -43.523302101887047, -22.837245297602205 ], [ -43.523786743421716, -22.83703935589989 ], [ -43.524737843286275, -22.836308126164241 ], [ -43.524680094970513, -22.835871368413503 ], [ -43.52478819607753, -22.835397581591423 ], [ -43.525813019981193, -22.834025878151706 ], [ -43.526132739480154, -22.833254562284274 ], [ -43.526379203241582, -22.832897387952919 ], [ -43.526370157186186, -22.832741961848541 ], [ -43.526610006753145, -22.832229923534772 ], [ -43.526613520773694, -22.831803938468425 ], [ -43.526817803335248, -22.831590515439409 ], [ -43.527067815968927, -22.831066108494433 ], [ -43.5270676708979, -22.8306361137743 ], [ -43.527289178482341, -22.829944448607236 ], [ -43.527161932536565, -22.829690570398085 ], [ -43.527225526859901, -22.828869467029701 ], [ -43.527145946513244, -22.828767758543666 ], [ -43.527060663304709, -22.827919449145529 ], [ -43.526913195929389, -22.827335640377623 ], [ -43.526203852057982, -22.825999724533954 ], [ -43.525417742878325, -22.825215827450915 ], [ -43.525084839179975, -22.824517948287173 ], [ -43.523540776866383, -22.823889934176069 ], [ -43.559977175179185, -22.829040862328931 ], [ -43.588138194423678, -22.838671048516517 ], [ -43.592843041797302, -22.860571993328868 ], [ -43.593510057017838, -22.860066224718103 ], [ -43.595231908822839, -22.858296498330997 ], [ -43.596001192912638, -22.85788286116761 ], [ -43.596740302169039, -22.857806921264089 ], [ -43.601426568552313, -22.858866323401973 ], [ -43.602093023704207, -22.858938201560303 ], [ -43.619118512046498, -22.862174371078531 ], [ -43.623400377143696, -22.862788516867802 ], [ -43.623908003325823, -22.862735194285786 ], [ -43.625041567135789, -22.862357530529444 ], [ -43.61589769642994, -22.874059363781981 ], [ -43.615117495621803, -22.874670885462869 ], [ -43.612521432778756, -22.876146353384552 ], [ -43.614894670332532, -22.877333761628183 ], [ -43.616872514925177, -22.878193548256924 ], [ -43.619145187072547, -22.878952185503504 ], [ -43.623236114279578, -22.879752468509711 ], [ -43.632168718527346, -22.881134651650868 ], [ -43.632213075938132, -22.881211801507458 ], [ -43.63183894343279, -22.881496787450768 ], [ -43.630309820012123, -22.882346248405312 ], [ -43.629298651874336, -22.883100087191732 ], [ -43.628094849741203, -22.883291925560989 ], [ -43.626874505460449, -22.883374418753757 ], [ -43.62593595065573, -22.883138438941149 ], [ -43.625404544484937, -22.883087331011769 ], [ -43.623774106070023, -22.883287190347001 ], [ -43.623284778876439, -22.883538641864593 ], [ -43.622290187709346, -22.884625128209123 ], [ -43.620773818556707, -22.884956000405307 ], [ -43.61896935564873, -22.885233326156495 ], [ -43.618399819141082, -22.88553012788385 ], [ -43.617715355940632, -22.886067257877698 ], [ -43.615023192323505, -22.885715884071345 ], [ -43.613178785033426, -22.885893355925745 ], [ -43.612627832259712, -22.885856305534517 ], [ -43.609301332833915, -22.885101271054015 ], [ -43.608571106573024, -22.885008809473234 ], [ -43.6056525769419, -22.885800609755307 ], [ -43.604169845758051, -22.886354879751519 ], [ -43.602245106564794, -22.886160585994759 ], [ -43.600949926103397, -22.886541710107675 ], [ -43.599904200134752, -22.886645401493929 ], [ -43.599565712572165, -22.886830640238145 ], [ -43.59824033415218, -22.887891743318011 ], [ -43.596538095540566, -22.888629514486169 ], [ -43.596099031606343, -22.888991330592837 ], [ -43.595459780375258, -22.889871058761248 ], [ -43.595027349405456, -22.890307800878105 ], [ -43.594862176167695, -22.89018884067788 ], [ -43.593965959157224, -22.890254343011463 ], [ -43.593776927913709, -22.890142574838148 ], [ -43.593451075349101, -22.890235157306019 ], [ -43.591541867426933, -22.890166771033549 ], [ -43.590593843058087, -22.891803126566529 ], [ -43.590234372146135, -22.892082627452375 ], [ -43.590088941264305, -22.892345693839701 ], [ -43.590284156395647, -22.894160981416821 ], [ -43.590585735699172, -22.894890524104017 ], [ -43.590549124624822, -22.895367524708075 ], [ -43.59034747090454, -22.895703429443095 ], [ -43.590353870782117, -22.895857658220823 ], [ -43.589591653495468, -22.897139530375497 ], [ -43.589024164609128, -22.897604409039459 ], [ -43.588952509916382, -22.897633126538818 ], [ -43.587904379182305, -22.897065841681929 ], [ -43.586945288296477, -22.897079353636414 ], [ -43.585878391443302, -22.896790785859356 ], [ -43.585588972169525, -22.896799228782236 ], [ -43.585000963177613, -22.896948254459495 ], [ -43.584713466467775, -22.897165887238181 ], [ -43.584311820794504, -22.897683614359984 ], [ -43.583480725964634, -22.898344460007603 ], [ -43.581479262115685, -22.899141530063577 ], [ -43.578372177485321, -22.899172559643524 ], [ -43.577612665700066, -22.89937854753596 ], [ -43.578106162226888, -22.905724604610857 ], [ -43.580390767012446, -22.906171961697353 ], [ -43.580497200782581, -22.908131237972754 ], [ -43.580172297819196, -22.90815597107467 ], [ -43.580257035747742, -22.909333819315279 ], [ -43.581227246738933, -22.909515353675037 ], [ -43.58331376497916, -22.910361903004869 ], [ -43.58351231740459, -22.912439501922439 ], [ -43.581861793657595, -22.912545707837737 ], [ -43.581670060604537, -22.91250425675835 ], [ -43.581656583031766, -22.912365861632125 ], [ -43.58152971845022, -22.912368251933767 ], [ -43.581714928403862, -22.914825965623471 ], [ -43.583805626360608, -22.914733981370283 ], [ -43.583976560619661, -22.916242702043526 ], [ -43.581533597914934, -22.916473245623017 ], [ -43.581755949740597, -22.918950434353235 ], [ -43.583227902228913, -22.919691159638205 ], [ -43.584238423251726, -22.919772786513771 ], [ -43.584914272265145, -22.91973735572634 ], [ -43.585280056642077, -22.919909958530152 ], [ -43.586477572900129, -22.921026906652173 ], [ -43.587729041820147, -22.921803653005682 ], [ -43.587985800496568, -22.922232859906639 ], [ -43.588288644856561, -22.922543260723319 ], [ -43.588297671502559, -22.922754230026282 ], [ -43.589278232458035, -22.923396603330374 ], [ -43.592241429922595, -22.923738106741567 ], [ -43.591843966105166, -22.923921267513492 ], [ -43.591676692714827, -22.924181158937113 ], [ -43.591551455896017, -22.925241354433172 ], [ -43.591890901547657, -22.925690982578224 ], [ -43.592729299077298, -22.926138976149144 ], [ -43.592841541382541, -22.926326473110745 ], [ -43.593339376347288, -22.92653680679291 ], [ -43.594119398163507, -22.92675605061315 ], [ -43.595247625833608, -22.927286443683368 ], [ -43.595729501905616, -22.927333333486004 ], [ -43.596656174769649, -22.927619973848888 ], [ -43.597319870474116, -22.92800146499885 ], [ -43.597429611328472, -22.928385195133799 ], [ -43.598174895776936, -22.928845439770544 ], [ -43.599417166378977, -22.929326409515664 ], [ -43.599690996296601, -22.929826199262664 ], [ -43.599938709135088, -22.931434388714617 ], [ -43.600156276337572, -22.932114946409243 ], [ -43.601786340931255, -22.933264501344606 ], [ -43.602581053097694, -22.933672868024633 ], [ -43.603213680459618, -22.933950740605567 ], [ -43.603809592060216, -22.933967544280407 ], [ -43.598126086397727, -22.935320330695561 ], [ -43.59414400309884, -22.935442710762164 ], [ -43.592489619414707, -22.935602809150009 ], [ -43.59113388985957, -22.935096389887232 ], [ -43.590762536200053, -22.934854207000146 ], [ -43.589333257414999, -22.934370150389203 ], [ -43.588298038487714, -22.933678427003017 ], [ -43.588102196102206, -22.93368246430536 ], [ -43.587736241852973, -22.933353167769539 ], [ -43.587103211887758, -22.93328693189617 ], [ -43.586524469146319, -22.932255608093332 ], [ -43.581852494660453, -22.932294407088047 ], [ -43.580177489597204, -22.931770051651366 ], [ -43.578545382179975, -22.931556026876525 ], [ -43.577945614264301, -22.931900719409917 ], [ -43.578128937984424, -22.93449605158392 ], [ -43.578232806079143, -22.934989203637411 ], [ -43.57819996787655, -22.9355190635873 ], [ -43.577352246981953, -22.943940458514131 ], [ -43.577264567370442, -22.94450134315619 ], [ -43.576872759145559, -22.944826036042773 ], [ -43.576732871522424, -22.945818885526137 ], [ -43.576844422041219, -22.946230101275425 ], [ -43.577166189384499, -22.946737942537393 ], [ -43.577131727099193, -22.947431890034274 ], [ -43.576687542402667, -22.947253054664497 ], [ -43.575378282300228, -22.947044322172797 ], [ -43.574811776121386, -22.946738485221601 ], [ -43.572729038691527, -22.946433371330649 ], [ -43.571046956133102, -22.945353860936745 ], [ -43.570188485706758, -22.94343423739064 ], [ -43.569291243001985, -22.941679990740013 ], [ -43.568886267002355, -22.941373419994076 ], [ -43.568504687866756, -22.940891306520552 ], [ -43.568550236830959, -22.940482406285355 ], [ -43.567963102549328, -22.939583167089623 ], [ -43.564021586749384, -22.940812957509102 ], [ -43.561723357433543, -22.941625302309728 ], [ -43.561984595496796, -22.942050526678674 ], [ -43.562114374687276, -22.942670182122622 ], [ -43.56208527247594, -22.942840343147271 ], [ -43.561604389368064, -22.943848961174954 ], [ -43.561196208336284, -22.943782128988754 ], [ -43.5613257855371, -22.944420752832496 ], [ -43.561338185851298, -22.947112707829266 ], [ -43.561431899896021, -22.947924589201868 ], [ -43.561755325773476, -22.949562136769117 ], [ -43.561899019848063, -22.949825354227357 ], [ -43.561181209196562, -22.950033433772887 ], [ -43.559791912293385, -22.949951463473234 ], [ -43.558500895676438, -22.949586244058104 ], [ -43.558194355478165, -22.949570815009068 ], [ -43.557764775592652, -22.949598520220057 ], [ -43.557312746700461, -22.949802676196697 ], [ -43.556550290899835, -22.949732609045075 ], [ -43.555653021629126, -22.949831737818219 ], [ -43.555063558986497, -22.950148251048351 ], [ -43.554235691848561, -22.949818826534976 ], [ -43.552552690154833, -22.949468952448452 ], [ -43.549971760054063, -22.948650158147469 ], [ -43.548380368861061, -22.947796579027816 ], [ -43.547104194289631, -22.947288616168212 ], [ -43.545612076758744, -22.946411084929807 ], [ -43.543829396002636, -22.945048591705124 ], [ -43.542004577438462, -22.943854308995626 ], [ -43.538583488138038, -22.942303561801261 ], [ -43.535573957625793, -22.943628907881713 ], [ -43.531391010827079, -22.945933635598927 ], [ -43.517508481565578, -22.952680032824066 ], [ -43.517061826626239, -22.952376286574264 ], [ -43.514318030188562, -22.95247695917244 ], [ -43.513243203705464, -22.952284364916252 ], [ -43.512018310993646, -22.952188525853682 ], [ -43.510599103275716, -22.950904039546536 ], [ -43.509566196127878, -22.950580678398595 ], [ -43.508473106306404, -22.950446312169618 ], [ -43.506497007284402, -22.949749103850312 ], [ -43.505600065585526, -22.948511397360065 ], [ -43.505342479649713, -22.94802669547715 ], [ -43.505026881718457, -22.947070913088709 ], [ -43.504720621119596, -22.9468807155957 ], [ -43.504582180909615, -22.946593838434598 ], [ -43.504596462934714, -22.946217095635735 ], [ -43.503310576497533, -22.944100210917913 ], [ -43.502933715328368, -22.943618805750322 ], [ -43.502496596107363, -22.943402352731088 ], [ -43.502123349119117, -22.943318993253563 ], [ -43.501793650737838, -22.942964742456855 ], [ -43.501442049571757, -22.942757762454601 ], [ -43.499404584838146, -22.942271676878523 ], [ -43.497620851716476, -22.942237276489575 ], [ -43.497014861285727, -22.94210844030545 ], [ -43.495455077687041, -22.941557556048895 ], [ -43.495006747650145, -22.94133357384824 ], [ -43.494537454703149, -22.940863283322557 ], [ -43.49363422236334, -22.940155868006471 ], [ -43.493024217408923, -22.93904328516631 ], [ -43.491081606743002, -22.938426499960155 ], [ -43.490205907498314, -22.938237995970393 ], [ -43.489534617992071, -22.938011875846648 ], [ -43.487452519116431, -22.937077892919039 ], [ -43.486176261652631, -22.936635110788838 ], [ -43.484548826358562, -22.936206396983255 ], [ -43.483865622730576, -22.935773593081301 ], [ -43.483295390653325, -22.934994702833702 ], [ -43.483036663185032, -22.934368165275338 ], [ -43.482942384147464, -22.934314521314178 ], [ -43.482038139994351, -22.934695668035069 ], [ -43.481502481400078, -22.934752498520769 ], [ -43.480699683529942, -22.934780218074962 ], [ -43.479317302074833, -22.934528010592317 ], [ -43.478669684270884, -22.934106635671885 ], [ -43.476296286314366, -22.932919281791378 ], [ -43.475196245384033, -22.932855974765754 ], [ -43.474486001480756, -22.932726144719012 ], [ -43.473891015972036, -22.932465471052613 ], [ -43.473211027689352, -22.931915973823003 ], [ -43.472887566785936, -22.931805841431704 ], [ -43.474286764332909, -22.931023456411971 ], [ -43.47977479801515, -22.927340582521758 ], [ -43.48072477696909, -22.926937398967095 ], [ -43.48291636784429, -22.925577557296894 ], [ -43.483639173372275, -22.925426233286018 ], [ -43.484104009321669, -22.925439522235674 ], [ -43.484543492433609, -22.925601946688218 ], [ -43.486277445051336, -22.926682020157415 ], [ -43.487137418943909, -22.92699782468793 ], [ -43.4876351179457, -22.927046458250352 ], [ -43.488758128211998, -22.926749545936055 ], [ -43.489552494424885, -22.926133039300115 ], [ -43.490491379639543, -22.925328968825525 ], [ -43.490846923012697, -22.924928013437032 ], [ -43.491148159443235, -22.92428929142952 ], [ -43.492218497958859, -22.924026982706785 ], [ -43.4947814310719, -22.923088830304966 ], [ -43.495324730326935, -22.922865486038262 ], [ -43.495583552394827, -22.922630593862571 ], [ -43.495503038561196, -22.921710529680112 ], [ -43.495646692037987, -22.920523903907181 ], [ -43.496504093223095, -22.919180661030072 ], [ -43.49655197457912, -22.917165042346614 ], [ -43.493359039587233, -22.913403834852687 ], [ -43.494389517300796, -22.909204536292503 ], [ -43.498088265616147, -22.907772853954981 ], [ -43.498670549503935, -22.906747786040185 ], [ -43.49932889381018, -22.905037770683695 ], [ -43.499288696093942, -22.904261233178488 ], [ -43.500280987737412, -22.904041926842417 ], [ -43.50107451831915, -22.90421125982294 ], [ -43.501847812283174, -22.904581164956248 ], [ -43.502406990823552, -22.904990139265969 ], [ -43.504779862821628, -22.902782272768373 ], [ -43.505849219499801, -22.901622313759095 ], [ -43.506368849699619, -22.901245170119513 ], [ -43.506788487591592, -22.900580610547621 ], [ -43.507650868163616, -22.899490400055299 ], [ -43.508144654908349, -22.899113006317663 ], [ -43.508500528970252, -22.899027296448708 ], [ -43.509277231702754, -22.899057795703726 ], [ -43.510848445606726, -22.898631343358208 ], [ -43.511451227043516, -22.898403798918352 ], [ -43.512240678083941, -22.897819724163494 ], [ -43.512876515612554, -22.89755509340262 ], [ -43.519324181975072, -22.897259641924713 ], [ -43.523566390780445, -22.89761304535152 ], [ -43.524204559325753, -22.898347542996977 ], [ -43.52509222897875, -22.898673150115005 ], [ -43.525411294601611, -22.899015603960869 ], [ -43.525639093681228, -22.899495302386065 ], [ -43.525959524036416, -22.900532651327758 ], [ -43.525739009257052, -22.901687355878767 ], [ -43.526550936652427, -22.902781824749145 ], [ -43.526413792525915, -22.903619033621354 ], [ -43.526804019168296, -22.904937634048121 ], [ -43.529270775719553, -22.907430418762061 ], [ -43.530035589001002, -22.907782409426002 ], [ -43.531344556551296, -22.908654223043388 ], [ -43.531534578603555, -22.90889739186056 ], [ -43.531975233787001, -22.909006411441279 ], [ -43.532442011910099, -22.909052630600272 ], [ -43.53308254313437, -22.90742926639307 ], [ -43.533119288822711, -22.90716723954646 ], [ -43.533344467313846, -22.90677057989474 ], [ -43.533559646979135, -22.906777803719727 ], [ -43.533817146340866, -22.906276404649667 ], [ -43.535002335975257, -22.907200421359708 ], [ -43.536470640092531, -22.907072251363871 ], [ -43.540368670727901, -22.904067293999674 ], [ -43.540988007262598, -22.905206436997634 ], [ -43.543551519017406, -22.9048914589691 ], [ -43.544089222356178, -22.901745379291746 ], [ -43.543797279965474, -22.901496142751739 ], [ -43.543739194143015, -22.901102017118255 ], [ -43.543979149146381, -22.900915369039179 ], [ -43.544234289563718, -22.900886185044989 ], [ -43.544533388508867, -22.899131028283115 ], [ -43.54400354262517, -22.89889532874361 ], [ -43.544233880556625, -22.898540604835667 ], [ -43.544863612289213, -22.897911456093706 ], [ -43.545149797556135, -22.898160726335416 ], [ -43.545258360434616, -22.898072489723297 ], [ -43.544899101599476, -22.897764836456403 ], [ -43.545831603012836, -22.896889276804142 ], [ -43.54623008968224, -22.89616877245162 ], [ -43.545574504377051, -22.896042112712795 ], [ -43.545083853786061, -22.895843444713044 ], [ -43.54426988424499, -22.895166933952289 ], [ -43.5444898183124, -22.89471773362936 ], [ -43.544557855366591, -22.894718356727921 ], [ -43.54526581053647, -22.895244241471545 ], [ -43.545435254369551, -22.895287789002506 ], [ -43.545458749153227, -22.895214576857231 ], [ -43.545368939017074, -22.895134999968139 ], [ -43.544553895634827, -22.894550333272868 ], [ -43.544641241379416, -22.894330764038902 ], [ -43.545093447865071, -22.894413659292994 ], [ -43.546857061278466, -22.889948523725963 ], [ -43.546522185179533, -22.889705132862233 ], [ -43.546243988040978, -22.889723000018613 ], [ -43.545437934077874, -22.88951386157693 ], [ -43.545079147361363, -22.88922779992286 ], [ -43.544778291831911, -22.889176727228858 ], [ -43.543766770564503, -22.888738284673909 ], [ -43.543211261992049, -22.888764534904475 ], [ -43.542722818968251, -22.888580782037582 ], [ -43.542420372779446, -22.888131309068239 ], [ -43.541732250296121, -22.887815578019715 ], [ -43.541534753905992, -22.887424326998371 ], [ -43.541024689323073, -22.887439967370497 ], [ -43.540647807472617, -22.887261476192055 ], [ -43.540545145172217, -22.88711774358968 ], [ -43.540547992483297, -22.886933347945554 ], [ -43.539979205485345, -22.886460923742824 ], [ -43.539572440280892, -22.885668915767731 ], [ -43.539351566222116, -22.885577564846738 ], [ -43.53791735104766, -22.88548436260664 ], [ -43.537423159116535, -22.885229280876544 ], [ -43.536882332642811, -22.885151240365463 ], [ -43.535486935684524, -22.88456588477808 ], [ -43.534565834334664, -22.884908722453218 ], [ -43.534032482328868, -22.884969916696452 ], [ -43.533077746907189, -22.885421356071401 ], [ -43.532735703962189, -22.885195301287009 ], [ -43.532483519958042, -22.885233434672617 ], [ -43.532251106697956, -22.885100692745915 ], [ -43.532142545605758, -22.884926014752462 ], [ -43.532441648198841, -22.884159562578439 ], [ -43.53129820981335, -22.882798974592216 ], [ -43.531846035368645, -22.882750566953721 ], [ -43.532115284355349, -22.882584796231246 ], [ -43.532362000336569, -22.882320644622638 ], [ -43.532569821356702, -22.881875143238016 ], [ -43.533067135056804, -22.87743821105434 ], [ -43.533860379374929, -22.874574496228838 ], [ -43.535362496579218, -22.874968655277129 ], [ -43.536342575336199, -22.872608616928861 ], [ -43.535179959493114, -22.86860570514721 ], [ -43.535303217743305, -22.868426932242379 ], [ -43.535446218794434, -22.867161214676251 ], [ -43.535984813456615, -22.866731393907088 ], [ -43.536102392013255, -22.866327592617214 ], [ -43.539311299319991, -22.86599799412722 ], [ -43.539872958966868, -22.865606393964338 ], [ -43.540083857998987, -22.865305772079058 ], [ -43.540290762738167, -22.864594629695425 ], [ -43.540533059895743, -22.864137146331377 ], [ -43.541013748366076, -22.863587650790087 ], [ -43.541587424354042, -22.862671601819262 ], [ -43.541353698169935, -22.862518179843313 ], [ -43.541070481250465, -22.862044136341009 ], [ -43.541111062177841, -22.861365064334432 ], [ -43.52197980180388, -22.860381080574019 ], [ -43.519035688593789, -22.860369509636769 ], [ -43.514629234703321, -22.860521075422259 ], [ -43.515151398643482, -22.852286612393538 ] ] ] } },
{ "type": "Feature", "properties": { "objectid": 414, "nome": "Inhoaíba", "regiao_adm": "CAMPO GRANDE            ", "area_plane": "5", "codbairro": "146", "codra": 18, "codbnum": 146, "link": "Inhoaíba                  &area=146               ", "rp": "Campo Grande", "cod_rp": "5.2", "codbairro_long": 146, "st_area(shape)": 8287905.1995888818, "st_perimeter(shape)": 15356.88500506751 }, "geometry": { "type": "Polygon", "coordinates": [ [ [ -43.603809592060216, -22.933967544280407 ], [ -43.603213680459618, -22.933950740605567 ], [ -43.602581053097694, -22.933672868024633 ], [ -43.601786340931255, -22.933264501344606 ], [ -43.600156276337572, -22.932114946409243 ], [ -43.599938709135088, -22.931434388714617 ], [ -43.599690996296601, -22.929826199262664 ], [ -43.599417166378977, -22.929326409515664 ], [ -43.598174895776936, -22.928845439770544 ], [ -43.597429611328472, -22.928385195133799 ], [ -43.597319870474116, -22.92800146499885 ], [ -43.596656174769649, -22.927619973848888 ], [ -43.595729501905616, -22.927333333486004 ], [ -43.595247625833608, -22.927286443683368 ], [ -43.594119398163507, -22.92675605061315 ], [ -43.593339376347288, -22.92653680679291 ], [ -43.592841541382541, -22.926326473110745 ], [ -43.592729299077298, -22.926138976149144 ], [ -43.591890901547657, -22.925690982578224 ], [ -43.591551455896017, -22.925241354433172 ], [ -43.591676692714827, -22.924181158937113 ], [ -43.591843966105166, -22.923921267513492 ], [ -43.592241429922595, -22.923738106741567 ], [ -43.589278232458035, -22.923396603330374 ], [ -43.588297671502559, -22.922754230026282 ], [ -43.588288644856561, -22.922543260723319 ], [ -43.587985800496568, -22.922232859906639 ], [ -43.587729041820147, -22.921803653005682 ], [ -43.586477572900129, -22.921026906652173 ], [ -43.585280056642077, -22.919909958530152 ], [ -43.584914272265145, -22.91973735572634 ], [ -43.584238423251726, -22.919772786513771 ], [ -43.583227902228913, -22.919691159638205 ], [ -43.581755949740597, -22.918950434353235 ], [ -43.581533597914934, -22.916473245623017 ], [ -43.583976560619661, -22.916242702043526 ], [ -43.583805626360608, -22.914733981370283 ], [ -43.581714928403862, -22.914825965623471 ], [ -43.58152971845022, -22.912368251933767 ], [ -43.581656583031766, -22.912365861632125 ], [ -43.581670060604537, -22.91250425675835 ], [ -43.581861793657595, -22.912545707837737 ], [ -43.58351231740459, -22.912439501922439 ], [ -43.58331376497916, -22.910361903004869 ], [ -43.581227246738933, -22.909515353675037 ], [ -43.580257035747742, -22.909333819315279 ], [ -43.580172297819196, -22.90815597107467 ], [ -43.580497200782581, -22.908131237972754 ], [ -43.580390767012446, -22.906171961697353 ], [ -43.578106162226888, -22.905724604610857 ], [ -43.577612665700066, -22.89937854753596 ], [ -43.578372177485321, -22.899172559643524 ], [ -43.581479262115685, -22.899141530063577 ], [ -43.583480725964634, -22.898344460007603 ], [ -43.584311820794504, -22.897683614359984 ], [ -43.584713466467775, -22.897165887238181 ], [ -43.585000963177613, -22.896948254459495 ], [ -43.585588972169525, -22.896799228782236 ], [ -43.585878391443302, -22.896790785859356 ], [ -43.586945288296477, -22.897079353636414 ], [ -43.587904379182305, -22.897065841681929 ], [ -43.588952509916382, -22.897633126538818 ], [ -43.589024164609128, -22.897604409039459 ], [ -43.589591653495468, -22.897139530375497 ], [ -43.590353870782117, -22.895857658220823 ], [ -43.59034747090454, -22.895703429443095 ], [ -43.590549124624822, -22.895367524708075 ], [ -43.590585735699172, -22.894890524104017 ], [ -43.590284156395647, -22.894160981416821 ], [ -43.590088941264305, -22.892345693839701 ], [ -43.590234372146135, -22.892082627452375 ], [ -43.590593843058087, -22.891803126566529 ], [ -43.591541867426933, -22.890166771033549 ], [ -43.593451075349101, -22.890235157306019 ], [ -43.593776927913709, -22.890142574838148 ], [ -43.593965959157224, -22.890254343011463 ], [ -43.594862176167695, -22.89018884067788 ], [ -43.595027349405456, -22.890307800878105 ], [ -43.595620458584953, -22.889659511743673 ], [ -43.595856447393885, -22.889830487829361 ], [ -43.596064809469482, -22.891910247564269 ], [ -43.596929284586857, -22.891851859574405 ], [ -43.596809685458844, -22.892306000735598 ], [ -43.596862093988221, -22.893371117245113 ], [ -43.59714664765918, -22.893370648682154 ], [ -43.597916571349046, -22.900558529917028 ], [ -43.601610605646698, -22.901437079310103 ], [ -43.602038295046569, -22.904659915228891 ], [ -43.602970387987661, -22.904194492362404 ], [ -43.60294533478887, -22.903937322811053 ], [ -43.603806411466991, -22.903741857363087 ], [ -43.604599344350476, -22.910852785876006 ], [ -43.606342214071951, -22.911199910854013 ], [ -43.60649192594019, -22.912615134545717 ], [ -43.606785997094107, -22.913786141736402 ], [ -43.606818820193993, -22.914218506626796 ], [ -43.606864683381453, -22.919231401971839 ], [ -43.606989936048763, -22.92230570894279 ], [ -43.606890524911165, -22.922539930938019 ], [ -43.606437181934545, -22.923078665221183 ], [ -43.606229651868752, -22.923664534625885 ], [ -43.606255453128405, -22.924058814225226 ], [ -43.60649804910377, -22.924420493100254 ], [ -43.606584253445867, -22.9247530746641 ], [ -43.605523928166292, -22.926254401743492 ], [ -43.605414456726159, -22.926737448315503 ], [ -43.605421835178191, -22.927473863859699 ], [ -43.605046846909573, -22.928376264241063 ], [ -43.605881615429695, -22.929956462397744 ], [ -43.606114300157834, -22.931792294109101 ], [ -43.606064469122856, -22.933116711015241 ], [ -43.605871205494616, -22.934373756176498 ], [ -43.603809592060216, -22.933967544280407 ] ] ] } },
{ "type": "Feature", "properties": { "objectid": 512, "nome": "Gericinó", "regiao_adm": "BANGU                   ", "area_plane": "5", "codbairro": "160", "codra": 17, "codbnum": 160, "link": "Gericinó                &area=160", "rp": "Bangu", "cod_rp": "5.1", "codbairro_long": 160, "st_area(shape)": 2534311.0739438813, "st_perimeter(shape)": 8828.5557092885138 }, "geometry": { "type": "Polygon", "coordinates": [ [ [ -43.469298896105613, -22.840470829480726 ], [ -43.48258981826708, -22.830427571313386 ], [ -43.484242430188623, -22.827156714400946 ], [ -43.484218719020447, -22.830874649076829 ], [ -43.481638074527687, -22.839222595525033 ], [ -43.487667436731243, -22.846338577920346 ], [ -43.487491785015685, -22.848140844148844 ], [ -43.487390352173676, -22.848518748660052 ], [ -43.487172994385624, -22.848805326665932 ], [ -43.485390429056238, -22.850122675976905 ], [ -43.484108293072403, -22.848586421071563 ], [ -43.475575624999763, -22.85575965784918 ], [ -43.47542608159204, -22.855895412517885 ], [ -43.475521051035038, -22.856231656855972 ], [ -43.475360313388173, -22.856298344318482 ], [ -43.475410756264552, -22.856197436117448 ], [ -43.475195347827153, -22.855926830966443 ], [ -43.474391794812163, -22.855334221354415 ], [ -43.474706595304198, -22.854882873918044 ], [ -43.474767877823417, -22.854630853186233 ], [ -43.474864046225711, -22.852990232462176 ], [ -43.475375705152864, -22.850740179661042 ], [ -43.475026498554328, -22.849451668718661 ], [ -43.475537034484795, -22.848751389050307 ], [ -43.475694456155949, -22.847602298126972 ], [ -43.470432665161816, -22.845680524069664 ], [ -43.471146680932783, -22.842852346417992 ], [ -43.471156875336327, -22.842559374746827 ], [ -43.471019132041462, -22.841971915494202 ], [ -43.470688510328706, -22.8414144860545 ], [ -43.469891757663738, -22.840750610169724 ], [ -43.469298896105613, -22.840470829480726 ] ] ] } },
{ "type": "Feature", "properties": { "objectid": 485, "nome": "Lapa", "regiao_adm": "CENTRO", "area_plane": "1", "codbairro": "161", "codra": 2, "codbnum": 161, "link": "Lapa                &area=161", "rp": "Centro", "cod_rp": "1.1", "codbairro_long": 161, "st_area(shape)": 298326.62033234502, "st_perimeter(shape)": 3849.1818182359671 }, "geometry": { "type": "Polygon", "coordinates": [ [ [ -43.181661207702021, -22.912079822467664 ], [ -43.182429449100276, -22.911853827326244 ], [ -43.18310919108086, -22.910222591895845 ], [ -43.186707075763159, -22.911465809975162 ], [ -43.186073475271733, -22.913121022496039 ], [ -43.184875659245364, -22.912675998165433 ], [ -43.184526001493353, -22.912689974484895 ], [ -43.184427264436728, -22.912814652241831 ], [ -43.183888104615903, -22.914523712550402 ], [ -43.183088776714811, -22.914444779716078 ], [ -43.180245926357387, -22.913558227725805 ], [ -43.180081060768686, -22.913574579738771 ], [ -43.180208991591556, -22.9138567090334 ], [ -43.179679562740631, -22.914302069140728 ], [ -43.178688312207477, -22.916041418550776 ], [ -43.178193294664638, -22.916121167015898 ], [ -43.177742224700275, -22.917842322567843 ], [ -43.17760295177699, -22.917920011389114 ], [ -43.177214924110196, -22.917878984507688 ], [ -43.177277104975076, -22.917165939761638 ], [ -43.177438451103789, -22.916742552380327 ], [ -43.176787577102296, -22.916572805218731 ], [ -43.176441677459479, -22.914148971899749 ], [ -43.175860518037588, -22.914270437654356 ], [ -43.17558435792369, -22.913885271276808 ], [ -43.176370323386607, -22.912453805037838 ], [ -43.176642657743784, -22.91242893527982 ], [ -43.177701643468843, -22.91369536040224 ], [ -43.17781981323013, -22.913950229636043 ], [ -43.178104399814806, -22.913809009409775 ], [ -43.178342304065083, -22.913513736422715 ], [ -43.178875853214961, -22.91334376417398 ], [ -43.179171596182435, -22.912367361000996 ], [ -43.179822039007036, -22.912203240607795 ], [ -43.180019303554033, -22.912760868774654 ], [ -43.180145768970192, -22.912780378740742 ], [ -43.181661207702021, -22.912079822467664 ] ] ] } },
{ "type": "Feature", "properties": { "objectid": 443, "nome": "Catumbi", "regiao_adm": "RIO COMPRIDO            ", "area_plane": "1", "codbairro": "006", "codra": 3, "codbnum": 6, "link": "Catumbi                   &area=6                 ", "rp": "Centro", "cod_rp": "1.1", "codbairro_long": 6, "st_area(shape)": 539459.89267565496, "st_perimeter(shape)": 5123.7124537496911 }, "geometry": { "type": "Polygon", "coordinates": [ [ [ -43.194150003961418, -22.917312941644308 ], [ -43.193773352527174, -22.915560280363326 ], [ -43.194650768900054, -22.914194565519566 ], [ -43.194876605414692, -22.913645013230056 ], [ -43.195526132670295, -22.913725993701654 ], [ -43.195808653406985, -22.91398259590467 ], [ -43.197154807242732, -22.914224910331281 ], [ -43.196464719017293, -22.91616990023941 ], [ -43.199015020870995, -22.916936630395615 ], [ -43.200131254648959, -22.91895675158424 ], [ -43.200846767543624, -22.919845598202166 ], [ -43.201498809593978, -22.92120827136451 ], [ -43.201157048106261, -22.921641382141928 ], [ -43.200456316050285, -22.922097695371484 ], [ -43.199709560587458, -22.923999975783126 ], [ -43.19916284092951, -22.924766325891017 ], [ -43.198977880456106, -22.924915398315562 ], [ -43.198438265716526, -22.925173413587473 ], [ -43.198022263038403, -22.925446829076698 ], [ -43.198069629000877, -22.925499381849846 ], [ -43.198200119754908, -22.925341115267884 ], [ -43.198955576179877, -22.925245567701651 ], [ -43.199102952917102, -22.925321559936314 ], [ -43.199021205283024, -22.925435859544049 ], [ -43.198857203932008, -22.925400587227763 ], [ -43.198476922833244, -22.925641448257426 ], [ -43.198133751478636, -22.926113185320229 ], [ -43.198038178746785, -22.926063787796942 ], [ -43.198368920161606, -22.925617917428905 ], [ -43.198785564607697, -22.925355163279441 ], [ -43.19821507245971, -22.925426712570314 ], [ -43.198010041990692, -22.925758780936153 ], [ -43.197885169802618, -22.925801974432382 ], [ -43.19798817596017, -22.925598785863475 ], [ -43.197636464518773, -22.925404341795613 ], [ -43.197563473679182, -22.924915779443246 ], [ -43.197006101181032, -22.924246888791625 ], [ -43.196679309779249, -22.923414999270186 ], [ -43.195184284201616, -22.92378451143227 ], [ -43.19505634669509, -22.923691037196015 ], [ -43.195298306090287, -22.923426939026339 ], [ -43.197365674111218, -22.92259461557412 ], [ -43.197288667577055, -22.922409700724746 ], [ -43.1957616319431, -22.922944473883543 ], [ -43.1957707195048, -22.92300905327178 ], [ -43.195641177114126, -22.92304433559033 ], [ -43.195592316791064, -22.922979393547308 ], [ -43.195573773718394, -22.922877951174712 ], [ -43.197250457850792, -22.922298825058046 ], [ -43.196801091781566, -22.920968689520709 ], [ -43.195212424077845, -22.920159213461282 ], [ -43.195084319387171, -22.920461450266171 ], [ -43.195607506154147, -22.920706612289447 ], [ -43.195333627364889, -22.921136056213992 ], [ -43.194780614965012, -22.920890462004596 ], [ -43.194482786864718, -22.920500664869024 ], [ -43.194272061992812, -22.920659280234034 ], [ -43.194038003953729, -22.920702583611504 ], [ -43.193569711459631, -22.920435013650444 ], [ -43.19347743153191, -22.920277556452195 ], [ -43.193646834393903, -22.919860745618578 ], [ -43.194010128158254, -22.919621056049127 ], [ -43.194155808976859, -22.919125769681678 ], [ -43.194230306113425, -22.918749417460997 ], [ -43.194225849151927, -22.918335232947719 ], [ -43.19407563050833, -22.917680174627559 ], [ -43.194150003961418, -22.917312941644308 ] ] ] } },
{ "type": "Feature", "properties": { "objectid": 365, "nome": "Maré", "regiao_adm": "COMPLEXO DA MARE        ", "area_plane": "3", "codbairro": "157", "codra": 30, "codbnum": 157, "link": "Maré                      &area=157               ", "rp": "Ramos", "cod_rp": "3.1", "codbairro_long": 157, "st_area(shape)": 4268772.7753811469, "st_perimeter(shape)": 13082.638710071446 }, "geometry": { "type": "Polygon", "coordinates": [ [ [ -43.232937006205162, -22.86914013599581 ], [ -43.233239210031201, -22.869072151720825 ], [ -43.232786871972301, -22.867947152316699 ], [ -43.232760680622611, -22.867297561831865 ], [ -43.232685144577758, -22.867275861014196 ], [ -43.232819214326682, -22.867111910429209 ], [ -43.232924185612532, -22.866553270126115 ], [ -43.233470825532947, -22.864914962360125 ], [ -43.233496001648881, -22.863879973086938 ], [ -43.233741974469361, -22.863584964168936 ], [ -43.234068061095499, -22.863364447968639 ], [ -43.235034630309073, -22.863139745643224 ], [ -43.2355726185272, -22.862885181043822 ], [ -43.236463937494321, -22.86211048541383 ], [ -43.236776864364209, -22.861534820004927 ], [ -43.23693481302611, -22.860909034193195 ], [ -43.237479740695534, -22.857388074460804 ], [ -43.238229323201644, -22.854686106149309 ], [ -43.238484577365838, -22.853971449036674 ], [ -43.238706097756719, -22.853817309324636 ], [ -43.238683739234688, -22.853503248060367 ], [ -43.238910015873422, -22.853464121264714 ], [ -43.239069647404399, -22.853273354201391 ], [ -43.239476213990045, -22.852278975278246 ], [ -43.239526308530444, -22.851937810903372 ], [ -43.239901005706969, -22.851344488858526 ], [ -43.23988818606383, -22.851008226518225 ], [ -43.240008980159338, -22.85088954368134 ], [ -43.240061928274855, -22.850667073803503 ], [ -43.23991904915087, -22.850571033417037 ], [ -43.241365237921116, -22.847776686279797 ], [ -43.241646371331584, -22.847448909200541 ], [ -43.24233222315231, -22.847434448946455 ], [ -43.242172387021178, -22.847376875388573 ], [ -43.242089962474829, -22.84672458474062 ], [ -43.242527163512896, -22.846193804970344 ], [ -43.242743712904925, -22.845219712390239 ], [ -43.242778699149227, -22.844468566407599 ], [ -43.243155865354041, -22.842974907004805 ], [ -43.243357959262518, -22.842586832975346 ], [ -43.243245277546777, -22.842249286682875 ], [ -43.243533767206422, -22.842143922612621 ], [ -43.244042346499633, -22.841470427956494 ], [ -43.244574160465902, -22.841134482183769 ], [ -43.24524180194468, -22.840516920845502 ], [ -43.246852374273018, -22.840242251235171 ], [ -43.246807661335083, -22.840135106825961 ], [ -43.246998018527812, -22.84003831729132 ], [ -43.247086177397001, -22.840206896941702 ], [ -43.247776729680481, -22.839929309681128 ], [ -43.247712445624714, -22.839790704014391 ], [ -43.247889062681011, -22.839716519381469 ], [ -43.247733508475832, -22.839317818763725 ], [ -43.247969612891829, -22.839209159450807 ], [ -43.248132869735393, -22.839531635557673 ], [ -43.248420613506326, -22.839567490711193 ], [ -43.24985327534057, -22.838987042560984 ], [ -43.251398762489387, -22.838588431629908 ], [ -43.252313502018929, -22.837920721417518 ], [ -43.252149756418127, -22.837490958449298 ], [ -43.25243817625929, -22.837702463855209 ], [ -43.252907667527495, -22.837529169161648 ], [ -43.253161284330432, -22.837315125275392 ], [ -43.253080269807199, -22.837044312155243 ], [ -43.2531366728495, -22.837029756728207 ], [ -43.25384190498059, -22.838179874458046 ], [ -43.253425703461559, -22.83738440064527 ], [ -43.253501807798912, -22.837444567928092 ], [ -43.253829971648571, -22.837290490667112 ], [ -43.254111979245245, -22.837874799668612 ], [ -43.254315743023263, -22.837787991373776 ], [ -43.254386437717194, -22.837890450140236 ], [ -43.254542787138142, -22.837831478047377 ], [ -43.25441766335593, -22.837672701505728 ], [ -43.254224326874144, -22.837637440054294 ], [ -43.253953719898519, -22.837030048309163 ], [ -43.254052420748245, -22.836953465875986 ], [ -43.253777895473206, -22.836607379756469 ], [ -43.254072878132064, -22.836938428346809 ], [ -43.254617449073471, -22.836561499619236 ], [ -43.254273291846268, -22.836037467191112 ], [ -43.254007724934091, -22.836134615326877 ], [ -43.253975589891212, -22.836057050611561 ], [ -43.254165321143638, -22.835932069304388 ], [ -43.254314844020435, -22.835980397296652 ], [ -43.254722418731106, -22.836596875630697 ], [ -43.254802765397919, -22.836599381824119 ], [ -43.255088989690329, -22.837189512426548 ], [ -43.255519270935721, -22.837462259000425 ], [ -43.256039139327967, -22.837479243325362 ], [ -43.256280603077975, -22.837866685590836 ], [ -43.255140760426549, -22.83857692564883 ], [ -43.254410719928572, -22.839179038822504 ], [ -43.253459623284584, -22.840175979251725 ], [ -43.248070303231181, -22.846126947087491 ], [ -43.247490013633538, -22.847149873448064 ], [ -43.247307656522899, -22.847686004545821 ], [ -43.247171167312338, -22.848322786739576 ], [ -43.247130983267951, -22.849351659072141 ], [ -43.24750836942183, -22.851517663172491 ], [ -43.247565537195179, -22.852325543833462 ], [ -43.247891733609535, -22.864268018155805 ], [ -43.247327262766667, -22.868266527162948 ], [ -43.247127067646588, -22.869134062389517 ], [ -43.246864512676062, -22.869074817445998 ], [ -43.246644134448417, -22.869404082948531 ], [ -43.246215997853817, -22.869618356005539 ], [ -43.244877299943234, -22.869753767778807 ], [ -43.24443907842209, -22.869698812199101 ], [ -43.2439619624014, -22.870303654177604 ], [ -43.244243039617977, -22.87050696613489 ], [ -43.244480584378444, -22.870935110955244 ], [ -43.244623601941818, -22.871894026840824 ], [ -43.244467604625591, -22.872468007399338 ], [ -43.244702839577705, -22.873083784455886 ], [ -43.241860497571309, -22.876712944868551 ], [ -43.239506990142786, -22.880128376784842 ], [ -43.23861757800136, -22.879183318271298 ], [ -43.236822047129053, -22.876974580693908 ], [ -43.235367170223057, -22.875370231550139 ], [ -43.23506727243609, -22.874783887240397 ], [ -43.234735384295291, -22.873212132718276 ], [ -43.233525122651663, -22.870692975920583 ], [ -43.232937006205162, -22.86914013599581 ] ] ] } },
{ "type": "Feature", "properties": { "objectid": 434, "nome": "Cidade Nova", "regiao_adm": "RIO COMPRIDO            ", "area_plane": "1", "codbairro": "008", "codra": 3, "codbnum": 8, "link": "Cidade Nova               &area=8                 ", "rp": "Centro", "cod_rp": "1.1", "codbairro_long": 8, "st_area(shape)": 934855.37545983179, "st_perimeter(shape)": 4790.11644919017 }, "geometry": { "type": "Polygon", "coordinates": [ [ [ -43.195156242506755, -22.911748914681542 ], [ -43.195634398658427, -22.911814490423719 ], [ -43.198322516171075, -22.904699950517532 ], [ -43.200237985617534, -22.905109340937646 ], [ -43.202219070491935, -22.905910469222235 ], [ -43.203284792718804, -22.90654644005005 ], [ -43.204238119767467, -22.907353795555878 ], [ -43.20528884647419, -22.908108519802042 ], [ -43.206758284482433, -22.908817388702147 ], [ -43.207829389713297, -22.909217876828826 ], [ -43.208477822876574, -22.909373923709055 ], [ -43.209632662795926, -22.909478694140489 ], [ -43.20922436152339, -22.909764604430656 ], [ -43.208163858229234, -22.910143751591576 ], [ -43.20796655265287, -22.910329540354418 ], [ -43.207906664510752, -22.910562030804336 ], [ -43.207968608504089, -22.910795895933081 ], [ -43.208217501368125, -22.911009295060751 ], [ -43.209419556638792, -22.91159447868705 ], [ -43.20988586969343, -22.912562473949162 ], [ -43.209535356065011, -22.912663818577503 ], [ -43.208120059059212, -22.913475226424886 ], [ -43.207886454396622, -22.913337134617095 ], [ -43.203353185337519, -22.91200729232316 ], [ -43.203323506780855, -22.911788871650984 ], [ -43.202821273853843, -22.911707965629343 ], [ -43.202763557588035, -22.911775039815108 ], [ -43.203040197981288, -22.912958991909154 ], [ -43.202306476788912, -22.912875464553057 ], [ -43.20235034927407, -22.91324449379923 ], [ -43.200964142521975, -22.913695127334915 ], [ -43.199731227157038, -22.914215216044926 ], [ -43.198327712966538, -22.914439959323655 ], [ -43.195719867798587, -22.913944020695801 ], [ -43.19555158798498, -22.913776672590689 ], [ -43.19546619068695, -22.913482303547003 ], [ -43.195668098673281, -22.912950629965998 ], [ -43.195645723381098, -22.912799928314122 ], [ -43.19535929274636, -22.912352919698741 ], [ -43.195091551425904, -22.912342380892532 ], [ -43.195156242506755, -22.911748914681542 ] ] ] } },
{ "type": "Feature", "properties": { "objectid": 441, "nome": "Estácio", "regiao_adm": "RIO COMPRIDO            ", "area_plane": "1", "codbairro": "009", "codra": 3, "codbnum": 9, "link": "Estácio                   &area=9                 ", "rp": "Centro", "cod_rp": "1.1", "codbairro_long": 9, "st_area(shape)": 980403.290771837, "st_perimeter(shape)": 5269.4324989527213 }, "geometry": { "type": "Polygon", "coordinates": [ [ [ -43.197154807242732, -22.914224910331281 ], [ -43.198327712966538, -22.914439959323655 ], [ -43.199731227157038, -22.914215216044926 ], [ -43.200964142521975, -22.913695127334915 ], [ -43.20235034927407, -22.91324449379923 ], [ -43.202306476788912, -22.912875464553057 ], [ -43.203040197981288, -22.912958991909154 ], [ -43.202763557588035, -22.911775039815108 ], [ -43.202821273853843, -22.911707965629343 ], [ -43.203323506780855, -22.911788871650984 ], [ -43.203353185337519, -22.91200729232316 ], [ -43.207886454396622, -22.913337134617095 ], [ -43.208120059059212, -22.913475226424886 ], [ -43.209535356065011, -22.912663818577503 ], [ -43.20988586969343, -22.912562473949162 ], [ -43.210121847176431, -22.914679978242905 ], [ -43.210071728582264, -22.916892509534623 ], [ -43.209662419514061, -22.916667280354762 ], [ -43.208589544990609, -22.919540321045041 ], [ -43.208622332087906, -22.921220896650166 ], [ -43.207511260449635, -22.921420481286489 ], [ -43.207245752872169, -22.921408995708124 ], [ -43.207100590527567, -22.921305493173385 ], [ -43.206952646920463, -22.921405685705246 ], [ -43.207014721434518, -22.921563338408284 ], [ -43.207756932543141, -22.921546340558049 ], [ -43.208689434297789, -22.921344649264086 ], [ -43.208898258420597, -22.922530806593564 ], [ -43.208659854050282, -22.92289728199318 ], [ -43.208507305122467, -22.922310026089484 ], [ -43.2083836642677, -22.922304386531888 ], [ -43.207967416047012, -22.922961529277281 ], [ -43.207693194935075, -22.922737821006159 ], [ -43.207759226708134, -22.922246405899735 ], [ -43.205793300687638, -22.921443520603582 ], [ -43.204459796488493, -22.921144167136578 ], [ -43.202704934880892, -22.920403050457612 ], [ -43.202361058189787, -22.921122496618381 ], [ -43.201498809593978, -22.92120827136451 ], [ -43.200846767543624, -22.919845598202166 ], [ -43.200131254648959, -22.91895675158424 ], [ -43.199015020870995, -22.916936630395615 ], [ -43.196464719017293, -22.91616990023941 ], [ -43.197154807242732, -22.914224910331281 ] ] ] } },
{ "type": "Feature", "properties": { "objectid": 890, "nome": "Vila Kennedy", "regiao_adm": "BANGU                   ", "area_plane": "5", "codbairro": "162", "codra": 17, "codbnum": 162, "link": "Vila Kennedy                &area=162", "rp": "Bangu", "cod_rp": "5.1", "codbairro_long": 162, "st_area(shape)": 1473741.3009923864, "st_perimeter(shape)": 6789.6095794044004 }, "geometry": { "type": "Polygon", "coordinates": [ [ [ -43.487792964676672, -22.8623862421362 ], [ -43.487208526149793, -22.862279986012354 ], [ -43.486223564005591, -22.86233022635005 ], [ -43.485774033442283, -22.862203934500496 ], [ -43.485086621060901, -22.861778151838131 ], [ -43.484783854600245, -22.861696515014362 ], [ -43.484311126720833, -22.86172886027024 ], [ -43.483852049403175, -22.86191893360358 ], [ -43.483501679695138, -22.861902768886509 ], [ -43.482487405170133, -22.861284472400548 ], [ -43.481018613471264, -22.861069147064295 ], [ -43.479784526155299, -22.86040457286288 ], [ -43.479566293503765, -22.859978284108152 ], [ -43.479602250686497, -22.858568376334983 ], [ -43.482555641789546, -22.859474960311751 ], [ -43.483890512992879, -22.859725844665931 ], [ -43.484511419379551, -22.859767524113082 ], [ -43.484505382338853, -22.859573741586793 ], [ -43.484675924520957, -22.859108172241623 ], [ -43.482632944197491, -22.858814691680099 ], [ -43.480235074820477, -22.85804590490179 ], [ -43.479950381424267, -22.85700620131442 ], [ -43.479827792612348, -22.85693566928073 ], [ -43.479414097529755, -22.856954114417867 ], [ -43.479172700653059, -22.856320280593952 ], [ -43.479398014366112, -22.856037376531809 ], [ -43.4793088058602, -22.855520752207021 ], [ -43.480320928945133, -22.854969729467921 ], [ -43.481035702047819, -22.854270841512008 ], [ -43.481408816150868, -22.854123758915012 ], [ -43.48243100337865, -22.853945294772679 ], [ -43.482757755292489, -22.853804631544794 ], [ -43.483633510675936, -22.852647565181758 ], [ -43.484351570003909, -22.852897710890574 ], [ -43.485687969014087, -22.852838090990026 ], [ -43.487507927311448, -22.853464114066171 ], [ -43.489385540248648, -22.853751083424356 ], [ -43.490200330980208, -22.850556092277291 ], [ -43.490252775802624, -22.850510349832916 ], [ -43.491285061709149, -22.850738066409392 ], [ -43.491492901119088, -22.849927207201802 ], [ -43.494821091354183, -22.850656032185199 ], [ -43.494138367469581, -22.853327936272919 ], [ -43.495931968016876, -22.853723585984007 ], [ -43.495153611193871, -22.856062232653155 ], [ -43.495013221627751, -22.856855220140076 ], [ -43.493388588475021, -22.861478476314591 ], [ -43.493143070181851, -22.861488916195938 ], [ -43.488890001979456, -22.860596102304097 ], [ -43.488421251380075, -22.860387511225873 ], [ -43.487962481491131, -22.862285707335044 ], [ -43.487792964676672, -22.8623862421362 ] ] ] } },
{ "type": "Feature", "properties": { "objectid": 513, "nome": "Jabour", "regiao_adm": "BANGU", "area_plane": "5", "codbairro": "163", "codra": 17, "codbnum": 163, "link": "Jabour            &area=163", "rp": "Bangu", "cod_rp": "5.1", "codbairro_long": 163, "st_area(shape)": 327327.98101589672, "st_perimeter(shape)": 2235.7484068083404 }, "geometry": { "type": "Polygon", "coordinates": [ [ [ -43.491651805183153, -22.878725468610412 ], [ -43.492126081877068, -22.878222579867469 ], [ -43.493937903352148, -22.878656099669573 ], [ -43.497167997776714, -22.879222943589159 ], [ -43.496404759381932, -22.88205114095636 ], [ -43.494565031716732, -22.883179906552481 ], [ -43.493827750314949, -22.883427970805613 ], [ -43.491663558948993, -22.883386772134216 ], [ -43.48963967501038, -22.883077378064456 ], [ -43.489795306151393, -22.882551514405279 ], [ -43.489639775318579, -22.882509837408694 ], [ -43.490504026949878, -22.879474115105339 ], [ -43.491651805183153, -22.878725468610412 ] ] ] } },
{ "type": "Feature", "properties": { "objectid": 894, "nome": "Ilha de Guaratiba", "regiao_adm": "GUARATIBA               ", "area_plane": "5", "codbairro": "164", "codra": 26, "codbnum": 164, "link": "Ilha de Guaratiba                 &area=164      ", "rp": "Guaratiba", "cod_rp": "5.4", "codbairro_long": 164, "st_area(shape)": 7714636.5361084882, "st_perimeter(shape)": 13955.136855725743 }, "geometry": { "type": "Polygon", "coordinates": [ [ [ -43.570944502796742, -22.984677443301347 ], [ -43.571646302353926, -22.984905109146645 ], [ -43.576522730699693, -22.988366595375819 ], [ -43.577089612287352, -22.988848552568584 ], [ -43.578223921385941, -22.990329611491582 ], [ -43.580823634077923, -22.992235091938753 ], [ -43.583163296243541, -22.994378899082303 ], [ -43.583667887257548, -22.994744460527684 ], [ -43.58439877915314, -22.995102848179869 ], [ -43.585300642615294, -22.995366365403576 ], [ -43.590126967056925, -22.996315625297104 ], [ -43.590643305075552, -22.996186189946016 ], [ -43.59357188044239, -22.993986215524618 ], [ -43.594035105235449, -22.99391689235707 ], [ -43.595513023867532, -22.993964495318618 ], [ -43.595776462853792, -22.994112379934542 ], [ -43.595792227257014, -22.994401584570763 ], [ -43.594976353185778, -22.99516231061062 ], [ -43.594119894892778, -22.99620872984325 ], [ -43.593585601856248, -22.996638603391581 ], [ -43.592924788265435, -22.997045314024952 ], [ -43.59204346107952, -22.997397630722581 ], [ -43.548509215440212, -23.007693759571673 ], [ -43.547514423460839, -23.007439249183346 ], [ -43.546209127461843, -23.007599659288061 ], [ -43.544682784783504, -23.007533919744802 ], [ -43.543415097639027, -23.007660174956513 ], [ -43.541899411970455, -23.008335783484153 ], [ -43.54090310874129, -23.00892427195619 ], [ -43.540431501173515, -23.00828563587017 ], [ -43.540374490597223, -23.008040071540464 ], [ -43.54048473836361, -23.00651976571238 ], [ -43.540061045801068, -23.004831954903757 ], [ -43.540166154068665, -23.002379902959994 ], [ -43.544142207753588, -22.99455093513264 ], [ -43.544395137732664, -22.992796682033998 ], [ -43.544468684083654, -22.99256142114444 ], [ -43.544610938603505, -22.99241786160221 ], [ -43.552299187592617, -22.989057238353507 ], [ -43.557595128385096, -22.987051204470244 ], [ -43.558207082363822, -22.987084500369356 ], [ -43.559760124648079, -22.987665532038552 ], [ -43.562352205323194, -22.987920912780407 ], [ -43.56536526701553, -22.986187622153476 ], [ -43.568390413645254, -22.984811992557582 ], [ -43.570944502796742, -22.984677443301347 ] ] ] } },
{ "type": "Feature", "properties": { "objectid": 420, "nome": "Gamboa", "regiao_adm": "PORTUARIA               ", "area_plane": "1", "codbairro": "002", "codra": 1, "codbnum": 2, "link": "Gamboa                    &area=2                 ", "rp": "Centro", "cod_rp": "1.1", "codbairro_long": 2, "st_area(shape)": 1112905.7205092052, "st_perimeter(shape)": 4612.8336304458426 }, "geometry": { "type": "Polygon", "coordinates": [ [ [ -43.186129548128712, -22.893732757574334 ], [ -43.190931706783005, -22.892116328473708 ], [ -43.195483987526607, -22.892007972774444 ], [ -43.196025032003213, -22.892088978421441 ], [ -43.196137069332963, -22.893132001935903 ], [ -43.196859556115648, -22.896409219313536 ], [ -43.196834654730786, -22.896575003536718 ], [ -43.19627815852391, -22.897307379592799 ], [ -43.197705683223965, -22.897885541596473 ], [ -43.198348419559878, -22.899899304266864 ], [ -43.198212927905701, -22.899921608091667 ], [ -43.198350138199928, -22.900315174885058 ], [ -43.198770574367479, -22.900666891954994 ], [ -43.199302076334099, -22.90078660910817 ], [ -43.200102427258251, -22.901215323391906 ], [ -43.199705355058292, -22.901906529571455 ], [ -43.199356171088439, -22.902285282672775 ], [ -43.199154764284295, -22.902375741315446 ], [ -43.196958295944825, -22.902837841890275 ], [ -43.196857283740904, -22.902906228723527 ], [ -43.196988404403662, -22.903406286328241 ], [ -43.195620813038495, -22.903657427741319 ], [ -43.194587236183217, -22.903263065258667 ], [ -43.194498082949806, -22.903378003392305 ], [ -43.193587349013313, -22.903158957285267 ], [ -43.193533042274296, -22.902769940162258 ], [ -43.18770690890679, -22.899004732590445 ], [ -43.187543635121472, -22.899049288144067 ], [ -43.187544416205242, -22.898315846971695 ], [ -43.187251205848895, -22.897532273610729 ], [ -43.18779181099876, -22.897368580441274 ], [ -43.187176067089013, -22.896204039244466 ], [ -43.186129548128712, -22.893732757574334 ] ] ] } },
{ "type": "Feature", "properties": { "objectid": 439, "nome": "Rio Comprido", "regiao_adm": "RIO COMPRIDO            ", "area_plane": "1", "codbairro": "007", "codra": 3, "codbnum": 7, "link": "Rio Comprido              &area=7                 ", "rp": "Centro", "cod_rp": "1.1", "codbairro_long": 7, "st_area(shape)": 3342519.5602230458, "st_perimeter(shape)": 12681.079257753541 }, "geometry": { "type": "Polygon", "coordinates": [ [ [ -43.210122210625279, -22.915832359165087 ], [ -43.211191195178237, -22.916028265771988 ], [ -43.212362000439555, -22.916384245887823 ], [ -43.211943463601017, -22.917864956851659 ], [ -43.211829343752164, -22.919927133092969 ], [ -43.212972531736895, -22.920726466535616 ], [ -43.214855065752957, -22.921870042268711 ], [ -43.214801285491902, -22.922097997606063 ], [ -43.215633022769616, -22.922302315662918 ], [ -43.216202923657939, -22.922557328694268 ], [ -43.215682751244962, -22.922383517515463 ], [ -43.215312732812571, -22.922379358400828 ], [ -43.215251039830171, -22.922660958911596 ], [ -43.215914592125642, -22.922970845573218 ], [ -43.215348470436723, -22.922977938843225 ], [ -43.214778032209544, -22.923314321504524 ], [ -43.214789738343939, -22.923529559584697 ], [ -43.215334294572592, -22.924059901439229 ], [ -43.215644637702063, -22.924742300977574 ], [ -43.218024895507334, -22.926113312467095 ], [ -43.218119167343687, -22.926501058052903 ], [ -43.218113670360552, -22.926921274297261 ], [ -43.219060856004496, -22.929736319864737 ], [ -43.220442810753532, -22.932141558292567 ], [ -43.219012609699213, -22.933991391520653 ], [ -43.21907530772495, -22.933804620915879 ], [ -43.219009304553154, -22.93354353285687 ], [ -43.218345359208477, -22.933363508300815 ], [ -43.217421254298117, -22.933513963597289 ], [ -43.216303376306072, -22.933273293942207 ], [ -43.215387818683077, -22.933374166786781 ], [ -43.214717531400233, -22.933098331438842 ], [ -43.214379298270998, -22.933248135922831 ], [ -43.214322011190994, -22.933401008956096 ], [ -43.214374879794775, -22.933585102512435 ], [ -43.214578605494196, -22.933856141662154 ], [ -43.215694810224157, -22.934090573732142 ], [ -43.216148283389536, -22.934283323616437 ], [ -43.216283512446282, -22.934506722766525 ], [ -43.216263132080762, -22.935005606812574 ], [ -43.21651755447111, -22.935277303877111 ], [ -43.21699409480302, -22.935466066513417 ], [ -43.217158017390879, -22.935612938244549 ], [ -43.216556176286659, -22.93619920532856 ], [ -43.216581246783669, -22.936391479020099 ], [ -43.217008931544768, -22.936797324824806 ], [ -43.216992627835836, -22.936984885653168 ], [ -43.216221155816186, -22.937859305599339 ], [ -43.215962740071369, -22.938598702312348 ], [ -43.215362947454494, -22.939027135468603 ], [ -43.214931960554701, -22.939222765028667 ], [ -43.21456022383056, -22.938766426397475 ], [ -43.214143644715094, -22.938569751140072 ], [ -43.213206906881638, -22.938350150760744 ], [ -43.212720107589568, -22.938058763724964 ], [ -43.211804083109726, -22.938014398462148 ], [ -43.210384021027821, -22.937588768411 ], [ -43.209836593564042, -22.937889809453583 ], [ -43.209412450256664, -22.938268996548974 ], [ -43.208904296645763, -22.938378401081195 ], [ -43.208692571251632, -22.938367522397026 ], [ -43.207668435432829, -22.937959159796637 ], [ -43.207318137182099, -22.937972270078266 ], [ -43.207196738110966, -22.938098863126186 ], [ -43.206676061310603, -22.937760204891298 ], [ -43.206386449897209, -22.937718554046736 ], [ -43.206381022599246, -22.937782516538963 ], [ -43.206647629376221, -22.937823910113249 ], [ -43.207172945112355, -22.938158372050914 ], [ -43.207111403344086, -22.938285637709193 ], [ -43.206968249323424, -22.938309576196023 ], [ -43.206553481592174, -22.937976451600029 ], [ -43.204906359068119, -22.936959514342227 ], [ -43.204752983109763, -22.936738248993624 ], [ -43.204949638817105, -22.931140709186227 ], [ -43.205072437456153, -22.930944420352485 ], [ -43.204988966941904, -22.930479581963308 ], [ -43.2048118953266, -22.930518035522081 ], [ -43.204865043387564, -22.930864683161126 ], [ -43.20479248290053, -22.930955160865082 ], [ -43.204207035432098, -22.93104290469708 ], [ -43.202951411597937, -22.930043836006703 ], [ -43.202460215049641, -22.929934423153679 ], [ -43.202546883825256, -22.930577288030733 ], [ -43.202487885903608, -22.930674238590324 ], [ -43.202220390786401, -22.930730991064582 ], [ -43.203026170944675, -22.931973580903254 ], [ -43.202916646417037, -22.93203528362336 ], [ -43.202104808024451, -22.930742233160444 ], [ -43.201866373439756, -22.93078360040311 ], [ -43.201542634753707, -22.93111974737138 ], [ -43.201465123851449, -22.931326569253237 ], [ -43.20143419506816, -22.932125409566684 ], [ -43.201175323168215, -22.932695185611117 ], [ -43.201099230160999, -22.933311100483529 ], [ -43.200947045697568, -22.933516984287547 ], [ -43.200659468491835, -22.933683675199077 ], [ -43.200233503215145, -22.933779534815699 ], [ -43.200082147739373, -22.933922576419473 ], [ -43.19995391356936, -22.933858180082588 ], [ -43.200088137717138, -22.933469498087167 ], [ -43.199920820439466, -22.933278774727238 ], [ -43.198756309712273, -22.932195729203968 ], [ -43.198244531060105, -22.931843784935957 ], [ -43.197903162948649, -22.931456025342534 ], [ -43.196942489561359, -22.931143048680802 ], [ -43.196460569657752, -22.931106148198825 ], [ -43.196387567743237, -22.930979433203621 ], [ -43.196859110855314, -22.930261095699009 ], [ -43.196857368901483, -22.929877193110421 ], [ -43.196642822074253, -22.929660735330096 ], [ -43.19715643887465, -22.928842184763564 ], [ -43.19718605128206, -22.928660016869472 ], [ -43.196935590490831, -22.928078231644928 ], [ -43.196813922167003, -22.92802645901784 ], [ -43.19668893332306, -22.928232739884837 ], [ -43.196488105856901, -22.928003885626048 ], [ -43.19632354736148, -22.927605580721437 ], [ -43.196300685687788, -22.927278059563989 ], [ -43.196962301762156, -22.927084196655844 ], [ -43.197226331704897, -22.927156369259126 ], [ -43.197587899408838, -22.927040912833483 ], [ -43.198049680204868, -22.927058798223307 ], [ -43.198132268989177, -22.926984151323907 ], [ -43.198076713352243, -22.926555569208947 ], [ -43.197673158143012, -22.926248920880159 ], [ -43.197709827122146, -22.926041728384398 ], [ -43.198010041990692, -22.925758780936153 ], [ -43.19821507245971, -22.925426712570314 ], [ -43.198785564607697, -22.925355163279441 ], [ -43.198368920161606, -22.925617917428905 ], [ -43.198038178746785, -22.926063787796942 ], [ -43.198133751478636, -22.926113185320229 ], [ -43.198476922833244, -22.925641448257426 ], [ -43.198857203932008, -22.925400587227763 ], [ -43.199021205283024, -22.925435859544049 ], [ -43.199102952917102, -22.925321559936314 ], [ -43.198955576179877, -22.925245567701651 ], [ -43.198200119754908, -22.925341115267884 ], [ -43.198069629000877, -22.925499381849846 ], [ -43.198022263038403, -22.925446829076698 ], [ -43.198438265716526, -22.925173413587473 ], [ -43.198977880456106, -22.924915398315562 ], [ -43.199490376116032, -22.924319243338385 ], [ -43.199709560587458, -22.923999975783126 ], [ -43.200456316050285, -22.922097695371484 ], [ -43.201157048106261, -22.921641382141928 ], [ -43.201498809593978, -22.92120827136451 ], [ -43.202361058189787, -22.921122496618381 ], [ -43.202704934880892, -22.920403050457612 ], [ -43.204459796488493, -22.921144167136578 ], [ -43.205793300687638, -22.921443520603582 ], [ -43.207759226708134, -22.922246405899735 ], [ -43.207693194935075, -22.922737821006159 ], [ -43.207967416047012, -22.922961529277281 ], [ -43.2083836642677, -22.922304386531888 ], [ -43.208507305122467, -22.922310026089484 ], [ -43.208659854050282, -22.92289728199318 ], [ -43.208898258420597, -22.922530806593564 ], [ -43.208689434297789, -22.921344649264086 ], [ -43.207756932543141, -22.921546340558049 ], [ -43.207014721434518, -22.921563338408284 ], [ -43.206952646920463, -22.921405685705246 ], [ -43.207100590527567, -22.921305493173385 ], [ -43.207245752872169, -22.921408995708124 ], [ -43.207511260449635, -22.921420481286489 ], [ -43.208622332087906, -22.921220896650166 ], [ -43.208589544990609, -22.919540321045041 ], [ -43.209662419514061, -22.916667280354762 ], [ -43.210071728582264, -22.916892509534623 ], [ -43.210122210625279, -22.915832359165087 ] ] ] } },
{ "type": "Feature", "properties": { "objectid": 418, "nome": "Rocha", "regiao_adm": "MEIER                   ", "area_plane": "3", "codbairro": "058", "codra": 13, "codbnum": 58, "link": "Rocha                     &area=58                ", "rp": "Méier", "cod_rp": "3.2", "codbairro_long": 58, "st_area(shape)": 1311629.1145141281, "st_perimeter(shape)": 5717.9417189752348 }, "geometry": { "type": "Polygon", "coordinates": [ [ [ -43.248025314761293, -22.890106669309802 ], [ -43.248728970039714, -22.889777492260979 ], [ -43.24956414081695, -22.890547070985228 ], [ -43.251220170636174, -22.892452431985046 ], [ -43.251256065122405, -22.89250357902241 ], [ -43.250344044694828, -22.893111325808789 ], [ -43.250324517677235, -22.893212615797811 ], [ -43.252026458336871, -22.895820785525437 ], [ -43.251989152381405, -22.895879615980412 ], [ -43.252512117424345, -22.896410047644732 ], [ -43.252696491164521, -22.896276616813434 ], [ -43.252813244601846, -22.896430245303094 ], [ -43.252847732847897, -22.896591370392983 ], [ -43.252645676488946, -22.89668225334513 ], [ -43.252623886931339, -22.896952843701722 ], [ -43.253855447214924, -22.897067886344544 ], [ -43.253463377524525, -22.901294697309471 ], [ -43.253043640161856, -22.901264706496796 ], [ -43.25255271111596, -22.903222564867779 ], [ -43.252084382933838, -22.905552912593865 ], [ -43.25099408430458, -22.909374315389091 ], [ -43.247767567990287, -22.908128021439111 ], [ -43.246425199563376, -22.908102190013132 ], [ -43.247210259589366, -22.907666368812912 ], [ -43.248379494867194, -22.906213058385703 ], [ -43.247395521475568, -22.904796321150286 ], [ -43.246576839028954, -22.904095994417141 ], [ -43.245847209921969, -22.90330092296567 ], [ -43.245382801652205, -22.903371199730312 ], [ -43.245155819135164, -22.902724088600163 ], [ -43.245489661208417, -22.902225404391302 ], [ -43.245314968508438, -22.902128022653084 ], [ -43.244964302581408, -22.902101121246186 ], [ -43.244348151895196, -22.899890395065579 ], [ -43.244235510753398, -22.897509861120685 ], [ -43.245444396787853, -22.896272925566251 ], [ -43.244793152825174, -22.895775552915371 ], [ -43.245262996959042, -22.895045830578503 ], [ -43.247135822493611, -22.890144543335907 ], [ -43.248025314761293, -22.890106669309802 ] ] ] } },
{ "type": "Feature", "properties": { "objectid": 428, "nome": "Mangueira", "regiao_adm": "SAO CRISTOVAO           ", "area_plane": "1", "codbairro": "011", "codra": 7, "codbnum": 11, "link": "Mangueira                 &area=11                ", "rp": "Centro", "cod_rp": "1.1", "codbairro_long": 11, "st_area(shape)": 798131.05053214915, "st_perimeter(shape)": 4489.0096920591286 }, "geometry": { "type": "Polygon", "coordinates": [ [ [ -43.239191702417415, -22.899885892135899 ], [ -43.239622701899727, -22.899065272308743 ], [ -43.240452980552796, -22.899345205749899 ], [ -43.240655417673501, -22.899580798376849 ], [ -43.240685079449598, -22.899782508585496 ], [ -43.241386361641432, -22.899839037485176 ], [ -43.241430732264838, -22.903185993422031 ], [ -43.241316772278857, -22.904002901560393 ], [ -43.241184446011765, -22.904392099895958 ], [ -43.241379341681323, -22.904525291159398 ], [ -43.241928058870464, -22.90518942339288 ], [ -43.242265640411198, -22.906020090379275 ], [ -43.24237545668479, -22.906136804709998 ], [ -43.242655691934594, -22.906206190513714 ], [ -43.242651696373201, -22.90630448924145 ], [ -43.242158074763218, -22.906129523668376 ], [ -43.241617717317268, -22.905058568020397 ], [ -43.241255834922363, -22.904699118680277 ], [ -43.240908061303436, -22.904553487168609 ], [ -43.240656771660205, -22.904975863417253 ], [ -43.240101913123098, -22.905558239173402 ], [ -43.238319526007061, -22.90706600467108 ], [ -43.237279174151254, -22.907801110034743 ], [ -43.237552528289733, -22.908154078189739 ], [ -43.238181908182511, -22.908504946742294 ], [ -43.238077625553146, -22.90861639919947 ], [ -43.237713053512245, -22.908419912665362 ], [ -43.236384885918433, -22.90915786815609 ], [ -43.236024388572879, -22.908428078031044 ], [ -43.234524979675044, -22.908869178997325 ], [ -43.232981168588495, -22.909027566131602 ], [ -43.232434113975536, -22.908936772755307 ], [ -43.231517169861561, -22.908609233933792 ], [ -43.232061533132594, -22.907141145956587 ], [ -43.232243037234667, -22.904886070894968 ], [ -43.232305597090928, -22.904759797688236 ], [ -43.232488426588844, -22.904747745319867 ], [ -43.232584969166574, -22.904353824575367 ], [ -43.232352828804927, -22.90346254264956 ], [ -43.23246992971567, -22.901474867027538 ], [ -43.232425046155853, -22.90065114159243 ], [ -43.234976381994372, -22.900091704435617 ], [ -43.235283556207932, -22.900631623549337 ], [ -43.236714852367371, -22.900030727069776 ], [ -43.238572010696409, -22.89985915594405 ], [ -43.239191702417415, -22.899885892135899 ] ] ] } },
{ "type": "Feature", "properties": { "objectid": 410, "nome": "Benfica", "regiao_adm": "SAO CRISTOVAO           ", "area_plane": "1", "codbairro": "012", "codra": 7, "codbnum": 12, "link": "Benfica                   &area=12                ", "rp": "Centro", "cod_rp": "1.1", "codbairro_long": 12, "st_area(shape)": 1736417.4374078545, "st_perimeter(shape)": 9097.9904086428978 }, "geometry": { "type": "Polygon", "coordinates": [ [ [ -43.233735454580341, -22.886554640479869 ], [ -43.236804441002377, -22.888303891263551 ], [ -43.237488608316106, -22.888616803061716 ], [ -43.23842993320055, -22.888896621609089 ], [ -43.240009680220389, -22.888896149720868 ], [ -43.243068307413004, -22.888463017301113 ], [ -43.244469760853384, -22.888388737500819 ], [ -43.247625086016292, -22.88871985086994 ], [ -43.249964375313716, -22.882465906351644 ], [ -43.251960489072907, -22.883289062858527 ], [ -43.253076881628033, -22.884214242943745 ], [ -43.253280777123308, -22.884305525486283 ], [ -43.251555019576912, -22.886295870058298 ], [ -43.249922528189117, -22.887439334379277 ], [ -43.249685256170729, -22.887677840099336 ], [ -43.249437767470233, -22.888036792494155 ], [ -43.249231629807696, -22.888552967733851 ], [ -43.249393471249455, -22.888549331975216 ], [ -43.24928040684528, -22.889058588975697 ], [ -43.248870257041723, -22.889674293914531 ], [ -43.248586512452007, -22.889888266894033 ], [ -43.248025314761293, -22.890106669309802 ], [ -43.247135822493611, -22.890144543335907 ], [ -43.245262996959042, -22.895045830578503 ], [ -43.244793152825174, -22.895775552915371 ], [ -43.245444396787853, -22.896272925566251 ], [ -43.244836649950713, -22.896909824815147 ], [ -43.244691081476994, -22.896791902838203 ], [ -43.243944527735351, -22.897564891004187 ], [ -43.243351838588453, -22.897016503741188 ], [ -43.242777052355848, -22.897325949560432 ], [ -43.242335405311387, -22.896773719489886 ], [ -43.241387190310377, -22.895942076569959 ], [ -43.241341744569795, -22.895596334589651 ], [ -43.241014106878261, -22.895455443386478 ], [ -43.240846873232393, -22.895521502066817 ], [ -43.240749330523009, -22.895466420249015 ], [ -43.240695443290576, -22.895518200093154 ], [ -43.240758938514745, -22.895628354554727 ], [ -43.240721372558113, -22.895956289509957 ], [ -43.24116235978984, -22.89608299464135 ], [ -43.242105293921995, -22.896908077528238 ], [ -43.242560961512723, -22.897461545142122 ], [ -43.241966062076507, -22.897985060983657 ], [ -43.241587630149539, -22.898585473261814 ], [ -43.241419933734633, -22.899087612810394 ], [ -43.241328680147163, -22.899807062924356 ], [ -43.240685079449598, -22.899782508585496 ], [ -43.240655417673501, -22.899580798376849 ], [ -43.240452980552796, -22.899345205749899 ], [ -43.239622701899727, -22.899065272308743 ], [ -43.239191702417415, -22.899885892135899 ], [ -43.238572010696409, -22.89985915594405 ], [ -43.236848917451098, -22.900005122310038 ], [ -43.23627648062039, -22.900183625170648 ], [ -43.235518225507661, -22.900582846092448 ], [ -43.235482469032789, -22.900491150985683 ], [ -43.235377551497145, -22.900501363320569 ], [ -43.235017013101846, -22.899806882453557 ], [ -43.235702949574311, -22.899158158306047 ], [ -43.236098169681149, -22.898603283094364 ], [ -43.23673222209711, -22.898159513401669 ], [ -43.236773830238903, -22.897806157768294 ], [ -43.236691250897351, -22.897046224522331 ], [ -43.236752656212133, -22.896578938610862 ], [ -43.233082000388983, -22.897011817522298 ], [ -43.23274374226196, -22.895547092689355 ], [ -43.23270828097985, -22.894958899826953 ], [ -43.233091652875558, -22.89460365587497 ], [ -43.233120450380511, -22.894284384839057 ], [ -43.23291766910851, -22.893768472281852 ], [ -43.232814469798406, -22.89270587090045 ], [ -43.232620717790915, -22.892441198116153 ], [ -43.232580156646257, -22.892246679557065 ], [ -43.232517817953145, -22.891355755292921 ], [ -43.232648722713954, -22.891393059662008 ], [ -43.23366355923956, -22.889661532785055 ], [ -43.230678118330523, -22.887265931603327 ], [ -43.230621917717869, -22.887112689695034 ], [ -43.230624075548597, -22.886540449493186 ], [ -43.231809938586437, -22.886268908397408 ], [ -43.232070762012938, -22.886253206602362 ], [ -43.232376082508218, -22.88639892374032 ], [ -43.232578517058087, -22.886760230648836 ], [ -43.23262889916731, -22.887054194581129 ], [ -43.233553937323869, -22.886723211590194 ], [ -43.233735454580341, -22.886554640479869 ] ] ] } },
{ "type": "Feature", "properties": { "objectid": 424, "nome": "Riachuelo", "regiao_adm": "MEIER                   ", "area_plane": "3", "codbairro": "059", "codra": 13, "codbnum": 59, "link": "Riachuelo                 &area=59                ", "rp": "Méier", "cod_rp": "3.2", "codbairro_long": 59, "st_area(shape)": 928110.98447453207, "st_perimeter(shape)": 5342.5369588895865 }, "geometry": { "type": "Polygon", "coordinates": [ [ [ -43.252201810972679, -22.896109350574424 ], [ -43.2532842977878, -22.895230016130427 ], [ -43.254371550508324, -22.894974565859926 ], [ -43.256840655318307, -22.894597095880886 ], [ -43.258532528981718, -22.893866914588518 ], [ -43.258470313653895, -22.897243515695628 ], [ -43.257146236576276, -22.896785773885334 ], [ -43.257059954860715, -22.896802528438666 ], [ -43.256932991257436, -22.897005046469211 ], [ -43.256841286301814, -22.897438415547807 ], [ -43.25662504864659, -22.899386118679953 ], [ -43.258422466207328, -22.899494511544727 ], [ -43.257719429553205, -22.907340387969164 ], [ -43.256557482414927, -22.911035346090131 ], [ -43.255357127024162, -22.910734177844184 ], [ -43.254420543735471, -22.91060215347219 ], [ -43.25099408430458, -22.909374315389091 ], [ -43.252084382933838, -22.905552912593865 ], [ -43.25255271111596, -22.903222564867779 ], [ -43.253043640161856, -22.901264706496796 ], [ -43.253463377524525, -22.901294697309471 ], [ -43.253855447214924, -22.897067886344544 ], [ -43.252623886931339, -22.896952843701722 ], [ -43.252645676488946, -22.89668225334513 ], [ -43.252847732847897, -22.896591370392983 ], [ -43.252813244601846, -22.896430245303094 ], [ -43.252696491164521, -22.896276616813434 ], [ -43.252512117424345, -22.896410047644732 ], [ -43.252201810972679, -22.896109350574424 ] ] ] } },
{ "type": "Feature", "properties": { "objectid": 423, "nome": "Sampaio", "regiao_adm": "MEIER                   ", "area_plane": "3", "codbairro": "060", "codra": 13, "codbnum": 60, "link": "Sampaio                   &area=60                ", "rp": "Méier", "cod_rp": "3.2", "codbairro_long": 60, "st_area(shape)": 884410.8379982519, "st_perimeter(shape)": 5793.7220778820292 }, "geometry": { "type": "Polygon", "coordinates": [ [ [ -43.258532528981718, -22.893866914588518 ], [ -43.259721317205262, -22.893589421666114 ], [ -43.259872505780855, -22.893619162543214 ], [ -43.26035410977957, -22.893886594967647 ], [ -43.261104064971967, -22.894512680725196 ], [ -43.260812710945686, -22.89747199960793 ], [ -43.260879789579874, -22.897562409887701 ], [ -43.261072979492809, -22.897585563838202 ], [ -43.262037409473329, -22.897369444454007 ], [ -43.262935308134793, -22.898573297999128 ], [ -43.263518755796483, -22.898782682677592 ], [ -43.263625295373828, -22.899670840168771 ], [ -43.263436518140395, -22.900211791712604 ], [ -43.265115664327588, -22.900876097568641 ], [ -43.264867578703942, -22.901313452970733 ], [ -43.263290595776411, -22.901352394815746 ], [ -43.262064919027345, -22.901582365883193 ], [ -43.261829843564733, -22.901785785842655 ], [ -43.261822030771832, -22.901871129330289 ], [ -43.264187144682282, -22.902044728299146 ], [ -43.264185553835844, -22.902169697809928 ], [ -43.263725913535104, -22.902141916101741 ], [ -43.263349340701666, -22.904278696096522 ], [ -43.263727270227847, -22.904362478364412 ], [ -43.263919777002684, -22.9047156043783 ], [ -43.263927648357175, -22.904893595921489 ], [ -43.26368605112323, -22.90561656768006 ], [ -43.263727735245759, -22.906874813096383 ], [ -43.26364078255542, -22.907165732984843 ], [ -43.26257136592158, -22.908057104953347 ], [ -43.261446413398907, -22.908639554330879 ], [ -43.259605036946681, -22.909437112832773 ], [ -43.259279473891219, -22.909793688269982 ], [ -43.25822555606667, -22.910437215409566 ], [ -43.256557482414927, -22.911035346090131 ], [ -43.257719429553205, -22.907340387969164 ], [ -43.258422466207328, -22.899494511544727 ], [ -43.25662504864659, -22.899386118679953 ], [ -43.256841286301814, -22.897438415547807 ], [ -43.256932991257436, -22.897005046469211 ], [ -43.257059954860715, -22.896802528438666 ], [ -43.257146236576276, -22.896785773885334 ], [ -43.258470313653895, -22.897243515695628 ], [ -43.258532528981718, -22.893866914588518 ] ] ] } },
{ "type": "Feature", "properties": { "objectid": 449, "nome": "Laranjeiras", "regiao_adm": "BOTAFOGO                ", "area_plane": "2", "codbairro": "017", "codra": 4, "codbnum": 17, "link": "Laranjeiras               &area=17                ", "rp": "Zona Sul", "cod_rp": "2.1", "codbairro_long": 17, "st_area(shape)": 2493514.0343393125, "st_perimeter(shape)": 10537.128736078888 }, "geometry": { "type": "Polygon", "coordinates": [ [ [ -43.18148564548288, -22.92951236298337 ], [ -43.183429634467508, -22.928616146053969 ], [ -43.183430823178391, -22.928534343829416 ], [ -43.183618281485266, -22.928455486035144 ], [ -43.186126178323349, -22.926355710707117 ], [ -43.187396998424489, -22.926588941668587 ], [ -43.188246405240818, -22.926613808910837 ], [ -43.189750413322116, -22.926973218149008 ], [ -43.191275069624467, -22.927518245085853 ], [ -43.193163410284221, -22.928495165557983 ], [ -43.193265546984264, -22.928924097256139 ], [ -43.193844937235433, -22.929748486246055 ], [ -43.195295673198409, -22.932365649587606 ], [ -43.196025791963585, -22.932875769816413 ], [ -43.197296959496157, -22.933442242722453 ], [ -43.199533973525504, -22.934722231530781 ], [ -43.198893178947458, -22.934835424546627 ], [ -43.198437387854149, -22.934679715072111 ], [ -43.19716126016715, -22.93468527101275 ], [ -43.197051761546348, -22.934774331772168 ], [ -43.196861800830391, -22.935203824972881 ], [ -43.19679678028394, -22.935203086152153 ], [ -43.196737014229093, -22.935011687092924 ], [ -43.19620413924266, -22.934338191682851 ], [ -43.195388888138552, -22.934123121564234 ], [ -43.195052456507213, -22.933753023240005 ], [ -43.194412631670637, -22.933580129554404 ], [ -43.194306162416929, -22.93363905867583 ], [ -43.194315415890792, -22.933764685312074 ], [ -43.194815414312153, -22.934056366613422 ], [ -43.195129936602385, -22.934446445207726 ], [ -43.195922994553307, -22.935107817735169 ], [ -43.19585964236024, -22.93539318089195 ], [ -43.195947509470948, -22.935715300204762 ], [ -43.195775287230695, -22.936034552819919 ], [ -43.1959135586808, -22.93623181414188 ], [ -43.196916471163533, -22.936604608203119 ], [ -43.197356445067584, -22.936519212800324 ], [ -43.19795375150423, -22.936009097713246 ], [ -43.198585270785074, -22.936191909141922 ], [ -43.19901026294152, -22.936221837651807 ], [ -43.199095266437517, -22.936348233616854 ], [ -43.199016038847148, -22.93660334784105 ], [ -43.197943454993556, -22.936610134601953 ], [ -43.197312300410196, -22.936966619314028 ], [ -43.197012756775727, -22.936997892736393 ], [ -43.194589945483905, -22.93647186852106 ], [ -43.194495809486, -22.936130172590023 ], [ -43.194913981865305, -22.935711133458685 ], [ -43.194844105379531, -22.935569102577581 ], [ -43.193855115299378, -22.935059372523451 ], [ -43.193135285103388, -22.934552700616045 ], [ -43.192858473960044, -22.934458161259982 ], [ -43.191868211147039, -22.934721043404846 ], [ -43.19255200480341, -22.934570983085226 ], [ -43.193087794000377, -22.934751551408322 ], [ -43.193582975194481, -22.935288897333944 ], [ -43.194117544896692, -22.935569144745063 ], [ -43.194178232698754, -22.935727686329187 ], [ -43.193835566412162, -22.935856803894826 ], [ -43.193360895946249, -22.935801462522004 ], [ -43.193287933979462, -22.935892109503406 ], [ -43.194293873868013, -22.936476808541201 ], [ -43.194576348728653, -22.936820648444314 ], [ -43.195203161238993, -22.936902550423799 ], [ -43.19521576836987, -22.937039956456843 ], [ -43.195053348986576, -22.937053551902157 ], [ -43.194540477853621, -22.936952445006956 ], [ -43.194005044757958, -22.936435503714247 ], [ -43.193400739313248, -22.936186159377041 ], [ -43.193472867491941, -22.936386100239158 ], [ -43.193833571469199, -22.936675927273388 ], [ -43.194162390860271, -22.937259871191944 ], [ -43.194246980237061, -22.937226158104838 ], [ -43.194519748570649, -22.937809464430956 ], [ -43.194388006631563, -22.937877228325078 ], [ -43.194660222479968, -22.938495114512431 ], [ -43.194481684769542, -22.938562346005885 ], [ -43.194577526084537, -22.939091714304947 ], [ -43.195458515957434, -22.941756037978404 ], [ -43.196226587707891, -22.944805753574677 ], [ -43.196422889732986, -22.945046749461962 ], [ -43.195168252722652, -22.945725471661707 ], [ -43.194004028636911, -22.946152091494532 ], [ -43.193378730076581, -22.946291082550793 ], [ -43.192828139790684, -22.94621554811668 ], [ -43.192298703896469, -22.945949802616404 ], [ -43.191266724527445, -22.945860108193873 ], [ -43.190710693768935, -22.945490023801604 ], [ -43.190658781247407, -22.94517770391737 ], [ -43.190473635731465, -22.945037065593446 ], [ -43.189950688551555, -22.94498784422467 ], [ -43.18974231682278, -22.945193254016669 ], [ -43.189592552876377, -22.945200215868535 ], [ -43.189482512641682, -22.945043095279274 ], [ -43.189720459552873, -22.944725413958349 ], [ -43.189137397483712, -22.944277177099973 ], [ -43.189119831816576, -22.944190373736735 ], [ -43.189130804519877, -22.944069221401321 ], [ -43.189405723940773, -22.943786637237721 ], [ -43.189896726675521, -22.942718530460557 ], [ -43.1896828853965, -22.941928099197629 ], [ -43.189792876035021, -22.941392500574882 ], [ -43.189607622247649, -22.941260439097061 ], [ -43.189502208995144, -22.940748390019234 ], [ -43.18912324963047, -22.940423669167842 ], [ -43.188952770281048, -22.939884867049329 ], [ -43.188205848254412, -22.939105689540142 ], [ -43.187874307394573, -22.939430878142009 ], [ -43.187602986999643, -22.940146505479618 ], [ -43.187207542667473, -22.940349867314563 ], [ -43.18722794234656, -22.940575226017714 ], [ -43.185227164625616, -22.940578271496626 ], [ -43.183409136268011, -22.939570992656325 ], [ -43.1813786824044, -22.938899353319673 ], [ -43.180876685966531, -22.938619709897488 ], [ -43.180323634285969, -22.938133133863978 ], [ -43.180077042055935, -22.937799074358715 ], [ -43.17987997787543, -22.937166045005419 ], [ -43.179699961744248, -22.936402813147783 ], [ -43.179690522089331, -22.935679735292794 ], [ -43.17842493242626, -22.93510162928235 ], [ -43.178796451727059, -22.934281334729004 ], [ -43.179060878434939, -22.932567251073703 ], [ -43.179693013020568, -22.930738723716129 ], [ -43.180847187730713, -22.931115698828425 ], [ -43.18148564548288, -22.92951236298337 ] ] ] } },
{ "type": "Feature", "properties": { "objectid": 438, "nome": "Glória", "regiao_adm": "BOTAFOGO                ", "area_plane": "2", "codbairro": "016", "codra": 4, "codbnum": 16, "link": "Glória                    &area=16                ", "rp": "Zona Sul", "cod_rp": "2.1", "codbairro_long": 16, "st_area(shape)": 1140068.5417523456, "st_perimeter(shape)": 7225.248107028302 }, "geometry": { "type": "Polygon", "coordinates": [ [ [ -43.168225048941181, -22.912309748424232 ], [ -43.168325076806617, -22.910749288956804 ], [ -43.169197631509491, -22.910741018274415 ], [ -43.169437772023763, -22.911006117854846 ], [ -43.170399542943166, -22.910974486181686 ], [ -43.171239948767031, -22.91116106858815 ], [ -43.171931146890621, -22.9114252172946 ], [ -43.172655399962196, -22.91192155188725 ], [ -43.173234252565521, -22.912458921710101 ], [ -43.174270932024136, -22.913727507214904 ], [ -43.174805066133779, -22.912684412143896 ], [ -43.174986579513742, -22.913150115388213 ], [ -43.175860518037588, -22.914270437654356 ], [ -43.176441677459479, -22.914148971899749 ], [ -43.176787577102296, -22.916572805218731 ], [ -43.177438451103789, -22.916742552380327 ], [ -43.177277104975076, -22.917165939761638 ], [ -43.177224815866623, -22.917635098430097 ], [ -43.177159879345758, -22.918401118610312 ], [ -43.177218687275058, -22.919179035422079 ], [ -43.180127516377858, -22.91981842937814 ], [ -43.18023407921239, -22.91990525753717 ], [ -43.180183212215979, -22.920254060262874 ], [ -43.18055785363196, -22.920443746931554 ], [ -43.1802583576766, -22.922408209163741 ], [ -43.177943502919128, -22.921853654017074 ], [ -43.176825248556185, -22.922091680438715 ], [ -43.176987770970079, -22.923037849113552 ], [ -43.176777963875587, -22.924437221820078 ], [ -43.176512006934395, -22.925260439031977 ], [ -43.176467036586693, -22.9256336884497 ], [ -43.172967154162578, -22.925311609612564 ], [ -43.172747196302403, -22.924484608630443 ], [ -43.168908229984822, -22.924667397921247 ], [ -43.168202577625372, -22.923335052334032 ], [ -43.167615698954975, -22.922508688899658 ], [ -43.167052546976009, -22.922650826548949 ], [ -43.168075426395504, -22.922169848940122 ], [ -43.168084153572444, -22.921586139983248 ], [ -43.167917541630814, -22.920723990295485 ], [ -43.16780540122209, -22.920515992681061 ], [ -43.167953416182918, -22.920405001697706 ], [ -43.167811641432891, -22.920291208457485 ], [ -43.167947958225326, -22.919085610144272 ], [ -43.168110189391612, -22.918605896045534 ], [ -43.168383572737994, -22.918139292733251 ], [ -43.169381619337543, -22.916818920888971 ], [ -43.169664453879399, -22.916802134094205 ], [ -43.169750656775051, -22.916945266599971 ], [ -43.169246046425492, -22.918086749828486 ], [ -43.16918234689004, -22.91868481579937 ], [ -43.169282980610696, -22.918842202240416 ], [ -43.169238937607915, -22.918913302018996 ], [ -43.16988979074857, -22.919672399604352 ], [ -43.170408512085146, -22.919912171682682 ], [ -43.170459424138372, -22.919859480445261 ], [ -43.171379738912229, -22.919885343966723 ], [ -43.171877080763679, -22.919662602537368 ], [ -43.17216728240502, -22.919431246730447 ], [ -43.172289697651081, -22.919266136945129 ], [ -43.172242938129031, -22.919118223020885 ], [ -43.172338447718936, -22.919113000342112 ], [ -43.172610399928374, -22.918584968226924 ], [ -43.172819288459088, -22.917707094972815 ], [ -43.172791560310074, -22.916925110560804 ], [ -43.172600808059236, -22.916181887395371 ], [ -43.171901054562966, -22.915223569870601 ], [ -43.171048240346529, -22.914630571957282 ], [ -43.170424293134879, -22.914337304117964 ], [ -43.169390917125661, -22.914320247685577 ], [ -43.16883665216892, -22.914456537054416 ], [ -43.168551811635616, -22.91436204520901 ], [ -43.168705979516005, -22.912290913070109 ], [ -43.168225048941181, -22.912309748424232 ] ] ] } },
{ "type": "Feature", "properties": { "objectid": 447, "nome": "Catete", "regiao_adm": "BOTAFOGO                ", "area_plane": "2", "codbairro": "018", "codra": 4, "codbnum": 18, "link": "Catete                    &area=18                ", "rp": "Zona Sul", "cod_rp": "2.1", "codbairro_long": 18, "st_area(shape)": 681028.54096654139, "st_perimeter(shape)": 4260.147747354843 }, "geometry": { "type": "Polygon", "coordinates": [ [ [ -43.176506054834846, -22.926928274978856 ], [ -43.176512006934395, -22.925260439031977 ], [ -43.176777963875587, -22.924437221820078 ], [ -43.176987770970079, -22.923037849113552 ], [ -43.176825248556185, -22.922091680438715 ], [ -43.177943502919128, -22.921853654017074 ], [ -43.183227069724865, -22.923176648409768 ], [ -43.183442204693094, -22.923207646177055 ], [ -43.184453709742357, -22.92297675044475 ], [ -43.184545542382878, -22.923013472341001 ], [ -43.184598112746095, -22.923113949231229 ], [ -43.184535942757378, -22.923155951861009 ], [ -43.18405081964638, -22.923171804408792 ], [ -43.183476904455873, -22.923493222604165 ], [ -43.182504561071255, -22.923674620534172 ], [ -43.181920471304437, -22.923603816010925 ], [ -43.181509876841872, -22.923798685579065 ], [ -43.181453881729531, -22.923962036974736 ], [ -43.18166815939486, -22.924057231306513 ], [ -43.182260139280565, -22.924106814679007 ], [ -43.184614003150266, -22.924811116854777 ], [ -43.186126178323349, -22.926355710707117 ], [ -43.183618281485266, -22.928455486035144 ], [ -43.183430823178391, -22.928534343829416 ], [ -43.183429634467508, -22.928616146053969 ], [ -43.18148564548288, -22.92951236298337 ], [ -43.180847187730713, -22.931115698828425 ], [ -43.179693013020568, -22.930738723716129 ], [ -43.1791494044217, -22.932239200801195 ], [ -43.179042206730855, -22.932760376103538 ], [ -43.177838058700317, -22.932642162704486 ], [ -43.177377910337704, -22.932501244278502 ], [ -43.177564687297732, -22.930332496293904 ], [ -43.176506054834846, -22.926928274978856 ] ] ] } },
{ "type": "Feature", "properties": { "objectid": 417, "nome": "Encantado", "regiao_adm": "MEIER                   ", "area_plane": "3", "codbairro": "068", "codra": 13, "codbnum": 68, "link": "Encantado                 &area=68                ", "rp": "Méier", "cod_rp": "3.2", "codbairro_long": 68, "st_area(shape)": 1060149.0224441919, "st_perimeter(shape)": 5995.5549954967728 }, "geometry": { "type": "Polygon", "coordinates": [ [ [ -43.297068771387735, -22.891498988441242 ], [ -43.298072321127499, -22.889702586590346 ], [ -43.301024059225398, -22.891160671627549 ], [ -43.301033777274128, -22.888290336276551 ], [ -43.303134755933719, -22.889431153588919 ], [ -43.303120601570299, -22.890036337294287 ], [ -43.303318612695058, -22.890032310266545 ], [ -43.305192630255519, -22.89074939264891 ], [ -43.306271307315122, -22.89265158144179 ], [ -43.30659464720457, -22.89302646475964 ], [ -43.305142368466555, -22.894057656794896 ], [ -43.30588504598331, -22.895146017357472 ], [ -43.304526486996167, -22.895967149914227 ], [ -43.308242337544357, -22.896074303614665 ], [ -43.30821590469143, -22.897466754030201 ], [ -43.310033733615725, -22.902964189161995 ], [ -43.304099907794189, -22.904631348725999 ], [ -43.303387088890844, -22.904642611788201 ], [ -43.300615370041399, -22.895972513165912 ], [ -43.300404724486796, -22.895534796320064 ], [ -43.301025444889845, -22.895440197149426 ], [ -43.301003179690035, -22.892430448178175 ], [ -43.298408074189062, -22.892424629605092 ], [ -43.298377011448821, -22.89229714373867 ], [ -43.297068771387735, -22.891498988441242 ] ] ] } },
{ "type": "Feature", "properties": { "objectid": 453, "nome": "Cosme Velho", "regiao_adm": "BOTAFOGO                ", "area_plane": "2", "codbairro": "019", "codra": 4, "codbnum": 19, "link": "Cosme Velho               &area=19                ", "rp": "Zona Sul", "cod_rp": "2.1", "codbairro_long": 19, "st_area(shape)": 892542.4698305988, "st_perimeter(shape)": 7889.6814519337304 }, "geometry": { "type": "Polygon", "coordinates": [ [ [ -43.196422889732986, -22.945046749461962 ], [ -43.196226587707891, -22.944805753574677 ], [ -43.195458515957434, -22.941756037978404 ], [ -43.194577526084537, -22.939091714304947 ], [ -43.194481684769542, -22.938562346005885 ], [ -43.194660222479968, -22.938495114512431 ], [ -43.194388006631563, -22.937877228325078 ], [ -43.194519748570649, -22.937809464430956 ], [ -43.194246980237061, -22.937226158104838 ], [ -43.194162390860271, -22.937259871191944 ], [ -43.193833571469199, -22.936675927273388 ], [ -43.193472867491941, -22.936386100239158 ], [ -43.193400739313248, -22.936186159377041 ], [ -43.194005044757958, -22.936435503714247 ], [ -43.194540477853621, -22.936952445006956 ], [ -43.195053348986576, -22.937053551902157 ], [ -43.19521576836987, -22.937039956456843 ], [ -43.195203161238993, -22.936902550423799 ], [ -43.194576348728653, -22.936820648444314 ], [ -43.194293873868013, -22.936476808541201 ], [ -43.193287933979462, -22.935892109503406 ], [ -43.193360895946249, -22.935801462522004 ], [ -43.193835566412162, -22.935856803894826 ], [ -43.194178232698754, -22.935727686329187 ], [ -43.194117544896692, -22.935569144745063 ], [ -43.193582975194481, -22.935288897333944 ], [ -43.193087794000377, -22.934751551408322 ], [ -43.19255200480341, -22.934570983085226 ], [ -43.191868211147039, -22.934721043404846 ], [ -43.192858473960044, -22.934458161259982 ], [ -43.193135285103388, -22.934552700616045 ], [ -43.193855115299378, -22.935059372523451 ], [ -43.194844105379531, -22.935569102577581 ], [ -43.194913981865305, -22.935711133458685 ], [ -43.194495809486, -22.936130172590023 ], [ -43.194589945483905, -22.93647186852106 ], [ -43.194759689088499, -22.936523647364616 ], [ -43.197012756775727, -22.936997892736393 ], [ -43.197312300410196, -22.936966619314028 ], [ -43.197943454993556, -22.936610134601953 ], [ -43.199016038847148, -22.93660334784105 ], [ -43.198690875279631, -22.93701613950579 ], [ -43.198825117718165, -22.937113024266353 ], [ -43.198351101882203, -22.937714847187955 ], [ -43.198544444497891, -22.937847530538779 ], [ -43.1990363687963, -22.937933394798399 ], [ -43.199127429516473, -22.938014799688002 ], [ -43.19912543814079, -22.938165313689176 ], [ -43.198707417152107, -22.938632317181277 ], [ -43.198217562599901, -22.938802396436564 ], [ -43.19810114000159, -22.939001820732688 ], [ -43.198801279252727, -22.939732381808838 ], [ -43.198984568160057, -22.939799753039196 ], [ -43.199352308406731, -22.939854045510938 ], [ -43.19960787565352, -22.939786689240897 ], [ -43.201140204498635, -22.939115952303265 ], [ -43.20200136195654, -22.938870420984497 ], [ -43.202074562743618, -22.938665448551035 ], [ -43.202233400066362, -22.938531792273093 ], [ -43.202570400725797, -22.938455238681424 ], [ -43.202824438332236, -22.938503359415886 ], [ -43.203206307339002, -22.938713396729927 ], [ -43.203333771484267, -22.938910528936908 ], [ -43.203276919414932, -22.93911063014178 ], [ -43.202735210145377, -22.939516012249072 ], [ -43.202825562057939, -22.93955550427253 ], [ -43.203566242567078, -22.939624938468459 ], [ -43.20385618204628, -22.939553358867418 ], [ -43.203918381333139, -22.939465205584352 ], [ -43.20465497913451, -22.939593012508354 ], [ -43.204985193037544, -22.939210336499361 ], [ -43.205147903434259, -22.93919709637138 ], [ -43.205444433992696, -22.939305835327094 ], [ -43.205992094179031, -22.939276898374452 ], [ -43.207089814738801, -22.939650614887363 ], [ -43.207157656039627, -22.939852128526056 ], [ -43.207368250089921, -22.939904717116555 ], [ -43.207748930523366, -22.939798574753677 ], [ -43.208290537225849, -22.939814715463875 ], [ -43.208288621180124, -22.939960264196841 ], [ -43.207508193370764, -22.939976554810364 ], [ -43.207658629324158, -22.940073615478809 ], [ -43.207581463855277, -22.940173071699967 ], [ -43.207042631196735, -22.939946189947275 ], [ -43.205963657220963, -22.939999192233088 ], [ -43.205098253017923, -22.939879053957021 ], [ -43.20602984567374, -22.940732670027273 ], [ -43.206103772866882, -22.94087907613569 ], [ -43.206344753321012, -22.941504086297513 ], [ -43.20626570191552, -22.942160607400684 ], [ -43.206363503947095, -22.942604024447625 ], [ -43.206494427464129, -22.942879669639243 ], [ -43.206883592284754, -22.9432995560588 ], [ -43.206926468429167, -22.943449584280856 ], [ -43.206849130366919, -22.943872419757959 ], [ -43.207077828778431, -22.944223939672973 ], [ -43.207213024350438, -22.944175618778573 ], [ -43.207208760209362, -22.943818325685143 ], [ -43.207393504226587, -22.943413323200843 ], [ -43.207529135561636, -22.943331775888648 ], [ -43.207663012297232, -22.943383136326432 ], [ -43.208054374601801, -22.942955541338286 ], [ -43.208729629709943, -22.943508242977263 ], [ -43.208738535193461, -22.943653914765544 ], [ -43.208359867439, -22.944020968583157 ], [ -43.207951544981498, -22.94416689546976 ], [ -43.207878548850189, -22.944356791415309 ], [ -43.208035448732389, -22.944785162364578 ], [ -43.208457651982108, -22.945236576198976 ], [ -43.208443495775768, -22.945482314523971 ], [ -43.208344748773932, -22.94557656046338 ], [ -43.207691868173377, -22.945774899932058 ], [ -43.206575247849912, -22.945395915398063 ], [ -43.205810837374536, -22.945015940460131 ], [ -43.205338841014367, -22.944644237964923 ], [ -43.204960064376294, -22.944604824208209 ], [ -43.204828089634752, -22.944748900930144 ], [ -43.204826302841703, -22.944884336754498 ], [ -43.205155587867708, -22.945600743009262 ], [ -43.204864214034423, -22.945794941834809 ], [ -43.20447985703963, -22.946296474919567 ], [ -43.204046843940496, -22.946613055295146 ], [ -43.203372262299929, -22.946666914330287 ], [ -43.202250352191278, -22.946342022039378 ], [ -43.201876717871549, -22.9461050749374 ], [ -43.201735405943452, -22.945937312071877 ], [ -43.20151831230249, -22.945394834484041 ], [ -43.20047076485131, -22.943879122432953 ], [ -43.199655586319651, -22.943336809872008 ], [ -43.196422889732986, -22.945046749461962 ] ] ] } },
{ "type": "Feature", "properties": { "objectid": 462, "nome": "Humaitá", "regiao_adm": "BOTAFOGO                ", "area_plane": "2", "codbairro": "021", "codra": 4, "codbnum": 21, "link": "Humaitá                   &area=21                ", "rp": "Zona Sul", "cod_rp": "2.1", "codbairro_long": 21, "st_area(shape)": 1054478.0944416036, "st_perimeter(shape)": 7100.8558185329102 }, "geometry": { "type": "Polygon", "coordinates": [ [ [ -43.196316818729194, -22.952709266576768 ], [ -43.196477633647099, -22.95256805441954 ], [ -43.196369970502253, -22.95246596087846 ], [ -43.197846962270511, -22.951347360537657 ], [ -43.198131650159908, -22.950989739573149 ], [ -43.201695546630624, -22.948576900031011 ], [ -43.202908517511318, -22.94939850699491 ], [ -43.20521803550028, -22.950180320764002 ], [ -43.206982413952232, -22.950539546631163 ], [ -43.207836796295688, -22.950620724603251 ], [ -43.209226667961488, -22.951208590958117 ], [ -43.210063853825332, -22.951974701451221 ], [ -43.204268561055684, -22.953144279643794 ], [ -43.203211313235499, -22.953685236679529 ], [ -43.202185622335151, -22.954516150150408 ], [ -43.202174089077886, -22.954658338250731 ], [ -43.202009829882151, -22.95466929916558 ], [ -43.201943944489692, -22.95479226840969 ], [ -43.20217965369114, -22.955078403565725 ], [ -43.202538380205375, -22.955028469154843 ], [ -43.203611295910441, -22.955605386910225 ], [ -43.204103433457128, -22.955576914663862 ], [ -43.204182360353876, -22.95581774773126 ], [ -43.204077652666406, -22.955978568027049 ], [ -43.204353410023046, -22.956186229097792 ], [ -43.204371089190488, -22.95630210857713 ], [ -43.204832065777552, -22.956307327722307 ], [ -43.205155420646562, -22.956551108760532 ], [ -43.205220482986952, -22.956711952204309 ], [ -43.204977038661376, -22.956967104640686 ], [ -43.204476940422303, -22.957014813336066 ], [ -43.204787475118422, -22.957498655658384 ], [ -43.204543202977661, -22.957816110308087 ], [ -43.20424341909856, -22.957972822573012 ], [ -43.203954602088629, -22.958022920187446 ], [ -43.203428225706666, -22.957874638360636 ], [ -43.203285274976594, -22.957793010372381 ], [ -43.203238968755514, -22.95765901569747 ], [ -43.203121726371492, -22.957808946103356 ], [ -43.203119259058866, -22.957995667379862 ], [ -43.203204920715464, -22.958058857412823 ], [ -43.203417259711244, -22.95798125416519 ], [ -43.20379976690667, -22.958110116547804 ], [ -43.20380838116094, -22.958181373566628 ], [ -43.204086705815584, -22.958202315949265 ], [ -43.204318019491872, -22.958142625040725 ], [ -43.204861604199728, -22.957704123508073 ], [ -43.204082007458716, -22.958558060864604 ], [ -43.203744179496525, -22.958678763250902 ], [ -43.203519228541893, -22.958987491225244 ], [ -43.203445491667466, -22.959475833457649 ], [ -43.203559915084426, -22.959539440432778 ], [ -43.204222395931119, -22.959564732838498 ], [ -43.204073377310863, -22.960666018935001 ], [ -43.20262543385104, -22.960298238610054 ], [ -43.201143200029819, -22.959618780295074 ], [ -43.201520369023612, -22.960512553565685 ], [ -43.201254153609163, -22.960674066183053 ], [ -43.200298753274637, -22.959924990787687 ], [ -43.200821987700785, -22.960664737004645 ], [ -43.200724890576154, -22.960743645172887 ], [ -43.2001822212912, -22.960381689377737 ], [ -43.200757656243447, -22.961170973901531 ], [ -43.200546488644264, -22.961889020415512 ], [ -43.200373850543343, -22.961869272012446 ], [ -43.199751523261256, -22.960990504560982 ], [ -43.199639216151652, -22.961496285421255 ], [ -43.199922743541499, -22.961846361146993 ], [ -43.199911914237433, -22.961935186420835 ], [ -43.199596466372469, -22.962191319777329 ], [ -43.19901357398269, -22.962406938599774 ], [ -43.197297580921948, -22.962750455048639 ], [ -43.197931176168424, -22.959724989736518 ], [ -43.198434878232419, -22.958721479072352 ], [ -43.19589949928524, -22.958154350058336 ], [ -43.196514500429593, -22.95560466735359 ], [ -43.195429769299217, -22.955222262294029 ], [ -43.196316818729194, -22.952709266576768 ] ] ] } },
{ "type": "Feature", "properties": { "objectid": 467, "nome": "Leme", "regiao_adm": "COPACABANA              ", "area_plane": "2", "codbairro": "023", "codra": 5, "codbnum": 23, "link": "Leme                      &area=23                ", "rp": "Zona Sul", "cod_rp": "2.1", "codbairro_long": 23, "st_area(shape)": 977201.64258108649, "st_perimeter(shape)": 7045.3313792792287 }, "geometry": { "type": "MultiPolygon", "coordinates": [ [ [ [ -43.159806014322932, -22.962089011335227 ], [ -43.160231999889128, -22.961776542567407 ], [ -43.160287667214632, -22.961575812597264 ], [ -43.16181859560573, -22.961559525551081 ], [ -43.162066893193796, -22.959992406222277 ], [ -43.162253826607987, -22.959703979929184 ], [ -43.162688597557924, -22.959454816374674 ], [ -43.163345028108829, -22.959176071598453 ], [ -43.165871812291627, -22.959082507884229 ], [ -43.167244837580839, -22.958834793799429 ], [ -43.169614665650911, -22.957339658893581 ], [ -43.169808948900346, -22.957691915482769 ], [ -43.170624883631127, -22.95790649866175 ], [ -43.171156819457863, -22.958174873784987 ], [ -43.171906632620562, -22.958970509410502 ], [ -43.172000332134857, -22.959501035512055 ], [ -43.172018978764164, -22.960935529586813 ], [ -43.17223566249659, -22.961464855554908 ], [ -43.172549953590106, -22.9616757223116 ], [ -43.173753590373373, -22.962169910722015 ], [ -43.174214699238632, -22.961294588718435 ], [ -43.174422478129884, -22.96138403408678 ], [ -43.173276577911977, -22.963451503979247 ], [ -43.173733703942766, -22.963650290201425 ], [ -43.173701528155384, -22.963707984215038 ], [ -43.173815833749323, -22.963757703226936 ], [ -43.17308686610027, -22.96512344100131 ], [ -43.172924267928614, -22.965887876747747 ], [ -43.172573416133105, -22.96648091665903 ], [ -43.171899682957665, -22.966210277393088 ], [ -43.170126822246026, -22.965229001993883 ], [ -43.169525944001428, -22.965023760462287 ], [ -43.169169105686393, -22.964749725362392 ], [ -43.16863296691605, -22.964545770080296 ], [ -43.167652866687504, -22.963962828894541 ], [ -43.166496888570755, -22.963492712871442 ], [ -43.165810737138393, -22.963356817308867 ], [ -43.164882314344453, -22.963339572359747 ], [ -43.164726458466866, -22.963500222283567 ], [ -43.164786703756931, -22.963761713128772 ], [ -43.164705039358452, -22.964349994712865 ], [ -43.164310305795617, -22.96466626711344 ], [ -43.163869957486376, -22.964807367083729 ], [ -43.163471704874873, -22.965153037726662 ], [ -43.162946247367657, -22.96514776218671 ], [ -43.162558147012057, -22.965333711944826 ], [ -43.162317057984815, -22.965356924425151 ], [ -43.160581365305283, -22.964986331134238 ], [ -43.159444393166574, -22.964381745296084 ], [ -43.15866165793966, -22.963147703473322 ], [ -43.158799841484893, -22.962585912723846 ], [ -43.159325765663439, -22.962368431247974 ], [ -43.159812955817806, -22.962368668647979 ], [ -43.159670357605464, -22.962061068463708 ], [ -43.159806014322932, -22.962089011335227 ] ] ], [ [ [ -43.147401742063224, -22.961741464245559 ], [ -43.147411763279536, -22.961671507116936 ], [ -43.14755394575392, -22.961692673645157 ], [ -43.148283987058512, -22.961890114216597 ], [ -43.148583207496827, -22.961765379114709 ], [ -43.148888180899064, -22.961805151231761 ], [ -43.149660524342657, -22.96207604344081 ], [ -43.150868491114281, -22.96335662357766 ], [ -43.151108976182812, -22.96405863726126 ], [ -43.151101272757657, -22.964481702327962 ], [ -43.150758168459731, -22.96477831643524 ], [ -43.150262778160098, -22.964964609071206 ], [ -43.149468400798384, -22.965100454115341 ], [ -43.149449030868929, -22.965205249084619 ], [ -43.149308387402343, -22.965256975629842 ], [ -43.14965039759943, -22.965499547392994 ], [ -43.149718886887158, -22.96557610827946 ], [ -43.149644919177312, -22.965637011402134 ], [ -43.149768578566423, -22.965722525808463 ], [ -43.15041428708642, -22.965913192340007 ], [ -43.151379664009248, -22.96661300713512 ], [ -43.151341669094776, -22.966782332566837 ], [ -43.151040035849341, -22.966718220197421 ], [ -43.151013568744048, -22.966893099002977 ], [ -43.151084484235106, -22.966999308499616 ], [ -43.150871808763981, -22.966847738387376 ], [ -43.15088829090756, -22.966740110171919 ], [ -43.150735202053099, -22.966516722536021 ], [ -43.150632925143285, -22.966852086350489 ], [ -43.150504090094906, -22.96689591387392 ], [ -43.150383782299315, -22.96678614786946 ], [ -43.150429228499057, -22.966528053509364 ], [ -43.150069578134818, -22.96629873417141 ], [ -43.149987771796482, -22.966154559780286 ], [ -43.149850554153922, -22.966176707724383 ], [ -43.148865443582963, -22.965759572130207 ], [ -43.148652345263386, -22.965152421505106 ], [ -43.14871496731714, -22.965072513271032 ], [ -43.148965707366678, -22.965049434292965 ], [ -43.149028964326682, -22.96493720526783 ], [ -43.148329044395076, -22.964524567696095 ], [ -43.147942209593033, -22.964186929047752 ], [ -43.14785625236464, -22.963789316471438 ], [ -43.147639863245125, -22.963524460547074 ], [ -43.147579241099322, -22.963178437120828 ], [ -43.147494678871929, -22.963344239213505 ], [ -43.147386466116409, -22.963213117974046 ], [ -43.147335535091017, -22.962656985985181 ], [ -43.147140085200213, -22.962201024621333 ], [ -43.147287845104685, -22.961920287277259 ], [ -43.14758229259489, -22.961895280978045 ], [ -43.147401742063224, -22.961741464245559 ] ] ] ] } },
{ "type": "Feature", "properties": { "objectid": 466, "nome": "Copacabana", "regiao_adm": "COPACABANA              ", "area_plane": "2", "codbairro": "024", "codra": 5, "codbnum": 24, "link": "Copacabana                &area=24                ", "rp": "Zona Sul", "cod_rp": "2.1", "codbairro_long": 24, "st_area(shape)": 4100861.0109156696, "st_perimeter(shape)": 12803.516209460262 }, "geometry": { "type": "MultiPolygon", "coordinates": [ [ [ [ -43.171906632620562, -22.958970509410502 ], [ -43.171156819457863, -22.958174873784987 ], [ -43.170624883631127, -22.95790649866175 ], [ -43.169808948900346, -22.957691915482769 ], [ -43.169614665650911, -22.957339658893581 ], [ -43.172542973631813, -22.957870550406845 ], [ -43.172847034490133, -22.958087259227685 ], [ -43.173181222764256, -22.958834303455319 ], [ -43.173972663802992, -22.959160020560734 ], [ -43.174898817978004, -22.959083090893564 ], [ -43.176091289592215, -22.95955094546462 ], [ -43.176497091696945, -22.959765838054146 ], [ -43.176900416287701, -22.96016582302591 ], [ -43.177714286328225, -22.960427484475105 ], [ -43.178305309438542, -22.96072017614085 ], [ -43.178512125772222, -22.960873990283453 ], [ -43.178659277016664, -22.961150563824976 ], [ -43.179123249770832, -22.961071368559647 ], [ -43.181857130669187, -22.960961056887896 ], [ -43.183344517728813, -22.961495994515907 ], [ -43.184637239795777, -22.961609773612036 ], [ -43.185532639073266, -22.962084812953226 ], [ -43.186087486177513, -22.962927371329123 ], [ -43.187915305716487, -22.963275351839442 ], [ -43.188972051780759, -22.963133368518168 ], [ -43.191374953453554, -22.962476840423118 ], [ -43.193031002092475, -22.961478636811208 ], [ -43.193720705207646, -22.961327287175273 ], [ -43.194464505848991, -22.961412426867383 ], [ -43.195466134818382, -22.961748110100071 ], [ -43.197297580921948, -22.962750455048639 ], [ -43.196975310814921, -22.966637886475958 ], [ -43.197358510048247, -22.968201246622371 ], [ -43.197965548089613, -22.96909402661225 ], [ -43.197333341181427, -22.970936978117219 ], [ -43.196970739025438, -22.97242972689758 ], [ -43.195954355543805, -22.975425089789645 ], [ -43.195250431680179, -22.9761424828265 ], [ -43.195015538971724, -22.976667180119254 ], [ -43.19551401861024, -22.976761625357806 ], [ -43.195440767139416, -22.977122005617289 ], [ -43.194871617225914, -22.977457772069211 ], [ -43.195553219430373, -22.978751908297198 ], [ -43.195797595656401, -22.978894029976207 ], [ -43.197062429443768, -22.979145927192913 ], [ -43.197270303952671, -22.980113182438956 ], [ -43.197461968970735, -22.98195665204198 ], [ -43.19512653366926, -22.983639960775516 ], [ -43.194342681613719, -22.983909886417969 ], [ -43.191666077504671, -22.987257332459127 ], [ -43.188893289419092, -22.986522197543231 ], [ -43.188443343766991, -22.987861663963432 ], [ -43.187983031471411, -22.987835448844976 ], [ -43.187521673468773, -22.987595382955483 ], [ -43.187430360778031, -22.987333722825895 ], [ -43.187035861273507, -22.986936931340203 ], [ -43.186612241561214, -22.986938675642705 ], [ -43.186566171433931, -22.986671034800828 ], [ -43.185425291746789, -22.986277973104851 ], [ -43.185088316104832, -22.98636495759327 ], [ -43.183933673339773, -22.986272348802373 ], [ -43.183567585021088, -22.985947123978384 ], [ -43.183564740794694, -22.985751496255016 ], [ -43.183893658480272, -22.985741811268248 ], [ -43.183894786145089, -22.985635537703466 ], [ -43.184090487792737, -22.985522644003058 ], [ -43.185428287314174, -22.985411458655523 ], [ -43.185693187953873, -22.985301975171716 ], [ -43.185898904380949, -22.985402941819316 ], [ -43.187039753416627, -22.98562261502066 ], [ -43.187462332058253, -22.98580065253811 ], [ -43.187798810921443, -22.985655681710217 ], [ -43.188047604705993, -22.985708102992835 ], [ -43.188430076425426, -22.985302953740657 ], [ -43.189026543724069, -22.984070541548551 ], [ -43.189142512477986, -22.983178046280553 ], [ -43.18908685640114, -22.981953530473032 ], [ -43.188746169665627, -22.979899030644457 ], [ -43.188475643171081, -22.97891732233834 ], [ -43.187703691339728, -22.977740874427788 ], [ -43.18694137017718, -22.976976409442699 ], [ -43.185415621368669, -22.974896780855463 ], [ -43.182734971121214, -22.972187133769292 ], [ -43.182485799989664, -22.972099390867434 ], [ -43.181905707122873, -22.971568709491891 ], [ -43.180613942624888, -22.970706482861065 ], [ -43.179942761509658, -22.970111264561684 ], [ -43.178085797361298, -22.968993382952107 ], [ -43.176921076109231, -22.968420383740256 ], [ -43.176529650239431, -22.968069571004619 ], [ -43.174904371475719, -22.967379012685168 ], [ -43.173516417991252, -22.96691756206485 ], [ -43.172573416133105, -22.96648091665903 ], [ -43.172924267928614, -22.965887876747747 ], [ -43.17308686610027, -22.96512344100131 ], [ -43.173815833749323, -22.963757703226936 ], [ -43.173701528155384, -22.963707984215038 ], [ -43.173733703942766, -22.963650290201425 ], [ -43.173276577911977, -22.963451503979247 ], [ -43.174422478129884, -22.96138403408678 ], [ -43.174214699238632, -22.961294588718435 ], [ -43.173753590373373, -22.962169910722015 ], [ -43.172549953590106, -22.9616757223116 ], [ -43.17223566249659, -22.961464855554908 ], [ -43.172018978764164, -22.960935529586813 ], [ -43.172000332134857, -22.959501035512055 ], [ -43.171906632620562, -22.958970509410502 ] ] ], [ [ [ -43.182370995083424, -22.986351050693852 ], [ -43.181908836846063, -22.986230069402573 ], [ -43.18183876206875, -22.986080535536576 ], [ -43.182027354372806, -22.985996009212723 ], [ -43.182220373358874, -22.986017729562612 ], [ -43.182292682155598, -22.986124485377406 ], [ -43.182574415371754, -22.986215311544832 ], [ -43.182685087191985, -22.986377862950935 ], [ -43.18250496691897, -22.986485243560892 ], [ -43.182370995083424, -22.986351050693852 ] ] ] ] } },
{ "type": "Feature", "properties": { "objectid": 473, "nome": "Ipanema", "regiao_adm": "LAGOA                   ", "area_plane": "2", "codbairro": "025", "codra": 6, "codbnum": 25, "link": "Ipanema                   &area=25                ", "rp": "Zona Sul", "cod_rp": "2.1", "codbairro_long": 25, "st_area(shape)": 3084915.3376516704, "st_perimeter(shape)": 23487.557826476372 }, "geometry": { "type": "MultiPolygon", "coordinates": [ [ [ [ -43.194871617225914, -22.977457772069211 ], [ -43.195416882603929, -22.977136092764056 ], [ -43.196313402881444, -22.977573887198378 ], [ -43.197069468208952, -22.978226172202373 ], [ -43.197132026618512, -22.978171619181015 ], [ -43.196450062621508, -22.977557379264006 ], [ -43.197409973524771, -22.977496149155023 ], [ -43.197533594526575, -22.977587771195754 ], [ -43.197684204298987, -22.977990249139435 ], [ -43.197927495916453, -22.978162606002243 ], [ -43.198160618601918, -22.978226664253089 ], [ -43.198512142456195, -22.978172865909059 ], [ -43.198905886242436, -22.978473357499464 ], [ -43.199871286524896, -22.978881481581915 ], [ -43.206766098008707, -22.980822356516185 ], [ -43.20784923240403, -22.980877957123543 ], [ -43.214207540065502, -22.980527482957637 ], [ -43.215613998832566, -22.984502622832228 ], [ -43.215625154664053, -22.985368403428343 ], [ -43.215408458838958, -22.987132852708246 ], [ -43.21510208651673, -22.987230089898052 ], [ -43.213869097991818, -22.987113877291026 ], [ -43.213032399354681, -22.987183006456778 ], [ -43.2107486856411, -22.987123817152249 ], [ -43.209761560658436, -22.987187527359403 ], [ -43.206946211081707, -22.98708913012139 ], [ -43.204473982055845, -22.987184033878552 ], [ -43.202516523005443, -22.987449993432573 ], [ -43.201230563518465, -22.987423928807882 ], [ -43.200074706604809, -22.987575243161025 ], [ -43.199083821497027, -22.987583850623466 ], [ -43.198924248755219, -22.987525323168924 ], [ -43.198003991626543, -22.987650674587101 ], [ -43.196994816315858, -22.987927349311839 ], [ -43.195572095496942, -22.988188741677046 ], [ -43.194930031441693, -22.988216825405122 ], [ -43.193498362542705, -22.988446402165646 ], [ -43.192390683050704, -22.988787572773983 ], [ -43.191754382952539, -22.989056368832294 ], [ -43.191684497293807, -22.989140635665873 ], [ -43.191724455210085, -22.989238257979395 ], [ -43.191434401664353, -22.989485720042161 ], [ -43.191503787790694, -22.989629371778975 ], [ -43.191398587355117, -22.989757937994217 ], [ -43.19156140470529, -22.989902382873542 ], [ -43.191502617259687, -22.990090627576855 ], [ -43.191635717721141, -22.990196086984394 ], [ -43.191630280995831, -22.990304026525259 ], [ -43.191527622426044, -22.990329674475181 ], [ -43.191569343056017, -22.990419458777104 ], [ -43.192022238116209, -22.990644518853827 ], [ -43.192004382397215, -22.990747532400562 ], [ -43.191784118371203, -22.990727318599767 ], [ -43.191872328611652, -22.99088581420741 ], [ -43.191666993770284, -22.990813664865108 ], [ -43.191487557056668, -22.99097226627406 ], [ -43.191312760088351, -22.990973069739521 ], [ -43.191158669258186, -22.99090565974306 ], [ -43.191286051838297, -22.990847243462458 ], [ -43.19124130511512, -22.990808895489781 ], [ -43.190813937864284, -22.990929806768214 ], [ -43.190355057396232, -22.990737005210725 ], [ -43.189731299426839, -22.990759135683486 ], [ -43.189714199342944, -22.990666288429594 ], [ -43.189905270099722, -22.990461949023736 ], [ -43.19060268748396, -22.990248040997947 ], [ -43.190489472609777, -22.990150937920358 ], [ -43.19063259827621, -22.989979731939926 ], [ -43.190402475073441, -22.989901610608339 ], [ -43.19064141680132, -22.989757145291716 ], [ -43.190388347298402, -22.989271041676222 ], [ -43.189907843860432, -22.989017759040681 ], [ -43.190130252664488, -22.988869585488576 ], [ -43.189057866531137, -22.988165245661165 ], [ -43.188443343766991, -22.987861663963432 ], [ -43.188893289419092, -22.986522197543231 ], [ -43.191666077504671, -22.987257332459127 ], [ -43.194342681613719, -22.983909886417969 ], [ -43.19512653366926, -22.983639960775516 ], [ -43.197461968970735, -22.98195665204198 ], [ -43.197270303952671, -22.980113182438956 ], [ -43.197062429443768, -22.979145927192913 ], [ -43.195797595656401, -22.978894029976207 ], [ -43.195553219430373, -22.978751908297198 ], [ -43.194871617225914, -22.977457772069211 ] ] ], [ [ [ -43.190475832255416, -23.071657968205901 ], [ -43.190304805490662, -23.071106248083403 ], [ -43.190649036346798, -23.069165079014645 ], [ -43.191666133809754, -23.067525184231453 ], [ -43.192217414813612, -23.066913553586712 ], [ -43.193172433439969, -23.066491749548362 ], [ -43.194127229354244, -23.06653219489499 ], [ -43.194604491355769, -23.066653957129034 ], [ -43.196672652545558, -23.067388168307438 ], [ -43.197822656968988, -23.068284631012663 ], [ -43.198531628476786, -23.069724554950206 ], [ -43.198604615069748, -23.070502261685835 ], [ -43.198481943925017, -23.0708974723204 ], [ -43.196363367094328, -23.072204537386217 ], [ -43.195494416214139, -23.072039653249597 ], [ -43.195004603302522, -23.072154791286071 ], [ -43.194184017507183, -23.072914249331422 ], [ -43.193681888195812, -23.073198559080424 ], [ -43.191992446547751, -23.073499894423978 ], [ -43.191576350218845, -23.073276418090618 ], [ -43.191503103650156, -23.073017407147155 ], [ -43.191637929140327, -23.072802492637592 ], [ -43.191613765143643, -23.072317745277399 ], [ -43.191393582728402, -23.072172185612327 ], [ -43.190830526071778, -23.072005811583306 ], [ -43.190475832255416, -23.071657968205901 ] ] ], [ [ [ -43.141385446137583, -23.064647671478514 ], [ -43.141765233771316, -23.064330216193287 ], [ -43.141803094199304, -23.063236306731795 ], [ -43.14251354632642, -23.062759474148876 ], [ -43.143407987290722, -23.061909782240384 ], [ -43.146641868944734, -23.059414442254646 ], [ -43.146801615346227, -23.058816085251003 ], [ -43.147328036571103, -23.058655834165648 ], [ -43.14934777017254, -23.05853384264336 ], [ -43.149616247583836, -23.059231762711924 ], [ -43.149359111527325, -23.059345693093888 ], [ -43.149150888509446, -23.059572165434389 ], [ -43.148207962083511, -23.059982374911371 ], [ -43.147913797900372, -23.060355842306905 ], [ -43.147459793646433, -23.061462938166251 ], [ -43.147275544251933, -23.062140292452984 ], [ -43.147531906798498, -23.062781906436257 ], [ -43.147543688758113, -23.06323282620524 ], [ -43.145766743024467, -23.065315632713236 ], [ -43.145118154158723, -23.06513816385219 ], [ -43.144947020834394, -23.064936048286196 ], [ -43.144616561566522, -23.06493749570684 ], [ -43.14373497360355, -23.065212131203587 ], [ -43.14300070504143, -23.065091440445197 ], [ -43.142119072646679, -23.065354684670123 ], [ -43.141653931512039, -23.065356802239567 ], [ -43.141274604102925, -23.065257070264614 ], [ -43.141225919293575, -23.065043026973871 ], [ -43.141385446137583, -23.064647671478514 ] ] ], [ [ [ -43.197032684956262, -23.035062074372913 ], [ -43.197273611929411, -23.034715528421909 ], [ -43.197412192100892, -23.034647123216352 ], [ -43.198035152442543, -23.034648895083691 ], [ -43.198571144916123, -23.034939273516425 ], [ -43.19852084499675, -23.035199947735812 ], [ -43.198691622724219, -23.035153671142588 ], [ -43.199012751449914, -23.035225236057663 ], [ -43.199906684170926, -23.035761788853758 ], [ -43.200026027088107, -23.035988452064295 ], [ -43.200210900826818, -23.03601213935746 ], [ -43.200042455336856, -23.036132583708856 ], [ -43.200179277315648, -23.036248012845082 ], [ -43.200189531472638, -23.036386927852234 ], [ -43.200633160914826, -23.036594522694411 ], [ -43.200650710322392, -23.036727828900364 ], [ -43.201113541670637, -23.03687811977532 ], [ -43.202230012456532, -23.037006494419053 ], [ -43.20243164168491, -23.037231022031822 ], [ -43.203405346158959, -23.037537197866815 ], [ -43.204519381272917, -23.037680518445718 ], [ -43.204727500764783, -23.037776525474147 ], [ -43.204732496832548, -23.037988524398564 ], [ -43.205805073278029, -23.038050363623583 ], [ -43.206699644753236, -23.037878999329656 ], [ -43.207798961002176, -23.038080646641262 ], [ -43.208129531210169, -23.038457258062977 ], [ -43.208264433067328, -23.038895669758546 ], [ -43.207960644126231, -23.038758760279414 ], [ -43.20793147115463, -23.038832478285315 ], [ -43.208167162506115, -23.039189951125287 ], [ -43.208483045219154, -23.039334582739716 ], [ -43.20848012280419, -23.039481834123634 ], [ -43.20870631223621, -23.039775986384878 ], [ -43.208718055659922, -23.04000946374849 ], [ -43.20835008311186, -23.040313319118823 ], [ -43.208040539382552, -23.040375282303835 ], [ -43.206676030476117, -23.040362703196653 ], [ -43.206088659600013, -23.040206046480009 ], [ -43.205068263546451, -23.039503828578333 ], [ -43.204613664130513, -23.039379017265102 ], [ -43.203729037537038, -23.038807015445002 ], [ -43.203610778791955, -23.038711393949129 ], [ -43.203531973317872, -23.038436520265286 ], [ -43.203617975687905, -23.038360017233721 ], [ -43.203424753309577, -23.038214962838587 ], [ -43.202238979970964, -23.037926243796008 ], [ -43.200751286333066, -23.03785333687506 ], [ -43.19977837565267, -23.037135011461491 ], [ -43.198868615688895, -23.036863587185188 ], [ -43.198591424109694, -23.036518003351684 ], [ -43.198336917646181, -23.036374501717727 ], [ -43.198050638907418, -23.035831949672485 ], [ -43.197475629102826, -23.035635850568511 ], [ -43.197032684956262, -23.035062074372913 ] ] ], [ [ [ -43.201453868451722, -23.025977526641395 ], [ -43.202952881644528, -23.025598941109283 ], [ -43.203778133416421, -23.025557743044281 ], [ -43.204651755753723, -23.025679996520676 ], [ -43.204742944024368, -23.025918167494439 ], [ -43.204982879496406, -23.026026906862029 ], [ -43.205433940485968, -23.025892504633703 ], [ -43.206092009521427, -23.025870348414777 ], [ -43.206674734423416, -23.026027038897226 ], [ -43.206766391771041, -23.02613418417641 ], [ -43.206489507318189, -23.02652485885848 ], [ -43.206511548505517, -23.026658124513247 ], [ -43.205802645624452, -23.027166532238788 ], [ -43.204185432446671, -23.02745223422064 ], [ -43.203966058220757, -23.027330814548421 ], [ -43.203387286947681, -23.02754548534817 ], [ -43.202324801657809, -23.027611709052053 ], [ -43.201743666880049, -23.02746034841768 ], [ -43.201705257338872, -23.027332943879159 ], [ -43.201580184672899, -23.027259102636283 ], [ -43.201270893632945, -23.027230479321986 ], [ -43.200949767644545, -23.027013080458932 ], [ -43.201071197403955, -23.026192612263809 ], [ -43.201453868451722, -23.025977526641395 ] ] ], [ [ [ -43.190519526849386, -23.026978829699832 ], [ -43.190863011463279, -23.026901215652693 ], [ -43.190923552869307, -23.026678136970187 ], [ -43.191162360984002, -23.02655588867071 ], [ -43.190845409276228, -23.026085669418933 ], [ -43.190841277485013, -23.025949355379069 ], [ -43.191107778707043, -23.025608891180593 ], [ -43.191540955184941, -23.025477666870668 ], [ -43.192153637202431, -23.025441863888965 ], [ -43.192601131890314, -23.025531862306064 ], [ -43.193923138659095, -23.026064395762109 ], [ -43.195383209481662, -23.026948688122438 ], [ -43.195709908297111, -23.027252490930561 ], [ -43.195825012025658, -23.027488681438012 ], [ -43.195506301955682, -23.027639915757579 ], [ -43.195020300187764, -23.027561768770191 ], [ -43.194666607667671, -23.027746375450196 ], [ -43.194415259447503, -23.027704134831176 ], [ -43.194305467301035, -23.027589371032441 ], [ -43.19355637675833, -23.027478686501361 ], [ -43.193368900774601, -23.02761452826541 ], [ -43.192542907193783, -23.027630016674987 ], [ -43.192313858439206, -23.027824981938153 ], [ -43.191964536289731, -23.027762293096249 ], [ -43.191907448507123, -23.02760966112719 ], [ -43.191309866546412, -23.027507288811233 ], [ -43.190749817989285, -23.027260770735072 ], [ -43.190487762039268, -23.027063443007666 ], [ -43.190519526849386, -23.026978829699832 ] ] ], [ [ [ -43.197500615600752, -23.073958100399381 ], [ -43.197611310377454, -23.073224571590391 ], [ -43.197917512241368, -23.072884825593768 ], [ -43.19871357794365, -23.072272080806016 ], [ -43.199007500650801, -23.07215785747443 ], [ -43.199288988678767, -23.072156462087861 ], [ -43.199937527876301, -23.072559288794011 ], [ -43.199998532269923, -23.072852113620808 ], [ -43.199765635361331, -23.073338176796959 ], [ -43.199018645977546, -23.073849263891468 ], [ -43.198504290722902, -23.07407728085828 ], [ -43.197977886047681, -23.074147493191823 ], [ -43.197500615600752, -23.073958100399381 ] ] ], [ [ [ -43.183195524546392, -23.022594953715835 ], [ -43.182656423321518, -23.022462609074605 ], [ -43.182422881547787, -23.022272097346264 ], [ -43.182421573493734, -23.022034947165402 ], [ -43.182579342704734, -23.021808204789721 ], [ -43.182562401295122, -23.020961602439215 ], [ -43.182745062685576, -23.020813708858885 ], [ -43.18341793843566, -23.020798498406879 ], [ -43.183799082902183, -23.021135006333633 ], [ -43.183801344405332, -23.02154148390462 ], [ -43.183679541493063, -23.021632466127581 ], [ -43.183427616398085, -23.022537205295176 ], [ -43.183195524546392, -23.022594953715835 ] ] ], [ [ [ -43.18215165547759, -23.024091377631279 ], [ -43.181967366598741, -23.023945679235435 ], [ -43.181572214427092, -23.023293127081288 ], [ -43.181631220832209, -23.02290893632664 ], [ -43.181813799282324, -23.022738555982354 ], [ -43.182021718261645, -23.022737333026321 ], [ -43.182953170783399, -23.023025441021872 ], [ -43.183150072402377, -23.023227542449831 ], [ -43.183090163032986, -23.023453695194373 ], [ -43.182943734380473, -23.023510981106906 ], [ -43.18255495179514, -23.023998664868575 ], [ -43.182396447568898, -23.02411252324848 ], [ -43.18215165547759, -23.024091377631279 ] ] ], [ [ [ -43.192206426581727, -23.029581409342885 ], [ -43.192139171476342, -23.029488531943887 ], [ -43.1923183779802, -23.029424570448192 ], [ -43.192308837151302, -23.029357272578835 ], [ -43.192067939492709, -23.029167503494627 ], [ -43.19224861158002, -23.029052084444331 ], [ -43.192838092815542, -23.029184430951982 ], [ -43.19305237883372, -23.029386989742736 ], [ -43.1930532468999, -23.029607248973381 ], [ -43.192899463311264, -23.02962328187893 ], [ -43.193082014548807, -23.029813196945156 ], [ -43.193095738200881, -23.029918195199841 ], [ -43.192964779073925, -23.029993184748342 ], [ -43.193126205736242, -23.030179519068014 ], [ -43.193089308644787, -23.030246645859322 ], [ -43.192940034211261, -23.030209901364287 ], [ -43.193030404687718, -23.030325166690595 ], [ -43.192987678307048, -23.030397823826053 ], [ -43.19273250499014, -23.030327362164435 ], [ -43.192049489874449, -23.030367598116388 ], [ -43.191689246502349, -23.030143051392976 ], [ -43.191595594795828, -23.029776614244188 ], [ -43.191993022266686, -23.029700339909549 ], [ -43.192013032691762, -23.029524204710455 ], [ -43.192079755770308, -23.029649494753883 ], [ -43.192206426581727, -23.029581409342885 ] ] ], [ [ [ -43.207631498055775, -23.08211756419988 ], [ -43.207631653162117, -23.081914565456582 ], [ -43.208035907526394, -23.081371376181821 ], [ -43.208317525100107, -23.081324905165562 ], [ -43.208647948055557, -23.081469797012428 ], [ -43.208770302938355, -23.081649624110963 ], [ -43.208476177979421, -23.082102137564807 ], [ -43.208243488287813, -23.082227365227176 ], [ -43.207937477394182, -23.082228857521642 ], [ -43.207631498055775, -23.08211756419988 ] ] ], [ [ [ -43.195920819974162, -23.034047575208863 ], [ -43.195682408082696, -23.033890166892853 ], [ -43.195494772302581, -23.033561219531169 ], [ -43.195243047122574, -23.033385236953677 ], [ -43.19518671356883, -23.033109712462959 ], [ -43.195496631528705, -23.033011386104608 ], [ -43.195703306253286, -23.033207353997739 ], [ -43.195672828533866, -23.033532367317797 ], [ -43.195745387080109, -23.033652122025391 ], [ -43.196343125333307, -23.033759899930953 ], [ -43.196455297088605, -23.033850307954914 ], [ -43.196612877883361, -23.03425295993571 ], [ -43.196469966810447, -23.034133575490678 ], [ -43.195920819974162, -23.034047575208863 ] ] ], [ [ [ -43.193900645334047, -23.031954326041763 ], [ -43.193270779527552, -23.031629899167992 ], [ -43.193210396651089, -23.031467928755887 ], [ -43.193762494605217, -23.031602553531005 ], [ -43.193916179133453, -23.03182835046147 ], [ -43.193900645334047, -23.031954326041763 ] ] ], [ [ [ -43.191120010831447, -22.991940363313482 ], [ -43.190964147137954, -22.991786332195026 ], [ -43.191311109857722, -22.991455541177441 ], [ -43.19143250485682, -22.991751585439836 ], [ -43.191329671267532, -22.991995133429551 ], [ -43.191120010831447, -22.991940363313482 ] ] ] ] } },
{ "type": "Feature", "properties": { "objectid": 468, "nome": "Lagoa", "regiao_adm": "LAGOA                   ", "area_plane": "2", "codbairro": "027", "codra": 6, "codbnum": 27, "link": "Lagoa                     &area=27                ", "rp": "Zona Sul", "cod_rp": "2.1", "codbairro_long": 27, "st_area(shape)": 5109906.8350762762, "st_perimeter(shape)": 10368.053471156403 }, "geometry": { "type": "Polygon", "coordinates": [ [ [ -43.201520369023612, -22.960512553565685 ], [ -43.201143200029819, -22.959618780295074 ], [ -43.20262543385104, -22.960298238610054 ], [ -43.203879155113214, -22.960641512924756 ], [ -43.204073377310863, -22.960666018935001 ], [ -43.204103730205176, -22.960442771325507 ], [ -43.204211086410858, -22.96043603873099 ], [ -43.209973143234258, -22.961096569489765 ], [ -43.209987760981363, -22.961208349411713 ], [ -43.211271674625991, -22.961364256450683 ], [ -43.2127241721237, -22.961529548046489 ], [ -43.212741923989235, -22.961403232067873 ], [ -43.213552367200933, -22.961501676532752 ], [ -43.214370221429341, -22.961652304986703 ], [ -43.215132595806146, -22.96204784370002 ], [ -43.215625565481616, -22.962455335809992 ], [ -43.218348754108604, -22.965329106172142 ], [ -43.223092519107198, -22.971038842921505 ], [ -43.224930292333156, -22.973106188062573 ], [ -43.224695390113098, -22.973244882501458 ], [ -43.224772727346121, -22.973476476576433 ], [ -43.225004906595018, -22.973553579132531 ], [ -43.225239422305258, -22.973444497971531 ], [ -43.22548487260903, -22.973730081700783 ], [ -43.22498434659412, -22.97389569384611 ], [ -43.225012152485206, -22.974223449106528 ], [ -43.225139702439435, -22.974306782812533 ], [ -43.225777426938414, -22.974098099467763 ], [ -43.225911325875344, -22.974307927171868 ], [ -43.225996562816455, -22.974554511230934 ], [ -43.225082344635119, -22.97623378205844 ], [ -43.224643865416624, -22.977942217186996 ], [ -43.224567797533197, -22.977979113061316 ], [ -43.219788923108332, -22.976966918729101 ], [ -43.219271304389835, -22.976530350163547 ], [ -43.219117159271015, -22.977196328961874 ], [ -43.218929265052836, -22.977334279938383 ], [ -43.218191013992815, -22.978855192004101 ], [ -43.216894427254338, -22.979718364516707 ], [ -43.215864556062925, -22.980196762459194 ], [ -43.214769786157461, -22.980529122952831 ], [ -43.207248822359311, -22.98087838916744 ], [ -43.206369567057891, -22.980731266972384 ], [ -43.199871286524896, -22.978881481581915 ], [ -43.198905886242436, -22.978473357499464 ], [ -43.198512142456195, -22.978172865909059 ], [ -43.198160618601918, -22.978226664253089 ], [ -43.197927495916453, -22.978162606002243 ], [ -43.197684204298987, -22.977990249139435 ], [ -43.197533594526575, -22.977587771195754 ], [ -43.197409973524771, -22.977496149155023 ], [ -43.196450062621508, -22.977557379264006 ], [ -43.197132026618512, -22.978171619181015 ], [ -43.197069468208952, -22.978226172202373 ], [ -43.196313402881444, -22.977573887198378 ], [ -43.195416882603929, -22.977136092764056 ], [ -43.19551401861024, -22.976761625357806 ], [ -43.195024293377479, -22.976639555798361 ], [ -43.195250431680179, -22.9761424828265 ], [ -43.195954355543805, -22.975425089789645 ], [ -43.196970739025438, -22.97242972689758 ], [ -43.197333341181427, -22.970936978117219 ], [ -43.197965548089613, -22.96909402661225 ], [ -43.197358510048247, -22.968201246622371 ], [ -43.196975310814921, -22.966637886475958 ], [ -43.197297580921948, -22.962750455048639 ], [ -43.19901357398269, -22.962406938599774 ], [ -43.199596466372469, -22.962191319777329 ], [ -43.199911914237433, -22.961935186420835 ], [ -43.199922743541499, -22.961846361146993 ], [ -43.199639216151652, -22.961496285421255 ], [ -43.199751523261256, -22.960990504560982 ], [ -43.200373850543343, -22.961869272012446 ], [ -43.200546488644264, -22.961889020415512 ], [ -43.200757656243447, -22.961170973901531 ], [ -43.2001822212912, -22.960381689377737 ], [ -43.200724890576154, -22.960743645172887 ], [ -43.200821987700785, -22.960664737004645 ], [ -43.200313359381923, -22.959911791622908 ], [ -43.201254153609163, -22.960674066183053 ], [ -43.201520369023612, -22.960512553565685 ] ] ] } },
{ "type": "Feature", "properties": { "objectid": 455, "nome": "Botafogo", "regiao_adm": "BOTAFOGO                ", "area_plane": "2", "codbairro": "020", "codra": 4, "codbnum": 20, "link": "Botafogo                  &area=20                ", "rp": "Zona Sul", "cod_rp": "2.1", "codbairro_long": 20, "st_area(shape)": 4798968.6334484546, "st_perimeter(shape)": 12136.391938929575 }, "geometry": { "type": "Polygon", "coordinates": [ [ [ -43.178313462471714, -22.940057912034369 ], [ -43.180393442434173, -22.93957030044189 ], [ -43.1813786824044, -22.938899353319673 ], [ -43.183409136268011, -22.939570992656325 ], [ -43.185227164625616, -22.940578271496626 ], [ -43.18722794234656, -22.940575226017714 ], [ -43.187207542667473, -22.940349867314563 ], [ -43.187602986999643, -22.940146505479618 ], [ -43.187874307394573, -22.939430878142009 ], [ -43.188205848254412, -22.939105689540142 ], [ -43.188952770281048, -22.939884867049329 ], [ -43.18912324963047, -22.940423669167842 ], [ -43.189502208995144, -22.940748390019234 ], [ -43.189607622247649, -22.941260439097061 ], [ -43.189792876035021, -22.941392500574882 ], [ -43.1896828853965, -22.941928099197629 ], [ -43.189896726675521, -22.942718530460557 ], [ -43.189405723940773, -22.943786637237721 ], [ -43.189130804519877, -22.944069221401321 ], [ -43.189119831816576, -22.944190373736735 ], [ -43.189137397483712, -22.944277177099973 ], [ -43.189720459552873, -22.944725413958349 ], [ -43.189530593200317, -22.944939704691709 ], [ -43.189499751670773, -22.945147141948144 ], [ -43.18974231682278, -22.945193254016669 ], [ -43.189950688551555, -22.94498784422467 ], [ -43.19006313230085, -22.944971787993019 ], [ -43.190473635731465, -22.945037065593446 ], [ -43.190658781247407, -22.94517770391737 ], [ -43.190710693768935, -22.945490023801604 ], [ -43.191266724527445, -22.945860108193873 ], [ -43.192298703896469, -22.945949802616404 ], [ -43.192828139790684, -22.94621554811668 ], [ -43.193378730076581, -22.946291082550793 ], [ -43.194004028636911, -22.946152091494532 ], [ -43.195168252722652, -22.945725471661707 ], [ -43.196422889732986, -22.945046749461962 ], [ -43.196817783356884, -22.945297043599027 ], [ -43.197048406377917, -22.945611757362538 ], [ -43.197323731048911, -22.946409108768194 ], [ -43.197718503465374, -22.946668973542771 ], [ -43.198081068671371, -22.947041802786114 ], [ -43.198780943657262, -22.9473901977012 ], [ -43.201069745134468, -22.948030778322583 ], [ -43.201695546630624, -22.948576900031011 ], [ -43.198131650159908, -22.950989739573149 ], [ -43.197846962270511, -22.951347360537657 ], [ -43.196369970502253, -22.95246596087846 ], [ -43.196477633647099, -22.95256805441954 ], [ -43.196316818729194, -22.952709266576768 ], [ -43.195429769299217, -22.955222262294029 ], [ -43.196514500429593, -22.95560466735359 ], [ -43.19589949928524, -22.958154350058336 ], [ -43.198434878232419, -22.958721479072352 ], [ -43.197931176168424, -22.959724989736518 ], [ -43.197297580921948, -22.962750455048639 ], [ -43.195466134818382, -22.961748110100071 ], [ -43.194464505848991, -22.961412426867383 ], [ -43.193720705207646, -22.961327287175273 ], [ -43.193031002092475, -22.961478636811208 ], [ -43.191374953453554, -22.962476840423118 ], [ -43.188972051780759, -22.963133368518168 ], [ -43.187915305716487, -22.963275351839442 ], [ -43.186087486177513, -22.962927371329123 ], [ -43.185532639073266, -22.962084812953226 ], [ -43.184637239795777, -22.961609773612036 ], [ -43.183344517728813, -22.961495994515907 ], [ -43.181857130669187, -22.960961056887896 ], [ -43.179123249770832, -22.961071368559647 ], [ -43.178659277016664, -22.961150563824976 ], [ -43.178512125772222, -22.960873990283453 ], [ -43.178305309438542, -22.96072017614085 ], [ -43.177714286328225, -22.960427484475105 ], [ -43.176900416287701, -22.96016582302591 ], [ -43.176497091696945, -22.959765838054146 ], [ -43.176091289592215, -22.95955094546462 ], [ -43.174898817978004, -22.959083090893564 ], [ -43.173972663802992, -22.959160020560734 ], [ -43.173181222764256, -22.958834303455319 ], [ -43.172847034490133, -22.958087259227685 ], [ -43.172542973631813, -22.957870550406845 ], [ -43.169614665650911, -22.957339658893581 ], [ -43.173854719364741, -22.954567029071558 ], [ -43.17294962640225, -22.952744495475109 ], [ -43.175578977575867, -22.951305532187089 ], [ -43.175343235406039, -22.950997506915304 ], [ -43.176647768516723, -22.950221995400096 ], [ -43.17836637927639, -22.949375463266104 ], [ -43.179765507171339, -22.949332649074798 ], [ -43.180029847299203, -22.949260008396266 ], [ -43.180423470928254, -22.949020614777993 ], [ -43.180736953258602, -22.948670944720806 ], [ -43.180340019215123, -22.948232121960089 ], [ -43.180475762448765, -22.947057208770374 ], [ -43.180250634740801, -22.945459511276656 ], [ -43.179930406631897, -22.94445527486274 ], [ -43.179555889168483, -22.943828701236825 ], [ -43.178442976709697, -22.942838300356858 ], [ -43.178218612223354, -22.942882681717101 ], [ -43.177944139947265, -22.943101314095006 ], [ -43.178024755650483, -22.943204644580145 ], [ -43.177464262197731, -22.943288149349538 ], [ -43.176755184212219, -22.943661622532311 ], [ -43.176519149345332, -22.941091410163722 ], [ -43.177458951702882, -22.940757791772086 ], [ -43.178572718220153, -22.940895831475032 ], [ -43.178313462471714, -22.940057912034369 ] ] ] } },
{ "type": "Feature", "properties": { "objectid": 335, "nome": "Jardim América", "regiao_adm": "VIGARIO GERAL           ", "area_plane": "3", "codbairro": "049", "codra": 31, "codbnum": 49, "link": "Jardim América            &area=49                ", "rp": "Penha", "cod_rp": "3.5", "codbairro_long": 49, "st_area(shape)": 1973973.7631067836, "st_perimeter(shape)": 6129.7858089480333 }, "geometry": { "type": "Polygon", "coordinates": [ [ [ -43.320925265522085, -22.801617150146946 ], [ -43.324949061580554, -22.801195558300527 ], [ -43.325798721738657, -22.801277272142478 ], [ -43.326564873425902, -22.801544958174841 ], [ -43.327750143450103, -22.802222255131884 ], [ -43.327610073848057, -22.802421454612819 ], [ -43.327742213259185, -22.803582326801795 ], [ -43.327891305958012, -22.804080594520855 ], [ -43.328268829065088, -22.804578548668104 ], [ -43.32890516741422, -22.805755815270597 ], [ -43.329206792273425, -22.80611181781844 ], [ -43.330713294217368, -22.807403316475149 ], [ -43.331350478320395, -22.808778002196075 ], [ -43.331475426461914, -22.809532492936007 ], [ -43.330635435702888, -22.81085892640241 ], [ -43.330469531561157, -22.811243173586696 ], [ -43.330476894266461, -22.811614062885486 ], [ -43.330919022180147, -22.812664479455613 ], [ -43.31942913300896, -22.818985581589132 ], [ -43.31776961270635, -22.819578286735592 ], [ -43.317215393651651, -22.819546334546633 ], [ -43.31826213074735, -22.81922450758065 ], [ -43.315945453498685, -22.818292609557425 ], [ -43.31647020514874, -22.817210833764022 ], [ -43.316501119411946, -22.816851458359295 ], [ -43.316026535729115, -22.813846100412565 ], [ -43.315763594228116, -22.813720681739362 ], [ -43.318286640123546, -22.808613241431058 ], [ -43.319448162327689, -22.808813517069449 ], [ -43.320737473623105, -22.803229906684354 ], [ -43.320925265522085, -22.801617150146946 ] ] ] } },
{ "type": "Feature", "properties": { "objectid": 472, "nome": "Leblon", "regiao_adm": "LAGOA                   ", "area_plane": "2", "codbairro": "026", "codra": 6, "codbnum": 26, "link": "Leblon                    &area=26                ", "rp": "Zona Sul", "cod_rp": "2.1", "codbairro_long": 26, "st_area(shape)": 2153101.6527827042, "st_perimeter(shape)": 7188.672220156107 }, "geometry": { "type": "Polygon", "coordinates": [ [ [ -43.214207540065502, -22.980527482957637 ], [ -43.214769786157461, -22.980529122952831 ], [ -43.215864556062925, -22.980196762459194 ], [ -43.216894427254338, -22.979718364516707 ], [ -43.218191013992815, -22.978855192004101 ], [ -43.218929265052836, -22.977334279938383 ], [ -43.219117159271015, -22.977196328961874 ], [ -43.219271304389835, -22.976530350163547 ], [ -43.219788923108332, -22.976966918729101 ], [ -43.224567797533197, -22.977979113061316 ], [ -43.224643865416624, -22.977942217186996 ], [ -43.224999319301595, -22.976556954621937 ], [ -43.226129362653133, -22.977754223360932 ], [ -43.226205710613542, -22.977695837388435 ], [ -43.226442940930475, -22.977790062288364 ], [ -43.22675109039362, -22.977793510862039 ], [ -43.226758338104098, -22.979689084756814 ], [ -43.227159832608059, -22.979677412851856 ], [ -43.227346267156015, -22.979404341900054 ], [ -43.227696814700046, -22.979320665994873 ], [ -43.227917172096781, -22.979444951236726 ], [ -43.228036337633014, -22.980074351455432 ], [ -43.228124551051515, -22.980250438282908 ], [ -43.22826335127818, -22.980324325141524 ], [ -43.228865784249777, -22.980468052112343 ], [ -43.229592670587188, -22.980529455183525 ], [ -43.230670129665434, -22.980505367625113 ], [ -43.23110192715248, -22.980338881861858 ], [ -43.231445651848006, -22.980456954035063 ], [ -43.232525794634597, -22.981366003080062 ], [ -43.234481432886732, -22.983736543000195 ], [ -43.235137264598379, -22.984148594633037 ], [ -43.236304688742386, -22.984491840276149 ], [ -43.236713976647216, -22.984850210889867 ], [ -43.237020054906743, -22.985307577258538 ], [ -43.237186017218391, -22.985769348684762 ], [ -43.237339476986357, -22.986458007820438 ], [ -43.237314861734383, -22.987377575899895 ], [ -43.237455189211715, -22.988123700484973 ], [ -43.237541391458358, -22.988463483743654 ], [ -43.237995768016518, -22.989429652492632 ], [ -43.236877601481652, -22.9895259373131 ], [ -43.235338463233056, -22.989216302374583 ], [ -43.234290365452765, -22.988942286136403 ], [ -43.234146409311307, -22.988671574661911 ], [ -43.233767463848871, -22.988432195848841 ], [ -43.232595751902707, -22.988206730718201 ], [ -43.232150678107296, -22.98828981119274 ], [ -43.231789935516964, -22.988256075574622 ], [ -43.231168521400683, -22.988420807628376 ], [ -43.231040242130661, -22.988527018103962 ], [ -43.230826045458059, -22.989148630764941 ], [ -43.230187700307859, -22.989527009593452 ], [ -43.229596212645625, -22.989617658574964 ], [ -43.228948512675572, -22.989389172296043 ], [ -43.228228279776765, -22.989412363226826 ], [ -43.227993140971456, -22.989290711795384 ], [ -43.227631168701372, -22.988932577799194 ], [ -43.227034265764523, -22.989647430528986 ], [ -43.226930074887278, -22.989559393334236 ], [ -43.226964763476452, -22.989166052021741 ], [ -43.226855351962875, -22.988992256644693 ], [ -43.22587887241788, -22.988844963600624 ], [ -43.223798202461403, -22.988195655811968 ], [ -43.222764666952685, -22.988019078701466 ], [ -43.222446775632193, -22.988035198178416 ], [ -43.222280774716204, -22.987907993132239 ], [ -43.219121017602575, -22.987346029034661 ], [ -43.218894399012498, -22.987393870887313 ], [ -43.218345765067689, -22.98729640305972 ], [ -43.217343623528031, -22.987374621958399 ], [ -43.217009440521664, -22.987279744195845 ], [ -43.21591387572176, -22.987267679424296 ], [ -43.215408458838958, -22.987132852708246 ], [ -43.215625154664053, -22.985368403428343 ], [ -43.215613998832566, -22.984502622832228 ], [ -43.214207540065502, -22.980527482957637 ] ] ] } },
{ "type": "Feature", "properties": { "objectid": 435, "nome": "Praça da Bandeira", "regiao_adm": "TIJUCA                  ", "area_plane": "2", "codbairro": "032", "codra": 8, "codbnum": 32, "link": "Praça da Bandeira         &area=32                ", "rp": "Tijuca", "cod_rp": "2.2", "codbairro_long": 32, "st_area(shape)": 719911.62999519671, "st_perimeter(shape)": 4727.3125817615828 }, "geometry": { "type": "Polygon", "coordinates": [ [ [ -43.209632662795926, -22.909478694140489 ], [ -43.20978476111214, -22.906878461004858 ], [ -43.217843143892011, -22.907608163409218 ], [ -43.218374150994876, -22.907993040532322 ], [ -43.21963471747992, -22.909265033840992 ], [ -43.219873859196213, -22.909748588809485 ], [ -43.218578511060343, -22.910242481739228 ], [ -43.217866893858783, -22.91039190068425 ], [ -43.217096413468951, -22.910405738397568 ], [ -43.215476382510268, -22.910218946141502 ], [ -43.215326962411041, -22.91029944453571 ], [ -43.218275011139617, -22.911945751179452 ], [ -43.216861421859996, -22.913182416024252 ], [ -43.216212378450102, -22.912847229662589 ], [ -43.216129709390323, -22.912921975563645 ], [ -43.216034002485237, -22.913307587195295 ], [ -43.216196865557322, -22.914032395483691 ], [ -43.214778505863158, -22.914588088495179 ], [ -43.214605201761692, -22.914653325916511 ], [ -43.213026676410571, -22.913929478877446 ], [ -43.212769831876905, -22.914834422598148 ], [ -43.213916063194297, -22.915309678648924 ], [ -43.213860364443107, -22.915401525021569 ], [ -43.212750158272804, -22.914951958389565 ], [ -43.212362000439555, -22.916384245887823 ], [ -43.211191195178237, -22.916028265771988 ], [ -43.210122210625279, -22.915832359165087 ], [ -43.210121847176431, -22.914679978242905 ], [ -43.20988586969343, -22.912562473949162 ], [ -43.209419556638792, -22.91159447868705 ], [ -43.208459193505114, -22.911147388958149 ], [ -43.207968608504089, -22.910795895933081 ], [ -43.20790755488995, -22.910494312485465 ], [ -43.208163858229234, -22.910143751591576 ], [ -43.20922436152339, -22.909764604430656 ], [ -43.209632662795926, -22.909478694140489 ] ] ] } },
{ "type": "Feature", "properties": { "objectid": 371, "nome": "Vila Kosmos", "regiao_adm": "IRAJA                   ", "area_plane": "3", "codbairro": "072", "codra": 14, "codbnum": 72, "link": "Vila Kosmos               &area=72                ", "rp": "Madureira", "cod_rp": "3.3", "codbairro_long": 72, "st_area(shape)": 1519258.1951671825, "st_perimeter(shape)": 6511.8666196486183 }, "geometry": { "type": "Polygon", "coordinates": [ [ [ -43.293575765933603, -22.854933879691465 ], [ -43.294110575942618, -22.854572059547237 ], [ -43.297185231402963, -22.853078239421095 ], [ -43.29861497561641, -22.852737084518584 ], [ -43.298837881863541, -22.852403882392885 ], [ -43.299118365721235, -22.851679988169025 ], [ -43.299425321368879, -22.851224593230448 ], [ -43.299887229503732, -22.851292562510132 ], [ -43.299833938839782, -22.851746154040704 ], [ -43.299915427548278, -22.851759576511455 ], [ -43.299996076510695, -22.85130004772375 ], [ -43.300321481960786, -22.851398166367577 ], [ -43.300661862524535, -22.851389158099003 ], [ -43.300624800995941, -22.851634761957865 ], [ -43.300779312643165, -22.851794089037107 ], [ -43.300921909578541, -22.851814485931172 ], [ -43.300978175061523, -22.851670052512187 ], [ -43.300810651638052, -22.851460102588074 ], [ -43.300792091543386, -22.851314870309121 ], [ -43.299590104711179, -22.851106514066501 ], [ -43.29958438220973, -22.851018131511669 ], [ -43.299742911197605, -22.850862147110245 ], [ -43.301105519540172, -22.850189271263307 ], [ -43.301431550532563, -22.850236911010949 ], [ -43.301466886812584, -22.850130002820357 ], [ -43.301121725191493, -22.849974962147918 ], [ -43.300588056480834, -22.849111515170584 ], [ -43.300616825615307, -22.848991983303677 ], [ -43.302527491660115, -22.845966087434892 ], [ -43.305057968890019, -22.847333681082546 ], [ -43.309020337022396, -22.85039908884411 ], [ -43.309324846736345, -22.850296211425789 ], [ -43.30967347614618, -22.85033703041843 ], [ -43.309837888198807, -22.850460783348407 ], [ -43.309936511099728, -22.850901273816984 ], [ -43.310857621557531, -22.851304346505202 ], [ -43.311397085724437, -22.851649541224379 ], [ -43.30957359234035, -22.853788920863369 ], [ -43.308734547416321, -22.854533179249461 ], [ -43.308529764462236, -22.8548916954947 ], [ -43.308478786966603, -22.855310185695899 ], [ -43.309143839075354, -22.855216468711507 ], [ -43.309360194133944, -22.855308895376197 ], [ -43.31025216688397, -22.856029369355941 ], [ -43.308312881096427, -22.858242996851395 ], [ -43.307825082047863, -22.858965064973763 ], [ -43.307525540850719, -22.859522694795736 ], [ -43.306735628498117, -22.86155905398688 ], [ -43.305167031075371, -22.860910915776877 ], [ -43.304453816560809, -22.860776162338638 ], [ -43.302636479305292, -22.859325847789421 ], [ -43.302236062764216, -22.858902456095453 ], [ -43.301886512812672, -22.858134445759315 ], [ -43.301816207639781, -22.857369506538451 ], [ -43.301556285458048, -22.857144845017892 ], [ -43.301067877807206, -22.857317808909517 ], [ -43.29922451326776, -22.858278592862977 ], [ -43.298476934965272, -22.859034879058523 ], [ -43.298097529594841, -22.859061614366784 ], [ -43.29733015905552, -22.858339881250068 ], [ -43.296922841755425, -22.857213080620816 ], [ -43.29547904073543, -22.856247309366768 ], [ -43.295081745899587, -22.855881008240342 ], [ -43.29403866562614, -22.855383609735242 ], [ -43.293575765933603, -22.854933879691465 ] ] ] } },
{ "type": "Feature", "properties": { "objectid": 437, "nome": "Maracanã", "regiao_adm": "VILA ISABEL             ", "area_plane": "2", "codbairro": "035", "codra": 9, "codbnum": 35, "link": "Maracanã                  &area=35                ", "rp": "Tijuca", "cod_rp": "2.2", "codbairro_long": 35, "st_area(shape)": 1667306.6672736155, "st_perimeter(shape)": 8473.3265854102465 }, "geometry": { "type": "Polygon", "coordinates": [ [ [ -43.234524979675044, -22.908869178997325 ], [ -43.236024388572879, -22.908428078031044 ], [ -43.236384885918433, -22.90915786815609 ], [ -43.237713053512245, -22.908419912665362 ], [ -43.238077625553146, -22.90861639919947 ], [ -43.238181908182511, -22.908504946742294 ], [ -43.238760389372622, -22.908872220590553 ], [ -43.238558980033588, -22.909688067815896 ], [ -43.238098310081142, -22.910854763641872 ], [ -43.239613554425304, -22.911807582994719 ], [ -43.239001050829231, -22.912412523237876 ], [ -43.237243816052292, -22.913874401261857 ], [ -43.235926625131917, -22.91360917921255 ], [ -43.235701710089671, -22.913768777950608 ], [ -43.235213949428633, -22.915804894781459 ], [ -43.235848812680459, -22.915929890646925 ], [ -43.237172194535454, -22.916954291486682 ], [ -43.236077730602176, -22.918526637375688 ], [ -43.235771360858024, -22.918840206295819 ], [ -43.234908269060497, -22.919384186536863 ], [ -43.234636689924216, -22.918697735660807 ], [ -43.234154046122569, -22.918771475304567 ], [ -43.233871796470375, -22.9196154917902 ], [ -43.23312502628513, -22.919375639787102 ], [ -43.231953582248927, -22.918498467947497 ], [ -43.230466404549418, -22.917290232943373 ], [ -43.229487371176887, -22.91615538145815 ], [ -43.226708171926646, -22.916310759390136 ], [ -43.225536953395192, -22.916597036862377 ], [ -43.225111409463999, -22.916964970614089 ], [ -43.224258946454619, -22.918037927382471 ], [ -43.220594075639895, -22.915152203087363 ], [ -43.216930633177171, -22.913122868637153 ], [ -43.218275011139617, -22.911945751179452 ], [ -43.215326962411041, -22.91029944453571 ], [ -43.215476382510268, -22.910218946141502 ], [ -43.217096413468951, -22.910405738397568 ], [ -43.217866893858783, -22.91039190068425 ], [ -43.218578511060343, -22.910242481739228 ], [ -43.219873859196213, -22.909748588809485 ], [ -43.219913285781999, -22.909976511467406 ], [ -43.221535069096696, -22.909798081318385 ], [ -43.221522225053469, -22.90984850737377 ], [ -43.222278930382494, -22.9099637229418 ], [ -43.222317191860519, -22.9098180359114 ], [ -43.222129862491776, -22.909770967224922 ], [ -43.222149309341312, -22.909670043321391 ], [ -43.223654567201258, -22.910054968700265 ], [ -43.223472163582457, -22.910325469125823 ], [ -43.22333288366486, -22.91030142520372 ], [ -43.223331126469503, -22.910436231845548 ], [ -43.222394668125311, -22.910156013391202 ], [ -43.222331917124762, -22.91031831065688 ], [ -43.224248361542855, -22.910800485545092 ], [ -43.226040911598602, -22.911949874011569 ], [ -43.226140085599674, -22.911782472425042 ], [ -43.225827627181168, -22.911559810842004 ], [ -43.225762981909192, -22.911396178284065 ], [ -43.225412903238066, -22.911262950138891 ], [ -43.224318322050053, -22.910548413598125 ], [ -43.225371409691526, -22.910728782553015 ], [ -43.225373093170639, -22.91059948447862 ], [ -43.22457405423377, -22.910478216642506 ], [ -43.224128290258996, -22.910237264111974 ], [ -43.224075319216013, -22.910113044207591 ], [ -43.224332103237948, -22.910186533807035 ], [ -43.224437957637996, -22.909663495430724 ], [ -43.225838227822543, -22.909966584233061 ], [ -43.226323324603541, -22.909979316944042 ], [ -43.234524979675044, -22.908869178997325 ] ] ] } },
{ "type": "Feature", "properties": { "objectid": 436, "nome": "Vila Isabel", "regiao_adm": "VILA ISABEL             ", "area_plane": "2", "codbairro": "036", "codra": 9, "codbnum": 36, "link": "Vila Isabel               &area=36                ", "rp": "Tijuca", "cod_rp": "2.2", "codbairro_long": 36, "st_area(shape)": 3217134.518036474, "st_perimeter(shape)": 9014.5776819126131 }, "geometry": { "type": "Polygon", "coordinates": [ [ [ -43.238760389372622, -22.908872220590553 ], [ -43.239305541831193, -22.908590099518968 ], [ -43.240317692431283, -22.907849430531293 ], [ -43.240809828870752, -22.907633721528406 ], [ -43.241762492113338, -22.907596769748096 ], [ -43.243176832120689, -22.908209520514514 ], [ -43.244888461328152, -22.908787706477835 ], [ -43.245933896288321, -22.908647630700749 ], [ -43.246425199563376, -22.908102190013132 ], [ -43.247767567990287, -22.908128021439111 ], [ -43.254420543735471, -22.91060215347219 ], [ -43.255357127024162, -22.910734177844184 ], [ -43.256557482414927, -22.911035346090131 ], [ -43.25822555606667, -22.910437215409566 ], [ -43.258955479104081, -22.911416374315081 ], [ -43.261548940963273, -22.913784981694384 ], [ -43.262056995541101, -22.91440733628631 ], [ -43.263155719959137, -22.915198160352151 ], [ -43.262533107144584, -22.916182009514454 ], [ -43.262718276572237, -22.916637373040619 ], [ -43.262909016962958, -22.916655987588157 ], [ -43.263101335490738, -22.916788040275598 ], [ -43.262998024852507, -22.917168364914321 ], [ -43.262224733913747, -22.917169656193874 ], [ -43.261772183043661, -22.919233983779797 ], [ -43.259575277060684, -22.920331794084515 ], [ -43.249073484874835, -22.918359008702332 ], [ -43.248836643790639, -22.919522877767612 ], [ -43.24869764641236, -22.919604607532488 ], [ -43.248373860538329, -22.919606634802232 ], [ -43.247908459439692, -22.919423687747972 ], [ -43.246488433228585, -22.921666018992696 ], [ -43.244627547794174, -22.920704018029877 ], [ -43.243780586147473, -22.920028646898558 ], [ -43.243605518604511, -22.920389919519184 ], [ -43.240839237248572, -22.92427187955456 ], [ -43.237189367621049, -22.924276360844907 ], [ -43.23704858534424, -22.924043165184159 ], [ -43.236459408571619, -22.923902607223493 ], [ -43.236328935237061, -22.923618773018543 ], [ -43.236051836803284, -22.921475184422064 ], [ -43.235471787373562, -22.92059340745417 ], [ -43.234908269060497, -22.919384186536863 ], [ -43.235916362330194, -22.918701752844047 ], [ -43.237172194535454, -22.916954291486682 ], [ -43.235848812680459, -22.915929890646925 ], [ -43.235213949428633, -22.915804894781459 ], [ -43.235701710089671, -22.913768777950608 ], [ -43.235926625131917, -22.91360917921255 ], [ -43.237243816052292, -22.913874401261857 ], [ -43.239001050829231, -22.912412523237876 ], [ -43.239613554425304, -22.911807582994719 ], [ -43.238098310081142, -22.910854763641872 ], [ -43.238558980033588, -22.909688067815896 ], [ -43.238760389372622, -22.908872220590553 ] ] ] } },
{ "type": "Feature", "properties": { "objectid": 373, "nome": "Vicente de Carvalho", "regiao_adm": "IRAJA                   ", "area_plane": "3", "codbairro": "073", "codra": 14, "codbnum": 73, "link": "Vicente de Carvalho       &area=73                ", "rp": "Madureira", "cod_rp": "3.3", "codbairro_long": 73, "st_area(shape)": 1835715.6393327515, "st_perimeter(shape)": 6753.0168459758042 }, "geometry": { "type": "Polygon", "coordinates": [ [ [ -43.30967347614618, -22.85033703041843 ], [ -43.310829176953469, -22.848220090738106 ], [ -43.311664209227231, -22.848869602552487 ], [ -43.312558422495371, -22.849280235678396 ], [ -43.312674634295313, -22.849243539016395 ], [ -43.312784332593012, -22.848929433558578 ], [ -43.313919337080058, -22.849900179205076 ], [ -43.314024480761354, -22.849804933693498 ], [ -43.314085768131434, -22.850050139720928 ], [ -43.313537117294473, -22.851018217309271 ], [ -43.31560722736431, -22.852343205526967 ], [ -43.317665253491199, -22.850963832240456 ], [ -43.318795704324017, -22.851865500412082 ], [ -43.320955458876874, -22.853275536878741 ], [ -43.322697182364365, -22.854267706073731 ], [ -43.323947307897484, -22.855268769271927 ], [ -43.322408463053158, -22.861768165385318 ], [ -43.322098224258212, -22.862439412922406 ], [ -43.32157013178908, -22.863272902127569 ], [ -43.320604135241801, -22.86436375340806 ], [ -43.318867097019712, -22.863813578011129 ], [ -43.317682492056846, -22.863550899954145 ], [ -43.316737764983067, -22.863632840688766 ], [ -43.316684980219527, -22.863440194811737 ], [ -43.315189113701997, -22.863368098084809 ], [ -43.314472277927031, -22.861352581303525 ], [ -43.312916069178421, -22.861252731575998 ], [ -43.311316446155374, -22.861377816760942 ], [ -43.310894579458065, -22.861480987818691 ], [ -43.310134242058069, -22.861720085784214 ], [ -43.308673049274454, -22.862360198947624 ], [ -43.307385111284034, -22.863149614922921 ], [ -43.307169503428348, -22.862484818013172 ], [ -43.307171744661325, -22.861721917106863 ], [ -43.306735628498117, -22.86155905398688 ], [ -43.30716909131656, -22.860378727531764 ], [ -43.307525540850719, -22.859522694795736 ], [ -43.308312881096427, -22.858242996851395 ], [ -43.31025216688397, -22.856029369355941 ], [ -43.309360194133944, -22.855308895376197 ], [ -43.309143839075354, -22.855216468711507 ], [ -43.308478786966603, -22.855310185695899 ], [ -43.308529764462236, -22.8548916954947 ], [ -43.308734547416321, -22.854533179249461 ], [ -43.30957359234035, -22.853788920863369 ], [ -43.311397085724437, -22.851649541224379 ], [ -43.310857621557531, -22.851304346505202 ], [ -43.309936511099728, -22.850901273816984 ], [ -43.309837888198807, -22.850460783348407 ], [ -43.30967347614618, -22.85033703041843 ] ] ] } },
{ "type": "Feature", "properties": { "objectid": 446, "nome": "Andaraí", "regiao_adm": "VILA ISABEL             ", "area_plane": "2", "codbairro": "037", "codra": 9, "codbnum": 37, "link": "Andaraí                   &area=37                ", "rp": "Tijuca", "cod_rp": "2.2", "codbairro_long": 37, "st_area(shape)": 2261306.4907012372, "st_perimeter(shape)": 9938.1125781243882 }, "geometry": { "type": "Polygon", "coordinates": [ [ [ -43.24869764641236, -22.919604607532488 ], [ -43.248880012213405, -22.919417789503058 ], [ -43.249073484874835, -22.918359008702332 ], [ -43.253752042616881, -22.919218768523869 ], [ -43.253351049358841, -22.920923852971878 ], [ -43.253652998480376, -22.920990478039272 ], [ -43.255796266657022, -22.923705612838532 ], [ -43.254648639690913, -22.924082036164517 ], [ -43.253092071758552, -22.924363469356305 ], [ -43.253205761570754, -22.924636089568381 ], [ -43.256966027113144, -22.929605876697156 ], [ -43.257419740895479, -22.929258032180652 ], [ -43.257712092776352, -22.929695523943721 ], [ -43.257623554611499, -22.929742052086777 ], [ -43.257374570589334, -22.929359311107856 ], [ -43.257009354038388, -22.92965611107752 ], [ -43.257359152877612, -22.930175690279274 ], [ -43.258113899797351, -22.929975818876631 ], [ -43.258626921917291, -22.930334364116735 ], [ -43.258828675751033, -22.93059891649434 ], [ -43.258975078034695, -22.930609553998725 ], [ -43.259320590986974, -22.93108383808238 ], [ -43.259385092351387, -22.93139212871349 ], [ -43.25966747475767, -22.931458528983125 ], [ -43.260264051496861, -22.932161692176699 ], [ -43.260642537238887, -22.932360360752661 ], [ -43.261164403889417, -22.932791330570971 ], [ -43.261142134625864, -22.933008182374582 ], [ -43.261393774364052, -22.933191912653747 ], [ -43.261864016215945, -22.93384844128207 ], [ -43.263574962404142, -22.934871375997027 ], [ -43.264007394772825, -22.93542805908637 ], [ -43.264700940895324, -22.935426523602782 ], [ -43.265265133821089, -22.935613666536351 ], [ -43.266403829935584, -22.936327251178948 ], [ -43.266977105731165, -22.936559727340452 ], [ -43.267334235177955, -22.936898392396191 ], [ -43.268006988242973, -22.937765182244018 ], [ -43.268931972915418, -22.939269936700445 ], [ -43.2694852682827, -22.939825215744175 ], [ -43.267558087351581, -22.939251329784 ], [ -43.266026742028927, -22.939002516620118 ], [ -43.265086587507597, -22.939050307622608 ], [ -43.264395321147539, -22.939231215840703 ], [ -43.262889257580134, -22.939446822366648 ], [ -43.262131573532201, -22.93930803238052 ], [ -43.261410208760928, -22.938859979281528 ], [ -43.260805570851325, -22.938754831066557 ], [ -43.259503518556507, -22.939105116634064 ], [ -43.258766552347204, -22.939184087766584 ], [ -43.258610910600993, -22.939109864053467 ], [ -43.258319076723737, -22.938668496683114 ], [ -43.257977381647173, -22.937955842531931 ], [ -43.257939187757763, -22.937610814955704 ], [ -43.257465066115131, -22.937280688502657 ], [ -43.25624800871114, -22.936149421724568 ], [ -43.255454990176851, -22.935810275610692 ], [ -43.251979036040872, -22.931713229144187 ], [ -43.251205627534532, -22.93156572762015 ], [ -43.25062374681201, -22.931119163065144 ], [ -43.250575969736012, -22.930944890927567 ], [ -43.250103812378455, -22.930708049943966 ], [ -43.249891159168335, -22.93023087777955 ], [ -43.249043245772327, -22.930047777897986 ], [ -43.24847564276741, -22.929462474344618 ], [ -43.248137399573615, -22.929267654648203 ], [ -43.248133824190404, -22.929545575132007 ], [ -43.247988473280301, -22.929665524016468 ], [ -43.246085766247354, -22.929829817190878 ], [ -43.243492771896555, -22.928498212928428 ], [ -43.243675729894001, -22.928372906665228 ], [ -43.243956173320505, -22.927953289269649 ], [ -43.243945563289842, -22.927808321799645 ], [ -43.24525685989272, -22.92599295825141 ], [ -43.243612557463116, -22.925030898019301 ], [ -43.243294343722425, -22.925461656339312 ], [ -43.242964753506932, -22.925330588464153 ], [ -43.242794573571878, -22.925433007661766 ], [ -43.242740195601776, -22.925287645960431 ], [ -43.242803897675692, -22.925201477187528 ], [ -43.243227187600432, -22.925339362799729 ], [ -43.243526142670376, -22.924943068851615 ], [ -43.242464461631528, -22.924375395613286 ], [ -43.242087514444265, -22.924272788944492 ], [ -43.240839237248572, -22.92427187955456 ], [ -43.240989636246837, -22.9239798690583 ], [ -43.243605518604511, -22.920389919519184 ], [ -43.243780586147473, -22.920028646898558 ], [ -43.244627547794174, -22.920704018029877 ], [ -43.246488433228585, -22.921666018992696 ], [ -43.247908459439692, -22.919423687747972 ], [ -43.248373860538329, -22.919606634802232 ], [ -43.24869764641236, -22.919604607532488 ] ] ] } },
{ "type": "Feature", "properties": { "objectid": 444, "nome": "Grajaú", "regiao_adm": "VILA ISABEL             ", "area_plane": "2", "codbairro": "038", "codra": 9, "codbnum": 38, "link": "Grajaú                    &area=38                ", "rp": "Tijuca", "cod_rp": "2.2", "codbairro_long": 38, "st_area(shape)": 5739119.7727966467, "st_perimeter(shape)": 12833.731362458968 }, "geometry": { "type": "Polygon", "coordinates": [ [ [ -43.263101335490738, -22.916788040275598 ], [ -43.264209130727458, -22.915391733182705 ], [ -43.264468360873309, -22.915321780509185 ], [ -43.264902796587627, -22.915602232340746 ], [ -43.265702232878937, -22.916334138923123 ], [ -43.266375407802784, -22.9163935070615 ], [ -43.268067921373401, -22.917119528895977 ], [ -43.269397801220535, -22.917016086232074 ], [ -43.269722823310431, -22.917100724342095 ], [ -43.270678879874382, -22.917631486452034 ], [ -43.271076002632654, -22.917734967521817 ], [ -43.273541413253945, -22.919325904265268 ], [ -43.275573175601316, -22.919620348272161 ], [ -43.277034524250872, -22.920416553214721 ], [ -43.278156103715475, -22.920783175276114 ], [ -43.278790369785568, -22.921270214553314 ], [ -43.279194533541101, -22.922067851304217 ], [ -43.279175873778712, -22.922773306241417 ], [ -43.27881343176918, -22.923218022188848 ], [ -43.27916796558749, -22.923468765098573 ], [ -43.279431755752903, -22.924335227884679 ], [ -43.278431911277934, -22.926614480219207 ], [ -43.278591608403232, -22.928041525608538 ], [ -43.278724834047949, -22.928323372667968 ], [ -43.279129212701164, -22.92878922363526 ], [ -43.279705754659084, -22.929958897484195 ], [ -43.280155670237384, -22.931312595401053 ], [ -43.280612099932611, -22.932151162982709 ], [ -43.281086616395314, -22.932561332279981 ], [ -43.281746956537582, -22.932717938685716 ], [ -43.286041696026757, -22.935206278640667 ], [ -43.286508436040954, -22.935903431801925 ], [ -43.286572130699199, -22.936242228518658 ], [ -43.285530441875316, -22.938043797978647 ], [ -43.285202981821875, -22.940446760762434 ], [ -43.285187030448981, -22.941712780730288 ], [ -43.285410302044575, -22.942867328544107 ], [ -43.285877854941788, -22.943501549054162 ], [ -43.286214061999885, -22.943772579635183 ], [ -43.28575692675156, -22.943665684471224 ], [ -43.285275070663559, -22.943384953039736 ], [ -43.284226974418146, -22.942053876193004 ], [ -43.283546316990929, -22.941393867194314 ], [ -43.281349675673994, -22.940492666635542 ], [ -43.280681427210382, -22.940449846934083 ], [ -43.279494575899058, -22.939834364794809 ], [ -43.279014312685987, -22.940046705906045 ], [ -43.274952437894413, -22.944348510323024 ], [ -43.274739727255913, -22.944059925027062 ], [ -43.273743356357528, -22.943178984518642 ], [ -43.272708208110245, -22.942434971207593 ], [ -43.272564136970146, -22.942101345254862 ], [ -43.272334791387749, -22.942156102230996 ], [ -43.272381747988931, -22.942351223734054 ], [ -43.273729911741221, -22.943270408903686 ], [ -43.274887682701127, -22.944410840061046 ], [ -43.274542407791159, -22.94447237667228 ], [ -43.273793086310235, -22.944424039654603 ], [ -43.272400393664185, -22.943586097799919 ], [ -43.270652193167408, -22.940992234628382 ], [ -43.26992767274632, -22.94036004961167 ], [ -43.268931972915418, -22.939269936700445 ], [ -43.268006988242973, -22.937765182244018 ], [ -43.267334235177955, -22.936898392396191 ], [ -43.266977105731165, -22.936559727340452 ], [ -43.266403829935584, -22.936327251178948 ], [ -43.265265133821089, -22.935613666536351 ], [ -43.264700940895324, -22.935426523602782 ], [ -43.264007394772825, -22.93542805908637 ], [ -43.263574962404142, -22.934871375997027 ], [ -43.261864016215945, -22.93384844128207 ], [ -43.261393774364052, -22.933191912653747 ], [ -43.261142134625864, -22.933008182374582 ], [ -43.261164403889417, -22.932791330570971 ], [ -43.260642537238887, -22.932360360752661 ], [ -43.260264051496861, -22.932161692176699 ], [ -43.25966747475767, -22.931458528983125 ], [ -43.259385092351387, -22.93139212871349 ], [ -43.259320590986974, -22.93108383808238 ], [ -43.258975078034695, -22.930609553998725 ], [ -43.258828675751033, -22.93059891649434 ], [ -43.258626921917291, -22.930334364116735 ], [ -43.258113899797351, -22.929975818876631 ], [ -43.257359152877612, -22.930175690279274 ], [ -43.257009354038388, -22.92965611107752 ], [ -43.257374570589334, -22.929359311107856 ], [ -43.257623554611499, -22.929742052086777 ], [ -43.257712092776352, -22.929695523943721 ], [ -43.257419740895479, -22.929258032180652 ], [ -43.256966027113144, -22.929605876697156 ], [ -43.253205761570754, -22.924636089568381 ], [ -43.253092071758552, -22.924363469356305 ], [ -43.254648639690913, -22.924082036164517 ], [ -43.255796266657022, -22.923705612838532 ], [ -43.253652998480376, -22.920990478039272 ], [ -43.253351049358841, -22.920923852971878 ], [ -43.253752042616881, -22.919218768523869 ], [ -43.259575277060684, -22.920331794084515 ], [ -43.261772183043661, -22.919233983779797 ], [ -43.262224733913747, -22.917169656193874 ], [ -43.262998024852507, -22.917168364914321 ], [ -43.263101335490738, -22.916788040275598 ] ] ] } },
{ "type": "Feature", "properties": { "objectid": 393, "nome": "Manguinhos", "regiao_adm": "RAMOS                   ", "area_plane": "3", "codbairro": "039", "codra": 10, "codbnum": 39, "link": "Manguinhos                &area=39                ", "rp": "Ramos", "cod_rp": "3.1", "codbairro_long": 39, "st_area(shape)": 2618358.2516631656, "st_perimeter(shape)": 8090.4094766418011 }, "geometry": { "type": "Polygon", "coordinates": [ [ [ -43.239283073892047, -22.879913044419581 ], [ -43.239506990142786, -22.880128376784842 ], [ -43.241860497571309, -22.876712944868551 ], [ -43.244702839577705, -22.873083784455886 ], [ -43.244467604625591, -22.872468007399338 ], [ -43.244623601941818, -22.871894026840824 ], [ -43.244480584378444, -22.870935110955244 ], [ -43.244243039617977, -22.87050696613489 ], [ -43.2439619624014, -22.870303654177604 ], [ -43.24443907842209, -22.869698812199101 ], [ -43.244877299943234, -22.869753767778807 ], [ -43.246358257270586, -22.869582357240485 ], [ -43.246644134448417, -22.869404082948531 ], [ -43.246864512676062, -22.869074817445998 ], [ -43.247127067646588, -22.869134062389517 ], [ -43.247116322206566, -22.869219734904984 ], [ -43.246439976069347, -22.870724279169639 ], [ -43.246784756163208, -22.870861914154535 ], [ -43.246833781320511, -22.870982923099227 ], [ -43.24717779066382, -22.871180691834546 ], [ -43.247063104449104, -22.871399505871612 ], [ -43.248026049351822, -22.871711197887663 ], [ -43.250842625597237, -22.872149842396958 ], [ -43.253566715934028, -22.873039680465528 ], [ -43.252842830033572, -22.874889245050031 ], [ -43.254736360468243, -22.876045641996569 ], [ -43.254932227302312, -22.875788251827078 ], [ -43.255071113454832, -22.875878997834697 ], [ -43.254866579438783, -22.876128256687299 ], [ -43.254918480878423, -22.876177501469289 ], [ -43.256308078838806, -22.877044428039451 ], [ -43.255700194520408, -22.877756329185914 ], [ -43.254950097940025, -22.879018261194318 ], [ -43.254739573901851, -22.87921733283904 ], [ -43.256648299748733, -22.881250033054901 ], [ -43.256067934489657, -22.881454534337816 ], [ -43.254954851356501, -22.882237288664058 ], [ -43.25313426196459, -22.884231489858724 ], [ -43.251960489072907, -22.883289062858527 ], [ -43.249964375313716, -22.882465906351644 ], [ -43.247625086016292, -22.88871985086994 ], [ -43.244469760853384, -22.888388737500819 ], [ -43.243068307413004, -22.888463017301113 ], [ -43.240009680220389, -22.888896149720868 ], [ -43.23842993320055, -22.888896621609089 ], [ -43.237488608316106, -22.888616803061716 ], [ -43.236804441002377, -22.888303891263551 ], [ -43.233541450069694, -22.886430481725665 ], [ -43.234095288812, -22.885960000630387 ], [ -43.237683250202764, -22.882035300584061 ], [ -43.239283073892047, -22.879913044419581 ] ] ] } },
{ "type": "Feature", "properties": { "objectid": 381, "nome": "Bonsucesso", "regiao_adm": "RAMOS                   ", "area_plane": "3", "codbairro": "040", "codra": 10, "codbnum": 40, "link": "Bonsucesso                &area=40                ", "rp": "Ramos", "cod_rp": "3.1", "codbairro_long": 40, "st_area(shape)": 2199722.0823773849, "st_perimeter(shape)": 8559.0061771287419 }, "geometry": { "type": "Polygon", "coordinates": [ [ [ -43.246921957613303, -22.869739472455556 ], [ -43.247327262766667, -22.868266527162948 ], [ -43.247891733609535, -22.864268018155805 ], [ -43.247676062042011, -22.85628327146382 ], [ -43.25240503890938, -22.856784102189767 ], [ -43.252594037986569, -22.857717150959633 ], [ -43.256450637323063, -22.858426102832986 ], [ -43.256835030485703, -22.858015896372436 ], [ -43.258194482382891, -22.858643425412073 ], [ -43.257648404410077, -22.860301079205477 ], [ -43.259003576006577, -22.860754263620152 ], [ -43.258773710541455, -22.861502559053978 ], [ -43.259852552075806, -22.86178609719261 ], [ -43.259222976319826, -22.863611084217951 ], [ -43.258195392986792, -22.863257844741678 ], [ -43.257407170020691, -22.865576959312754 ], [ -43.258074028860001, -22.865805966232834 ], [ -43.257999508064607, -22.866292897286456 ], [ -43.258247108461966, -22.866707316763666 ], [ -43.260099107593312, -22.866467863577594 ], [ -43.261134378192104, -22.866219461317023 ], [ -43.264545863387823, -22.865889349256527 ], [ -43.265716621841804, -22.8678942000391 ], [ -43.265704720952442, -22.867995123689912 ], [ -43.265381634630607, -22.86782083019601 ], [ -43.264928208641457, -22.867803873804483 ], [ -43.263803527138982, -22.868584408429243 ], [ -43.26332127796551, -22.868795336192907 ], [ -43.262398765879126, -22.868965423494938 ], [ -43.258868496214475, -22.868302254736378 ], [ -43.257863233469266, -22.867846757859802 ], [ -43.25836073977208, -22.868778302708456 ], [ -43.258563386898743, -22.869562126495151 ], [ -43.258217977317074, -22.871452166894176 ], [ -43.258408859204955, -22.87204323795175 ], [ -43.258471492237355, -22.87268753992106 ], [ -43.256918921554167, -22.876283428066767 ], [ -43.256308078838806, -22.877044428039451 ], [ -43.254918480878423, -22.876177501469289 ], [ -43.254866579438783, -22.876128256687299 ], [ -43.255071113454832, -22.875878997834697 ], [ -43.254932227302312, -22.875788251827078 ], [ -43.254736360468243, -22.876045641996569 ], [ -43.252842830033572, -22.874889245050031 ], [ -43.253566715934028, -22.873039680465528 ], [ -43.250842625597237, -22.872149842396958 ], [ -43.248026049351822, -22.871711197887663 ], [ -43.247063104449104, -22.871399505871612 ], [ -43.24717779066382, -22.871180691834546 ], [ -43.246833781320511, -22.870982923099227 ], [ -43.246784756163208, -22.870861914154535 ], [ -43.246439976069347, -22.870724279169639 ], [ -43.246921957613303, -22.869739472455556 ] ] ] } },
{ "type": "Feature", "properties": { "objectid": 369, "nome": "Ramos", "regiao_adm": "RAMOS                   ", "area_plane": "3", "codbairro": "041", "codra": 10, "codbnum": 41, "link": "Ramos                     &area=41                ", "rp": "Ramos", "cod_rp": "3.1", "codbairro_long": 41, "st_area(shape)": 2793540.5292301732, "st_perimeter(shape)": 8911.7050843939287 }, "geometry": { "type": "Polygon", "coordinates": [ [ [ -43.248070303231181, -22.846126947087491 ], [ -43.254588750675701, -22.839032162318816 ], [ -43.254749381452761, -22.83959978664938 ], [ -43.257398915932058, -22.845758034117623 ], [ -43.258811878354493, -22.84583969241875 ], [ -43.263192702722371, -22.850666604088914 ], [ -43.263838506259297, -22.850991352368364 ], [ -43.26437630080602, -22.851381112603821 ], [ -43.263824721253101, -22.852076693024365 ], [ -43.263146379354858, -22.852625312001578 ], [ -43.266842991257917, -22.856239882475194 ], [ -43.266881475031894, -22.856670705052608 ], [ -43.266765363019125, -22.85672886323972 ], [ -43.266609380644852, -22.856634508136509 ], [ -43.266091947206256, -22.857517943957408 ], [ -43.263175250817042, -22.856181016178294 ], [ -43.262205501604384, -22.858003571279131 ], [ -43.263599006885087, -22.858629801745245 ], [ -43.26446006108597, -22.859118998249194 ], [ -43.266065245802778, -22.859261392730801 ], [ -43.266241750952517, -22.859474094572963 ], [ -43.267331291190203, -22.859690147995181 ], [ -43.267572447514858, -22.860614358322206 ], [ -43.267726628864629, -22.861927205844466 ], [ -43.267124537914583, -22.861977633292774 ], [ -43.265652094042622, -22.861670257524114 ], [ -43.26516037135108, -22.861639519885607 ], [ -43.26269047099229, -22.862641885321985 ], [ -43.262241759686667, -22.862446979765316 ], [ -43.261843137732363, -22.862459150176601 ], [ -43.25980877899147, -22.86189461864322 ], [ -43.259852552075806, -22.86178609719261 ], [ -43.258773710541455, -22.861502559053978 ], [ -43.259003576006577, -22.860754263620152 ], [ -43.257648404410077, -22.860301079205477 ], [ -43.258194482382891, -22.858643425412073 ], [ -43.256835030485703, -22.858015896372436 ], [ -43.256450637323063, -22.858426102832986 ], [ -43.252594037986569, -22.857717150959633 ], [ -43.25240503890938, -22.856784102189767 ], [ -43.247676062042011, -22.85628327146382 ], [ -43.247565537195179, -22.852325543833462 ], [ -43.24750836942183, -22.851517663172491 ], [ -43.247130983267951, -22.849351659072141 ], [ -43.247171167312338, -22.848322786739576 ], [ -43.247490013633538, -22.847149873448064 ], [ -43.248070303231181, -22.846126947087491 ] ] ] } },
{ "type": "Feature", "properties": { "objectid": 363, "nome": "Olaria", "regiao_adm": "RAMOS                   ", "area_plane": "3", "codbairro": "042", "codra": 10, "codbnum": 42, "link": "Olaria                    &area=42                ", "rp": "Ramos", "cod_rp": "3.1", "codbairro_long": 42, "st_area(shape)": 3689843.1049913918, "st_perimeter(shape)": 12231.00993624387 }, "geometry": { "type": "Polygon", "coordinates": [ [ [ -43.256280603077975, -22.837866685590836 ], [ -43.260478156410542, -22.835603986507977 ], [ -43.260920929959802, -22.836105513667661 ], [ -43.261948819146433, -22.836994522777189 ], [ -43.262324399391822, -22.836788837821548 ], [ -43.263282824049774, -22.836550768499819 ], [ -43.2640880823079, -22.836489560717091 ], [ -43.264480756304437, -22.836587130376088 ], [ -43.26695986276161, -22.839356225632585 ], [ -43.267038863606132, -22.839403684088936 ], [ -43.267140284334822, -22.839342656619429 ], [ -43.267251659098605, -22.839149617016627 ], [ -43.267452732237913, -22.839151805236703 ], [ -43.267458552645621, -22.839353884985698 ], [ -43.267171238516546, -22.83954492050599 ], [ -43.268749221173458, -22.841340961119638 ], [ -43.268697086466759, -22.841487957137858 ], [ -43.268375177695518, -22.841756371159473 ], [ -43.268490702389123, -22.841897423340146 ], [ -43.268372756923867, -22.843271070960888 ], [ -43.268464326900613, -22.843318665551934 ], [ -43.268390939920835, -22.844158897645425 ], [ -43.268635570112494, -22.844361499675777 ], [ -43.269375198781759, -22.843530588096723 ], [ -43.270043077074284, -22.843071770766965 ], [ -43.270624418245497, -22.842837237670039 ], [ -43.271453748794713, -22.845129487958165 ], [ -43.272730203764617, -22.844918206874972 ], [ -43.274350362046704, -22.844780810586329 ], [ -43.275293835358752, -22.844402622527809 ], [ -43.276541659614601, -22.845480413088882 ], [ -43.276563665790796, -22.845729177559054 ], [ -43.277040650016517, -22.845788706380986 ], [ -43.276994354136406, -22.846137786482725 ], [ -43.277204267852575, -22.846769323960245 ], [ -43.277279147215175, -22.847476969366088 ], [ -43.277729339136854, -22.847668327230501 ], [ -43.278269448808828, -22.848039194538419 ], [ -43.278782957043951, -22.848526357687465 ], [ -43.279404345463661, -22.848439878969653 ], [ -43.279625094177099, -22.848877277601044 ], [ -43.280303974614753, -22.848542799179974 ], [ -43.281451360948878, -22.848617325722703 ], [ -43.281527745880489, -22.848540484115222 ], [ -43.281938784358758, -22.84851385666887 ], [ -43.281628869279828, -22.848952837738697 ], [ -43.282258332598381, -22.849433386421413 ], [ -43.282390991844004, -22.850182205043595 ], [ -43.282472082208564, -22.850289281949387 ], [ -43.282612958409288, -22.850384181192638 ], [ -43.283484454222616, -22.849578283573369 ], [ -43.28356608011871, -22.849642829909776 ], [ -43.282731371969192, -22.850436481854494 ], [ -43.282965664679317, -22.850572755374191 ], [ -43.284315477601552, -22.850723226448917 ], [ -43.287924424858041, -22.850597277631479 ], [ -43.290732339339421, -22.851427226059517 ], [ -43.292128106823462, -22.852572868015169 ], [ -43.28437638053699, -22.856879261393594 ], [ -43.284312070386534, -22.857057557693203 ], [ -43.283997905765425, -22.85704974658022 ], [ -43.283669857784353, -22.856898193289489 ], [ -43.283223271881113, -22.856215163642993 ], [ -43.282720984791766, -22.855738607991931 ], [ -43.281521393103851, -22.855479028223776 ], [ -43.281873987442467, -22.853677494359971 ], [ -43.281001224688879, -22.853736612379546 ], [ -43.280593513257585, -22.853582477745967 ], [ -43.280404565457559, -22.853420230528496 ], [ -43.279975481104152, -22.853392744595244 ], [ -43.279779148191615, -22.853275480308596 ], [ -43.279485627226116, -22.85325406592359 ], [ -43.279358710395428, -22.853126172884551 ], [ -43.279084125937587, -22.853086719507814 ], [ -43.278855379672109, -22.853222145190113 ], [ -43.278508812348406, -22.853265717600959 ], [ -43.277483552493941, -22.853788973267246 ], [ -43.276650496268424, -22.853550572924874 ], [ -43.276507137416012, -22.853590922980903 ], [ -43.276320636857328, -22.853876352322356 ], [ -43.276124601443883, -22.85377434701569 ], [ -43.275205399542841, -22.853714358216095 ], [ -43.27333789357742, -22.855095946841718 ], [ -43.272080189486161, -22.854232504301901 ], [ -43.270979226096316, -22.85509923474666 ], [ -43.271578093870545, -22.855701950867463 ], [ -43.270491909531358, -22.856623925845991 ], [ -43.26935123503074, -22.855353092391294 ], [ -43.269066507771136, -22.855568177443939 ], [ -43.269517968122329, -22.856199006616922 ], [ -43.269480115730417, -22.856279511053994 ], [ -43.268663064396151, -22.856762435506308 ], [ -43.267410409241826, -22.857715450857668 ], [ -43.266881475031894, -22.856670705052608 ], [ -43.266842991257917, -22.856239882475194 ], [ -43.263146379354858, -22.852625312001578 ], [ -43.263824721253101, -22.852076693024365 ], [ -43.26437630080602, -22.851381112603821 ], [ -43.263838506259297, -22.850991352368364 ], [ -43.263192702722371, -22.850666604088914 ], [ -43.258811878354493, -22.84583969241875 ], [ -43.257398915932058, -22.845758034117623 ], [ -43.254749381452761, -22.83959978664938 ], [ -43.254588750675701, -22.839032162318816 ], [ -43.255140760426549, -22.83857692564883 ], [ -43.256280603077975, -22.837866685590836 ] ] ] } },
{ "type": "Feature", "properties": { "objectid": 392, "nome": "Higienópolis", "regiao_adm": "INHAUMA                 ", "area_plane": "3", "codbairro": "050", "codra": 12, "codbnum": 50, "link": "Higienópolis              &area=50                ", "rp": "Inhaúma", "cod_rp": "3.4", "codbairro_long": 50, "st_area(shape)": 1157475.8863444454, "st_perimeter(shape)": 4944.3914987768785 }, "geometry": { "type": "Polygon", "coordinates": [ [ [ -43.255700194520408, -22.877756329185914 ], [ -43.256918921554167, -22.876283428066767 ], [ -43.258471492237355, -22.87268753992106 ], [ -43.258408859204955, -22.87204323795175 ], [ -43.258217977317074, -22.871452166894176 ], [ -43.258563386898743, -22.869562126495151 ], [ -43.25836073977208, -22.868778302708456 ], [ -43.257863233469266, -22.867846757859802 ], [ -43.258868496214475, -22.868302254736378 ], [ -43.262398765879126, -22.868965423494938 ], [ -43.26332127796551, -22.868795336192907 ], [ -43.263803527138982, -22.868584408429243 ], [ -43.264928208641457, -22.867803873804483 ], [ -43.265381634630607, -22.86782083019601 ], [ -43.265704720952442, -22.867995123689912 ], [ -43.265716621841804, -22.8678942000391 ], [ -43.267280916083273, -22.868779010949083 ], [ -43.267948791165651, -22.868938272067229 ], [ -43.268134289048554, -22.868858020574159 ], [ -43.268364173497929, -22.869450499908616 ], [ -43.268548977777506, -22.870485713889575 ], [ -43.268388399928703, -22.872220391253791 ], [ -43.267196406571138, -22.873081670724012 ], [ -43.265831366644903, -22.874583134980522 ], [ -43.265726405565395, -22.875058811237125 ], [ -43.26590689791955, -22.875910658036162 ], [ -43.265907698558124, -22.876369245682667 ], [ -43.26554483871346, -22.876884914302465 ], [ -43.26442164955089, -22.878040507280232 ], [ -43.262540955674595, -22.878056631898001 ], [ -43.261614772277007, -22.878242113558954 ], [ -43.260605096702101, -22.878769119005021 ], [ -43.260042347490668, -22.879435475703069 ], [ -43.259415488603082, -22.879954470379488 ], [ -43.25812609638497, -22.880686191594954 ], [ -43.256648299748733, -22.881250033054901 ], [ -43.254739573901851, -22.87921733283904 ], [ -43.254950097940025, -22.879018261194318 ], [ -43.255700194520408, -22.877756329185914 ] ] ] } },
{ "type": "Feature", "properties": { "objectid": 343, "nome": "Penha Circular", "regiao_adm": "PENHA                   ", "area_plane": "3", "codbairro": "044", "codra": 11, "codbnum": 44, "link": "Penha Circular            &area=44                ", "rp": "Penha", "cod_rp": "3.5", "codbairro_long": 44, "st_area(shape)": 4623394.364033971, "st_perimeter(shape)": 16639.422656534683 }, "geometry": { "type": "Polygon", "coordinates": [ [ [ -43.270300742723627, -22.816437812941313 ], [ -43.270566094892907, -22.816083888041501 ], [ -43.270455094268151, -22.815855918140478 ], [ -43.270707175773282, -22.815634602837232 ], [ -43.270791727952499, -22.815310954019687 ], [ -43.271341172346922, -22.814298335136922 ], [ -43.27157493260939, -22.813683617239317 ], [ -43.271609194579007, -22.81350057402711 ], [ -43.27143910109244, -22.813099929541192 ], [ -43.271750614113451, -22.812830940432502 ], [ -43.27217324788429, -22.811768896720995 ], [ -43.272950597848073, -22.810432729607431 ], [ -43.273288256531522, -22.810407310241636 ], [ -43.274987857653841, -22.81102951391625 ], [ -43.28022873013883, -22.813296628184439 ], [ -43.281524387794875, -22.814278705759097 ], [ -43.2832131330767, -22.816108220700631 ], [ -43.283678202753137, -22.81679180544489 ], [ -43.28515006514678, -22.81845605999295 ], [ -43.279258747942151, -22.82324414531746 ], [ -43.280916759209227, -22.825090602692953 ], [ -43.285590733564092, -22.830984092219406 ], [ -43.286004753146806, -22.830855614430284 ], [ -43.287746027026124, -22.83000991333601 ], [ -43.28809106001686, -22.82995185178488 ], [ -43.288250619009304, -22.829977316915791 ], [ -43.288888561743107, -22.830624458166636 ], [ -43.289931660658937, -22.831104090082945 ], [ -43.290271912047828, -22.831771871684925 ], [ -43.289275062309827, -22.83220584235492 ], [ -43.288713857198388, -22.832573416991686 ], [ -43.288176662961561, -22.833077524172463 ], [ -43.288473209152436, -22.833406813877904 ], [ -43.288542630719867, -22.833994562952121 ], [ -43.288464411279229, -22.834616305605081 ], [ -43.288636070168785, -22.835217073211609 ], [ -43.288838739775237, -22.835379369167807 ], [ -43.288336926834916, -22.836115134246008 ], [ -43.298085520746753, -22.837701950679627 ], [ -43.301804531737801, -22.837771280116886 ], [ -43.301801933136026, -22.838631892347863 ], [ -43.302246170699128, -22.838636629970956 ], [ -43.303332877961225, -22.839230704414977 ], [ -43.301916504450929, -22.841638490612674 ], [ -43.304266427257616, -22.843015457555389 ], [ -43.304370192906106, -22.842897897562068 ], [ -43.306738298271654, -22.844879819746918 ], [ -43.30457919061304, -22.847063258634925 ], [ -43.302527491660115, -22.845966087434892 ], [ -43.300616825615307, -22.848991983303677 ], [ -43.300588056480834, -22.849111515170584 ], [ -43.301121725191493, -22.849974962147918 ], [ -43.301466886812584, -22.850130002820357 ], [ -43.301431550532563, -22.850236911010949 ], [ -43.301105519540172, -22.850189271263307 ], [ -43.299742911197605, -22.850862147110245 ], [ -43.29958438220973, -22.851018131511669 ], [ -43.299590104711179, -22.851106514066501 ], [ -43.300792091543386, -22.851314870309121 ], [ -43.300810651638052, -22.851460102588074 ], [ -43.300978175061523, -22.851670052512187 ], [ -43.300921909578541, -22.851814485931172 ], [ -43.300779312643165, -22.851794089037107 ], [ -43.300624800995941, -22.851634761957865 ], [ -43.300661862524535, -22.851389158099003 ], [ -43.300321481960786, -22.851398166367577 ], [ -43.299996076510695, -22.85130004772375 ], [ -43.299915427548278, -22.851759576511455 ], [ -43.299833938839782, -22.851746154040704 ], [ -43.299887229503732, -22.851292562510132 ], [ -43.299425321368879, -22.851224593230448 ], [ -43.299118365721235, -22.851679988169025 ], [ -43.298837881863541, -22.852403882392885 ], [ -43.29861497561641, -22.852737084518584 ], [ -43.297185231402963, -22.853078239421095 ], [ -43.294110575942618, -22.854572059547237 ], [ -43.293575765933603, -22.854933879691465 ], [ -43.292499358999876, -22.853275383739462 ], [ -43.292128106823462, -22.852572868015169 ], [ -43.295926450533294, -22.850319666331131 ], [ -43.296570680808045, -22.849424565556884 ], [ -43.296870551675035, -22.847934618333028 ], [ -43.296760565249784, -22.847870223898575 ], [ -43.296908389751188, -22.847634838053327 ], [ -43.296629284792424, -22.847458008219888 ], [ -43.296672732905982, -22.846708012552774 ], [ -43.29746005361298, -22.845845862374492 ], [ -43.294608859665651, -22.844584892066393 ], [ -43.293264146492163, -22.843740637421703 ], [ -43.290665027458573, -22.842431097894313 ], [ -43.288621873728474, -22.841219068786042 ], [ -43.28772967040225, -22.840557090066241 ], [ -43.286463892391325, -22.839998281875314 ], [ -43.28534118466461, -22.83827124652078 ], [ -43.284778750303744, -22.837918225773922 ], [ -43.284685982340854, -22.83763961828187 ], [ -43.284729866600784, -22.837550958113926 ], [ -43.282812858369688, -22.835636899930837 ], [ -43.282113171636311, -22.835143586359074 ], [ -43.280158976403094, -22.833209320640023 ], [ -43.278945761684497, -22.831887743166924 ], [ -43.275083762728492, -22.827325696875111 ], [ -43.27465579764025, -22.826914586971302 ], [ -43.27454196915, -22.82661597093453 ], [ -43.274142422167472, -22.82607638810417 ], [ -43.268858990549731, -22.819357605362715 ], [ -43.270039100081917, -22.816829799785541 ], [ -43.270274126836334, -22.81675567759217 ], [ -43.270300742723627, -22.816437812941313 ] ] ] } },
{ "type": "Feature", "properties": { "objectid": 383, "nome": "Tomás Coelho", "regiao_adm": "INHAUMA                 ", "area_plane": "3", "codbairro": "056", "codra": 12, "codbnum": 56, "link": "Tomás Coelho              &area=56                ", "rp": "Inhaúma", "cod_rp": "3.4", "codbairro_long": 56, "st_area(shape)": 1747531.193763359, "st_perimeter(shape)": 8403.8491731480553 }, "geometry": { "type": "Polygon", "coordinates": [ [ [ -43.298097529594841, -22.859061614366784 ], [ -43.298476934965272, -22.859034879058523 ], [ -43.29922451326776, -22.858278592862977 ], [ -43.301067877807206, -22.857317808909517 ], [ -43.301556285458048, -22.857144845017892 ], [ -43.301658910878075, -22.857182876489233 ], [ -43.301816207639781, -22.857369506538451 ], [ -43.301886512812672, -22.858134445759315 ], [ -43.302236062764216, -22.858902456095453 ], [ -43.302636479305292, -22.859325847789421 ], [ -43.304453816560809, -22.860776162338638 ], [ -43.305167031075371, -22.860910915776877 ], [ -43.307171744661325, -22.861721917106863 ], [ -43.307169503428348, -22.862484818013172 ], [ -43.307385111284034, -22.863149614922921 ], [ -43.308673049274454, -22.862360198947624 ], [ -43.310134242058069, -22.861720085784214 ], [ -43.310894579458065, -22.861480987818691 ], [ -43.311316446155374, -22.861377816760942 ], [ -43.312916069178421, -22.861252731575998 ], [ -43.314472277927031, -22.861352581303525 ], [ -43.315189113701997, -22.863368098084809 ], [ -43.310972547194424, -22.868534730876643 ], [ -43.309962526318067, -22.8696215203415 ], [ -43.309683318891089, -22.869424480656118 ], [ -43.308964870594657, -22.869912998407553 ], [ -43.310904532959007, -22.871347117911348 ], [ -43.308529454530472, -22.873373952860081 ], [ -43.308852116620109, -22.875311428780194 ], [ -43.305523887156028, -22.876095727147888 ], [ -43.303637148744563, -22.876606532564669 ], [ -43.303512500336261, -22.876708244231779 ], [ -43.303666783237247, -22.875852958772814 ], [ -43.303540896594512, -22.875426805734122 ], [ -43.303846752476034, -22.874130078994881 ], [ -43.303812122374516, -22.873630486471178 ], [ -43.302975817573234, -22.872792806090963 ], [ -43.302405922649385, -22.873377790859994 ], [ -43.301853740066974, -22.873008315294655 ], [ -43.301457636645033, -22.872917117616669 ], [ -43.301074638614828, -22.872939760386526 ], [ -43.299442584020433, -22.871189121630664 ], [ -43.298908714221767, -22.8707356680654 ], [ -43.298028570001996, -22.870784046109542 ], [ -43.298277395631473, -22.870571505763547 ], [ -43.29783704890194, -22.870363690098827 ], [ -43.298378542003867, -22.869727845545409 ], [ -43.298517349492201, -22.869388868623176 ], [ -43.298589481414766, -22.868104555933574 ], [ -43.298504722646676, -22.867703404271325 ], [ -43.303769581208648, -22.866305491177375 ], [ -43.30492483588511, -22.866215396721444 ], [ -43.305583054457593, -22.86662996972278 ], [ -43.306318080196526, -22.865786281235248 ], [ -43.305830569565906, -22.86571191362744 ], [ -43.305158973357067, -22.865763188803882 ], [ -43.304875218589103, -22.864889230945717 ], [ -43.304298564013926, -22.864640517112072 ], [ -43.29995067835852, -22.860464768597982 ], [ -43.298097529594841, -22.859061614366784 ] ] ] } },
{ "type": "Feature", "properties": { "objectid": 426, "nome": "São Francisco Xavier", "regiao_adm": "MEIER                   ", "area_plane": "3", "codbairro": "057", "codra": 13, "codbnum": 57, "link": "São Francisco Xavier      &area=57                ", "rp": "Méier", "cod_rp": "3.2", "codbairro_long": 57, "st_area(shape)": 648909.34974917327, "st_perimeter(shape)": 5462.1742699182878 }, "geometry": { "type": "Polygon", "coordinates": [ [ [ -43.241328680147163, -22.899807062924356 ], [ -43.241419933734633, -22.899087612810394 ], [ -43.241587630149539, -22.898585473261814 ], [ -43.241966062076507, -22.897985060983657 ], [ -43.242560961512723, -22.897461545142122 ], [ -43.242105293921995, -22.896908077528238 ], [ -43.24116235978984, -22.89608299464135 ], [ -43.240721372558113, -22.895956289509957 ], [ -43.240758938514745, -22.895628354554727 ], [ -43.240695443290576, -22.895518200093154 ], [ -43.240749330523009, -22.895466420249015 ], [ -43.240846873232393, -22.895521502066817 ], [ -43.241014106878261, -22.895455443386478 ], [ -43.241341744569795, -22.895596334589651 ], [ -43.241387190310377, -22.895942076569959 ], [ -43.242335405311387, -22.896773719489886 ], [ -43.242777052355848, -22.897325949560432 ], [ -43.243351838588453, -22.897016503741188 ], [ -43.243944527735351, -22.897564891004187 ], [ -43.244691081476994, -22.896791902838203 ], [ -43.244836649950713, -22.896909824815147 ], [ -43.244214067966055, -22.897585478396341 ], [ -43.244303574728704, -22.899378049848753 ], [ -43.244416004105311, -22.900185000944894 ], [ -43.244929352217298, -22.902029573239638 ], [ -43.244964302581408, -22.902101121246186 ], [ -43.245314968508438, -22.902128022653084 ], [ -43.245489661208417, -22.902225404391302 ], [ -43.245155819135164, -22.902724088600163 ], [ -43.245382801652205, -22.903371199730312 ], [ -43.245847209921969, -22.90330092296567 ], [ -43.246576839028954, -22.904095994417141 ], [ -43.247395521475568, -22.904796321150286 ], [ -43.248379494867194, -22.906213058385703 ], [ -43.247210259589366, -22.907666368812912 ], [ -43.246425199563376, -22.908102190013132 ], [ -43.245933896288321, -22.908647630700749 ], [ -43.244888461328152, -22.908787706477835 ], [ -43.243176832120689, -22.908209520514514 ], [ -43.241762492113338, -22.907596769748096 ], [ -43.240809828870752, -22.907633721528406 ], [ -43.240317692431283, -22.907849430531293 ], [ -43.239305541831193, -22.908590099518968 ], [ -43.238760389372622, -22.908872220590553 ], [ -43.237552528289733, -22.908154078189739 ], [ -43.237279174151254, -22.907801110034743 ], [ -43.238319526007061, -22.90706600467108 ], [ -43.240101913123098, -22.905558239173402 ], [ -43.240656771660205, -22.904975863417253 ], [ -43.240908061303436, -22.904553487168609 ], [ -43.241255834922363, -22.904699118680277 ], [ -43.241617717317268, -22.905058568020397 ], [ -43.242158074763218, -22.906129523668376 ], [ -43.242651696373201, -22.90630448924145 ], [ -43.242655691934594, -22.906206190513714 ], [ -43.24237545668479, -22.906136804709998 ], [ -43.242265640411198, -22.906020090379275 ], [ -43.241928058870464, -22.90518942339288 ], [ -43.241379341681323, -22.904525291159398 ], [ -43.241184446011765, -22.904392099895958 ], [ -43.241316772278857, -22.904002901560393 ], [ -43.241430732264838, -22.903185993422031 ], [ -43.241386361641432, -22.899839037485176 ], [ -43.241328680147163, -22.899807062924356 ] ] ] } },
{ "type": "Feature", "properties": { "objectid": 333, "nome": "Vigário Geral", "regiao_adm": "VIGARIO GERAL           ", "area_plane": "3", "codbairro": "048", "codra": 31, "codbnum": 48, "link": "Vigário Geral             &area=48                ", "rp": "Penha", "cod_rp": "3.5", "codbairro_long": 48, "st_area(shape)": 3385317.1813613959, "st_perimeter(shape)": 8077.0930783243712 }, "geometry": { "type": "Polygon", "coordinates": [ [ [ -43.299826412365952, -22.805683653641957 ], [ -43.300030069953728, -22.804649441574231 ], [ -43.300264087046337, -22.804159211990299 ], [ -43.300610205207633, -22.803819549500275 ], [ -43.300976060549083, -22.803616007553842 ], [ -43.301518792790397, -22.803500327874552 ], [ -43.301846167027747, -22.80352494616659 ], [ -43.302640790486635, -22.803786998173535 ], [ -43.302935357417212, -22.803700277230675 ], [ -43.303157939763544, -22.803330211429497 ], [ -43.303403729847084, -22.802116275700239 ], [ -43.303953785350011, -22.801297972098151 ], [ -43.3042562470212, -22.801037034458258 ], [ -43.304686095003866, -22.800840758305238 ], [ -43.305548492296083, -22.800686195915926 ], [ -43.306874173240814, -22.800049061910755 ], [ -43.307578334426047, -22.79990599359267 ], [ -43.308436792015513, -22.799833193232441 ], [ -43.309631217174413, -22.799909258906084 ], [ -43.310918074588699, -22.799875305134528 ], [ -43.313436880045018, -22.800287953612969 ], [ -43.314878131389804, -22.800657838493553 ], [ -43.319454866728194, -22.801548464109782 ], [ -43.320925265522085, -22.801617150146946 ], [ -43.320737473623105, -22.803229906684354 ], [ -43.319448162327689, -22.808813517069449 ], [ -43.318286640123546, -22.808613241431058 ], [ -43.315763594228116, -22.813720681739362 ], [ -43.316026535729115, -22.813846100412565 ], [ -43.316501119411946, -22.816851458359295 ], [ -43.31647020514874, -22.817210833764022 ], [ -43.315945453498685, -22.818292609557425 ], [ -43.31826213074735, -22.81922450758065 ], [ -43.317215393651651, -22.819546334546633 ], [ -43.316609202096124, -22.819534059633167 ], [ -43.316610477926169, -22.819786759713605 ], [ -43.312763574156513, -22.819848206558923 ], [ -43.311559536366758, -22.819692130586269 ], [ -43.310642631027775, -22.819430630456701 ], [ -43.309848170831295, -22.819091492455957 ], [ -43.307258743511774, -22.817477726161378 ], [ -43.305486438988318, -22.816625518181084 ], [ -43.304483263444894, -22.816316194550406 ], [ -43.300763343813053, -22.815440309584925 ], [ -43.301303208551097, -22.810595855050355 ], [ -43.301713539700991, -22.809682327130169 ], [ -43.302406595691735, -22.808898965931068 ], [ -43.299826412365952, -22.805683653641957 ] ] ] } },
{ "type": "Feature", "properties": { "objectid": 416, "nome": "Jacaré", "regiao_adm": "MEIER                   ", "area_plane": "3", "codbairro": "051", "codra": 13, "codbnum": 51, "link": "Jacaré                    &area=51                ", "rp": "Méier", "cod_rp": "3.2", "codbairro_long": 51, "st_area(shape)": 842567.88416991301, "st_perimeter(shape)": 6809.0308721751098 }, "geometry": { "type": "Polygon", "coordinates": [ [ [ -43.249131327561834, -22.890110730643499 ], [ -43.250601120700075, -22.888630358104862 ], [ -43.251314915845605, -22.888109740981665 ], [ -43.252030887593094, -22.888423031976259 ], [ -43.252017994353849, -22.888752418485836 ], [ -43.25168999739973, -22.889978602631814 ], [ -43.251740184398891, -22.890123825212353 ], [ -43.252753256495978, -22.890946729180545 ], [ -43.253235746712733, -22.890534094656196 ], [ -43.253151378624622, -22.890348310506766 ], [ -43.253230880043546, -22.890236662710379 ], [ -43.253387310593624, -22.890214270114711 ], [ -43.253566469709249, -22.89044931932796 ], [ -43.253749536996288, -22.89037899553691 ], [ -43.253798664932113, -22.88992944798656 ], [ -43.253886324767919, -22.889858075742058 ], [ -43.254076935296929, -22.889876244236721 ], [ -43.254192260432731, -22.889676579569286 ], [ -43.253528662407334, -22.887981371879139 ], [ -43.253557460354692, -22.887764681408559 ], [ -43.253742044247581, -22.887636488657243 ], [ -43.254338681932424, -22.888219467535507 ], [ -43.255218915044715, -22.888843758279464 ], [ -43.25574483447415, -22.889012623927034 ], [ -43.256533040642623, -22.889021271918839 ], [ -43.257413092409379, -22.88992793730575 ], [ -43.258177473606331, -22.890452147311802 ], [ -43.258483275541117, -22.890937283168288 ], [ -43.25915544541008, -22.89060708171019 ], [ -43.260241918182409, -22.889767025351233 ], [ -43.261151607897418, -22.890392600781365 ], [ -43.261899671106981, -22.892045899142332 ], [ -43.26189427270991, -22.893073981549708 ], [ -43.261616053817171, -22.894186045694259 ], [ -43.261622441605539, -22.894434276889054 ], [ -43.261975438364622, -22.89456790934392 ], [ -43.263367137919424, -22.894192907058461 ], [ -43.264039386011078, -22.893435536018973 ], [ -43.263253774815446, -22.892516480770276 ], [ -43.264970910028325, -22.893045106997345 ], [ -43.266593784635212, -22.895991645517508 ], [ -43.264637696242914, -22.896650757272059 ], [ -43.264704969659547, -22.896787403332912 ], [ -43.264574933191568, -22.896833935974868 ], [ -43.263254661725213, -22.897154820100415 ], [ -43.263518755796483, -22.898782682677592 ], [ -43.262935308134793, -22.898573297999128 ], [ -43.262037409473329, -22.897369444454007 ], [ -43.261072979492809, -22.897585563838202 ], [ -43.260879789579874, -22.897562409887701 ], [ -43.260812710945686, -22.89747199960793 ], [ -43.261104064971967, -22.894512680725196 ], [ -43.26035410977957, -22.893886594967647 ], [ -43.259872505780855, -22.893619162543214 ], [ -43.259721317205262, -22.893589421666114 ], [ -43.258647252907302, -22.893821123019748 ], [ -43.256840655318307, -22.894597095880886 ], [ -43.254371550508324, -22.894974565859926 ], [ -43.2532842977878, -22.895230016130427 ], [ -43.252201810972679, -22.896109350574424 ], [ -43.251989152381405, -22.895879615980412 ], [ -43.252026458336871, -22.895820785525437 ], [ -43.250324517677235, -22.893212615797811 ], [ -43.250344044694828, -22.893111325808789 ], [ -43.251256065122405, -22.89250357902241 ], [ -43.249131327561834, -22.890110730643499 ] ] ] } },
{ "type": "Feature", "properties": { "objectid": 400, "nome": "Maria da Graça", "regiao_adm": "INHAUMA                 ", "area_plane": "3", "codbairro": "052", "codra": 12, "codbnum": 52, "link": "Maria da Graça            &area=52                ", "rp": "Inhaúma", "cod_rp": "3.4", "codbairro_long": 52, "st_area(shape)": 824991.93459846196, "st_perimeter(shape)": 4842.4357052868645 }, "geometry": { "type": "Polygon", "coordinates": [ [ [ -43.255810673137972, -22.88161164480584 ], [ -43.25812609638497, -22.880686191594954 ], [ -43.259415488603082, -22.879954470379488 ], [ -43.260042347490668, -22.879435475703069 ], [ -43.260605096702101, -22.878769119005021 ], [ -43.261614772277007, -22.878242113558954 ], [ -43.262540955674595, -22.878056631898001 ], [ -43.26442164955089, -22.878040507280232 ], [ -43.264348989650784, -22.878412500374544 ], [ -43.263525400874762, -22.879788002657119 ], [ -43.265691300697831, -22.881067359934384 ], [ -43.266348785356435, -22.881834463276032 ], [ -43.269868565259337, -22.883778915949303 ], [ -43.270067153251226, -22.884012893977882 ], [ -43.270405199693556, -22.884209739638607 ], [ -43.270653659033371, -22.883800371460282 ], [ -43.27237706059968, -22.884913812659359 ], [ -43.271578094642123, -22.885987006075993 ], [ -43.270941402407495, -22.886321351480671 ], [ -43.27018300693608, -22.8863839007564 ], [ -43.268728897546247, -22.885962411797049 ], [ -43.269365707069511, -22.88726371574905 ], [ -43.268915457284372, -22.887690209358233 ], [ -43.268784935815965, -22.888113862788678 ], [ -43.268341725148566, -22.887993080010638 ], [ -43.268295312900065, -22.887264880543995 ], [ -43.268185669620394, -22.887141411516076 ], [ -43.265914724052067, -22.885912412003666 ], [ -43.265754575828112, -22.885936402270943 ], [ -43.265126403559186, -22.886695891062708 ], [ -43.264733720869486, -22.886380951584314 ], [ -43.264154674974677, -22.886166560951526 ], [ -43.263696304112131, -22.886908752779355 ], [ -43.261199321506218, -22.885630801310203 ], [ -43.255810673137972, -22.88161164480584 ] ] ] } },
{ "type": "Feature", "properties": { "objectid": 396, "nome": "Del Castilho", "regiao_adm": "INHAUMA                 ", "area_plane": "3", "codbairro": "053", "codra": 12, "codbnum": 53, "link": "Del Castilho              &area=53                ", "rp": "Inhaúma", "cod_rp": "3.4", "codbairro_long": 53, "st_area(shape)": 1440918.3081317127, "st_perimeter(shape)": 5294.828146051439 }, "geometry": { "type": "Polygon", "coordinates": [ [ [ -43.265936570774976, -22.876167814218348 ], [ -43.265728889760929, -22.874863231947131 ], [ -43.265831366644903, -22.874583134980522 ], [ -43.267196406571138, -22.873081670724012 ], [ -43.267573047825643, -22.872761210330438 ], [ -43.271699047832996, -22.875025672471882 ], [ -43.272608438750773, -22.875363729517584 ], [ -43.274282034858828, -22.875769138782495 ], [ -43.275571661597283, -22.876281895746541 ], [ -43.27624499445195, -22.876807740121929 ], [ -43.276817890589754, -22.877453957488598 ], [ -43.277738151888805, -22.878810229381962 ], [ -43.278445357136839, -22.879503501457638 ], [ -43.280357783066243, -22.880692051707722 ], [ -43.281734783960921, -22.881253119101849 ], [ -43.281633259616868, -22.882024691844002 ], [ -43.281859269890411, -22.882079601283088 ], [ -43.280445799599086, -22.882950417445866 ], [ -43.277819052746636, -22.884765334597848 ], [ -43.276764814157126, -22.883881903601402 ], [ -43.275023866889121, -22.886560498519515 ], [ -43.272467946673238, -22.884786924845027 ], [ -43.27237706059968, -22.884913812659359 ], [ -43.270653659033371, -22.883800371460282 ], [ -43.270405199693556, -22.884209739638607 ], [ -43.270067153251226, -22.884012893977882 ], [ -43.269868565259337, -22.883778915949303 ], [ -43.266348785356435, -22.881834463276032 ], [ -43.265691300697831, -22.881067359934384 ], [ -43.263525400874762, -22.879788002657119 ], [ -43.264348989650784, -22.878412500374544 ], [ -43.26442164955089, -22.878040507280232 ], [ -43.265853409364937, -22.87648478817863 ], [ -43.265936570774976, -22.876167814218348 ] ] ] } },
{ "type": "Feature", "properties": { "objectid": 427, "nome": "Engenho Novo", "regiao_adm": "MEIER                   ", "area_plane": "3", "codbairro": "061", "codra": 13, "codbnum": 61, "link": "Engenho Novo              &area=61                ", "rp": "Méier", "cod_rp": "3.2", "codbairro_long": 61, "st_area(shape)": 2644854.147018136, "st_perimeter(shape)": 10595.689242692917 }, "geometry": { "type": "Polygon", "coordinates": [ [ [ -43.263625295373828, -22.899670840168771 ], [ -43.263254661725213, -22.897154820100415 ], [ -43.264574933191568, -22.896833935974868 ], [ -43.264704969659547, -22.896787403332912 ], [ -43.264637696242914, -22.896650757272059 ], [ -43.266593784635212, -22.895991645517508 ], [ -43.267304822443563, -22.897175285002419 ], [ -43.270241264670993, -22.899423588711503 ], [ -43.270814682020131, -22.898488111617624 ], [ -43.272940366700333, -22.899130373516648 ], [ -43.2717210133995, -22.900963981187427 ], [ -43.27220821638398, -22.90196292649906 ], [ -43.27097928244018, -22.903218999939725 ], [ -43.271264248171121, -22.903331371343835 ], [ -43.272073937606194, -22.903251680447518 ], [ -43.273812797529871, -22.904295477546469 ], [ -43.274250577461821, -22.904310708587214 ], [ -43.274785586471374, -22.904191625336313 ], [ -43.275090447480274, -22.90406489397137 ], [ -43.275391761030519, -22.903771596750218 ], [ -43.27567403483792, -22.904097236939283 ], [ -43.275047220943321, -22.904376525023803 ], [ -43.274365746277574, -22.904530410926583 ], [ -43.273641149664329, -22.904548546553638 ], [ -43.272860411852555, -22.904381391177331 ], [ -43.272730380880091, -22.904627148796425 ], [ -43.272407712872251, -22.904389474709848 ], [ -43.2714636672547, -22.903994227010326 ], [ -43.270513872088323, -22.905820367977743 ], [ -43.27203108442113, -22.907517309173041 ], [ -43.272435529731773, -22.907063853382859 ], [ -43.27209149537444, -22.906742771796431 ], [ -43.272176692816572, -22.906665674442749 ], [ -43.272587717419832, -22.907023877975824 ], [ -43.272108225357911, -22.907637806514575 ], [ -43.27221807046859, -22.907831444055372 ], [ -43.273429546940768, -22.907948650562542 ], [ -43.276053469074583, -22.909173716805384 ], [ -43.275789714236247, -22.909602700983708 ], [ -43.275136813929571, -22.913273721476088 ], [ -43.277350520770163, -22.914083328180542 ], [ -43.277183894571081, -22.914825469832167 ], [ -43.277034524250872, -22.920416553214721 ], [ -43.275573175601316, -22.919620348272161 ], [ -43.273541413253945, -22.919325904265268 ], [ -43.271076002632654, -22.917734967521817 ], [ -43.270678879874382, -22.917631486452034 ], [ -43.269722823310431, -22.917100724342095 ], [ -43.269397801220535, -22.917016086232074 ], [ -43.268067921373401, -22.917119528895977 ], [ -43.266375407802784, -22.9163935070615 ], [ -43.265702232878937, -22.916334138923123 ], [ -43.264902796587627, -22.915602232340746 ], [ -43.264468360873309, -22.915321780509185 ], [ -43.264209130727458, -22.915391733182705 ], [ -43.263101335490738, -22.916788040275598 ], [ -43.262909016962958, -22.916655987588157 ], [ -43.262718276572237, -22.916637373040619 ], [ -43.262533107144584, -22.916182009514454 ], [ -43.263155719959137, -22.915198160352151 ], [ -43.262056995541101, -22.91440733628631 ], [ -43.261548940963273, -22.913784981694384 ], [ -43.258955479104081, -22.911416374315081 ], [ -43.25822555606667, -22.910437215409566 ], [ -43.259279473891219, -22.909793688269982 ], [ -43.259605036946681, -22.909437112832773 ], [ -43.261446413398907, -22.908639554330879 ], [ -43.26257136592158, -22.908057104953347 ], [ -43.26364078255542, -22.907165732984843 ], [ -43.263727735245759, -22.906874813096383 ], [ -43.26368605112323, -22.90561656768006 ], [ -43.263927648357175, -22.904893595921489 ], [ -43.263919777002684, -22.9047156043783 ], [ -43.263727270227847, -22.904362478364412 ], [ -43.263349340701666, -22.904278696096522 ], [ -43.263725913535104, -22.902141916101741 ], [ -43.264185553835844, -22.902169697809928 ], [ -43.264187144682282, -22.902044728299146 ], [ -43.261822030771832, -22.901871129330289 ], [ -43.262064919027345, -22.901582365883193 ], [ -43.26298676999096, -22.901405243033938 ], [ -43.263482952276938, -22.901326411185515 ], [ -43.264867578703942, -22.901313452970733 ], [ -43.265115664327588, -22.900876097568641 ], [ -43.263436518140395, -22.900211791712604 ], [ -43.263625295373828, -22.899670840168771 ] ] ] } },
{ "type": "Feature", "properties": { "objectid": 382, "nome": "Inhaúma", "regiao_adm": "INHAUMA                 ", "area_plane": "3", "codbairro": "054", "codra": 12, "codbnum": 54, "link": "Inhaúma                   &area=54                ", "rp": "Inhaúma", "cod_rp": "3.4", "codbairro_long": 54, "st_area(shape)": 3485283.6583739892, "st_perimeter(shape)": 13164.813216707764 }, "geometry": { "type": "Polygon", "coordinates": [ [ [ -43.285880032984885, -22.857588579304927 ], [ -43.286338256339427, -22.857484966151592 ], [ -43.286694842481133, -22.857101745595131 ], [ -43.28701248094179, -22.856894659131832 ], [ -43.288468844039699, -22.857039379132988 ], [ -43.288883636753759, -22.857267894821288 ], [ -43.288505814180141, -22.857596615369083 ], [ -43.288005759584678, -22.858324624900625 ], [ -43.28827511533752, -22.859272686433993 ], [ -43.288134832281308, -22.859533882312085 ], [ -43.287434283426833, -22.860008045371437 ], [ -43.287270528538123, -22.860260227842474 ], [ -43.287682940712457, -22.866463846292746 ], [ -43.288271434328649, -22.866566629773285 ], [ -43.288711385144758, -22.866057058657514 ], [ -43.289020315335407, -22.86586206623193 ], [ -43.289560970946418, -22.865621431015658 ], [ -43.29013994719007, -22.865558026508037 ], [ -43.292963262987897, -22.867715373196965 ], [ -43.293216072060972, -22.867846684504936 ], [ -43.293879072632649, -22.867993141606679 ], [ -43.294475403634543, -22.867929820274071 ], [ -43.294991120846426, -22.868765820440878 ], [ -43.29150769558337, -22.869912469105355 ], [ -43.289476876261837, -22.870951486732448 ], [ -43.288491080855245, -22.871980412154464 ], [ -43.289472479653071, -22.872687333904626 ], [ -43.289975139422893, -22.87225348234681 ], [ -43.290569928274131, -22.872774180778247 ], [ -43.290938716595477, -22.872874593083299 ], [ -43.291264532069505, -22.872717346518932 ], [ -43.293017450703999, -22.873095144694794 ], [ -43.293791664007969, -22.873140930768095 ], [ -43.293994280014559, -22.873312523691375 ], [ -43.293448256946448, -22.873785565415893 ], [ -43.290618490146002, -22.876750141360997 ], [ -43.290391991235161, -22.876828081882369 ], [ -43.289682084789312, -22.876268575155137 ], [ -43.288916404669472, -22.878767730954817 ], [ -43.289271193098791, -22.879060894106402 ], [ -43.289182383094058, -22.879226015034025 ], [ -43.288770385557143, -22.879344851146762 ], [ -43.28661895392738, -22.881228978447691 ], [ -43.28869664759376, -22.882917621023868 ], [ -43.287571387975646, -22.883200176491098 ], [ -43.286571483460889, -22.883162674352331 ], [ -43.281633259616868, -22.882024691844002 ], [ -43.281734783960921, -22.881253119101849 ], [ -43.280357783066243, -22.880692051707722 ], [ -43.278445357136839, -22.879503501457638 ], [ -43.277738151888805, -22.878810229381962 ], [ -43.276817890589754, -22.877453957488598 ], [ -43.27624499445195, -22.876807740121929 ], [ -43.275571661597283, -22.876281895746541 ], [ -43.274282034858828, -22.875769138782495 ], [ -43.272608438750773, -22.875363729517584 ], [ -43.271699047832996, -22.875025672471882 ], [ -43.267573047825643, -22.872761210330438 ], [ -43.268388399928703, -22.872220391253791 ], [ -43.268548977777506, -22.870485713889575 ], [ -43.268364173497929, -22.869450499908616 ], [ -43.268134289048554, -22.868858020574159 ], [ -43.269974530259589, -22.867117148292429 ], [ -43.271438780075563, -22.867114735206314 ], [ -43.272024619119385, -22.867203009192959 ], [ -43.272940519304271, -22.865966535523288 ], [ -43.275797993920534, -22.862615704597964 ], [ -43.276335901732963, -22.862956481653892 ], [ -43.276456270120782, -22.862777442111497 ], [ -43.276552877397492, -22.862836466035748 ], [ -43.27642524989021, -22.863034752768186 ], [ -43.276935295113873, -22.86337522876736 ], [ -43.275659463718185, -22.864781759117783 ], [ -43.27563471785912, -22.865638236693929 ], [ -43.276137038628185, -22.866043020886021 ], [ -43.274325207829129, -22.868049329287871 ], [ -43.274449098755525, -22.868147302085355 ], [ -43.274505390128091, -22.868096347365068 ], [ -43.275627909235901, -22.869118699308409 ], [ -43.276054965378066, -22.868963213142145 ], [ -43.27588041455757, -22.868585822746667 ], [ -43.2759804654685, -22.86854997250698 ], [ -43.276012760228497, -22.86862419387186 ], [ -43.277649656108387, -22.867884789844183 ], [ -43.280277527268638, -22.867316110857839 ], [ -43.279804430988847, -22.86584277595589 ], [ -43.280551029262298, -22.866429537974565 ], [ -43.281366652243662, -22.86549644510848 ], [ -43.281791137830112, -22.865544107466075 ], [ -43.284250506108684, -22.865429050549597 ], [ -43.285817158697562, -22.865248979194408 ], [ -43.285623625139856, -22.863206209154704 ], [ -43.285126127922958, -22.863145399051191 ], [ -43.285187652007039, -22.863010691172974 ], [ -43.285605618945326, -22.863049061388875 ], [ -43.285395614267173, -22.861255363315003 ], [ -43.28494596546922, -22.860705781147587 ], [ -43.284290618032045, -22.860372703831619 ], [ -43.285880032984885, -22.857588579304927 ] ] ] } },
{ "type": "Feature", "properties": { "objectid": 375, "nome": "Engenho da Rainha", "regiao_adm": "INHAUMA                 ", "area_plane": "3", "codbairro": "055", "codra": 12, "codbnum": 55, "link": "Engenho da Rainha         &area=55                ", "rp": "Inhaúma", "cod_rp": "3.4", "codbairro_long": 55, "st_area(shape)": 2225650.9068879327, "st_perimeter(shape)": 9188.8224415684144 }, "geometry": { "type": "Polygon", "coordinates": [ [ [ -43.284312070386534, -22.857057557693203 ], [ -43.28437638053699, -22.856879261393594 ], [ -43.292128106823462, -22.852572868015169 ], [ -43.292499358999876, -22.853275383739462 ], [ -43.293575765933603, -22.854933879691465 ], [ -43.29403866562614, -22.855383609735242 ], [ -43.295081745899587, -22.855881008240342 ], [ -43.29547904073543, -22.856247309366768 ], [ -43.296922841755425, -22.857213080620816 ], [ -43.29733015905552, -22.858339881250068 ], [ -43.298097529594841, -22.859061614366784 ], [ -43.29995067835852, -22.860464768597982 ], [ -43.304298564013926, -22.864640517112072 ], [ -43.304875218589103, -22.864889230945717 ], [ -43.305158973357067, -22.865763188803882 ], [ -43.305830569565906, -22.86571191362744 ], [ -43.306318080196526, -22.865786281235248 ], [ -43.305583054457593, -22.86662996972278 ], [ -43.30492483588511, -22.866215396721444 ], [ -43.303769581208648, -22.866305491177375 ], [ -43.298504722646676, -22.867703404271325 ], [ -43.298589481414766, -22.868104555933574 ], [ -43.29849065625806, -22.869505530975751 ], [ -43.29783704890194, -22.870363690098827 ], [ -43.298277395631473, -22.870571505763547 ], [ -43.298142858971694, -22.870645653041954 ], [ -43.298066405759862, -22.870813801081116 ], [ -43.298908714221767, -22.8707356680654 ], [ -43.299121209444536, -22.870904556242966 ], [ -43.297244009191807, -22.872100737974289 ], [ -43.296051120371949, -22.871258482821617 ], [ -43.294568910613791, -22.872873828189238 ], [ -43.293994280014559, -22.873312523691375 ], [ -43.293791664007969, -22.873140930768095 ], [ -43.293017450703999, -22.873095144694794 ], [ -43.291264532069505, -22.872717346518932 ], [ -43.290938716595477, -22.872874593083299 ], [ -43.290569928274131, -22.872774180778247 ], [ -43.289975139422893, -22.87225348234681 ], [ -43.289472479653071, -22.872687333904626 ], [ -43.288491080855245, -22.871980412154464 ], [ -43.289476876261837, -22.870951486732448 ], [ -43.29150769558337, -22.869912469105355 ], [ -43.294991120846426, -22.868765820440878 ], [ -43.294475403634543, -22.867929820274071 ], [ -43.293879072632649, -22.867993141606679 ], [ -43.293216072060972, -22.867846684504936 ], [ -43.292963262987897, -22.867715373196965 ], [ -43.29013994719007, -22.865558026508037 ], [ -43.289560970946418, -22.865621431015658 ], [ -43.289020315335407, -22.86586206623193 ], [ -43.288711385144758, -22.866057058657514 ], [ -43.288271434328649, -22.866566629773285 ], [ -43.287682940712457, -22.866463846292746 ], [ -43.287270528538123, -22.860260227842474 ], [ -43.287434283426833, -22.860008045371437 ], [ -43.288134832281308, -22.859533882312085 ], [ -43.28827511533752, -22.859272686433993 ], [ -43.288005759584678, -22.858324624900625 ], [ -43.288505814180141, -22.857596615369083 ], [ -43.288883636753759, -22.857267894821288 ], [ -43.288468844039699, -22.857039379132988 ], [ -43.28701248094179, -22.856894659131832 ], [ -43.286694842481133, -22.857101745595131 ], [ -43.286338256339427, -22.857484966151592 ], [ -43.285747320554258, -22.857611171376913 ], [ -43.284312070386534, -22.857057557693203 ] ] ] } },
{ "type": "Feature", "properties": { "objectid": 432, "nome": "Lins de Vasconcelos", "regiao_adm": "MEIER                   ", "area_plane": "3", "codbairro": "062", "codra": 13, "codbnum": 62, "link": "Lins de Vasconcelos       &area=62                ", "rp": "Méier", "cod_rp": "3.2", "codbairro_long": 62, "st_area(shape)": 2669204.7082879068, "st_perimeter(shape)": 9532.6492856329769 }, "geometry": { "type": "Polygon", "coordinates": [ [ [ -43.270513872088323, -22.905820367977743 ], [ -43.2714636672547, -22.903994227010326 ], [ -43.272407712872251, -22.904389474709848 ], [ -43.272730380880091, -22.904627148796425 ], [ -43.27280068435882, -22.904518375616664 ], [ -43.273445939961334, -22.904806961885665 ], [ -43.273536181899665, -22.904908995943842 ], [ -43.273698441715794, -22.905520601875359 ], [ -43.275387058689432, -22.906108508702378 ], [ -43.276954225592057, -22.907329129024685 ], [ -43.278936631674043, -22.908130148214816 ], [ -43.280949221728704, -22.906879605290516 ], [ -43.281355731642662, -22.907837285747 ], [ -43.283089589425593, -22.90898695347941 ], [ -43.284009501363613, -22.907603363119186 ], [ -43.285194196156709, -22.908734973862725 ], [ -43.28795040046279, -22.910420759520253 ], [ -43.288797096263018, -22.91069647276052 ], [ -43.288998756567558, -22.910613845939864 ], [ -43.289142850079685, -22.910247847710846 ], [ -43.289252887409567, -22.910164145058896 ], [ -43.289748848704804, -22.909902898342207 ], [ -43.290395676423955, -22.909776567459492 ], [ -43.291388667335767, -22.90986807759964 ], [ -43.292044911691505, -22.910032631732154 ], [ -43.292647104856172, -22.909998738792922 ], [ -43.293077139398619, -22.910120489540283 ], [ -43.294930639222883, -22.911481373862816 ], [ -43.294670868736915, -22.912375247930299 ], [ -43.294191429841291, -22.913060952405406 ], [ -43.294306385953469, -22.913417636027969 ], [ -43.29409180083708, -22.913504827575455 ], [ -43.294331920931796, -22.914220654307154 ], [ -43.294856053949417, -22.914567645678801 ], [ -43.294634758386351, -22.91479356644858 ], [ -43.294637353441665, -22.915193747171003 ], [ -43.294744206339402, -22.915185502649681 ], [ -43.294881411217972, -22.91497980990157 ], [ -43.295598528329023, -22.914737988811773 ], [ -43.295821753998865, -22.914770997770223 ], [ -43.295954542091344, -22.914918359480311 ], [ -43.295955780351228, -22.915021956272707 ], [ -43.295117005900956, -22.916463021835867 ], [ -43.295154297205677, -22.916934193610814 ], [ -43.295313261085006, -22.917023047724705 ], [ -43.29761850208245, -22.921149365545347 ], [ -43.296323269290163, -22.921402783123796 ], [ -43.295046992550553, -22.921450312148576 ], [ -43.294762413133199, -22.921442559935542 ], [ -43.294307647385331, -22.921260672639985 ], [ -43.292798650343997, -22.921254386954232 ], [ -43.291955269918034, -22.921874667985659 ], [ -43.291551864409023, -22.92195883040721 ], [ -43.291157796414154, -22.921935805541544 ], [ -43.288769678951496, -22.921101201067966 ], [ -43.288124232387943, -22.920391563622331 ], [ -43.286052345622466, -22.919314965255239 ], [ -43.285748503866387, -22.919226887750046 ], [ -43.285357731460415, -22.918780163943016 ], [ -43.284821565141264, -22.918576599908477 ], [ -43.284394226603283, -22.918556631949066 ], [ -43.283498116939285, -22.91874119663828 ], [ -43.283120035024062, -22.918897224105983 ], [ -43.282924561619822, -22.919083401243249 ], [ -43.282417700782176, -22.920584511258145 ], [ -43.280418436702142, -22.920848511458942 ], [ -43.279871024624114, -22.921018319714896 ], [ -43.279776045309347, -22.921290289076257 ], [ -43.278790369785568, -22.921270214553314 ], [ -43.278156103715475, -22.920783175276114 ], [ -43.277034524250872, -22.920416553214721 ], [ -43.277183894571081, -22.914825469832167 ], [ -43.277350520770163, -22.914083328180542 ], [ -43.275136813929571, -22.913273721476088 ], [ -43.275789714236247, -22.909602700983708 ], [ -43.276053469074583, -22.909173716805384 ], [ -43.273429546940768, -22.907948650562542 ], [ -43.27221807046859, -22.907831444055372 ], [ -43.272108225357911, -22.907637806514575 ], [ -43.272587717419832, -22.907023877975824 ], [ -43.272176692816572, -22.906665674442749 ], [ -43.27209149537444, -22.906742771796431 ], [ -43.272435529731773, -22.907063853382859 ], [ -43.27203108442113, -22.907517309173041 ], [ -43.270513872088323, -22.905820367977743 ] ] ] } },
{ "type": "Feature", "properties": { "objectid": 419, "nome": "Méier", "regiao_adm": "MEIER                   ", "area_plane": "3", "codbairro": "063", "codra": 13, "codbnum": 63, "link": "Méier                     &area=63                ", "rp": "Méier", "cod_rp": "3.2", "codbairro_long": 63, "st_area(shape)": 2470939.7689590771, "st_perimeter(shape)": 9836.651234058405 }, "geometry": { "type": "Polygon", "coordinates": [ [ [ -43.275034441807165, -22.895468684017633 ], [ -43.276542118254341, -22.893087300384703 ], [ -43.277117599978055, -22.892677223160778 ], [ -43.276991116558911, -22.892427688219694 ], [ -43.277036209529719, -22.892276099172886 ], [ -43.278221393785067, -22.892164861880314 ], [ -43.279538389739926, -22.894284637211836 ], [ -43.282095638414759, -22.898086965053501 ], [ -43.281315458502398, -22.898589035051053 ], [ -43.280662921337537, -22.899187484310385 ], [ -43.28100496748808, -22.899612288064549 ], [ -43.281538453526096, -22.899109630938373 ], [ -43.281645382428849, -22.899194862405675 ], [ -43.2811032251469, -22.899697426983021 ], [ -43.281427541627693, -22.900021165106583 ], [ -43.282109517379759, -22.899732331146993 ], [ -43.282480940376765, -22.89940410758291 ], [ -43.282762384095143, -22.899006817202981 ], [ -43.282899927873018, -22.899068357939605 ], [ -43.283187632935842, -22.899551811541151 ], [ -43.283723995921306, -22.89984983929185 ], [ -43.283760311354882, -22.899706102232859 ], [ -43.283309340846195, -22.899493071425102 ], [ -43.282957578101048, -22.898948872444503 ], [ -43.282824521227305, -22.898879433224561 ], [ -43.283032623095814, -22.898477376084909 ], [ -43.283712968796124, -22.897976385439527 ], [ -43.284863411393232, -22.900290380866132 ], [ -43.285806599748753, -22.899840262945048 ], [ -43.287070375724433, -22.902075454112389 ], [ -43.291502004245409, -22.899773550405818 ], [ -43.291768000643323, -22.9002727409848 ], [ -43.291765794999009, -22.900448820363298 ], [ -43.292193319127207, -22.900465424542432 ], [ -43.292502854940423, -22.90162161713927 ], [ -43.29238444621754, -22.903837936265262 ], [ -43.293023424827602, -22.903876773063441 ], [ -43.293078609490145, -22.90395349517517 ], [ -43.293024340081892, -22.905181726982708 ], [ -43.293435745101682, -22.90648711682077 ], [ -43.293205068234677, -22.906964985330188 ], [ -43.293079225211386, -22.907704154664987 ], [ -43.293793688140262, -22.908956719214363 ], [ -43.293742394567566, -22.909604666546343 ], [ -43.293627302246556, -22.909827573971899 ], [ -43.293236887049147, -22.910247463476466 ], [ -43.293077139398619, -22.910120489540283 ], [ -43.292647104856172, -22.909998738792922 ], [ -43.292044911691505, -22.910032631732154 ], [ -43.290618207651455, -22.90976288785194 ], [ -43.290054989021904, -22.90982952181378 ], [ -43.289748848704804, -22.909902898342207 ], [ -43.289252887409567, -22.910164145058896 ], [ -43.289142850079685, -22.910247847710846 ], [ -43.288998756567558, -22.910613845939864 ], [ -43.288797096263018, -22.91069647276052 ], [ -43.28795040046279, -22.910420759520253 ], [ -43.285194196156709, -22.908734973862725 ], [ -43.284009501363613, -22.907603363119186 ], [ -43.283089589425593, -22.90898695347941 ], [ -43.281355731642662, -22.907837285747 ], [ -43.280949221728704, -22.906879605290516 ], [ -43.278936631674043, -22.908130148214816 ], [ -43.276954225592057, -22.907329129024685 ], [ -43.275387058689432, -22.906108508702378 ], [ -43.273698441715794, -22.905520601875359 ], [ -43.273536181899665, -22.904908995943842 ], [ -43.27280068435882, -22.904518375616664 ], [ -43.272860411852555, -22.904381391177331 ], [ -43.273641149664329, -22.904548546553638 ], [ -43.274365746277574, -22.904530410926583 ], [ -43.275047220943321, -22.904376525023803 ], [ -43.27567403483792, -22.904097236939283 ], [ -43.275391761030519, -22.903771596750218 ], [ -43.275090447480274, -22.90406489397137 ], [ -43.274785586471374, -22.904191625336313 ], [ -43.274250577461821, -22.904310708587214 ], [ -43.273812797529871, -22.904295477546469 ], [ -43.272073937606194, -22.903251680447518 ], [ -43.271264248171121, -22.903331371343835 ], [ -43.27097928244018, -22.903218999939725 ], [ -43.27220821638398, -22.90196292649906 ], [ -43.2717210133995, -22.900963981187427 ], [ -43.272940366700333, -22.899130373516648 ], [ -43.270814682020131, -22.898488111617624 ], [ -43.272438088695864, -22.896813418221065 ], [ -43.273350401096486, -22.895738564680268 ], [ -43.274558281504184, -22.895199277403471 ], [ -43.274921919422098, -22.895479473350079 ], [ -43.275034441807165, -22.895468684017633 ] ] ] } },
{ "type": "Feature", "properties": { "objectid": 415, "nome": "Todos os Santos", "regiao_adm": "MEIER                   ", "area_plane": "3", "codbairro": "064", "codra": 13, "codbnum": 64, "link": "Todos os Santos           &area=64                ", "rp": "Méier", "cod_rp": "3.2", "codbairro_long": 64, "st_area(shape)": 1012638.6714243504, "st_perimeter(shape)": 6163.3881301155216 }, "geometry": { "type": "Polygon", "coordinates": [ [ [ -43.284348053756979, -22.88759545828918 ], [ -43.28566207640381, -22.887520591973423 ], [ -43.28708492645189, -22.887068589781109 ], [ -43.287267904861146, -22.887167008904239 ], [ -43.287937718779034, -22.888019954796601 ], [ -43.28807459882637, -22.888600030598628 ], [ -43.2880692006147, -22.889030288231041 ], [ -43.287733709204034, -22.889605273946081 ], [ -43.287699013250176, -22.891088653370481 ], [ -43.287827712227987, -22.891683450649627 ], [ -43.287453510810764, -22.894068231872794 ], [ -43.286673800120511, -22.896856558997271 ], [ -43.289148312408216, -22.896193360963931 ], [ -43.291369196726293, -22.899800389392333 ], [ -43.291375711960242, -22.899856179133376 ], [ -43.290805829759869, -22.900162333565753 ], [ -43.287070375724433, -22.902075454112389 ], [ -43.285806599748753, -22.899840262945048 ], [ -43.284863411393232, -22.900290380866132 ], [ -43.283712968796124, -22.897976385439527 ], [ -43.283032623095814, -22.898477376084909 ], [ -43.282824521227305, -22.898879433224561 ], [ -43.282957578101048, -22.898948872444503 ], [ -43.283309340846195, -22.899493071425102 ], [ -43.283760311354882, -22.899706102232859 ], [ -43.283723995921306, -22.89984983929185 ], [ -43.283187632935842, -22.899551811541151 ], [ -43.282818570728836, -22.899011397057496 ], [ -43.282109517379759, -22.899732331146993 ], [ -43.281427541627693, -22.900021165106583 ], [ -43.2811032251469, -22.899697426983021 ], [ -43.281645382428849, -22.899194862405675 ], [ -43.281538453526096, -22.899109630938373 ], [ -43.28100496748808, -22.899612288064549 ], [ -43.280838423849723, -22.899454345200141 ], [ -43.280662921337537, -22.899187484310385 ], [ -43.281315458502398, -22.898589035051053 ], [ -43.282095638414759, -22.898086965053501 ], [ -43.279538389739926, -22.894284637211836 ], [ -43.278221393785067, -22.892164861880314 ], [ -43.282572761275041, -22.891871574804927 ], [ -43.282550839886405, -22.891708152785107 ], [ -43.282721661433371, -22.891494886876156 ], [ -43.284348053756979, -22.88759545828918 ] ] ] } },
{ "type": "Feature", "properties": { "objectid": 408, "nome": "Cachambi", "regiao_adm": "MEIER                   ", "area_plane": "3", "codbairro": "065", "codra": 13, "codbnum": 65, "link": "Cachambi                  &area=65                ", "rp": "Méier", "cod_rp": "3.2", "codbairro_long": 65, "st_area(shape)": 2250165.8127356535, "st_perimeter(shape)": 8081.7561004487543 }, "geometry": { "type": "Polygon", "coordinates": [ [ [ -43.277819052746636, -22.884765334597848 ], [ -43.280445799599086, -22.882950417445866 ], [ -43.281859269890411, -22.882079601283088 ], [ -43.285866230838188, -22.883007508356606 ], [ -43.285836024263567, -22.884877090379039 ], [ -43.286156220697286, -22.885263356785721 ], [ -43.285084109349327, -22.887046383818081 ], [ -43.2848445736727, -22.887586008169286 ], [ -43.284348053756979, -22.88759545828918 ], [ -43.282721661433371, -22.891494886876156 ], [ -43.282550839886405, -22.891708152785107 ], [ -43.282572761275041, -22.891871574804927 ], [ -43.277036209529719, -22.892276099172886 ], [ -43.276991116558911, -22.892427688219694 ], [ -43.277117599978055, -22.892677223160778 ], [ -43.276542118254341, -22.893087300384703 ], [ -43.275034441807165, -22.895468684017633 ], [ -43.274921919422098, -22.895479473350079 ], [ -43.274626926215888, -22.895236053387784 ], [ -43.274471633979815, -22.895214411185634 ], [ -43.273284982479069, -22.895785900699405 ], [ -43.272438088695864, -22.896813418221065 ], [ -43.270769158249102, -22.898534483579365 ], [ -43.270241264670993, -22.899423588711503 ], [ -43.267977150589431, -22.897739268851478 ], [ -43.267188712668059, -22.897038738592059 ], [ -43.264970910028325, -22.893045106997345 ], [ -43.263253774815446, -22.892516480770276 ], [ -43.263286056816277, -22.89167273719849 ], [ -43.263369092481796, -22.891535564916875 ], [ -43.26389487384035, -22.89119615574123 ], [ -43.263538082323052, -22.890495812564176 ], [ -43.265115364601975, -22.890017254182091 ], [ -43.264547475383083, -22.888342005263311 ], [ -43.264573888675343, -22.887859152185744 ], [ -43.263291241379115, -22.887543879953181 ], [ -43.264154674974677, -22.886166560951526 ], [ -43.264733720869486, -22.886380951584314 ], [ -43.265126403559186, -22.886695891062708 ], [ -43.265754575828112, -22.885936402270943 ], [ -43.265914724052067, -22.885912412003666 ], [ -43.268185669620394, -22.887141411516076 ], [ -43.268295312900065, -22.887264880543995 ], [ -43.268341725148566, -22.887993080010638 ], [ -43.268784935815965, -22.888113862788678 ], [ -43.268915457284372, -22.887690209358233 ], [ -43.269365707069511, -22.88726371574905 ], [ -43.268728897546247, -22.885962411797049 ], [ -43.27018300693608, -22.8863839007564 ], [ -43.270941402407495, -22.886321351480671 ], [ -43.271578094642123, -22.885987006075993 ], [ -43.272467946673238, -22.884786924845027 ], [ -43.275023866889121, -22.886560498519515 ], [ -43.276764814157126, -22.883881903601402 ], [ -43.277819052746636, -22.884765334597848 ] ] ] } },
{ "type": "Feature", "properties": { "objectid": 395, "nome": "Pilares", "regiao_adm": "MEIER                   ", "area_plane": "3", "codbairro": "071", "codra": 13, "codbnum": 71, "link": "Pilares                   &area=71                ", "rp": "Méier", "cod_rp": "3.2", "codbairro_long": 71, "st_area(shape)": 1836424.9576727189, "st_perimeter(shape)": 6828.7386243806513 }, "geometry": { "type": "Polygon", "coordinates": [ [ [ -43.294568910613791, -22.872873828189238 ], [ -43.296051120371949, -22.871258482821617 ], [ -43.297244009191807, -22.872100737974289 ], [ -43.299121209444536, -22.870904556242966 ], [ -43.301074638614828, -22.872939760386526 ], [ -43.301457636645033, -22.872917117616669 ], [ -43.301853740066974, -22.873008315294655 ], [ -43.302405922649385, -22.873377790859994 ], [ -43.302975817573234, -22.872792806090963 ], [ -43.303812122374516, -22.873630486471178 ], [ -43.303846752476034, -22.874130078994881 ], [ -43.303540896594512, -22.875426805734122 ], [ -43.303661306008053, -22.876019335406287 ], [ -43.303512500336261, -22.876708244231779 ], [ -43.303460582445517, -22.877513781778671 ], [ -43.303662860664552, -22.878051286015921 ], [ -43.303389918638928, -22.878706269721164 ], [ -43.302982275351425, -22.878906918623795 ], [ -43.302583917450818, -22.87930137620619 ], [ -43.301836502364907, -22.880615867770008 ], [ -43.300526725950135, -22.88002633935179 ], [ -43.299376141522835, -22.882884747698313 ], [ -43.298523884606965, -22.882511596780436 ], [ -43.297453884362731, -22.88429609515541 ], [ -43.298149426650994, -22.884934614644198 ], [ -43.298162392341467, -22.885090715013984 ], [ -43.297947939169518, -22.885483697065467 ], [ -43.29695854299797, -22.885008465980341 ], [ -43.296249386622044, -22.886061803972527 ], [ -43.295951492173423, -22.885947712944827 ], [ -43.295098103032807, -22.88716241380051 ], [ -43.295908602080324, -22.88758715254227 ], [ -43.295050078945231, -22.888611160589612 ], [ -43.295406269479777, -22.888857634903228 ], [ -43.294291138950875, -22.890353902079337 ], [ -43.294199063377611, -22.88976645535476 ], [ -43.293913462238592, -22.888918021271095 ], [ -43.293145484189353, -22.887789959126273 ], [ -43.292805281523819, -22.887442593056477 ], [ -43.293118152763675, -22.887130870757179 ], [ -43.292697324690067, -22.886676257282357 ], [ -43.29153226869002, -22.885082723057479 ], [ -43.290655103821223, -22.884162089216257 ], [ -43.28869664759376, -22.882917621023868 ], [ -43.28661895392738, -22.881228978447691 ], [ -43.288770385557143, -22.879344851146762 ], [ -43.289182383094058, -22.879226015034025 ], [ -43.289271193098791, -22.879060894106402 ], [ -43.288916404669472, -22.878767730954817 ], [ -43.289682084789312, -22.876268575155137 ], [ -43.290391991235161, -22.876828081882369 ], [ -43.290618490146002, -22.876750141360997 ], [ -43.293448256946448, -22.873785565415893 ], [ -43.294568910613791, -22.872873828189238 ] ] ] } },
{ "type": "Feature", "properties": { "objectid": 362, "nome": "Honório Gurgel", "regiao_adm": "MADUREIRA               ", "area_plane": "3", "codbairro": "087", "codra": 15, "codbnum": 87, "link": "Honório Gurgel            &area=87                ", "rp": "Madureira", "cod_rp": "3.3", "codbairro_long": 87, "st_area(shape)": 1374850.6999031173, "st_perimeter(shape)": 6884.5935251045194 }, "geometry": { "type": "Polygon", "coordinates": [ [ [ -43.352365479308247, -22.838844008439288 ], [ -43.354710860976809, -22.83933642860514 ], [ -43.355266655788135, -22.839561263426585 ], [ -43.355464253881429, -22.839204864586819 ], [ -43.357101123751292, -22.837967261907544 ], [ -43.359734014810499, -22.83607296180039 ], [ -43.360200259289527, -22.835867520623871 ], [ -43.36032534370711, -22.836714657767399 ], [ -43.360148398918561, -22.837495375181774 ], [ -43.359612902744743, -22.838811100254699 ], [ -43.3593659031188, -22.83967246402057 ], [ -43.35851766461407, -22.841691007203405 ], [ -43.358329368886984, -22.842392854725531 ], [ -43.358010077967506, -22.842984345526162 ], [ -43.357976719082089, -22.843457858872711 ], [ -43.357992895584957, -22.843879775071052 ], [ -43.358106886249217, -22.84426232970721 ], [ -43.358700753293242, -22.844995000963493 ], [ -43.35933256890511, -22.845554032763502 ], [ -43.36040039800173, -22.846782418607425 ], [ -43.357643593701901, -22.849143426275973 ], [ -43.357952567789184, -22.849355682088351 ], [ -43.358103478769458, -22.849317411292088 ], [ -43.359111142969304, -22.849487111086091 ], [ -43.360304332014337, -22.850315812806127 ], [ -43.360537359374739, -22.850597000880033 ], [ -43.362945401619918, -22.85493266161911 ], [ -43.362845526324691, -22.855200488474495 ], [ -43.355997820396013, -22.856376261267272 ], [ -43.354832136503731, -22.854742064706073 ], [ -43.354009558344465, -22.854186549440126 ], [ -43.353590991661392, -22.854068158979377 ], [ -43.352686641937346, -22.853991609475642 ], [ -43.352391475802477, -22.853757269258459 ], [ -43.353206180330098, -22.852959595927221 ], [ -43.35603322324905, -22.850499695101679 ], [ -43.352786570556319, -22.849256966479107 ], [ -43.352953125072794, -22.848599607251145 ], [ -43.351778195484322, -22.844175706927839 ], [ -43.352365479308247, -22.838844008439288 ] ] ] } },
{ "type": "Feature", "properties": { "objectid": 398, "nome": "Cascadura", "regiao_adm": "MADUREIRA               ", "area_plane": "3", "codbairro": "082", "codra": 15, "codbnum": 82, "link": "Cascadura                 &area=82                ", "rp": "Madureira", "cod_rp": "3.3", "codbairro_long": 82, "st_area(shape)": 2838978.3268266572, "st_perimeter(shape)": 9056.416039709813 }, "geometry": { "type": "Polygon", "coordinates": [ [ [ -43.314887347385763, -22.878703548298695 ], [ -43.317529737233436, -22.875951740186107 ], [ -43.318467349422164, -22.876549566555013 ], [ -43.318762503021567, -22.876696549026153 ], [ -43.319065941660313, -22.876724775200074 ], [ -43.319004516255859, -22.876861301844951 ], [ -43.320231049715417, -22.876862433132146 ], [ -43.322223063920831, -22.878511282150086 ], [ -43.323051210220946, -22.877661720351274 ], [ -43.323664324360678, -22.878195048109607 ], [ -43.324272410928828, -22.877573991064697 ], [ -43.329282487761645, -22.877784660392432 ], [ -43.329220192678633, -22.87890094872261 ], [ -43.330920514890643, -22.878981842354264 ], [ -43.330881532420065, -22.88057583883937 ], [ -43.332154323523227, -22.879841527052132 ], [ -43.335070573750862, -22.879854118272053 ], [ -43.33510374428338, -22.880322900454878 ], [ -43.334957956892694, -22.88032137376905 ], [ -43.335099176364643, -22.882295565895355 ], [ -43.337441644259762, -22.882329019298595 ], [ -43.342082988990853, -22.882791919543202 ], [ -43.341535506773312, -22.883723708311681 ], [ -43.340948534818928, -22.884279127256296 ], [ -43.340142820952664, -22.884796316890785 ], [ -43.339913834220312, -22.885071717635554 ], [ -43.339782113150719, -22.885956365918421 ], [ -43.339765387048338, -22.889854840303567 ], [ -43.339404821558993, -22.890352832644794 ], [ -43.33938223102637, -22.890615396031915 ], [ -43.340061076181193, -22.892053075440156 ], [ -43.339990488375904, -22.892551116111218 ], [ -43.3388904581779, -22.893411737619598 ], [ -43.338336326039069, -22.894179532549067 ], [ -43.3386487401959, -22.894995130240286 ], [ -43.338642993883788, -22.895466935616373 ], [ -43.338056069419949, -22.89622120005604 ], [ -43.334523702731481, -22.895051834300542 ], [ -43.330445787806759, -22.892286051349458 ], [ -43.330172975119794, -22.892643245311831 ], [ -43.329185028177498, -22.891971712609784 ], [ -43.330263273121219, -22.890457908958815 ], [ -43.328367272499605, -22.888945623605835 ], [ -43.326664107635779, -22.890151748803227 ], [ -43.324271138131301, -22.887109052024861 ], [ -43.324444890945507, -22.886770509516218 ], [ -43.323428348637428, -22.886131422791703 ], [ -43.32130738095875, -22.884544622713488 ], [ -43.320940679665107, -22.883342895550776 ], [ -43.320550056969786, -22.883515503227869 ], [ -43.320439266067304, -22.88333109583375 ], [ -43.314887347385763, -22.878703548298695 ] ] ] } },
{ "type": "Feature", "properties": { "objectid": 411, "nome": "Engenho de Dentro", "regiao_adm": "MEIER                   ", "area_plane": "3", "codbairro": "066", "codra": 13, "codbnum": 66, "link": "Engenho de Dentro         &area=66                ", "rp": "Méier", "cod_rp": "3.2", "codbairro_long": 66, "st_area(shape)": 3920451.0044851522, "st_perimeter(shape)": 11905.988146563552 }, "geometry": { "type": "Polygon", "coordinates": [ [ [ -43.287571387975646, -22.883200176491098 ], [ -43.28869664759376, -22.882917621023868 ], [ -43.2901151030851, -22.883761004837691 ], [ -43.291170054163906, -22.884672626315368 ], [ -43.293118152763675, -22.887130870757179 ], [ -43.292805281523819, -22.887442593056477 ], [ -43.293145484189353, -22.887789959126273 ], [ -43.293913462238592, -22.888918021271095 ], [ -43.294378817208184, -22.89052118964775 ], [ -43.294645286302163, -22.890163541013816 ], [ -43.296316074269591, -22.891040828106902 ], [ -43.29831379978711, -22.892254293209902 ], [ -43.298408074189062, -22.892424629605092 ], [ -43.301003179690035, -22.892430448178175 ], [ -43.301025444889845, -22.895440197149426 ], [ -43.300404724486796, -22.895534796320064 ], [ -43.300615370041399, -22.895972513165912 ], [ -43.303387088890844, -22.904642611788201 ], [ -43.302998701551367, -22.906704257429013 ], [ -43.303102364851583, -22.908886116605064 ], [ -43.302940109284876, -22.909257626644614 ], [ -43.303084350940658, -22.909855559786482 ], [ -43.302957397691536, -22.910022176615943 ], [ -43.302585424802395, -22.910106342097986 ], [ -43.302495629797633, -22.910389038847221 ], [ -43.30248520732124, -22.912987081568673 ], [ -43.302857654125241, -22.913945977028302 ], [ -43.304099339264901, -22.915325508361175 ], [ -43.304874135077, -22.916613802927593 ], [ -43.305443688112327, -22.917254745884641 ], [ -43.306013083971536, -22.918253936022975 ], [ -43.30428389613251, -22.919170797196376 ], [ -43.303603423504313, -22.919381169061257 ], [ -43.300974980802337, -22.921022404356602 ], [ -43.29761850208245, -22.921149365545347 ], [ -43.295313261085006, -22.917023047724705 ], [ -43.295154297205677, -22.916934193610814 ], [ -43.295117005900956, -22.916463021835867 ], [ -43.295955780351228, -22.915021956272707 ], [ -43.295954542091344, -22.914918359480311 ], [ -43.295821753998865, -22.914770997770223 ], [ -43.295598528329023, -22.914737988811773 ], [ -43.294881411217972, -22.91497980990157 ], [ -43.294744206339402, -22.915185502649681 ], [ -43.294637353441665, -22.915193747171003 ], [ -43.294634758386351, -22.91479356644858 ], [ -43.294856053949417, -22.914567645678801 ], [ -43.294331920931796, -22.914220654307154 ], [ -43.29409180083708, -22.913504827575455 ], [ -43.294306385953469, -22.913417636027969 ], [ -43.294191429841291, -22.913060952405406 ], [ -43.294670868736915, -22.912375247930299 ], [ -43.294930639222883, -22.911481373862816 ], [ -43.293236887049147, -22.910247463476466 ], [ -43.293715165364546, -22.909708408152127 ], [ -43.293793688140262, -22.908956719214363 ], [ -43.293091337086352, -22.907772375689841 ], [ -43.293205068234677, -22.906964985330188 ], [ -43.293435745101682, -22.90648711682077 ], [ -43.293024340081892, -22.905181726982708 ], [ -43.293078609490145, -22.90395349517517 ], [ -43.293023424827602, -22.903876773063441 ], [ -43.29238444621754, -22.903837936265262 ], [ -43.292502854940423, -22.90162161713927 ], [ -43.292193319127207, -22.900465424542432 ], [ -43.291765794999009, -22.900448820363298 ], [ -43.291675733337051, -22.900051579440959 ], [ -43.291502004245409, -22.899773550405818 ], [ -43.291375711960242, -22.899856179133376 ], [ -43.289148312408216, -22.896193360963931 ], [ -43.286673800120511, -22.896856558997271 ], [ -43.287453510810764, -22.894068231872794 ], [ -43.287827712227987, -22.891683450649627 ], [ -43.287699013250176, -22.891088653370481 ], [ -43.287733709204034, -22.889605273946081 ], [ -43.2880692006147, -22.889030288231041 ], [ -43.28807459882637, -22.888600030598628 ], [ -43.287937718779034, -22.888019954796601 ], [ -43.287267904861146, -22.887167008904239 ], [ -43.28708492645189, -22.887068589781109 ], [ -43.28566207640381, -22.887520591973423 ], [ -43.2848445736727, -22.887586008169286 ], [ -43.285084109349327, -22.887046383818081 ], [ -43.286156220697286, -22.885263356785721 ], [ -43.285836024263567, -22.884877090379039 ], [ -43.285866230838188, -22.883007508356606 ], [ -43.28684848784556, -22.883208463588407 ], [ -43.287571387975646, -22.883200176491098 ] ] ] } },
{ "type": "Feature", "properties": { "objectid": 431, "nome": "Água Santa", "regiao_adm": "MEIER                   ", "area_plane": "3", "codbairro": "067", "codra": 13, "codbnum": 67, "link": "Água Santa                &area=67                ", "rp": "Méier", "cod_rp": "3.2", "codbairro_long": 67, "st_area(shape)": 2426238.3416775912, "st_perimeter(shape)": 6751.4694072694629 }, "geometry": { "type": "Polygon", "coordinates": [ [ [ -43.303387088890844, -22.904642611788201 ], [ -43.304099907794189, -22.904631348725999 ], [ -43.310033733615725, -22.902964189161995 ], [ -43.310913599899258, -22.905567554557628 ], [ -43.311989291653354, -22.905371824679495 ], [ -43.315213746870313, -22.904411669375786 ], [ -43.316099988716935, -22.906886208786283 ], [ -43.316252080529125, -22.907847618770074 ], [ -43.317888361407029, -22.908201082144405 ], [ -43.319413204944048, -22.908706332198072 ], [ -43.320977601932476, -22.9094839975083 ], [ -43.321635980352966, -22.909613232327342 ], [ -43.32241654956988, -22.910000501667586 ], [ -43.322919255279757, -22.910446065421041 ], [ -43.323125902328229, -22.910732899173063 ], [ -43.322621250413988, -22.913004156285346 ], [ -43.320833292487784, -22.914131546487038 ], [ -43.320679220119551, -22.914530434319975 ], [ -43.320861919716847, -22.916128023060718 ], [ -43.320847209075346, -22.916617700147714 ], [ -43.320573096699192, -22.917097952036549 ], [ -43.318777310419456, -22.917645182273844 ], [ -43.316627178623278, -22.917912472333025 ], [ -43.31592670826894, -22.917368345120785 ], [ -43.315471016967621, -22.917165195193959 ], [ -43.314953181686086, -22.91676848757492 ], [ -43.314088101445876, -22.916631336339179 ], [ -43.313544119972754, -22.916457317191266 ], [ -43.311615731605016, -22.916878703085015 ], [ -43.310755662321405, -22.916510491928616 ], [ -43.308841567956357, -22.916973446974239 ], [ -43.308027103458784, -22.917282833933729 ], [ -43.306013083971536, -22.918253936022975 ], [ -43.305443688112327, -22.917254745884641 ], [ -43.304874135077, -22.916613802927593 ], [ -43.304099339264901, -22.915325508361175 ], [ -43.302857654125241, -22.913945977028302 ], [ -43.30248520732124, -22.912987081568673 ], [ -43.302495629797633, -22.910389038847221 ], [ -43.302585424802395, -22.910106342097986 ], [ -43.302957397691536, -22.910022176615943 ], [ -43.303084350940658, -22.909855559786482 ], [ -43.302940109284876, -22.909257626644614 ], [ -43.303102364851583, -22.908886116605064 ], [ -43.302998701551367, -22.906704257429013 ], [ -43.303387088890844, -22.904642611788201 ] ] ] } },
{ "type": "Feature", "properties": { "objectid": 397, "nome": "Piedade", "regiao_adm": "MEIER                   ", "area_plane": "3", "codbairro": "069", "codra": 13, "codbnum": 69, "link": "Piedade                   &area=69                ", "rp": "Méier", "cod_rp": "3.2", "codbairro_long": 69, "st_area(shape)": 3887110.7471996574, "st_perimeter(shape)": 12326.548024801965 }, "geometry": { "type": "Polygon", "coordinates": [ [ [ -43.308852116620109, -22.875311428780194 ], [ -43.310048087148758, -22.87510315718065 ], [ -43.310179800772623, -22.875367175206666 ], [ -43.310801583903206, -22.877865028810223 ], [ -43.313566462075521, -22.880051033529067 ], [ -43.312046843004183, -22.881625420964074 ], [ -43.311151311918202, -22.884345390398064 ], [ -43.310592145798395, -22.88500709845426 ], [ -43.313468602695231, -22.888609158221602 ], [ -43.313049629524848, -22.888621331505895 ], [ -43.314155984249396, -22.891021000997196 ], [ -43.314593540790007, -22.891627818083677 ], [ -43.314735647540139, -22.892133336354789 ], [ -43.314702291285982, -22.892545330160232 ], [ -43.315536829044468, -22.893620540559407 ], [ -43.315756683013113, -22.893750386936169 ], [ -43.316353098348934, -22.893878532594467 ], [ -43.316736344971588, -22.894314535238333 ], [ -43.317218497932522, -22.895890646777385 ], [ -43.317007319177797, -22.896645198346143 ], [ -43.31707939576917, -22.897131546683234 ], [ -43.317336854816702, -22.897469046073709 ], [ -43.3178716560125, -22.897923453146028 ], [ -43.318280771987808, -22.898539440963859 ], [ -43.318590488178877, -22.898718550789958 ], [ -43.320135088590142, -22.899083839874091 ], [ -43.321387901126407, -22.899246719474469 ], [ -43.321768374540184, -22.899530514959491 ], [ -43.322089137977251, -22.9000879448223 ], [ -43.323595139701581, -22.901454136670829 ], [ -43.323672615286, -22.90161434946571 ], [ -43.323688486108345, -22.902202696776442 ], [ -43.323899146493552, -22.902551070761387 ], [ -43.323852417116562, -22.902791881938874 ], [ -43.324240205811577, -22.903456942194751 ], [ -43.324470001528439, -22.904064974479741 ], [ -43.325280752045899, -22.904517028295178 ], [ -43.326215208628476, -22.904882150248618 ], [ -43.32661466817374, -22.905630143073097 ], [ -43.326713377998274, -22.906348322716038 ], [ -43.326616732509855, -22.906629517818505 ], [ -43.325084092742095, -22.909503329798032 ], [ -43.323860637844945, -22.910171170079121 ], [ -43.323125902328229, -22.910732899173063 ], [ -43.322919255279757, -22.910446065421041 ], [ -43.32241654956988, -22.910000501667586 ], [ -43.321635980352966, -22.909613232327342 ], [ -43.320977601932476, -22.9094839975083 ], [ -43.319413204944048, -22.908706332198072 ], [ -43.317888361407029, -22.908201082144405 ], [ -43.316252080529125, -22.907847618770074 ], [ -43.316099988716935, -22.906886208786283 ], [ -43.315213746870313, -22.904411669375786 ], [ -43.311989291653354, -22.905371824679495 ], [ -43.310913599899258, -22.905567554557628 ], [ -43.30821590469143, -22.897466754030201 ], [ -43.308242337544357, -22.896074303614665 ], [ -43.304526486996167, -22.895967149914227 ], [ -43.30588504598331, -22.895146017357472 ], [ -43.305142368466555, -22.894057656794896 ], [ -43.30659464720457, -22.89302646475964 ], [ -43.306271307315122, -22.89265158144179 ], [ -43.305192630255519, -22.89074939264891 ], [ -43.303318612695058, -22.890032310266545 ], [ -43.303120601570299, -22.890036337294287 ], [ -43.303134755933719, -22.889431153588919 ], [ -43.30119915430577, -22.88840209885376 ], [ -43.30119276203304, -22.888265665664722 ], [ -43.301503584002042, -22.887686681297311 ], [ -43.302487189902145, -22.886052589437462 ], [ -43.302297330505127, -22.885934425851374 ], [ -43.30371282562178, -22.882446123662774 ], [ -43.3031241741309, -22.882325873063987 ], [ -43.302059393103704, -22.882434162565488 ], [ -43.302709207266574, -22.880598544984984 ], [ -43.302781770507934, -22.880445525105291 ], [ -43.303220397054588, -22.880763486217884 ], [ -43.303605825863762, -22.880915614023756 ], [ -43.304640321979889, -22.879776122273281 ], [ -43.302556352668546, -22.879793803257041 ], [ -43.302333262798705, -22.879691721334865 ], [ -43.302583917450818, -22.87930137620619 ], [ -43.302982275351425, -22.878906918623795 ], [ -43.303389918638928, -22.878706269721164 ], [ -43.303585792201297, -22.878323919252033 ], [ -43.303662860664552, -22.878051286015921 ], [ -43.303460582445517, -22.877513781778671 ], [ -43.303512500336261, -22.876708244231779 ], [ -43.303637148744563, -22.876606532564669 ], [ -43.305523887156028, -22.876095727147888 ], [ -43.308852116620109, -22.875311428780194 ] ] ] } },
{ "type": "Feature", "properties": { "objectid": 404, "nome": "Abolição", "regiao_adm": "MEIER                   ", "area_plane": "3", "codbairro": "070", "codra": 13, "codbnum": 70, "link": "Abolição                  &area=70                ", "rp": "Méier", "cod_rp": "3.2", "codbairro_long": 70, "st_area(shape)": 616334.28083319776, "st_perimeter(shape)": 4930.7766312405511 }, "geometry": { "type": "Polygon", "coordinates": [ [ [ -43.294291138950875, -22.890353902079337 ], [ -43.295406269479777, -22.888857634903228 ], [ -43.295050078945231, -22.888611160589612 ], [ -43.295908602080324, -22.88758715254227 ], [ -43.295098103032807, -22.88716241380051 ], [ -43.295951492173423, -22.885947712944827 ], [ -43.296249386622044, -22.886061803972527 ], [ -43.29695854299797, -22.885008465980341 ], [ -43.297947939169518, -22.885483697065467 ], [ -43.298162392341467, -22.885090715013984 ], [ -43.298149426650994, -22.884934614644198 ], [ -43.297453884362731, -22.88429609515541 ], [ -43.298523884606965, -22.882511596780436 ], [ -43.299376141522835, -22.882884747698313 ], [ -43.300526725950135, -22.88002633935179 ], [ -43.301836502364907, -22.880615867770008 ], [ -43.302333262798705, -22.879691721334865 ], [ -43.302556352668546, -22.879793803257041 ], [ -43.304640321979889, -22.879776122273281 ], [ -43.303605825863762, -22.880915614023756 ], [ -43.303220397054588, -22.880763486217884 ], [ -43.302781770507934, -22.880445525105291 ], [ -43.302085225888895, -22.882331848631679 ], [ -43.302059393103704, -22.882434162565488 ], [ -43.3031241741309, -22.882325873063987 ], [ -43.30371282562178, -22.882446123662774 ], [ -43.302297330505127, -22.885934425851374 ], [ -43.302487189902145, -22.886052589437462 ], [ -43.301503584002042, -22.887686681297311 ], [ -43.30119276203304, -22.888265665664722 ], [ -43.30119915430577, -22.88840209885376 ], [ -43.301033777274128, -22.888290336276551 ], [ -43.301024059225398, -22.891160671627549 ], [ -43.298072321127499, -22.889702586590346 ], [ -43.297068771387735, -22.891498988441242 ], [ -43.294645286302163, -22.890163541013816 ], [ -43.294378817208184, -22.89052118964775 ], [ -43.294291138950875, -22.890353902079337 ] ] ] } },
{ "type": "Feature", "properties": { "objectid": 403, "nome": "Campinho", "regiao_adm": "MADUREIRA               ", "area_plane": "3", "codbairro": "078", "codra": 15, "codbnum": 78, "link": "Campinho                  &area=78                ", "rp": "Madureira", "cod_rp": "3.3", "codbairro_long": 78, "st_area(shape)": 984513.12507713435, "st_perimeter(shape)": 4818.4890752165893 }, "geometry": { "type": "Polygon", "coordinates": [ [ [ -43.356486453929598, -22.879400689499555 ], [ -43.356667932577423, -22.879230526116469 ], [ -43.356472257631204, -22.882805856808535 ], [ -43.356536272349665, -22.883301506957153 ], [ -43.344398211715415, -22.889764539738643 ], [ -43.339765387048338, -22.889854840303567 ], [ -43.339782113150719, -22.885956365918421 ], [ -43.339913834220312, -22.885071717635554 ], [ -43.340142820952664, -22.884796316890785 ], [ -43.340948534818928, -22.884279127256296 ], [ -43.341535506773312, -22.883723708311681 ], [ -43.342000480199246, -22.882932571853143 ], [ -43.342895606503234, -22.88307745887337 ], [ -43.34450456790173, -22.883094220807585 ], [ -43.348382682250218, -22.882722023267842 ], [ -43.35157147802645, -22.881487983057461 ], [ -43.35367183050019, -22.880843803994473 ], [ -43.355142951558804, -22.880157680937344 ], [ -43.356486453929598, -22.879400689499555 ] ] ] } },
{ "type": "Feature", "properties": { "objectid": 361, "nome": "Colégio", "regiao_adm": "IRAJA                   ", "area_plane": "3", "codbairro": "077", "codra": 14, "codbnum": 77, "link": "Colégio                   &area=77                ", "rp": "Madureira", "cod_rp": "3.3", "codbairro_long": 77, "st_area(shape)": 2261116.341690599, "st_perimeter(shape)": 7739.2324250194551 }, "geometry": { "type": "Polygon", "coordinates": [ [ [ -43.338290442350306, -22.845379567652252 ], [ -43.334067422232607, -22.848459324486694 ], [ -43.330767124064728, -22.843834953032257 ], [ -43.331135921851271, -22.843452113536113 ], [ -43.331698016174641, -22.843070487898721 ], [ -43.332450120856578, -22.842816019307119 ], [ -43.33245285683239, -22.842655567347354 ], [ -43.325718845112704, -22.836458668450227 ], [ -43.326098249030245, -22.835924955447627 ], [ -43.326911510943035, -22.834371602384703 ], [ -43.328465794904112, -22.833210018082486 ], [ -43.32873289796828, -22.833126305170364 ], [ -43.32903612998841, -22.832876711395659 ], [ -43.330785823559943, -22.832114153766859 ], [ -43.332562941880866, -22.83249762101552 ], [ -43.334268352992467, -22.833097964762906 ], [ -43.334654614943418, -22.833134065381429 ], [ -43.335222228730544, -22.833031176346779 ], [ -43.335197443999512, -22.832794036222889 ], [ -43.335873970261403, -22.832820342268828 ], [ -43.338619196889631, -22.832528857115332 ], [ -43.339568560241716, -22.832263493662694 ], [ -43.341739519244427, -22.832068466756713 ], [ -43.342396756366398, -22.832561086217435 ], [ -43.341908630535038, -22.833019294652136 ], [ -43.341208118227776, -22.833942461427462 ], [ -43.340812791158676, -22.835280165414705 ], [ -43.344609912853521, -22.838557476394804 ], [ -43.344690864872007, -22.838711934976228 ], [ -43.345119190978089, -22.838703563504954 ], [ -43.345943763782593, -22.839051425835734 ], [ -43.346966391182363, -22.839708575508386 ], [ -43.346938699628005, -22.84005688670964 ], [ -43.344983907877811, -22.84018089160686 ], [ -43.344789590615932, -22.840255728753391 ], [ -43.34469132050409, -22.840389085291228 ], [ -43.344508848022215, -22.841200157348926 ], [ -43.343408593023049, -22.840234949709625 ], [ -43.343492892248477, -22.840683945511945 ], [ -43.343371544858606, -22.841009152520538 ], [ -43.342392452459272, -22.842010341399448 ], [ -43.343931250081596, -22.843348038862761 ], [ -43.342378678278948, -22.844858839277766 ], [ -43.343930092796512, -22.846219338788284 ], [ -43.342105545325488, -22.848018371420178 ], [ -43.340356715538285, -22.846995089966931 ], [ -43.338290442350306, -22.845379567652252 ] ] ] } },
{ "type": "Feature", "properties": { "objectid": 401, "nome": "Quintino Bocaiúva", "regiao_adm": "MADUREIRA               ", "area_plane": "3", "codbairro": "079", "codra": 15, "codbnum": 79, "link": "Quintino Bocaiúva         &area=79                ", "rp": "Madureira", "cod_rp": "3.3", "codbairro_long": 79, "st_area(shape)": 4323806.2700418653, "st_perimeter(shape)": 11247.734947723955 }, "geometry": { "type": "Polygon", "coordinates": [ [ [ -43.312046843004183, -22.881625420964074 ], [ -43.314887347385763, -22.878703548298695 ], [ -43.320439266067304, -22.88333109583375 ], [ -43.320550056969786, -22.883515503227869 ], [ -43.320940679665107, -22.883342895550776 ], [ -43.32130738095875, -22.884544622713488 ], [ -43.323428348637428, -22.886131422791703 ], [ -43.324444890945507, -22.886770509516218 ], [ -43.324271138131301, -22.887109052024861 ], [ -43.326664107635779, -22.890151748803227 ], [ -43.328367272499605, -22.888945623605835 ], [ -43.330263273121219, -22.890457908958815 ], [ -43.329185028177498, -22.891971712609784 ], [ -43.330172975119794, -22.892643245311831 ], [ -43.330445787806759, -22.892286051349458 ], [ -43.334523702731481, -22.895051834300542 ], [ -43.338056069419949, -22.89622120005604 ], [ -43.338192976732373, -22.896937157375447 ], [ -43.338886831463377, -22.898200071964077 ], [ -43.339218399446537, -22.898412241026595 ], [ -43.338878829271174, -22.898985136359894 ], [ -43.338863214478266, -22.899458822474628 ], [ -43.338973245935136, -22.899804683016377 ], [ -43.338465601317587, -22.900979082796788 ], [ -43.337458912335038, -22.902404194328973 ], [ -43.337331040103976, -22.902778271093148 ], [ -43.336861316055071, -22.903111291191422 ], [ -43.336757202713727, -22.903662981765923 ], [ -43.335583828694645, -22.904285655980878 ], [ -43.335347887996434, -22.904512207877101 ], [ -43.334439004683453, -22.904860664525916 ], [ -43.334054018333582, -22.905166297318093 ], [ -43.333015079112897, -22.905770672786286 ], [ -43.33138387119017, -22.906458860281646 ], [ -43.330401120539442, -22.907687027448553 ], [ -43.329699024238614, -22.908969615818634 ], [ -43.328870427071017, -22.911361484509065 ], [ -43.328766786843495, -22.912801449615451 ], [ -43.325949773736887, -22.91132747955541 ], [ -43.324150108312594, -22.910770530812446 ], [ -43.323125902328229, -22.910732899173063 ], [ -43.323860637844945, -22.910171170079121 ], [ -43.325084092742095, -22.909503329798032 ], [ -43.326616732509855, -22.906629517818505 ], [ -43.326713377998274, -22.906348322716038 ], [ -43.32661466817374, -22.905630143073097 ], [ -43.326215208628476, -22.904882150248618 ], [ -43.325280752045899, -22.904517028295178 ], [ -43.324470001528439, -22.904064974479741 ], [ -43.324240205811577, -22.903456942194751 ], [ -43.323852417116562, -22.902791881938874 ], [ -43.323899146493552, -22.902551070761387 ], [ -43.323688486108345, -22.902202696776442 ], [ -43.323672615286, -22.90161434946571 ], [ -43.323595139701581, -22.901454136670829 ], [ -43.322089137977251, -22.9000879448223 ], [ -43.321768374540184, -22.899530514959491 ], [ -43.321387901126407, -22.899246719474469 ], [ -43.320135088590142, -22.899083839874091 ], [ -43.318590488178877, -22.898718550789958 ], [ -43.318280771987808, -22.898539440963859 ], [ -43.3178716560125, -22.897923453146028 ], [ -43.317200346005258, -22.897298724855933 ], [ -43.317060025484984, -22.897097655636863 ], [ -43.317007319177797, -22.896645198346143 ], [ -43.317218497932522, -22.895890646777385 ], [ -43.316736344971588, -22.894314535238333 ], [ -43.316353098348934, -22.893878532594467 ], [ -43.315756683013113, -22.893750386936169 ], [ -43.315536829044468, -22.893620540559407 ], [ -43.314702291285982, -22.892545330160232 ], [ -43.314735647540139, -22.892133336354789 ], [ -43.314593540790007, -22.891627818083677 ], [ -43.314155984249396, -22.891021000997196 ], [ -43.313049629524848, -22.888621331505895 ], [ -43.313468602695231, -22.888609158221602 ], [ -43.310592145798395, -22.88500709845426 ], [ -43.311151311918202, -22.884345390398064 ], [ -43.312046843004183, -22.881625420964074 ] ] ] } },
{ "type": "Feature", "properties": { "objectid": 390, "nome": "Cavalcanti", "regiao_adm": "MADUREIRA               ", "area_plane": "3", "codbairro": "080", "codra": 15, "codbnum": 80, "link": "Cavalcanti                &area=80                ", "rp": "Madureira", "cod_rp": "3.3", "codbairro_long": 80, "st_area(shape)": 1924154.4128267141, "st_perimeter(shape)": 6248.0452672118072 }, "geometry": { "type": "Polygon", "coordinates": [ [ [ -43.308852116620109, -22.875311428780194 ], [ -43.308529454530472, -22.873373952860081 ], [ -43.310904532959007, -22.871347117911348 ], [ -43.308964870594657, -22.869912998407553 ], [ -43.309683318891089, -22.869424480656118 ], [ -43.309962526318067, -22.8696215203415 ], [ -43.310972547194424, -22.868534730876643 ], [ -43.315189113701997, -22.863368098084809 ], [ -43.316684980219527, -22.863440194811737 ], [ -43.316737764983067, -22.863632840688766 ], [ -43.317682492056846, -22.863550899954145 ], [ -43.318867097019712, -22.863813578011129 ], [ -43.320604135241801, -22.86436375340806 ], [ -43.322334782597054, -22.864284751089201 ], [ -43.323331254990634, -22.864640147251865 ], [ -43.324300215161912, -22.86464105444588 ], [ -43.325163255592003, -22.865531106461692 ], [ -43.325199295861239, -22.866995035108669 ], [ -43.324937104097955, -22.868555882537933 ], [ -43.325659410531955, -22.870752577008421 ], [ -43.324874932879084, -22.870875625453365 ], [ -43.323688073937745, -22.871338507571348 ], [ -43.322903766700534, -22.871455317417833 ], [ -43.322007812483236, -22.871846386967189 ], [ -43.320960250592904, -22.872907748044874 ], [ -43.320678195519086, -22.873360377046033 ], [ -43.320469230154707, -22.874581853224775 ], [ -43.320492413844924, -22.876539721708337 ], [ -43.3191772237018, -22.876457009915086 ], [ -43.319065941660313, -22.876724775200074 ], [ -43.318762503021567, -22.876696549026153 ], [ -43.317529737233436, -22.875951740186107 ], [ -43.313566462075521, -22.880051033529067 ], [ -43.310801583903206, -22.877865028810223 ], [ -43.310179800772623, -22.875367175206666 ], [ -43.310048087148758, -22.87510315718065 ], [ -43.308852116620109, -22.875311428780194 ] ] ] } },
{ "type": "Feature", "properties": { "objectid": 386, "nome": "Osvaldo Cruz", "regiao_adm": "MADUREIRA               ", "area_plane": "3", "codbairro": "088", "codra": 15, "codbnum": 88, "link": "Osvaldo Cruz              &area=88                ", "rp": "Madureira", "cod_rp": "3.3", "codbairro_long": 88, "st_area(shape)": 2071132.3748953233, "st_perimeter(shape)": 6942.7486084619295 }, "geometry": { "type": "Polygon", "coordinates": [ [ [ -43.350585377005025, -22.859824546162649 ], [ -43.351547888793284, -22.859380352691524 ], [ -43.353445610930535, -22.863319725150937 ], [ -43.353051263119603, -22.863494005856253 ], [ -43.352290068285612, -22.864624659735838 ], [ -43.352662511401668, -22.865046923078644 ], [ -43.352936735575355, -22.865015444904127 ], [ -43.352846049653337, -22.865165413550649 ], [ -43.354092531071132, -22.864910816870374 ], [ -43.354128639938679, -22.866831631176648 ], [ -43.35277926647197, -22.86764074822306 ], [ -43.352895095875446, -22.867854536834841 ], [ -43.354425024790046, -22.868035006044177 ], [ -43.355051354762324, -22.868878206763195 ], [ -43.356388636068068, -22.870304930514983 ], [ -43.357241751402903, -22.87137687287025 ], [ -43.357477867988457, -22.87205148778035 ], [ -43.357465677755584, -22.872449178551502 ], [ -43.357374971472304, -22.87384055019389 ], [ -43.356808040310561, -22.876667353839249 ], [ -43.356486453929598, -22.879400689499555 ], [ -43.355142951558804, -22.880157680937344 ], [ -43.35367183050019, -22.880843803994473 ], [ -43.35157147802645, -22.881487983057461 ], [ -43.349789131797351, -22.882213103363274 ], [ -43.348361621773108, -22.878735177977319 ], [ -43.346622280155252, -22.874052070294514 ], [ -43.346282593880765, -22.873636728882879 ], [ -43.345062652050274, -22.872506093150491 ], [ -43.344567797597719, -22.872173119631078 ], [ -43.342405545286283, -22.870208944447093 ], [ -43.342994498880842, -22.868769316265798 ], [ -43.343135282323615, -22.868893151222359 ], [ -43.343431395193342, -22.868254948244676 ], [ -43.34643331946728, -22.866637219021758 ], [ -43.347052834777756, -22.865139640404273 ], [ -43.347268949725247, -22.864981586376253 ], [ -43.347861700240486, -22.865010591128215 ], [ -43.347353381390491, -22.863447920934885 ], [ -43.347554226167198, -22.863190456529658 ], [ -43.347695172126308, -22.863115518549087 ], [ -43.348115234252553, -22.863119880859774 ], [ -43.34842325501269, -22.862855942972413 ], [ -43.348549578492651, -22.86262822815879 ], [ -43.349178915840525, -22.860313888371337 ], [ -43.349336880758173, -22.860201013708359 ], [ -43.350585377005025, -22.859824546162649 ] ] ] } },
{ "type": "Feature", "properties": { "objectid": 385, "nome": "Madureira", "regiao_adm": "MADUREIRA               ", "area_plane": "3", "codbairro": "083", "codra": 15, "codbnum": 83, "link": "Madureira                 &area=83                ", "rp": "Madureira", "cod_rp": "3.3", "codbairro_long": 83, "st_area(shape)": 3787623.4264468802, "st_perimeter(shape)": 9574.3748453683766 }, "geometry": { "type": "Polygon", "coordinates": [ [ [ -43.324300215161912, -22.86464105444588 ], [ -43.327034036513581, -22.86327328934237 ], [ -43.327272823728919, -22.86303196518211 ], [ -43.331836041724536, -22.85998669678305 ], [ -43.334149138361298, -22.859104319024681 ], [ -43.335721539155607, -22.861187411755086 ], [ -43.339477202766581, -22.864866126855134 ], [ -43.339583696853722, -22.865052192009987 ], [ -43.33844577775217, -22.865393330403272 ], [ -43.339183081305592, -22.866670239054105 ], [ -43.339753897912729, -22.86597855738766 ], [ -43.341336720191649, -22.867096213026588 ], [ -43.341272474930264, -22.867154333591138 ], [ -43.341657231747057, -22.867595443747764 ], [ -43.342994498880842, -22.868769316265798 ], [ -43.342405545286283, -22.870208944447093 ], [ -43.344567797597719, -22.872173119631078 ], [ -43.345062652050274, -22.872506093150491 ], [ -43.34650650518202, -22.87387440183927 ], [ -43.348361621773108, -22.878735177977319 ], [ -43.349789131797351, -22.882213103363274 ], [ -43.348382682250218, -22.882722023267842 ], [ -43.344880152640528, -22.883074561631187 ], [ -43.342895606503234, -22.88307745887337 ], [ -43.342000480199246, -22.882932571853143 ], [ -43.342082988990853, -22.882791919543202 ], [ -43.337441644259762, -22.882329019298595 ], [ -43.335099176364643, -22.882295565895355 ], [ -43.334957956892694, -22.88032137376905 ], [ -43.33510374428338, -22.880322900454878 ], [ -43.335070573750862, -22.879854118272053 ], [ -43.332154323523227, -22.879841527052132 ], [ -43.330881532420065, -22.88057583883937 ], [ -43.330920514890643, -22.878981842354264 ], [ -43.329220192678633, -22.87890094872261 ], [ -43.329282487761645, -22.877784660392432 ], [ -43.329125000739062, -22.877783728929348 ], [ -43.329218631177511, -22.875006536594583 ], [ -43.331402220608808, -22.874998938550846 ], [ -43.33158285559081, -22.872961564549989 ], [ -43.329372889340206, -22.871535142068151 ], [ -43.328032264972876, -22.871216351595322 ], [ -43.327430742728907, -22.871154215880026 ], [ -43.327107659771919, -22.870972186858268 ], [ -43.325659410531955, -22.870752577008421 ], [ -43.324937104097955, -22.868555882537933 ], [ -43.325199295861239, -22.866995035108669 ], [ -43.325163255592003, -22.865531106461692 ], [ -43.324300215161912, -22.86464105444588 ] ] ] } },
{ "type": "Feature", "properties": { "objectid": 380, "nome": "Turiaçú", "regiao_adm": "MADUREIRA               ", "area_plane": "3", "codbairro": "085", "codra": 15, "codbnum": 85, "link": "Turiaçú                   &area=85                ", "rp": "Madureira", "cod_rp": "3.3", "codbairro_long": 85, "st_area(shape)": 1255813.0219894196, "st_perimeter(shape)": 5378.1999781461127 }, "geometry": { "type": "Polygon", "coordinates": [ [ [ -43.334149138361298, -22.859104319024681 ], [ -43.335610264606629, -22.857962111660168 ], [ -43.337144868702239, -22.856016634987785 ], [ -43.339580572868087, -22.856335665627025 ], [ -43.341448987253386, -22.857141567303 ], [ -43.344345369437356, -22.858095507791141 ], [ -43.345273960992067, -22.858288316347089 ], [ -43.345537652142632, -22.857596395104547 ], [ -43.345652646626988, -22.857628115411014 ], [ -43.345388857444021, -22.858320126157199 ], [ -43.3463257269091, -22.858505427878676 ], [ -43.347623378589248, -22.859518999543806 ], [ -43.348367103597823, -22.858641142158383 ], [ -43.350365966352449, -22.859570396609573 ], [ -43.350585377005025, -22.859824546162649 ], [ -43.349336880758173, -22.860201013708359 ], [ -43.349178915840525, -22.860313888371337 ], [ -43.348549578492651, -22.86262822815879 ], [ -43.34842325501269, -22.862855942972413 ], [ -43.348115234252553, -22.863119880859774 ], [ -43.347695172126308, -22.863115518549087 ], [ -43.347554226167198, -22.863190456529658 ], [ -43.347353381390491, -22.863447920934885 ], [ -43.347861700240486, -22.865010591128215 ], [ -43.347169493098896, -22.865026338189718 ], [ -43.346959905613446, -22.86532949980214 ], [ -43.346864572246204, -22.865717923997472 ], [ -43.34643331946728, -22.866637219021758 ], [ -43.343672265260921, -22.868089570528255 ], [ -43.343431395193342, -22.868254948244676 ], [ -43.343135282323615, -22.868893151222359 ], [ -43.341657231747057, -22.867595443747764 ], [ -43.341272474930264, -22.867154333591138 ], [ -43.341336720191649, -22.867096213026588 ], [ -43.339753897912729, -22.86597855738766 ], [ -43.339183081305592, -22.866670239054105 ], [ -43.33844577775217, -22.865393330403272 ], [ -43.339583696853722, -22.865052192009987 ], [ -43.339477202766581, -22.864866126855134 ], [ -43.335721539155607, -22.861187411755086 ], [ -43.334149138361298, -22.859104319024681 ] ] ] } },
{ "type": "Feature", "properties": { "objectid": 368, "nome": "Rocha Miranda", "regiao_adm": "MADUREIRA               ", "area_plane": "3", "codbairro": "086", "codra": 15, "codbnum": 86, "link": "Rocha Miranda             &area=86                ", "rp": "Madureira", "cod_rp": "3.3", "codbairro_long": 86, "st_area(shape)": 2886713.3127526175, "st_perimeter(shape)": 9166.7361741455152 }, "geometry": { "type": "Polygon", "coordinates": [ [ [ -43.346966391182363, -22.839708575508386 ], [ -43.348220907996513, -22.838011305026836 ], [ -43.348494443499156, -22.837741857170577 ], [ -43.348692545373538, -22.837885517771785 ], [ -43.349885612812393, -22.838355396935317 ], [ -43.352365479308247, -22.838844008439288 ], [ -43.351778195484322, -22.844175706927839 ], [ -43.352953125072794, -22.848599607251145 ], [ -43.352786570556319, -22.849256966479107 ], [ -43.35603322324905, -22.850499695101679 ], [ -43.353206180330098, -22.852959595927221 ], [ -43.352391475802477, -22.853757269258459 ], [ -43.352686641937346, -22.853991609475642 ], [ -43.353590991661392, -22.854068158979377 ], [ -43.354009558344465, -22.854186549440126 ], [ -43.354832136503731, -22.854742064706073 ], [ -43.355997820396013, -22.856376261267272 ], [ -43.353730774113309, -22.856734112033568 ], [ -43.353737117562886, -22.857186268043819 ], [ -43.353243507430378, -22.857181160311519 ], [ -43.352611869010936, -22.857898999127332 ], [ -43.351547888793284, -22.859380352691524 ], [ -43.350585377005025, -22.859824546162649 ], [ -43.350365966352449, -22.859570396609573 ], [ -43.348367103597823, -22.858641142158383 ], [ -43.347623378589248, -22.859518999543806 ], [ -43.3463257269091, -22.858505427878676 ], [ -43.345388857444021, -22.858320126157199 ], [ -43.345652646626988, -22.857628115411014 ], [ -43.345537652142632, -22.857596395104547 ], [ -43.345273960992067, -22.858288316347089 ], [ -43.344345369437356, -22.858095507791141 ], [ -43.341448987253386, -22.857141567303 ], [ -43.339580572868087, -22.856335665627025 ], [ -43.337144868702239, -22.856016634987785 ], [ -43.337373479304048, -22.853332947267557 ], [ -43.337332177272387, -22.852666846059254 ], [ -43.33762975850761, -22.852371571610512 ], [ -43.336882635747578, -22.846414479675847 ], [ -43.338290442350306, -22.845379567652252 ], [ -43.340356715538285, -22.846995089966931 ], [ -43.342105545325488, -22.848018371420178 ], [ -43.343930092796512, -22.846219338788284 ], [ -43.342378678278948, -22.844858839277766 ], [ -43.343931250081596, -22.843348038862761 ], [ -43.342392452459272, -22.842010341399448 ], [ -43.343371544858606, -22.841009152520538 ], [ -43.343492892248477, -22.840683945511945 ], [ -43.343408593023049, -22.840234949709625 ], [ -43.344508848022215, -22.841200157348926 ], [ -43.34469132050409, -22.840389085291228 ], [ -43.344789590615932, -22.840255728753391 ], [ -43.344983907877811, -22.84018089160686 ], [ -43.346938699628005, -22.84005688670964 ], [ -43.346966391182363, -22.839708575508386 ] ] ] } },
{ "type": "Feature", "properties": { "objectid": 379, "nome": "Bento Ribeiro", "regiao_adm": "MADUREIRA               ", "area_plane": "3", "codbairro": "089", "codra": 15, "codbnum": 89, "link": "Bento Ribeiro             &area=89                ", "rp": "Madureira", "cod_rp": "3.3", "codbairro_long": 89, "st_area(shape)": 3037854.7856757729, "st_perimeter(shape)": 8506.0473243987126 }, "geometry": { "type": "Polygon", "coordinates": [ [ [ -43.358775893954068, -22.855935148022304 ], [ -43.361854366279552, -22.855365309239627 ], [ -43.362283823033131, -22.85608850923176 ], [ -43.366065833576499, -22.862888202870636 ], [ -43.365981863711909, -22.862926083506721 ], [ -43.366320667610523, -22.863703703145372 ], [ -43.366236080682235, -22.863793145588087 ], [ -43.366357975650978, -22.864071740048939 ], [ -43.366503753299838, -22.864105477748023 ], [ -43.367623675449288, -22.863600939799387 ], [ -43.367629206266855, -22.863717135540085 ], [ -43.366830883978203, -22.864115338820206 ], [ -43.366038954777615, -22.866887590033272 ], [ -43.370016952147225, -22.868973481242161 ], [ -43.370083527808795, -22.869225678510507 ], [ -43.369914020087009, -22.86942397862553 ], [ -43.36885436047158, -22.869554993253196 ], [ -43.36977055373552, -22.87095146174023 ], [ -43.367837656385575, -22.875982783247018 ], [ -43.367934393889691, -22.877209556436934 ], [ -43.360236603848882, -22.878181842623622 ], [ -43.358204601193059, -22.87868340867643 ], [ -43.356778558395355, -22.879165472399212 ], [ -43.356486453929598, -22.879400689499555 ], [ -43.356808040310561, -22.876667353839249 ], [ -43.357374971472304, -22.87384055019389 ], [ -43.357477867988457, -22.87205148778035 ], [ -43.357241751402903, -22.87137687287025 ], [ -43.356388636068068, -22.870304930514983 ], [ -43.355051354762324, -22.868878206763195 ], [ -43.354425024790046, -22.868035006044177 ], [ -43.352895095875446, -22.867854536834841 ], [ -43.35277926647197, -22.86764074822306 ], [ -43.354128639938679, -22.866831631176648 ], [ -43.354092531071132, -22.864910816870374 ], [ -43.352846049653337, -22.865165413550649 ], [ -43.352936735575355, -22.865015444904127 ], [ -43.352662511401668, -22.865046923078644 ], [ -43.352290068285612, -22.864624659735838 ], [ -43.353051263119603, -22.863494005856253 ], [ -43.353445610930535, -22.863319725150937 ], [ -43.351547888793284, -22.859380352691524 ], [ -43.352611869010936, -22.857898999127332 ], [ -43.353243507430378, -22.857181160311519 ], [ -43.353737117562886, -22.857186268043819 ], [ -43.353730774113309, -22.856734112033568 ], [ -43.358775893954068, -22.855935148022304 ] ] ] } },
{ "type": "Feature", "properties": { "objectid": 372, "nome": "Marechal Hermes", "regiao_adm": "MADUREIRA               ", "area_plane": "3", "codbairro": "090", "codra": 15, "codbnum": 90, "link": "Marechal Hermes           &area=90                ", "rp": "Madureira", "cod_rp": "3.3", "codbairro_long": 90, "st_area(shape)": 3886236.0318295178, "st_perimeter(shape)": 11946.984755332685 }, "geometry": { "type": "Polygon", "coordinates": [ [ [ -43.362845526324691, -22.855200488474495 ], [ -43.362945401619918, -22.85493266161911 ], [ -43.360537359374739, -22.850597000880033 ], [ -43.360304332014337, -22.850315812806127 ], [ -43.359111142969304, -22.849487111086091 ], [ -43.358103478769458, -22.849317411292088 ], [ -43.357952567789184, -22.849355682088351 ], [ -43.357643593701901, -22.849143426275973 ], [ -43.36040039800173, -22.846782418607425 ], [ -43.360540931154993, -22.846991669907009 ], [ -43.360753040468225, -22.847050208021724 ], [ -43.363448222927047, -22.846850177138869 ], [ -43.364200142470843, -22.847097410082124 ], [ -43.364874778550039, -22.84745176655662 ], [ -43.366438432394112, -22.847752751122382 ], [ -43.366939349828392, -22.847722758696907 ], [ -43.367619332116547, -22.847450675449714 ], [ -43.368294388794205, -22.847582947938474 ], [ -43.369173396842996, -22.848074394085383 ], [ -43.372701484831893, -22.849605598577917 ], [ -43.373861473527498, -22.850406588362851 ], [ -43.375215804385789, -22.850779224283592 ], [ -43.375790729813609, -22.85067229458706 ], [ -43.376698094118161, -22.850281474645225 ], [ -43.377181709819183, -22.85019103839635 ], [ -43.379064915763273, -22.850231812374254 ], [ -43.378744471053572, -22.851098692475137 ], [ -43.378470432192316, -22.851585386596859 ], [ -43.377695714770653, -22.853993667054983 ], [ -43.381253106842401, -22.855112628682299 ], [ -43.382611959238638, -22.85509258003971 ], [ -43.382913091651673, -22.855857052763724 ], [ -43.384883031274377, -22.85516224621832 ], [ -43.384822197998609, -22.856055075206566 ], [ -43.384236742757928, -22.856647442793648 ], [ -43.379797137945886, -22.858466857755833 ], [ -43.37945319761937, -22.858486656191445 ], [ -43.377161187950691, -22.858067101333852 ], [ -43.374842516355287, -22.859177738954447 ], [ -43.375015816872683, -22.859412601365246 ], [ -43.374979989226198, -22.859606403992419 ], [ -43.378189763375246, -22.865341733230132 ], [ -43.378309288193599, -22.865871268608714 ], [ -43.378294269965906, -22.866430500949107 ], [ -43.37812830965678, -22.86698819157672 ], [ -43.37604289690654, -22.869631801504699 ], [ -43.3756567178946, -22.870373642602953 ], [ -43.375308096424199, -22.871488849095378 ], [ -43.374399074174775, -22.872489593523611 ], [ -43.372992953626735, -22.875808121292614 ], [ -43.372974710505481, -22.875932291914914 ], [ -43.373401907532617, -22.8766669123249 ], [ -43.372354666134953, -22.876601829588001 ], [ -43.37048025660679, -22.876994447860366 ], [ -43.36998602254333, -22.877165758101739 ], [ -43.369061590626728, -22.877312516607653 ], [ -43.368541017032399, -22.87719203090624 ], [ -43.367934393889691, -22.877209556436934 ], [ -43.367837656385575, -22.875982783247018 ], [ -43.36977055373552, -22.87095146174023 ], [ -43.36885436047158, -22.869554993253196 ], [ -43.369914020087009, -22.86942397862553 ], [ -43.370083527808795, -22.869225678510507 ], [ -43.370091908726145, -22.869103212446738 ], [ -43.370016952147225, -22.868973481242161 ], [ -43.366038954777615, -22.866887590033272 ], [ -43.366830883978203, -22.864115338820206 ], [ -43.367629206266855, -22.863717135540085 ], [ -43.367623675449288, -22.863600939799387 ], [ -43.366503753299838, -22.864105477748023 ], [ -43.366399161366225, -22.864123820429057 ], [ -43.366262385127243, -22.863915964878267 ], [ -43.366236080682235, -22.863793145588087 ], [ -43.366320667610523, -22.863703703145372 ], [ -43.365981863711909, -22.862926083506721 ], [ -43.366065833576499, -22.862888202870636 ], [ -43.361854366279552, -22.855365309239627 ], [ -43.362845526324691, -22.855200488474495 ] ] ] } },
{ "type": "Feature", "properties": { "objectid": 349, "nome": "Pitangueiras", "regiao_adm": "ILHA DO GOVERNADOR      ", "area_plane": "3", "codbairro": "094", "codra": 20, "codbnum": 94, "link": "Pitangueiras              &area=94                ", "rp": "Ilha do Governador", "cod_rp": "3.7", "codbairro_long": 94, "st_area(shape)": 604131.39492323366, "st_perimeter(shape)": 3514.0960223212783 }, "geometry": { "type": "Polygon", "coordinates": [ [ [ -43.175269063371651, -22.818975851060426 ], [ -43.175136322197623, -22.8188637079015 ], [ -43.175011200365823, -22.818545306653444 ], [ -43.1751063307699, -22.817985786458738 ], [ -43.17535004807678, -22.817577241798443 ], [ -43.176098927819901, -22.816848660578405 ], [ -43.176374355546216, -22.816238465300795 ], [ -43.176486117345405, -22.815446238258254 ], [ -43.176405970670459, -22.814632490532823 ], [ -43.176494583531884, -22.814334778707913 ], [ -43.17648781661461, -22.8139360065544 ], [ -43.176441017059958, -22.813697788956038 ], [ -43.176249208846627, -22.813471547706033 ], [ -43.175607297344641, -22.81305295443256 ], [ -43.175475209395039, -22.812796965325674 ], [ -43.174999191133068, -22.812590494998737 ], [ -43.17513460401446, -22.812428594938805 ], [ -43.180995157235671, -22.814013801532436 ], [ -43.183788687933969, -22.815338018460285 ], [ -43.184090954164816, -22.815646783553902 ], [ -43.185070861812846, -22.816261455374008 ], [ -43.186014849487648, -22.816698262123762 ], [ -43.185844751743446, -22.816817064591223 ], [ -43.185602592822896, -22.817176427910422 ], [ -43.185031829415735, -22.818625550178584 ], [ -43.184514300574207, -22.81895342031401 ], [ -43.182956022044536, -22.819205486201994 ], [ -43.182723898183397, -22.819380375487459 ], [ -43.182383466199965, -22.820214340823338 ], [ -43.182105462355707, -22.820381572430716 ], [ -43.181644230070091, -22.820511223456716 ], [ -43.180082249590683, -22.820651692596357 ], [ -43.180143776731931, -22.820398188480223 ], [ -43.178331897443734, -22.819830686201897 ], [ -43.175861489525964, -22.819432803208109 ], [ -43.175419633541026, -22.818927185767631 ], [ -43.175269063371651, -22.818975851060426 ] ] ] } },
{ "type": "Feature", "properties": { "objectid": 342, "nome": "Praia da Bandeira", "regiao_adm": "ILHA DO GOVERNADOR      ", "area_plane": "3", "codbairro": "095", "codra": 20, "codbnum": 95, "link": "Praia da Bandeira         &area=95                ", "rp": "Ilha do Governador", "cod_rp": "3.7", "codbairro_long": 95, "st_area(shape)": 379406.92934480275, "st_perimeter(shape)": 3423.2269000227752 }, "geometry": { "type": "MultiPolygon", "coordinates": [ [ [ [ -43.177484889374753, -22.807927891438084 ], [ -43.177423476895868, -22.807682464035068 ], [ -43.177306482217858, -22.807565987882437 ], [ -43.177423360011367, -22.807310408265042 ], [ -43.17748523519051, -22.806283719914095 ], [ -43.177548379541456, -22.806684491728969 ], [ -43.177492286460343, -22.80743780333794 ], [ -43.177572084930333, -22.807941351448811 ], [ -43.179296010676339, -22.807631804587931 ], [ -43.179696127950407, -22.80734812103756 ], [ -43.181336693374035, -22.806874958880286 ], [ -43.181450540099689, -22.807023274747046 ], [ -43.181325004058721, -22.807293207684342 ], [ -43.182681114394946, -22.808495913625357 ], [ -43.183650044553524, -22.810389543605396 ], [ -43.183662861563946, -22.810796692802363 ], [ -43.183525901084714, -22.811009966482207 ], [ -43.182523176767333, -22.81120777033189 ], [ -43.182155563734881, -22.81133921569122 ], [ -43.181903000560482, -22.811528592884368 ], [ -43.181647811351112, -22.811915707601752 ], [ -43.181394999586949, -22.812585592538017 ], [ -43.181344945296431, -22.813596975030585 ], [ -43.180995157235671, -22.814013801532436 ], [ -43.17513460401446, -22.812428594938805 ], [ -43.175327363390892, -22.812290830537926 ], [ -43.175719616022796, -22.812197159844608 ], [ -43.176034757002803, -22.811946741089773 ], [ -43.176190474194399, -22.811986270593245 ], [ -43.176424254780976, -22.81162077413936 ], [ -43.176545867791091, -22.811324341848515 ], [ -43.176508915681708, -22.811195506154338 ], [ -43.176639940155056, -22.811011791040102 ], [ -43.177088948152345, -22.810934749973477 ], [ -43.177279041473163, -22.81077735731084 ], [ -43.177389822049832, -22.810365478826512 ], [ -43.177287308906486, -22.810082918621713 ], [ -43.177420606812383, -22.80942819800028 ], [ -43.177484889374753, -22.807927891438084 ] ] ], [ [ [ -43.153165356822591, -22.807337745493928 ], [ -43.153431875369115, -22.807321960188933 ], [ -43.153499593427064, -22.807435985512747 ], [ -43.153408683992453, -22.807734560542826 ], [ -43.153136697592103, -22.807664493973899 ], [ -43.153207184843062, -22.807536987536189 ], [ -43.153131163526183, -22.807468019492692 ], [ -43.153165356822591, -22.807337745493928 ] ] ], [ [ [ -43.156574484294467, -22.807334951319216 ], [ -43.156347024486905, -22.807220524242467 ], [ -43.156433266362626, -22.807145304596879 ], [ -43.156675887408824, -22.807226133301878 ], [ -43.156574484294467, -22.807334951319216 ] ] ], [ [ [ -43.153388100967554, -22.807910233501797 ], [ -43.153133966167623, -22.807910358142603 ], [ -43.153165603091416, -22.807789086699266 ], [ -43.153375301266749, -22.807826463144309 ], [ -43.153388100967554, -22.807910233501797 ] ] ] ] } },
{ "type": "Feature", "properties": { "objectid": 350, "nome": "Costa Barros", "regiao_adm": "PAVUNA                  ", "area_plane": "3", "codbairro": "113", "codra": 25, "codbnum": 113, "link": "Costa Barros              &area=113               ", "rp": "Pavuna", "cod_rp": "3.6", "codbairro_long": 113, "st_area(shape)": 1814836.5734511872, "st_perimeter(shape)": 6638.9990995474463 }, "geometry": { "type": "Polygon", "coordinates": [ [ [ -43.359958789247635, -22.826033746654318 ], [ -43.360513821864259, -22.824887278122983 ], [ -43.360829396735838, -22.824446829654473 ], [ -43.36120768405695, -22.824081622957891 ], [ -43.361819692643628, -22.823879299753802 ], [ -43.362551307458851, -22.823394450661116 ], [ -43.36307609774159, -22.822827000741917 ], [ -43.363144292144725, -22.822403512841753 ], [ -43.362892075499794, -22.821506302237616 ], [ -43.363189374621093, -22.820392937898269 ], [ -43.363545336420486, -22.820533053881046 ], [ -43.364996752956543, -22.820547954835764 ], [ -43.365279656111738, -22.820638640729925 ], [ -43.365395817432614, -22.820815396465932 ], [ -43.365918711711785, -22.821074261660296 ], [ -43.366443357046656, -22.819414675445294 ], [ -43.366941026992556, -22.819141887692467 ], [ -43.36801472846107, -22.819074860888865 ], [ -43.36844801355393, -22.818898947013977 ], [ -43.369696050094845, -22.816773882484242 ], [ -43.369769922676284, -22.816755131176148 ], [ -43.370087969782617, -22.816765700961028 ], [ -43.370211670355403, -22.820516133595717 ], [ -43.371216449196865, -22.820494710012902 ], [ -43.375045601959513, -22.819792716955021 ], [ -43.375416314076212, -22.820020830805852 ], [ -43.376767241256125, -22.821190040134226 ], [ -43.377632179010455, -22.822315278800144 ], [ -43.378249470972598, -22.823481878104197 ], [ -43.377621729821875, -22.824528605334137 ], [ -43.378367349823286, -22.824633643038567 ], [ -43.379144155938292, -22.82520716786625 ], [ -43.379828896599506, -22.825402251747079 ], [ -43.374001721655624, -22.831988046905511 ], [ -43.37370411188688, -22.831713985391197 ], [ -43.373584199873918, -22.830957671498069 ], [ -43.373411614123803, -22.830731305104031 ], [ -43.372961476701803, -22.830420822722605 ], [ -43.372302973591502, -22.830304096522553 ], [ -43.371291840198708, -22.829698793329452 ], [ -43.37106207098055, -22.829505253897999 ], [ -43.370911240570074, -22.829178683829554 ], [ -43.37053827538498, -22.828892917615029 ], [ -43.370283796700789, -22.829047996409905 ], [ -43.370005152871805, -22.829064291764467 ], [ -43.369396482218519, -22.829516840526878 ], [ -43.369390387235363, -22.829602844191108 ], [ -43.369786396322759, -22.830113540978651 ], [ -43.369835182132974, -22.830353005084749 ], [ -43.36806688713262, -22.83097772396599 ], [ -43.367530011867551, -22.830596983030777 ], [ -43.36730367939861, -22.830556461547715 ], [ -43.366781552730771, -22.830670588966136 ], [ -43.366661188391248, -22.830812767780365 ], [ -43.366012463204903, -22.830734406761827 ], [ -43.365948721060498, -22.830026349337189 ], [ -43.36552759937441, -22.829890626282598 ], [ -43.360276898809801, -22.826170861664398 ], [ -43.359958789247635, -22.826033746654318 ] ] ] } },
{ "type": "Feature", "properties": { "objectid": 334, "nome": "Cocotá", "regiao_adm": "ILHA DO GOVERNADOR      ", "area_plane": "3", "codbairro": "096", "codra": 20, "codbnum": 96, "link": "Cocotá                    &area=96                ", "rp": "Ilha do Governador", "cod_rp": "3.7", "codbairro_long": 96, "st_area(shape)": 490103.73867453501, "st_perimeter(shape)": 4799.0781165624567 }, "geometry": { "type": "Polygon", "coordinates": [ [ [ -43.175245543117427, -22.801204470757391 ], [ -43.175502610329808, -22.801122256034596 ], [ -43.176860665697241, -22.80115278306787 ], [ -43.177194931181717, -22.800736780726751 ], [ -43.177570305570669, -22.800481175067233 ], [ -43.177646737107231, -22.800007315953625 ], [ -43.177855194657219, -22.799734810747736 ], [ -43.179176106596017, -22.7993051519699 ], [ -43.180436060428157, -22.799409481775083 ], [ -43.181355319449089, -22.800004694900835 ], [ -43.182594542335991, -22.800453644407337 ], [ -43.182211437213894, -22.801703609701363 ], [ -43.182156705683937, -22.802172842720893 ], [ -43.182505408533508, -22.802701579518722 ], [ -43.182601099356248, -22.8032124414907 ], [ -43.182925292787694, -22.803151118033892 ], [ -43.18290079164305, -22.802156311988167 ], [ -43.183094788354062, -22.802158523263525 ], [ -43.183000989378307, -22.802327406711541 ], [ -43.18298899533383, -22.803231853263203 ], [ -43.182610784679341, -22.80329743833504 ], [ -43.182640852052891, -22.8038725714474 ], [ -43.183195770332773, -22.803893887924424 ], [ -43.18324136670217, -22.803709463563003 ], [ -43.183306098861799, -22.803705234581113 ], [ -43.183297825172382, -22.805144418598026 ], [ -43.183397202706345, -22.805370499375361 ], [ -43.183400392619092, -22.805945236671114 ], [ -43.183473419373783, -22.806131013004407 ], [ -43.183670700537228, -22.806260681253452 ], [ -43.182683439735271, -22.806756669713671 ], [ -43.183735824946694, -22.808702813577408 ], [ -43.184160438564675, -22.810016982537579 ], [ -43.184351530897487, -22.810239141106702 ], [ -43.185051677160949, -22.810696835721803 ], [ -43.184833662770849, -22.810874329890314 ], [ -43.184010671909284, -22.811144809567875 ], [ -43.183593829568075, -22.810948610253778 ], [ -43.183689104975031, -22.810661353409259 ], [ -43.183650044553524, -22.810389543605396 ], [ -43.182681114394946, -22.808495913625357 ], [ -43.181325004058721, -22.807293207684342 ], [ -43.181450540099689, -22.807023274747046 ], [ -43.181336693374035, -22.806874958880286 ], [ -43.179696127950407, -22.80734812103756 ], [ -43.179296010676339, -22.807631804587931 ], [ -43.177572084930333, -22.807941351448811 ], [ -43.177492286460343, -22.80743780333794 ], [ -43.177541013495073, -22.806374210682069 ], [ -43.177429824981736, -22.806026531253089 ], [ -43.177981224384105, -22.805346338833218 ], [ -43.177913161540708, -22.804992920740535 ], [ -43.178091033177587, -22.804867715817718 ], [ -43.178433674080821, -22.802635145016712 ], [ -43.178331544223589, -22.802192208012354 ], [ -43.178143481326195, -22.8018243271081 ], [ -43.177844570718371, -22.801603186354562 ], [ -43.177422503604483, -22.801561062811174 ], [ -43.177039002615643, -22.801643732134046 ], [ -43.176865921458052, -22.801548468167937 ], [ -43.175887602989711, -22.80146891496231 ], [ -43.175452593639797, -22.801389253909893 ], [ -43.175245543117427, -22.801204470757391 ] ] ] } },
{ "type": "Feature", "properties": { "objectid": 339, "nome": "Jardim Guanabara", "regiao_adm": "ILHA DO GOVERNADOR      ", "area_plane": "3", "codbairro": "099", "codra": 20, "codbnum": 99, "link": "Jardim Guanabara          &area=99                ", "rp": "Ilha do Governador", "cod_rp": "3.7", "codbairro_long": 99, "st_area(shape)": 3205890.6914049527, "st_perimeter(shape)": 9028.41939360982 }, "geometry": { "type": "Polygon", "coordinates": [ [ [ -43.200020115610442, -22.806022622575565 ], [ -43.203250548318181, -22.80422117331705 ], [ -43.204110288973837, -22.804084114898416 ], [ -43.206003960063533, -22.804491585478203 ], [ -43.20640828756887, -22.80478186323376 ], [ -43.206372857990608, -22.804943562955778 ], [ -43.206588445135587, -22.805023290306742 ], [ -43.209949802829563, -22.805941375493468 ], [ -43.210524319659619, -22.805955501806661 ], [ -43.21124225519641, -22.805832346435785 ], [ -43.212717592603937, -22.806032397995299 ], [ -43.213261532208655, -22.809832155023461 ], [ -43.213989883332886, -22.813976326061894 ], [ -43.214432560543166, -22.816349288390906 ], [ -43.214834444557283, -22.817832275388518 ], [ -43.214554564596995, -22.817795363963089 ], [ -43.214196381101516, -22.817592767478764 ], [ -43.214116035696868, -22.817396988202145 ], [ -43.213557634822735, -22.816905605315313 ], [ -43.212249998463825, -22.816095705395234 ], [ -43.211387574752301, -22.815828745892407 ], [ -43.210502268929218, -22.815829642971277 ], [ -43.209695819989008, -22.815670315242429 ], [ -43.209390330934433, -22.815759717411112 ], [ -43.209308604901793, -22.815863643640487 ], [ -43.209862054169129, -22.817089800816678 ], [ -43.209826954087539, -22.817196329068903 ], [ -43.209723718663298, -22.817120304929432 ], [ -43.209187319902369, -22.816027992918333 ], [ -43.208434094563046, -22.816238245168297 ], [ -43.208674747330626, -22.817218058880417 ], [ -43.208748274071901, -22.817427939986906 ], [ -43.208864448855728, -22.817423826833835 ], [ -43.209107460644084, -22.81838741156767 ], [ -43.210521248445922, -22.817985000458989 ], [ -43.210666644823256, -22.817876641319224 ], [ -43.210777796594179, -22.81792864041622 ], [ -43.210740313649467, -22.818061150119117 ], [ -43.209321426458992, -22.818406612494055 ], [ -43.208760651589984, -22.818656235252455 ], [ -43.207475386296267, -22.81837086344165 ], [ -43.206823135420876, -22.818397296895327 ], [ -43.206716906542169, -22.818460489879428 ], [ -43.206787143392013, -22.818601615920237 ], [ -43.206615496129537, -22.818824995782414 ], [ -43.2065597016759, -22.819291698941203 ], [ -43.206370224470348, -22.819448051768145 ], [ -43.206000751668519, -22.819408943483666 ], [ -43.205598294777047, -22.819619518330615 ], [ -43.204136732504104, -22.819733180365471 ], [ -43.203956495506453, -22.819882951702596 ], [ -43.204042415222489, -22.820098395356794 ], [ -43.203925979609352, -22.820233897899357 ], [ -43.203645566671575, -22.82019307715203 ], [ -43.20237820511359, -22.819664311800331 ], [ -43.20201347536419, -22.819723952305061 ], [ -43.201503574847287, -22.819673947256238 ], [ -43.201398542586084, -22.819719809604614 ], [ -43.201311073612665, -22.819919209285036 ], [ -43.200693261089491, -22.819785535500205 ], [ -43.200770896356623, -22.81950447866944 ], [ -43.200453542698007, -22.819376544977985 ], [ -43.197628229542673, -22.818952230001919 ], [ -43.196688017685688, -22.818882712490616 ], [ -43.195442568642363, -22.819000726550538 ], [ -43.194127593735082, -22.81924924605682 ], [ -43.193165619001491, -22.81946319904722 ], [ -43.192265047236688, -22.819822059694022 ], [ -43.191893134047653, -22.819437113809794 ], [ -43.190891653185496, -22.81986110495577 ], [ -43.189287235426519, -22.819962891537152 ], [ -43.188600997843842, -22.818589140717762 ], [ -43.188260578181641, -22.818615251055807 ], [ -43.187867699914676, -22.817710082503481 ], [ -43.187584887636987, -22.816445938741186 ], [ -43.188228177988783, -22.816168071688672 ], [ -43.188604206258304, -22.815894568696638 ], [ -43.189407640632894, -22.813914734254492 ], [ -43.189588555733785, -22.813706650502255 ], [ -43.191858109995358, -22.812071168006003 ], [ -43.194744882103642, -22.810657930227887 ], [ -43.195023189675091, -22.810398563146119 ], [ -43.195975761627373, -22.808911279769283 ], [ -43.197969402330088, -22.806787094189183 ], [ -43.200020115610442, -22.806022622575565 ] ] ] } },
{ "type": "Feature", "properties": { "objectid": 336, "nome": "Jardim Carioca", "regiao_adm": "ILHA DO GOVERNADOR      ", "area_plane": "3", "codbairro": "100", "codra": 20, "codbnum": 100, "link": "Jardim Carioca            &area=100               ", "rp": "Ilha do Governador", "cod_rp": "3.7", "codbairro_long": 100, "st_area(shape)": 1621130.5751777312, "st_perimeter(shape)": 6150.8880807130126 }, "geometry": { "type": "Polygon", "coordinates": [ [ [ -43.182683439735271, -22.806756669713671 ], [ -43.184274543763053, -22.805883766337548 ], [ -43.185593652215545, -22.804534730706653 ], [ -43.186471680854467, -22.804106112481545 ], [ -43.187556722423047, -22.804241809356753 ], [ -43.187956914059967, -22.804164092475766 ], [ -43.188344290368811, -22.804208320220972 ], [ -43.188405727125584, -22.804615391401917 ], [ -43.189090049931444, -22.804574492368221 ], [ -43.189213631926897, -22.80417837409977 ], [ -43.189827822441536, -22.804137397465599 ], [ -43.190339753308926, -22.803999264228953 ], [ -43.190110888542677, -22.803414016327174 ], [ -43.18888528570475, -22.802166349793719 ], [ -43.188984939333999, -22.801900178467896 ], [ -43.190130030569684, -22.800843881334924 ], [ -43.190777857967305, -22.80104999628621 ], [ -43.191125247152421, -22.801060800793678 ], [ -43.192765608352907, -22.800565297923754 ], [ -43.193498913218626, -22.800457114916099 ], [ -43.19419169498245, -22.800622637641393 ], [ -43.194712995848583, -22.800895845151924 ], [ -43.194704329911097, -22.800991740483905 ], [ -43.196910400798451, -22.801331964487321 ], [ -43.197110940959334, -22.801258825971793 ], [ -43.197336389046377, -22.800980346536122 ], [ -43.197318151724048, -22.800678611107365 ], [ -43.197032410053929, -22.800483389839886 ], [ -43.197699274976884, -22.799805513604035 ], [ -43.19824440666779, -22.799955622183745 ], [ -43.199967424402736, -22.799920271912406 ], [ -43.200585846092856, -22.800119151387474 ], [ -43.201011304978366, -22.800370757704908 ], [ -43.204343417913869, -22.803917689519373 ], [ -43.204303528212336, -22.804137044521482 ], [ -43.203860181794454, -22.804096739945393 ], [ -43.203250548318181, -22.80422117331705 ], [ -43.200020115610442, -22.806022622575565 ], [ -43.197969402330088, -22.806787094189183 ], [ -43.195975761627373, -22.808911279769283 ], [ -43.194896601733568, -22.810528435597401 ], [ -43.191858109995358, -22.812071168006003 ], [ -43.191077310772293, -22.811500157600619 ], [ -43.189240115605656, -22.810884904804301 ], [ -43.186834588563876, -22.810664843854372 ], [ -43.185300238493042, -22.810735697058043 ], [ -43.185051677160949, -22.810696835721803 ], [ -43.184351530897487, -22.810239141106702 ], [ -43.184081653917879, -22.809861212291356 ], [ -43.183735824946694, -22.808702813577408 ], [ -43.182683439735271, -22.806756669713671 ] ] ] } },
{ "type": "Feature", "properties": { "objectid": 329, "nome": "Tauá", "regiao_adm": "ILHA DO GOVERNADOR      ", "area_plane": "3", "codbairro": "101", "codra": 20, "codbnum": 101, "link": "Tauá                      &area=101               ", "rp": "Ilha do Governador", "cod_rp": "3.7", "codbairro_long": 101, "st_area(shape)": 1672550.2781307709, "st_perimeter(shape)": 8246.1207196843679 }, "geometry": { "type": "Polygon", "coordinates": [ [ [ -43.180436060428157, -22.799409481775083 ], [ -43.179776495034822, -22.798776413083171 ], [ -43.178901648347932, -22.798453695492416 ], [ -43.178435278309777, -22.798176641011629 ], [ -43.177676267139063, -22.797962342609743 ], [ -43.177737135083419, -22.797794439679876 ], [ -43.178123898603211, -22.797809786713444 ], [ -43.178408665217809, -22.797562896841196 ], [ -43.178832270223083, -22.797459008521496 ], [ -43.179158980523582, -22.797244022311176 ], [ -43.178886032865087, -22.796704133182416 ], [ -43.179094256403879, -22.795788835590425 ], [ -43.179027655684109, -22.795552920745632 ], [ -43.179990261526889, -22.795169730769292 ], [ -43.181769874923624, -22.795055117446616 ], [ -43.180841662738501, -22.794278113705101 ], [ -43.180655432543517, -22.794036501673379 ], [ -43.18069085946766, -22.793965112732099 ], [ -43.183629613395439, -22.791164483619948 ], [ -43.184097896679404, -22.791561016620484 ], [ -43.187054717495009, -22.788688733013593 ], [ -43.187245504234944, -22.788593462622433 ], [ -43.188373219834013, -22.788490323427688 ], [ -43.188212560214872, -22.789128673505616 ], [ -43.188779336019032, -22.790209199817046 ], [ -43.188945382706372, -22.79039440578627 ], [ -43.189136130482211, -22.791120728174658 ], [ -43.189127290541322, -22.791413849195582 ], [ -43.189043768332738, -22.791484332900456 ], [ -43.189061676643576, -22.791780194089501 ], [ -43.189163792459027, -22.792174994324437 ], [ -43.189313134394716, -22.792371570272422 ], [ -43.189224092348574, -22.792668113378088 ], [ -43.188970934960501, -22.792765839090773 ], [ -43.188844572210371, -22.792916296040076 ], [ -43.18887232526594, -22.793049358747108 ], [ -43.189152606498567, -22.793161811960516 ], [ -43.189261754195229, -22.793319280063262 ], [ -43.189156759968419, -22.793422481256851 ], [ -43.188909216824079, -22.793382735093619 ], [ -43.188631330764657, -22.793567954872518 ], [ -43.188772284717835, -22.79373598635863 ], [ -43.188621322502932, -22.793846251522194 ], [ -43.188603367233632, -22.793966695940608 ], [ -43.188788680435145, -22.794190499821699 ], [ -43.188511000305859, -22.794315849403009 ], [ -43.188457150616763, -22.794513999813347 ], [ -43.188514667145093, -22.7947309355356 ], [ -43.188842572250806, -22.794954822327618 ], [ -43.188856860791006, -22.79518544299917 ], [ -43.189217840160985, -22.795456576699433 ], [ -43.189036864986626, -22.795752165674134 ], [ -43.189468169303339, -22.795270951074201 ], [ -43.189635915668127, -22.795313222132968 ], [ -43.189953191301264, -22.795213604664429 ], [ -43.190422833146577, -22.795819465838534 ], [ -43.191426166037651, -22.796038644672656 ], [ -43.191702867717083, -22.796386204036416 ], [ -43.191881222701397, -22.796377480468514 ], [ -43.19183930791008, -22.796114217298705 ], [ -43.192174929275247, -22.796012004921465 ], [ -43.192524191739061, -22.796869349832651 ], [ -43.192691667974664, -22.797648865716351 ], [ -43.194188418215113, -22.796901842213941 ], [ -43.194997310034822, -22.797849272839901 ], [ -43.197066351934744, -22.799443366128479 ], [ -43.197699274976884, -22.799805513604035 ], [ -43.197032410053929, -22.800483389839886 ], [ -43.197318151724048, -22.800678611107365 ], [ -43.197336389046377, -22.800980346536122 ], [ -43.197110940959334, -22.801258825971793 ], [ -43.196910400798451, -22.801331964487321 ], [ -43.194704329911097, -22.800991740483905 ], [ -43.194712995848583, -22.800895845151924 ], [ -43.19419169498245, -22.800622637641393 ], [ -43.193498913218626, -22.800457114916099 ], [ -43.192765608352907, -22.800565297923754 ], [ -43.191125247152421, -22.801060800793678 ], [ -43.190777857967305, -22.80104999628621 ], [ -43.190130030569684, -22.800843881334924 ], [ -43.188984939333999, -22.801900178467896 ], [ -43.18888528570475, -22.802166349793719 ], [ -43.190110888542677, -22.803414016327174 ], [ -43.190339753308926, -22.803999264228953 ], [ -43.189827822441536, -22.804137397465599 ], [ -43.189213631926897, -22.80417837409977 ], [ -43.189090049931444, -22.804574492368221 ], [ -43.188405727125584, -22.804615391401917 ], [ -43.188344290368811, -22.804208320220972 ], [ -43.187956914059967, -22.804164092475766 ], [ -43.187556722423047, -22.804241809356753 ], [ -43.186471680854467, -22.804106112481545 ], [ -43.185593652215545, -22.804534730706653 ], [ -43.184274543763053, -22.805883766337548 ], [ -43.183670700537228, -22.806260681253452 ], [ -43.183473419373783, -22.806131013004407 ], [ -43.183400392619092, -22.805945236671114 ], [ -43.183397202706345, -22.805370499375361 ], [ -43.183297825172382, -22.805144418598026 ], [ -43.183306098861799, -22.803705234581113 ], [ -43.18324136670217, -22.803709463563003 ], [ -43.183195770332773, -22.803893887924424 ], [ -43.182640852052891, -22.8038725714474 ], [ -43.182610784679341, -22.80329743833504 ], [ -43.18298899533383, -22.803231853263203 ], [ -43.183000989378307, -22.802327406711541 ], [ -43.183094788354062, -22.802158523263525 ], [ -43.18290079164305, -22.802156311988167 ], [ -43.182925292787694, -22.803151118033892 ], [ -43.182601099356248, -22.8032124414907 ], [ -43.182505408533508, -22.802701579518722 ], [ -43.182156705683937, -22.802172842720893 ], [ -43.182211437213894, -22.801703609701363 ], [ -43.182594542335991, -22.800453644407337 ], [ -43.181355319449089, -22.800004694900835 ], [ -43.180436060428157, -22.799409481775083 ] ] ] } },
{ "type": "Feature", "properties": { "objectid": 331, "nome": "Moneró", "regiao_adm": "ILHA DO GOVERNADOR      ", "area_plane": "3", "codbairro": "102", "codra": 20, "codbnum": 102, "link": "Moneró                    &area=102               ", "rp": "Ilha do Governador", "cod_rp": "3.7", "codbairro_long": 102, "st_area(shape)": 520558.87802169909, "st_perimeter(shape)": 3538.2901734843808 }, "geometry": { "type": "Polygon", "coordinates": [ [ [ -43.191873863188334, -22.796101061604432 ], [ -43.191699825615082, -22.795959747988018 ], [ -43.191471652004587, -22.79544052458343 ], [ -43.191352486920451, -22.79492009832375 ], [ -43.191445942518328, -22.794731606185113 ], [ -43.191812786345963, -22.79458811968053 ], [ -43.192180119538286, -22.794606643424665 ], [ -43.192892847834024, -22.794438806476329 ], [ -43.193162224282588, -22.794145297956064 ], [ -43.193264127876567, -22.794158103828561 ], [ -43.193756398945531, -22.794747592478632 ], [ -43.194560557539063, -22.794936767732214 ], [ -43.195328795047686, -22.794421697099487 ], [ -43.195367692091217, -22.794359824012822 ], [ -43.195269637274365, -22.794239600703165 ], [ -43.19533275680412, -22.79415037198941 ], [ -43.195469670526691, -22.794174767843362 ], [ -43.195837290063942, -22.794571124448581 ], [ -43.195409982595784, -22.794054980623258 ], [ -43.195774110156748, -22.794072827610858 ], [ -43.195649624696905, -22.793940747285113 ], [ -43.196105630274687, -22.794074682070882 ], [ -43.196217502627491, -22.793973815103474 ], [ -43.196343597293911, -22.794065362537275 ], [ -43.196347559815024, -22.793971399567095 ], [ -43.196750011932934, -22.794074564796951 ], [ -43.197385220436672, -22.793794665656488 ], [ -43.199130661315188, -22.793551326905718 ], [ -43.199138118081464, -22.793621309290589 ], [ -43.200316209595748, -22.793838339222003 ], [ -43.200651028936562, -22.793811233386354 ], [ -43.200715337252909, -22.793942810725376 ], [ -43.202038279925297, -22.794188555199241 ], [ -43.202396239597412, -22.794491143765089 ], [ -43.202735631803193, -22.794605953289235 ], [ -43.201886142007886, -22.796735443792254 ], [ -43.200409656722044, -22.800044103743698 ], [ -43.199967424402736, -22.799920271912406 ], [ -43.19824440666779, -22.799955622183745 ], [ -43.197291597547228, -22.799602232603931 ], [ -43.194997310034822, -22.797849272839901 ], [ -43.194188418215113, -22.796901842213941 ], [ -43.192691667974664, -22.797648865716351 ], [ -43.192524191739061, -22.796869349832651 ], [ -43.192174929275247, -22.796012004921465 ], [ -43.191873863188334, -22.796101061604432 ] ] ] } },
{ "type": "Feature", "properties": { "objectid": 348, "nome": "Acari", "regiao_adm": "PAVUNA                  ", "area_plane": "3", "codbairro": "111", "codra": 25, "codbnum": 111, "link": "Acari                     &area=111               ", "rp": "Pavuna", "cod_rp": "3.6", "codbairro_long": 111, "st_area(shape)": 1605528.6053705823, "st_perimeter(shape)": 6408.7814578718071 }, "geometry": { "type": "Polygon", "coordinates": [ [ [ -43.34594025682091, -22.829187009905276 ], [ -43.334276226907477, -22.824902986323842 ], [ -43.334576667259597, -22.824335822591163 ], [ -43.334300586232509, -22.821940358835562 ], [ -43.334728316763517, -22.821904464842046 ], [ -43.334873645222515, -22.822859743115181 ], [ -43.334775138299044, -22.823076992714558 ], [ -43.334922513511422, -22.823143193089326 ], [ -43.335020429960501, -22.822982565878611 ], [ -43.334441566406198, -22.818239764862433 ], [ -43.334302080269893, -22.818238306664448 ], [ -43.334299327358231, -22.818464594802464 ], [ -43.332889476745649, -22.818239701360678 ], [ -43.332371608657091, -22.814094661224733 ], [ -43.332061146589197, -22.813438564417204 ], [ -43.333245380676715, -22.813675010844921 ], [ -43.333673788321541, -22.813837623474736 ], [ -43.334362771157394, -22.81427388983677 ], [ -43.336826471206649, -22.817022919750773 ], [ -43.337374928944811, -22.817160312674204 ], [ -43.338508794754198, -22.816573746605052 ], [ -43.338825965216692, -22.816535601373534 ], [ -43.339291098540656, -22.816683500728942 ], [ -43.340105204102535, -22.817352510110201 ], [ -43.340392297993077, -22.817457190539852 ], [ -43.340968478844516, -22.817485769364314 ], [ -43.34211867711624, -22.817222925700715 ], [ -43.342426989777955, -22.81724871089861 ], [ -43.343034616976425, -22.817866702079918 ], [ -43.343694672610383, -22.81885415148972 ], [ -43.344196504239918, -22.819327986967593 ], [ -43.346457887355903, -22.82069519686198 ], [ -43.34727111942361, -22.821271956514266 ], [ -43.34853554870157, -22.821975851610439 ], [ -43.349579605538587, -22.822196011094498 ], [ -43.351185213436736, -22.822699318507453 ], [ -43.350648722681314, -22.823781013149716 ], [ -43.34594025682091, -22.829187009905276 ] ] ] } },
{ "type": "Feature", "properties": { "objectid": 330, "nome": "Portuguesa", "regiao_adm": "ILHA DO GOVERNADOR      ", "area_plane": "3", "codbairro": "103", "codra": 20, "codbnum": 103, "link": "Portuguesa                &area=103               ", "rp": "Ilha do Governador", "cod_rp": "3.7", "codbairro_long": 103, "st_area(shape)": 1186412.6498072455, "st_perimeter(shape)": 5101.5297723238345 }, "geometry": { "type": "MultiPolygon", "coordinates": [ [ [ [ -43.207675426978156, -22.794989364477413 ], [ -43.207623722472945, -22.794466816539057 ], [ -43.20771343105897, -22.794339953906047 ], [ -43.207966441598721, -22.794290057315649 ], [ -43.208509171456683, -22.793982342798671 ], [ -43.209085444786631, -22.793455289211721 ], [ -43.209353275541318, -22.793023835301781 ], [ -43.210202813670492, -22.792207616099379 ], [ -43.210399826170139, -22.79212728684254 ], [ -43.210473715041289, -22.792174443827474 ], [ -43.211980372527854, -22.800609481297609 ], [ -43.212713628175848, -22.805395516654478 ], [ -43.212960890704245, -22.80561601710674 ], [ -43.212709687931593, -22.805697545131821 ], [ -43.212717592603937, -22.806032397995299 ], [ -43.21124225519641, -22.805832346435785 ], [ -43.210524319659619, -22.805955501806661 ], [ -43.209949802829563, -22.805941375493468 ], [ -43.206588445135587, -22.805023290306742 ], [ -43.206372857990608, -22.804943562955778 ], [ -43.20640828756887, -22.80478186323376 ], [ -43.206003960063533, -22.804491585478203 ], [ -43.204303528212336, -22.804137044521482 ], [ -43.204343417913869, -22.803917689519373 ], [ -43.201755479391714, -22.801126250337123 ], [ -43.201011304978366, -22.800370757704908 ], [ -43.200409656722044, -22.800044103743698 ], [ -43.201886142007886, -22.796735443792254 ], [ -43.202735631803193, -22.794605953289235 ], [ -43.202848442867548, -22.794693105350703 ], [ -43.203188586704968, -22.794742993668248 ], [ -43.203385541547597, -22.794585734378632 ], [ -43.203542932152892, -22.79460087293673 ], [ -43.203572075724658, -22.794725641390372 ], [ -43.203462061252914, -22.794841077504017 ], [ -43.203390662049102, -22.794804331421187 ], [ -43.203240251743829, -22.795088634117189 ], [ -43.203317046421397, -22.795263699704755 ], [ -43.203284412867959, -22.795100691758932 ], [ -43.203358638288066, -22.794966338992293 ], [ -43.203622597468168, -22.794846679055915 ], [ -43.203905736796941, -22.79491344200785 ], [ -43.204027527325707, -22.795266916046774 ], [ -43.204453487202052, -22.795345945491807 ], [ -43.205816593089239, -22.795263308327222 ], [ -43.207454081924219, -22.794651030386284 ], [ -43.207596727903216, -22.794766148181811 ], [ -43.207612471642399, -22.795021980484098 ], [ -43.207675426978156, -22.794989364477413 ] ] ], [ [ [ -43.203560446262379, -22.794817803511297 ], [ -43.203714108403815, -22.794597290983582 ], [ -43.203864094066439, -22.794635013397411 ], [ -43.203726077665259, -22.794806213104682 ], [ -43.203560446262379, -22.794817803511297 ] ] ] ] } },
{ "type": "Feature", "properties": { "objectid": 358, "nome": "Barros Filho", "regiao_adm": "PAVUNA                  ", "area_plane": "3", "codbairro": "112", "codra": 25, "codbnum": 112, "link": "Barros Filho              &area=112               ", "rp": "Pavuna", "cod_rp": "3.6", "codbairro_long": 112, "st_area(shape)": 1723868.9745021497, "st_perimeter(shape)": 7194.163300337611 }, "geometry": { "type": "Polygon", "coordinates": [ [ [ -43.35715224541233, -22.826552286532181 ], [ -43.358852250004318, -22.826299601676169 ], [ -43.359958789247635, -22.826033746654318 ], [ -43.360276898809801, -22.826170861664398 ], [ -43.36552759937441, -22.829890626282598 ], [ -43.365948721060498, -22.830026349337189 ], [ -43.366012463204903, -22.830734406761827 ], [ -43.366661188391248, -22.830812767780365 ], [ -43.366781552730771, -22.830670588966136 ], [ -43.36730367939861, -22.830556461547715 ], [ -43.367530011867551, -22.830596983030777 ], [ -43.36806688713262, -22.83097772396599 ], [ -43.369835182132974, -22.830353005084749 ], [ -43.369786396322759, -22.830113540978651 ], [ -43.369390387235363, -22.829602844191108 ], [ -43.369396482218519, -22.829516840526878 ], [ -43.370005152871805, -22.829064291764467 ], [ -43.370283796700789, -22.829047996409905 ], [ -43.37053827538498, -22.828892917615029 ], [ -43.370911240570074, -22.829178683829554 ], [ -43.37106207098055, -22.829505253897999 ], [ -43.371291840198708, -22.829698793329452 ], [ -43.372302973591502, -22.830304096522553 ], [ -43.372961476701803, -22.830420822722605 ], [ -43.373411614123803, -22.830731305104031 ], [ -43.373584199873918, -22.830957671498069 ], [ -43.37370411188688, -22.831713985391197 ], [ -43.374001721655624, -22.831988046905511 ], [ -43.370521087601624, -22.836030365347494 ], [ -43.36786866864432, -22.839304055817742 ], [ -43.3659975400709, -22.838143247387141 ], [ -43.364295128345816, -22.839441140346921 ], [ -43.363844418372871, -22.839960130731221 ], [ -43.363316753349679, -22.840868016852248 ], [ -43.361672666442331, -22.845564045400351 ], [ -43.361465906228389, -22.845839893096134 ], [ -43.36040039800173, -22.846782418607425 ], [ -43.35933256890511, -22.845554032763502 ], [ -43.358422499361431, -22.844675596430683 ], [ -43.358106886249217, -22.84426232970721 ], [ -43.357992895584957, -22.843879775071052 ], [ -43.358010077967506, -22.842984345526162 ], [ -43.358329368886984, -22.842392854725531 ], [ -43.35851766461407, -22.841691007203405 ], [ -43.3593659031188, -22.83967246402057 ], [ -43.359612902744743, -22.838811100254699 ], [ -43.360148398918561, -22.837495375181774 ], [ -43.360331721167142, -22.836434579062061 ], [ -43.360200259289527, -22.835867520623871 ], [ -43.359868249523906, -22.835083819300422 ], [ -43.359005436277862, -22.829734063387257 ], [ -43.358412094781166, -22.828239631983759 ], [ -43.35715224541233, -22.826552286532181 ] ] ] } },
{ "type": "Feature", "properties": { "objectid": 356, "nome": "Guadalupe", "regiao_adm": "ANCHIETA                ", "area_plane": "3", "codbairro": "106", "codra": 22, "codbnum": 106, "link": "Guadalupe                 &area=106               ", "rp": "Pavuna", "cod_rp": "3.6", "codbairro_long": 106, "st_area(shape)": 3820017.9815921276, "st_perimeter(shape)": 10384.246204600255 }, "geometry": { "type": "Polygon", "coordinates": [ [ [ -43.379733225721402, -22.825509018802492 ], [ -43.380496871343304, -22.825688647412463 ], [ -43.381536194455478, -22.825649538811302 ], [ -43.38227719775918, -22.825478430634135 ], [ -43.383386753397616, -22.824928771659895 ], [ -43.383684220069476, -22.824901987562033 ], [ -43.383855278722166, -22.824928558722878 ], [ -43.384504167353683, -22.825297469274286 ], [ -43.384884511820253, -22.825281548905874 ], [ -43.385117993963469, -22.825467519659924 ], [ -43.385206783947929, -22.826108725302078 ], [ -43.38575711489738, -22.827119468948556 ], [ -43.386249450274953, -22.827595972607803 ], [ -43.386855941453611, -22.82793473330576 ], [ -43.386779943438768, -22.828249149778038 ], [ -43.387180537774185, -22.828789295057302 ], [ -43.387276627956012, -22.829266750113362 ], [ -43.387231813119335, -22.829440056035317 ], [ -43.387327693097504, -22.829480673515711 ], [ -43.387371843441315, -22.82937193336619 ], [ -43.387340478634194, -22.828850428753555 ], [ -43.387225741483249, -22.828591158380473 ], [ -43.38688776659226, -22.828185669289407 ], [ -43.386980956512701, -22.828007978345017 ], [ -43.38750277881514, -22.828256469311558 ], [ -43.387966969652183, -22.828856770803707 ], [ -43.387843518952977, -22.829783743009472 ], [ -43.386454844850654, -22.830387679958051 ], [ -43.385536730231834, -22.831505100449661 ], [ -43.384015797608519, -22.833100375201813 ], [ -43.384992398004492, -22.83383999602604 ], [ -43.386168914298935, -22.835333570687805 ], [ -43.386687584512899, -22.836314188569578 ], [ -43.386859293272373, -22.836278627881818 ], [ -43.387045153387795, -22.836414534215361 ], [ -43.386979431296162, -22.836542923094424 ], [ -43.385842502290195, -22.836680324946773 ], [ -43.385121291733668, -22.836985760442616 ], [ -43.384783271847091, -22.837036879826535 ], [ -43.383164225468491, -22.83673759298458 ], [ -43.382221602788938, -22.836296152464634 ], [ -43.381056858727426, -22.836289281710297 ], [ -43.380883358728774, -22.836476086894407 ], [ -43.381131359166517, -22.836786388202029 ], [ -43.382559824294262, -22.83735686021236 ], [ -43.382647533274934, -22.837635728401423 ], [ -43.379895811269144, -22.846375957241197 ], [ -43.379646592128019, -22.846907430143752 ], [ -43.379847966545277, -22.847025709057696 ], [ -43.379597440178188, -22.848283990663393 ], [ -43.379064915763273, -22.850231812374254 ], [ -43.377181709819183, -22.85019103839635 ], [ -43.376698094118161, -22.850281474645225 ], [ -43.375790729813609, -22.85067229458706 ], [ -43.375215804385789, -22.850779224283592 ], [ -43.373861473527498, -22.850406588362851 ], [ -43.372701484831893, -22.849605598577917 ], [ -43.369173396842996, -22.848074394085383 ], [ -43.368294388794205, -22.847582947938474 ], [ -43.367619332116547, -22.847450675449714 ], [ -43.3668266633318, -22.847742827261083 ], [ -43.36582807357081, -22.847678028778279 ], [ -43.364688053340267, -22.847388797583594 ], [ -43.364200142470843, -22.847097410082124 ], [ -43.363448222927047, -22.846850177138869 ], [ -43.361786922289113, -22.84702328302464 ], [ -43.360753040468225, -22.847050208021724 ], [ -43.360540931154993, -22.846991669907009 ], [ -43.36040039800173, -22.846782418607425 ], [ -43.361465906228389, -22.845839893096134 ], [ -43.361672666442331, -22.845564045400351 ], [ -43.363316753349679, -22.840868016852248 ], [ -43.363844418372871, -22.839960130731221 ], [ -43.364295128345816, -22.839441140346921 ], [ -43.3659975400709, -22.838143247387141 ], [ -43.36786866864432, -22.839304055817742 ], [ -43.370521087601624, -22.836030365347494 ], [ -43.37273672640552, -22.83344222606933 ], [ -43.379733225721402, -22.825509018802492 ] ] ] } },
{ "type": "Feature", "properties": { "objectid": 360, "nome": "Ricardo de Albuquerque", "regiao_adm": "ANCHIETA                ", "area_plane": "3", "codbairro": "109", "codra": 22, "codbnum": 109, "link": "Ricardo de Albuquerque    &area=109               ", "rp": "Pavuna", "cod_rp": "3.6", "codbairro_long": 109, "st_area(shape)": 2116875.4980407129, "st_perimeter(shape)": 9196.7059782944652 }, "geometry": { "type": "Polygon", "coordinates": [ [ [ -43.387966969652183, -22.828856770803707 ], [ -43.388309197348853, -22.828347355571974 ], [ -43.388857633042718, -22.827849960571662 ], [ -43.389341657255756, -22.827560260349628 ], [ -43.389933088391466, -22.827357890703816 ], [ -43.392252108595841, -22.826907091768721 ], [ -43.392350127960349, -22.829121072609166 ], [ -43.39351429035608, -22.829330419580419 ], [ -43.394146879662408, -22.829581091376348 ], [ -43.396296235399802, -22.831380984074766 ], [ -43.395726889742392, -22.832108579940382 ], [ -43.395422273869322, -22.832835228521073 ], [ -43.39519811982953, -22.834053169449124 ], [ -43.395228568391204, -22.835087362369805 ], [ -43.395479713987697, -22.835921482511893 ], [ -43.395981073188352, -22.836755683739742 ], [ -43.397212677195306, -22.837867989701554 ], [ -43.397500386163209, -22.837553530191435 ], [ -43.39757903163958, -22.837061492903821 ], [ -43.397878516714194, -22.836673003535381 ], [ -43.399335257126189, -22.836674108150131 ], [ -43.39999587763667, -22.836856313266356 ], [ -43.400755981605073, -22.837255449881432 ], [ -43.401669726048326, -22.838223283059303 ], [ -43.402271469771676, -22.838458895392158 ], [ -43.402377550932947, -22.838419409926573 ], [ -43.402837965087571, -22.837040090943525 ], [ -43.403072815148704, -22.836887201634497 ], [ -43.403334827567043, -22.836903284677089 ], [ -43.403675817277517, -22.837014715384313 ], [ -43.403921342698084, -22.837199517712648 ], [ -43.406452239468223, -22.839398671953212 ], [ -43.408220268568463, -22.837688058374798 ], [ -43.411076789387742, -22.840700587151808 ], [ -43.409626896317107, -22.842318860270552 ], [ -43.409926514226548, -22.842587730999234 ], [ -43.406800141219044, -22.846278225052547 ], [ -43.403989267396305, -22.844429835057351 ], [ -43.402725764601399, -22.845162956061106 ], [ -43.401857075425617, -22.844504444046873 ], [ -43.401258723757159, -22.845251635658553 ], [ -43.397160487595926, -22.845505832626984 ], [ -43.396385422157174, -22.845357683591629 ], [ -43.396723865972938, -22.844349422101683 ], [ -43.397349739125936, -22.843292305874428 ], [ -43.397522431120763, -22.842832553918793 ], [ -43.398105514270306, -22.842033474534322 ], [ -43.398241855969459, -22.841274242469076 ], [ -43.398175950703411, -22.840095825953345 ], [ -43.396294537971215, -22.84019501438522 ], [ -43.395880284303033, -22.840190841178764 ], [ -43.395491295285765, -22.840076110356019 ], [ -43.395015230038403, -22.839908840941444 ], [ -43.394899579323699, -22.839235757633798 ], [ -43.391472947902585, -22.837949459459367 ], [ -43.386979431296162, -22.836542923094424 ], [ -43.387045153387795, -22.836414534215361 ], [ -43.386859293272373, -22.836278627881818 ], [ -43.386687584512899, -22.836314188569578 ], [ -43.386168914298935, -22.835333570687805 ], [ -43.384992398004492, -22.83383999602604 ], [ -43.384015797608519, -22.833100375201813 ], [ -43.385536730231834, -22.831505100449661 ], [ -43.386454844850654, -22.830387679958051 ], [ -43.387843518952977, -22.829783743009472 ], [ -43.387966969652183, -22.828856770803707 ] ] ] } },
{ "type": "Feature", "properties": { "objectid": 347, "nome": "Anchieta", "regiao_adm": "ANCHIETA                ", "area_plane": "3", "codbairro": "107", "codra": 22, "codbnum": 107, "link": "Anchieta                  &area=107               ", "rp": "Pavuna", "cod_rp": "3.6", "codbairro_long": 107, "st_area(shape)": 4345738.7209825767, "st_perimeter(shape)": 11471.434325252452 }, "geometry": { "type": "Polygon", "coordinates": [ [ [ -43.379733225721402, -22.825509018802492 ], [ -43.381981300120856, -22.822998640183265 ], [ -43.382945822864848, -22.822188858039521 ], [ -43.384281174279337, -22.820458946884475 ], [ -43.386710463528729, -22.817834096222956 ], [ -43.388301969366054, -22.816184225743445 ], [ -43.388749913940025, -22.815819202527571 ], [ -43.39046323840747, -22.813780124702834 ], [ -43.391459782507319, -22.814273532428743 ], [ -43.391868903176018, -22.814343135706306 ], [ -43.392924059660494, -22.814790438698704 ], [ -43.393865215970045, -22.814940813737255 ], [ -43.395371641196462, -22.815387409039264 ], [ -43.398251014230581, -22.816542384812831 ], [ -43.400773795517864, -22.817445376383873 ], [ -43.403406163877321, -22.818736953919263 ], [ -43.404469833255945, -22.819471820904713 ], [ -43.40503125677418, -22.819724807328384 ], [ -43.405959967208283, -22.820295842777657 ], [ -43.407343140497659, -22.820928132821329 ], [ -43.407671613011949, -22.821157918509677 ], [ -43.407980355519179, -22.821149082840268 ], [ -43.409421091930831, -22.820425803073224 ], [ -43.410748349852895, -22.820194662944154 ], [ -43.411250107562729, -22.820309938279649 ], [ -43.411921719054263, -22.820614664061416 ], [ -43.412653341024047, -22.820735207392492 ], [ -43.413254996035846, -22.820973664152525 ], [ -43.414260831684672, -22.821013481745414 ], [ -43.414862355033705, -22.821263851601223 ], [ -43.415290149978581, -22.821524414304189 ], [ -43.41591925274664, -22.822725772915707 ], [ -43.416992099371861, -22.823922600459685 ], [ -43.417111535830038, -22.824159231202778 ], [ -43.417124138948424, -22.824737536071474 ], [ -43.41745390986673, -22.825691530040693 ], [ -43.4176513637683, -22.825854428851908 ], [ -43.417835774535178, -22.826168107781218 ], [ -43.417640267879712, -22.826317077456181 ], [ -43.413634044746097, -22.831895913405962 ], [ -43.409628504776002, -22.834729963555411 ], [ -43.409248165770784, -22.834776468326325 ], [ -43.408719343631304, -22.83458803237372 ], [ -43.408612068184077, -22.834479128026626 ], [ -43.407337699938665, -22.832749196243444 ], [ -43.406854177075985, -22.831005583878067 ], [ -43.40666672741142, -22.83101319230575 ], [ -43.406645672189121, -22.830938835659303 ], [ -43.405774920219621, -22.83065530303428 ], [ -43.404523208161685, -22.830481109649433 ], [ -43.404222526463101, -22.828017189430302 ], [ -43.404099412640676, -22.827604584021376 ], [ -43.403784694999509, -22.827005101849711 ], [ -43.40384335419985, -22.826962610958553 ], [ -43.402881057140547, -22.825902096705018 ], [ -43.402845303412988, -22.825643085361577 ], [ -43.402389165869025, -22.825207452355773 ], [ -43.399704038490817, -22.828319193304441 ], [ -43.396296235399802, -22.831380984074766 ], [ -43.394146879662408, -22.829581091376348 ], [ -43.39351429035608, -22.829330419580419 ], [ -43.392350127960349, -22.829121072609166 ], [ -43.392252108595841, -22.826907091768721 ], [ -43.389933088391466, -22.827357890703816 ], [ -43.389341657255756, -22.827560260349628 ], [ -43.388857633042718, -22.827849960571662 ], [ -43.388309197348853, -22.828347355571974 ], [ -43.387966969652183, -22.828856770803707 ], [ -43.38750277881514, -22.828256469311558 ], [ -43.386980956512701, -22.828007978345017 ], [ -43.38688776659226, -22.828185669289407 ], [ -43.387225741483249, -22.828591158380473 ], [ -43.387340478634194, -22.828850428753555 ], [ -43.387385307925022, -22.829138796678841 ], [ -43.387327693097504, -22.829480673515711 ], [ -43.387231813119335, -22.829440056035317 ], [ -43.387276627956012, -22.829266750113362 ], [ -43.387180537774185, -22.828789295057302 ], [ -43.386779943438768, -22.828249149778038 ], [ -43.386855941453611, -22.82793473330576 ], [ -43.386249450274953, -22.827595972607803 ], [ -43.38575711489738, -22.827119468948556 ], [ -43.385206783947929, -22.826108725302078 ], [ -43.385117993963469, -22.825467519659924 ], [ -43.38492987050531, -22.825301786053927 ], [ -43.384504167353683, -22.825297469274286 ], [ -43.383855278722166, -22.824928558722878 ], [ -43.383684220069476, -22.824901987562033 ], [ -43.383386753397616, -22.824928771659895 ], [ -43.38227719775918, -22.825478430634135 ], [ -43.381536194455478, -22.825649538811302 ], [ -43.380496871343304, -22.825688647412463 ], [ -43.379733225721402, -22.825509018802492 ] ] ] } },
{ "type": "Feature", "properties": { "objectid": 355, "nome": "Coelho Neto", "regiao_adm": "PAVUNA                  ", "area_plane": "3", "codbairro": "110", "codra": 25, "codbnum": 110, "link": "Coelho Neto               &area=110               ", "rp": "Pavuna", "cod_rp": "3.6", "codbairro_long": 110, "st_area(shape)": 2511977.1505050901, "st_perimeter(shape)": 7534.5486938990953 }, "geometry": { "type": "Polygon", "coordinates": [ [ [ -43.337277251067633, -22.825956917366085 ], [ -43.34594025682091, -22.829187009905276 ], [ -43.350648722681314, -22.823781013149716 ], [ -43.351185213436736, -22.822699318507453 ], [ -43.351750708773629, -22.822913695707381 ], [ -43.352156806997598, -22.823258548748285 ], [ -43.352673564669097, -22.8238965171705 ], [ -43.353518996334664, -22.824464819761555 ], [ -43.356231971886764, -22.825390974839006 ], [ -43.356849203093155, -22.825947604658236 ], [ -43.35725020622391, -22.826743310662742 ], [ -43.358412094781166, -22.828239631983759 ], [ -43.359005436277862, -22.829734063387257 ], [ -43.359868249523906, -22.835083819300422 ], [ -43.360200259289527, -22.835867520623871 ], [ -43.359734014810499, -22.83607296180039 ], [ -43.357101123751292, -22.837967261907544 ], [ -43.355464253881429, -22.839204864586819 ], [ -43.355266655788135, -22.839561263426585 ], [ -43.354710860976809, -22.83933642860514 ], [ -43.349885612812393, -22.838355396935317 ], [ -43.348692545373538, -22.837885517771785 ], [ -43.348494443499156, -22.837741857170577 ], [ -43.348220907996513, -22.838011305026836 ], [ -43.346966391182363, -22.839708575508386 ], [ -43.345943763782593, -22.839051425835734 ], [ -43.345119190978089, -22.838703563504954 ], [ -43.344690864872007, -22.838711934976228 ], [ -43.344609912853521, -22.838557476394804 ], [ -43.340812791158676, -22.835280165414705 ], [ -43.341208118227776, -22.833942461427462 ], [ -43.341908630535038, -22.833019294652136 ], [ -43.342396756366398, -22.832561086217435 ], [ -43.342095400450702, -22.832328291455507 ], [ -43.342174018287672, -22.832240424792815 ], [ -43.34171778387762, -22.831876151571048 ], [ -43.34148606623296, -22.83138823242583 ], [ -43.341186462520518, -22.831099642932166 ], [ -43.340649774529929, -22.830163589820344 ], [ -43.339405321914128, -22.828413238176079 ], [ -43.339245797691262, -22.827573228830637 ], [ -43.338959718491196, -22.827174689118806 ], [ -43.337158559437732, -22.826544588632959 ], [ -43.337277251067633, -22.825956917366085 ] ] ] } },
{ "type": "Feature", "properties": { "objectid": 457, "nome": "Cidade de Deus", "regiao_adm": "CIDADE DE DEUS          ", "area_plane": "4", "codbairro": "118", "codra": 34, "codbnum": 118, "link": "Cidade de Deus            &area=118               ", "rp": "Jacarepaguá", "cod_rp": "4.1", "codbairro_long": 118, "st_area(shape)": 1273028.1816294906, "st_perimeter(shape)": 7243.9344316675924 }, "geometry": { "type": "Polygon", "coordinates": [ [ [ -43.3608954169963, -22.941600029778161 ], [ -43.361991838091406, -22.941427123615608 ], [ -43.362754091417237, -22.943872710255107 ], [ -43.362924067247654, -22.944219986621086 ], [ -43.364291023841467, -22.944986544955036 ], [ -43.365233601642466, -22.944504886516853 ], [ -43.365714379221941, -22.94381879086578 ], [ -43.367359663402574, -22.944364493815538 ], [ -43.367399627229418, -22.944292565430587 ], [ -43.36752023973515, -22.94430952219728 ], [ -43.367635409983095, -22.943934838541246 ], [ -43.368524122553673, -22.943820887282104 ], [ -43.369468390191948, -22.94339981843904 ], [ -43.369531619750568, -22.943257958980059 ], [ -43.36947350106238, -22.942973247157685 ], [ -43.369235861250296, -22.942623926039023 ], [ -43.36846940735871, -22.941877765522289 ], [ -43.37046154909423, -22.94166397521921 ], [ -43.370568736522308, -22.941718900515045 ], [ -43.370662669225204, -22.942180534077519 ], [ -43.371442971090069, -22.942096429517065 ], [ -43.370888144981734, -22.944808783046966 ], [ -43.371273606764184, -22.946544156591205 ], [ -43.371560462627706, -22.946823449463295 ], [ -43.371693339290083, -22.946801784484773 ], [ -43.371777782018157, -22.946679830265559 ], [ -43.371839489245595, -22.94706437027202 ], [ -43.372320357409968, -22.948447519505237 ], [ -43.368988023018161, -22.948405615271088 ], [ -43.368511569417947, -22.948039840216943 ], [ -43.368436702673961, -22.948062099104032 ], [ -43.367190533651517, -22.949999508298006 ], [ -43.3654051554932, -22.951620418327298 ], [ -43.364795078458869, -22.951330016095131 ], [ -43.36457525536575, -22.951688625426133 ], [ -43.364216472456924, -22.95187692395551 ], [ -43.362114508522154, -22.951901289591568 ], [ -43.361630569274816, -22.95214961039467 ], [ -43.360116612735013, -22.953258856317792 ], [ -43.359867136490678, -22.953317686805974 ], [ -43.35871417575374, -22.953359493491952 ], [ -43.358339364926159, -22.953509229974628 ], [ -43.357555062411912, -22.953232350204587 ], [ -43.357396211002026, -22.953660035868239 ], [ -43.357116602570358, -22.953791337085647 ], [ -43.356763994674886, -22.953660893038975 ], [ -43.355389228256826, -22.953505038861092 ], [ -43.35418994925363, -22.952829096208223 ], [ -43.352987034857648, -22.952726553189905 ], [ -43.353166103099433, -22.951769326044165 ], [ -43.353363392142946, -22.949871172259531 ], [ -43.355730701062228, -22.949362328714841 ], [ -43.356293296855547, -22.950347715950826 ], [ -43.356399903524945, -22.950698609058236 ], [ -43.357630999189247, -22.948913378531966 ], [ -43.358374113347345, -22.948625488319458 ], [ -43.359155580077278, -22.948060291586771 ], [ -43.359997200762081, -22.947996928269056 ], [ -43.360024795743051, -22.9470021856405 ], [ -43.359380161234704, -22.946224007396072 ], [ -43.35852821091747, -22.945851068986375 ], [ -43.358681942698169, -22.9453695934004 ], [ -43.358426086390487, -22.945287656534273 ], [ -43.358489683876712, -22.945172899545927 ], [ -43.358777619163419, -22.945190328025131 ], [ -43.359160045194628, -22.943889405222631 ], [ -43.361342880850017, -22.94368158618062 ], [ -43.3608954169963, -22.941600029778161 ] ] ] } },
{ "type": "Feature", "properties": { "objectid": 459, "nome": "Anil", "regiao_adm": "JACAREPAGUA             ", "area_plane": "4", "codbairro": "116", "codra": 16, "codbnum": 116, "link": "Anil                      &area=116               ", "rp": "Jacarepaguá", "cod_rp": "4.1", "codbairro_long": 116, "st_area(shape)": 3500419.9916714062, "st_perimeter(shape)": 10834.606579470279 }, "geometry": { "type": "Polygon", "coordinates": [ [ [ -43.335513244269336, -22.958804606144874 ], [ -43.337080482959031, -22.955368016307037 ], [ -43.334673095363286, -22.95619336921456 ], [ -43.334981840844151, -22.957125252614503 ], [ -43.334938476541566, -22.957226214360439 ], [ -43.333286121579192, -22.957981352465154 ], [ -43.333212078307668, -22.957832379396223 ], [ -43.331602020908221, -22.95856455565637 ], [ -43.331251843968765, -22.957577594385587 ], [ -43.33046284180449, -22.957662939055279 ], [ -43.330414150773485, -22.957514139628113 ], [ -43.329680619332834, -22.957545428028983 ], [ -43.329213866639769, -22.957134757781752 ], [ -43.329195896498973, -22.956533748024871 ], [ -43.329072595657657, -22.956282747112745 ], [ -43.329075663119639, -22.956033076736524 ], [ -43.328634126896297, -22.954935876150447 ], [ -43.328517249338475, -22.954844968454509 ], [ -43.327960794748833, -22.954870258986301 ], [ -43.327658325149507, -22.954804665995535 ], [ -43.327231885208363, -22.954534844587524 ], [ -43.32695840958268, -22.95415736131881 ], [ -43.326847149684752, -22.953617769397443 ], [ -43.327151030788315, -22.952204673129021 ], [ -43.327845919015004, -22.951197569286457 ], [ -43.328564326265848, -22.950331137818985 ], [ -43.328998803564517, -22.949945583587034 ], [ -43.329140022553787, -22.949420303894712 ], [ -43.329890803646165, -22.948663478361215 ], [ -43.329731709560271, -22.947897073684913 ], [ -43.330412801283906, -22.94663613417757 ], [ -43.330400816996566, -22.94624587930355 ], [ -43.33024694773178, -22.945736995011554 ], [ -43.330266018489986, -22.945557753323037 ], [ -43.330695536226123, -22.94488333713721 ], [ -43.330615021260108, -22.943895417299753 ], [ -43.331322306011145, -22.943247309449365 ], [ -43.331555295575711, -22.943140577087114 ], [ -43.335403880900529, -22.94432809924184 ], [ -43.337389036043604, -22.946670388155614 ], [ -43.33906144634917, -22.947717966690327 ], [ -43.339195427435214, -22.947781863848078 ], [ -43.339280239380116, -22.947735881677449 ], [ -43.339631108455023, -22.947294783447727 ], [ -43.339812335277216, -22.947290810145397 ], [ -43.340476835149019, -22.948078119034079 ], [ -43.340789791434908, -22.948666685000024 ], [ -43.34132927296271, -22.949343408799685 ], [ -43.341477558417083, -22.949618053212845 ], [ -43.34162771802837, -22.950435111023655 ], [ -43.342420505629164, -22.951067700823085 ], [ -43.343411247416725, -22.952045618376513 ], [ -43.343796569693623, -22.952931415340142 ], [ -43.344888161671882, -22.952899915698605 ], [ -43.345927790314164, -22.953324373130631 ], [ -43.346703234195751, -22.95330907031472 ], [ -43.348352983030225, -22.953802276317631 ], [ -43.349399926449927, -22.954501418606345 ], [ -43.349213685603004, -22.954596381428019 ], [ -43.349628130766675, -22.954966537279656 ], [ -43.349693610928327, -22.955123272170084 ], [ -43.349637613326756, -22.955575316799312 ], [ -43.34942652576224, -22.955604276478237 ], [ -43.34835004862849, -22.956123724616301 ], [ -43.344868567475793, -22.956930187746579 ], [ -43.343518979038201, -22.957388230945824 ], [ -43.343640317108765, -22.95958002418724 ], [ -43.34458892280194, -22.961837531242978 ], [ -43.348056097706056, -22.966802198822297 ], [ -43.347799408311438, -22.966962443129368 ], [ -43.347526982486315, -22.966949396967181 ], [ -43.347124700341816, -22.967268959198844 ], [ -43.346055027167722, -22.967461267676754 ], [ -43.345923951083797, -22.967557614747687 ], [ -43.345901247694826, -22.967659968290963 ], [ -43.346085106118693, -22.968115326436127 ], [ -43.346628868614239, -22.968953282770972 ], [ -43.346826910225374, -22.969718093803106 ], [ -43.346817384377793, -22.970204487178261 ], [ -43.346691692801024, -22.970547342747942 ], [ -43.346307201795945, -22.971014923587557 ], [ -43.345690279422563, -22.971491637098637 ], [ -43.344990884973342, -22.971836719373059 ], [ -43.343720643214134, -22.971965776954466 ], [ -43.340426595927219, -22.971132905754214 ], [ -43.339291575322989, -22.970093218889641 ], [ -43.338130039526327, -22.967737725788279 ], [ -43.338271010933333, -22.966896445271626 ], [ -43.337980735012991, -22.965822435009493 ], [ -43.336753409549793, -22.965230144960394 ], [ -43.335990781112905, -22.964710997839727 ], [ -43.33587751223326, -22.964674679057783 ], [ -43.335715868950317, -22.964797879401562 ], [ -43.335127804398212, -22.964820964873805 ], [ -43.334799186129459, -22.962062839849629 ], [ -43.334760139249852, -22.961126023243693 ], [ -43.335034793322919, -22.960032564067728 ], [ -43.335513244269336, -22.958804606144874 ] ] ] } },
{ "type": "Feature", "properties": { "objectid": 337, "nome": "Pavuna", "regiao_adm": "PAVUNA                  ", "area_plane": "3", "codbairro": "114", "codra": 25, "codbnum": 114, "link": "Pavuna                    &area=114               ", "rp": "Pavuna", "cod_rp": "3.6", "codbairro_long": 114, "st_area(shape)": 8311428.0302844699, "st_perimeter(shape)": 18418.081855646145 }, "geometry": { "type": "Polygon", "coordinates": [ [ [ -43.327750143450103, -22.802222255131884 ], [ -43.328563810063258, -22.802612165980491 ], [ -43.3307954784839, -22.802736786502798 ], [ -43.331534761318046, -22.802668665639498 ], [ -43.332953081558955, -22.802728477310605 ], [ -43.334333040262671, -22.802955131181438 ], [ -43.335667821301541, -22.803036532212886 ], [ -43.338829585022445, -22.803111687884677 ], [ -43.346987387129765, -22.803533795178534 ], [ -43.347449576404273, -22.803696991407541 ], [ -43.348378768245951, -22.80375358278998 ], [ -43.348636604960589, -22.803543934566918 ], [ -43.349274170309222, -22.803251248789245 ], [ -43.352356707858455, -22.802788869537494 ], [ -43.353954488732953, -22.802409814986781 ], [ -43.356358240856331, -22.802719455383965 ], [ -43.357474618434139, -22.802616448136003 ], [ -43.357842948740348, -22.802671268280516 ], [ -43.359631923700725, -22.803049574728909 ], [ -43.361601939272546, -22.804475250975894 ], [ -43.365452744801523, -22.804086980815509 ], [ -43.36747731120704, -22.804963333797208 ], [ -43.370116165386378, -22.805309133710839 ], [ -43.37228150028659, -22.807172974701906 ], [ -43.37433185875279, -22.807566524399977 ], [ -43.375841890019494, -22.808608033332472 ], [ -43.376306569172336, -22.809239709333557 ], [ -43.376461886847665, -22.81024753870334 ], [ -43.376559654948927, -22.810529943094476 ], [ -43.376797563739174, -22.810791470708661 ], [ -43.37711919652331, -22.810893004715808 ], [ -43.377668830194935, -22.81086735217902 ], [ -43.379688454669562, -22.810628795593789 ], [ -43.380146103858394, -22.811033345783681 ], [ -43.381099970220568, -22.811217339714897 ], [ -43.382170140654281, -22.811790304385124 ], [ -43.383093972595276, -22.812027083957418 ], [ -43.383892987504055, -22.812638107881046 ], [ -43.3842106456515, -22.813102188483107 ], [ -43.384448490233709, -22.813692797437671 ], [ -43.384828599997114, -22.813999826537376 ], [ -43.386359478802426, -22.814285275540946 ], [ -43.387518164422183, -22.814782790334803 ], [ -43.387805978565076, -22.814812615301186 ], [ -43.389335302404717, -22.813856869495631 ], [ -43.389968216774385, -22.813659071111275 ], [ -43.39046323840747, -22.813780124702834 ], [ -43.388749913940025, -22.815819202527571 ], [ -43.388301969366054, -22.816184225743445 ], [ -43.386710463528729, -22.817834096222956 ], [ -43.384281174279337, -22.820458946884475 ], [ -43.382945822864848, -22.822188858039521 ], [ -43.381981300120856, -22.822998640183265 ], [ -43.379828896599506, -22.825402251747079 ], [ -43.379144155938292, -22.82520716786625 ], [ -43.378367349823286, -22.824633643038567 ], [ -43.377621729821875, -22.824528605334137 ], [ -43.378249470972598, -22.823481878104197 ], [ -43.377632179010455, -22.822315278800144 ], [ -43.376767241256125, -22.821190040134226 ], [ -43.375416314076212, -22.820020830805852 ], [ -43.375045601959513, -22.819792716955021 ], [ -43.371216449196865, -22.820494710012902 ], [ -43.370211670355403, -22.820516133595717 ], [ -43.370087969782617, -22.816765700961028 ], [ -43.369769922676284, -22.816755131176148 ], [ -43.369696050094845, -22.816773882484242 ], [ -43.36844801355393, -22.818898947013977 ], [ -43.36801472846107, -22.819074860888865 ], [ -43.366941026992556, -22.819141887692467 ], [ -43.366443357046656, -22.819414675445294 ], [ -43.365918711711785, -22.821074261660296 ], [ -43.365395817432614, -22.820815396465932 ], [ -43.365279656111738, -22.820638640729925 ], [ -43.364996752956543, -22.820547954835764 ], [ -43.363545336420486, -22.820533053881046 ], [ -43.363189374621093, -22.820392937898269 ], [ -43.362892075499794, -22.821506302237616 ], [ -43.363144292144725, -22.822403512841753 ], [ -43.36307609774159, -22.822827000741917 ], [ -43.362551307458851, -22.823394450661116 ], [ -43.361819692643628, -22.823879299753802 ], [ -43.36120768405695, -22.824081622957891 ], [ -43.360829396735838, -22.824446829654473 ], [ -43.360513821864259, -22.824887278122983 ], [ -43.359958789247635, -22.826033746654318 ], [ -43.358852250004318, -22.826299601676169 ], [ -43.35715224541233, -22.826552286532181 ], [ -43.356849203093155, -22.825947604658236 ], [ -43.356231971886764, -22.825390974839006 ], [ -43.353518996334664, -22.824464819761555 ], [ -43.352673564669097, -22.8238965171705 ], [ -43.352156806997598, -22.823258548748285 ], [ -43.351750708773629, -22.822913695707381 ], [ -43.351217238648339, -22.822709492871404 ], [ -43.35157468510927, -22.821407214688534 ], [ -43.351917801024577, -22.820687381694537 ], [ -43.351722690886049, -22.820110535169402 ], [ -43.351420848290296, -22.819716730180787 ], [ -43.350826447804771, -22.819323057509393 ], [ -43.349675243947978, -22.818884873198236 ], [ -43.347726509962662, -22.817853924435891 ], [ -43.347203372144854, -22.817756471723829 ], [ -43.347118863670147, -22.816969354563316 ], [ -43.34735219382992, -22.812932017257168 ], [ -43.347319857709017, -22.811575401444529 ], [ -43.34723059674721, -22.811174041441149 ], [ -43.346838532963702, -22.810323948594387 ], [ -43.346538730956873, -22.809771841308166 ], [ -43.346096237488275, -22.809202179459962 ], [ -43.345295544090106, -22.808730487260259 ], [ -43.344454801664895, -22.80855061784019 ], [ -43.340998247153713, -22.808795632166479 ], [ -43.340520819998765, -22.808530658571552 ], [ -43.339917972832076, -22.807691270386606 ], [ -43.330919022180147, -22.812664479455613 ], [ -43.330476894266461, -22.811614062885486 ], [ -43.330469531561157, -22.811243173586696 ], [ -43.330635435702888, -22.81085892640241 ], [ -43.331475426461914, -22.809532492936007 ], [ -43.331350478320395, -22.808778002196075 ], [ -43.330713294217368, -22.807403316475149 ], [ -43.329206792273425, -22.80611181781844 ], [ -43.32890516741422, -22.805755815270597 ], [ -43.328268829065088, -22.804578548668104 ], [ -43.327891305958012, -22.804080594520855 ], [ -43.327742213259185, -22.803582326801795 ], [ -43.327610073848057, -22.802421454612819 ], [ -43.327750143450103, -22.802222255131884 ] ] ] } },
{ "type": "Feature", "properties": { "objectid": 433, "nome": "Freguesia (Jacarepaguá)", "regiao_adm": "JACAREPAGUA             ", "area_plane": "4", "codbairro": "120", "codra": 16, "codbnum": 120, "link": "Freguesia (Jacarepaguá)   &area=120               ", "rp": "Jacarepaguá", "cod_rp": "4.1", "codbairro_long": 120, "st_area(shape)": 10328433.605494745, "st_perimeter(shape)": 17756.801444404136 }, "geometry": { "type": "Polygon", "coordinates": [ [ [ -43.328870427071017, -22.911361484509065 ], [ -43.329699024238614, -22.908969615818634 ], [ -43.330401120539442, -22.907687027448553 ], [ -43.33138387119017, -22.906458860281646 ], [ -43.333015079112897, -22.905770672786286 ], [ -43.333563655864204, -22.906556516145987 ], [ -43.333608886846697, -22.906955434528353 ], [ -43.333761806403395, -22.907348796983207 ], [ -43.33480376981764, -22.908604902161155 ], [ -43.335002286051925, -22.909958367695339 ], [ -43.335443256827389, -22.910241860348442 ], [ -43.335614162224445, -22.910927651607381 ], [ -43.335777549726366, -22.912220960227252 ], [ -43.336598187124714, -22.912820627175964 ], [ -43.338179572748565, -22.913640662320429 ], [ -43.340586635679593, -22.914658596960329 ], [ -43.342580850905087, -22.915140992180365 ], [ -43.343141846515188, -22.915578432600938 ], [ -43.343505058054568, -22.916359239875643 ], [ -43.343701260477467, -22.91734953896982 ], [ -43.343800514745467, -22.917509156707162 ], [ -43.344356441933002, -22.917875558574899 ], [ -43.34438500737712, -22.9180921463503 ], [ -43.343655912120127, -22.919155247171513 ], [ -43.343119238580641, -22.920404220928713 ], [ -43.343010160876887, -22.921052043144211 ], [ -43.343302056975539, -22.922014080050324 ], [ -43.343461012104093, -22.921954599503067 ], [ -43.343381502603499, -22.922536263055378 ], [ -43.343441191890079, -22.923015432572164 ], [ -43.343276563239826, -22.923477091300164 ], [ -43.344069715088608, -22.925535922119344 ], [ -43.344053202889363, -22.925739306051298 ], [ -43.343854551735248, -22.925927784523381 ], [ -43.343450629201755, -22.926079444017894 ], [ -43.342983733892574, -22.926414584813241 ], [ -43.342820467945224, -22.926763639946895 ], [ -43.342724045692954, -22.927388383932119 ], [ -43.34384416574278, -22.927551704607314 ], [ -43.344197922328149, -22.927685258244335 ], [ -43.344087973552703, -22.927883332628639 ], [ -43.347334743105741, -22.929837860298132 ], [ -43.347866823722818, -22.930293771906801 ], [ -43.348516541666442, -22.931662573823427 ], [ -43.349005227733876, -22.932232810473426 ], [ -43.349112397414636, -22.932649619160433 ], [ -43.349116033660628, -22.933121702752828 ], [ -43.349342930183738, -22.933305945883124 ], [ -43.349810081766286, -22.933336812819078 ], [ -43.350418393714861, -22.933683149071729 ], [ -43.351392438742749, -22.934908019359888 ], [ -43.351713717865586, -22.936180198929062 ], [ -43.352850341786862, -22.93730722851204 ], [ -43.353213578497822, -22.938006017620793 ], [ -43.354067507550617, -22.938153500728198 ], [ -43.354765087711797, -22.938853586000434 ], [ -43.356074393942833, -22.939040459989045 ], [ -43.356583006706821, -22.940290730812539 ], [ -43.35778181124433, -22.940335654937186 ], [ -43.35826224572785, -22.940431567041816 ], [ -43.358729710255446, -22.940834848094724 ], [ -43.359937046864296, -22.941531605955124 ], [ -43.360930926381734, -22.941744259212108 ], [ -43.361342880850017, -22.94368158618062 ], [ -43.359160045194628, -22.943889405222631 ], [ -43.358777619163419, -22.945190328025131 ], [ -43.358489683876712, -22.945172899545927 ], [ -43.358426086390487, -22.945287656534273 ], [ -43.358681942698169, -22.9453695934004 ], [ -43.35852821091747, -22.945851068986375 ], [ -43.359380161234704, -22.946224007396072 ], [ -43.360024795743051, -22.9470021856405 ], [ -43.359997200762081, -22.947996928269056 ], [ -43.359155580077278, -22.948060291586771 ], [ -43.358374113347345, -22.948625488319458 ], [ -43.357630999189247, -22.948913378531966 ], [ -43.356399903524945, -22.950698609058236 ], [ -43.356293296855547, -22.950347715950826 ], [ -43.355730701062228, -22.949362328714841 ], [ -43.353363392142946, -22.949871172259531 ], [ -43.353166103099433, -22.951769326044165 ], [ -43.352987034857648, -22.952726553189905 ], [ -43.352021485620668, -22.9527394810098 ], [ -43.351158476119323, -22.953543111057432 ], [ -43.349399926449927, -22.954501418606345 ], [ -43.348352983030225, -22.953802276317631 ], [ -43.346703234195751, -22.95330907031472 ], [ -43.345927790314164, -22.953324373130631 ], [ -43.344888161671882, -22.952899915698605 ], [ -43.343796569693623, -22.952931415340142 ], [ -43.343411247416725, -22.952045618376513 ], [ -43.342420505629164, -22.951067700823085 ], [ -43.34162771802837, -22.950435111023655 ], [ -43.341477558417083, -22.949618053212845 ], [ -43.34132927296271, -22.949343408799685 ], [ -43.340789791434908, -22.948666685000024 ], [ -43.340476835149019, -22.948078119034079 ], [ -43.339812335277216, -22.947290810145397 ], [ -43.339631108455023, -22.947294783447727 ], [ -43.339195427435214, -22.947781863848078 ], [ -43.33765614491837, -22.94687611136683 ], [ -43.337389036043604, -22.946670388155614 ], [ -43.335403880900529, -22.94432809924184 ], [ -43.331555295575711, -22.943140577087114 ], [ -43.325322893580669, -22.940218916437061 ], [ -43.325399989795109, -22.939642930403259 ], [ -43.325356351122316, -22.939393672791237 ], [ -43.32561572847591, -22.939194480163295 ], [ -43.325244536590063, -22.938361443064608 ], [ -43.325646759398822, -22.937940246088697 ], [ -43.325687608134864, -22.937782093293492 ], [ -43.325666789913889, -22.937579949135845 ], [ -43.325518628119994, -22.937600057003408 ], [ -43.325377966106835, -22.936376430728387 ], [ -43.325607026532737, -22.936104852828421 ], [ -43.326460631312301, -22.935695638966816 ], [ -43.327237839996435, -22.93516306673812 ], [ -43.328379677241131, -22.934100789350474 ], [ -43.32440836838785, -22.930713259818706 ], [ -43.323974455895318, -22.930550097344206 ], [ -43.322705318253284, -22.930572723727604 ], [ -43.322272561391664, -22.930315829106089 ], [ -43.322044585759897, -22.929866394073105 ], [ -43.324605304838812, -22.928392247997952 ], [ -43.325699801844301, -22.927608448953706 ], [ -43.325804802682775, -22.927299529085829 ], [ -43.325818360926711, -22.92619655393149 ], [ -43.326326569613215, -22.924684371391823 ], [ -43.326667722330455, -22.922960818304407 ], [ -43.326284077354984, -22.922072383977454 ], [ -43.325591949314457, -22.921344333678675 ], [ -43.324956741638644, -22.92084021539468 ], [ -43.323937658591468, -22.919611200557696 ], [ -43.323622206997889, -22.91938679664819 ], [ -43.32288177764449, -22.919155553241652 ], [ -43.321582841731164, -22.918036454715715 ], [ -43.320956842839507, -22.917396595495219 ], [ -43.320901090853908, -22.917166171596254 ], [ -43.320573096699192, -22.917097952036549 ], [ -43.320847209075346, -22.916617700147714 ], [ -43.320861919716847, -22.916128023060718 ], [ -43.320679220119551, -22.914530434319975 ], [ -43.320833292487784, -22.914131546487038 ], [ -43.322621250413988, -22.913004156285346 ], [ -43.323125902328229, -22.910732899173063 ], [ -43.324150108312594, -22.910770530812446 ], [ -43.325949773736887, -22.91132747955541 ], [ -43.328766786843495, -22.912801449615451 ], [ -43.328870427071017, -22.911361484509065 ] ] ] } },
{ "type": "Feature", "properties": { "objectid": 445, "nome": "Pechincha", "regiao_adm": "JACAREPAGUA             ", "area_plane": "4", "codbairro": "121", "codra": 16, "codbnum": 121, "link": "Pechincha                 &area=121               ", "rp": "Jacarepaguá", "cod_rp": "4.1", "codbairro_long": 121, "st_area(shape)": 2830923.1735429051, "st_perimeter(shape)": 7817.2180126654121 }, "geometry": { "type": "Polygon", "coordinates": [ [ [ -43.347115448342372, -22.919394221776127 ], [ -43.352250269694174, -22.921394298099145 ], [ -43.353191289717913, -22.920901668489751 ], [ -43.353382885689378, -22.920907990441318 ], [ -43.357882433420144, -22.923074512701792 ], [ -43.358673710281089, -22.923753875015596 ], [ -43.359344844881157, -22.924711410208779 ], [ -43.35941721521386, -22.924911380548519 ], [ -43.358753762392844, -22.924869935385875 ], [ -43.358118724019505, -22.925196791797958 ], [ -43.358493599512336, -22.92609500076609 ], [ -43.359135743409894, -22.927509113963168 ], [ -43.35934280866315, -22.927786246119897 ], [ -43.35967658802835, -22.928025673868131 ], [ -43.360505089031385, -22.928337401597734 ], [ -43.360828546032565, -22.928656916069897 ], [ -43.362154204201808, -22.931359926040102 ], [ -43.36238075392334, -22.931574491624659 ], [ -43.363102339860049, -22.932614804637392 ], [ -43.363669547911023, -22.934047634264974 ], [ -43.363784821195061, -22.934572888180579 ], [ -43.363734115682824, -22.935676671294534 ], [ -43.363286940434861, -22.935929711707498 ], [ -43.362988925582378, -22.936216803588906 ], [ -43.362346317865246, -22.93735565873002 ], [ -43.361673694602629, -22.93768222625927 ], [ -43.360480248327313, -22.937388407149498 ], [ -43.360871989378687, -22.939804618004334 ], [ -43.361446568780501, -22.941516404913994 ], [ -43.3608954169963, -22.941600029778161 ], [ -43.360930926381734, -22.941744259212108 ], [ -43.360104491241607, -22.941602603840934 ], [ -43.358729710255446, -22.940834848094724 ], [ -43.35826224572785, -22.940431567041816 ], [ -43.35778181124433, -22.940335654937186 ], [ -43.356583006706821, -22.940290730812539 ], [ -43.356074393942833, -22.939040459989045 ], [ -43.354765087711797, -22.938853586000434 ], [ -43.354067507550617, -22.938153500728198 ], [ -43.353213578497822, -22.938006017620793 ], [ -43.352850341786862, -22.93730722851204 ], [ -43.351713717865586, -22.936180198929062 ], [ -43.351392438742749, -22.934908019359888 ], [ -43.350418393714861, -22.933683149071729 ], [ -43.349810081766286, -22.933336812819078 ], [ -43.349342930183738, -22.933305945883124 ], [ -43.349116033660628, -22.933121702752828 ], [ -43.349112397414636, -22.932649619160433 ], [ -43.349005227733876, -22.932232810473426 ], [ -43.348516541666442, -22.931662573823427 ], [ -43.347866823722818, -22.930293771906801 ], [ -43.347334743105741, -22.929837860298132 ], [ -43.344087973552703, -22.927883332628639 ], [ -43.344197922328149, -22.927685258244335 ], [ -43.34384416574278, -22.927551704607314 ], [ -43.342724045692954, -22.927388383932119 ], [ -43.342820467945224, -22.926763639946895 ], [ -43.342983733892574, -22.926414584813241 ], [ -43.343450629201755, -22.926079444017894 ], [ -43.343854551735248, -22.925927784523381 ], [ -43.344053202889363, -22.925739306051298 ], [ -43.344069715088608, -22.925535922119344 ], [ -43.343276563239826, -22.923477091300164 ], [ -43.343441191890079, -22.923015432572164 ], [ -43.343381502603499, -22.922536263055378 ], [ -43.343461012104093, -22.921954599503067 ], [ -43.347115448342372, -22.919394221776127 ] ] ] } },
{ "type": "Feature", "properties": { "objectid": 429, "nome": "Tanque", "regiao_adm": "JACAREPAGUA             ", "area_plane": "4", "codbairro": "123", "codra": 16, "codbnum": 123, "link": "Tanque                    &area=123               ", "rp": "Jacarepaguá", "cod_rp": "4.1", "codbairro_long": 123, "st_area(shape)": 5568004.9622839065, "st_perimeter(shape)": 15382.461982057794 }, "geometry": { "type": "Polygon", "coordinates": [ [ [ -43.366834716754248, -22.902731453328656 ], [ -43.369516977042146, -22.902840192917104 ], [ -43.370362455788054, -22.902161245987621 ], [ -43.371437243821475, -22.901560235098188 ], [ -43.372462624929, -22.900704036084626 ], [ -43.37313266761624, -22.900535154015184 ], [ -43.373897708552505, -22.900639888309534 ], [ -43.37473129421015, -22.901185040876591 ], [ -43.37438173922083, -22.902909730327572 ], [ -43.37408039401673, -22.903500707006273 ], [ -43.375417363465033, -22.904228467033267 ], [ -43.377130470125124, -22.90537955073577 ], [ -43.37851320348809, -22.906106759366502 ], [ -43.379607598364089, -22.907013804318805 ], [ -43.379698010879309, -22.907174034627033 ], [ -43.379005734956152, -22.907562441761154 ], [ -43.378770612339764, -22.907889493648831 ], [ -43.378623401913899, -22.908299895647826 ], [ -43.378638896489697, -22.909988854985222 ], [ -43.378418794202716, -22.910552311488157 ], [ -43.377481656639091, -22.91208325205092 ], [ -43.376417839362922, -22.912797301061698 ], [ -43.376086832001377, -22.913708397805848 ], [ -43.375607630267005, -22.914120909891949 ], [ -43.375251115882101, -22.914194116720683 ], [ -43.3731726905418, -22.914230549369705 ], [ -43.372271519120659, -22.914726507975139 ], [ -43.371981141025906, -22.915212378713903 ], [ -43.371412949421355, -22.917367674189915 ], [ -43.370921367569217, -22.917818421743501 ], [ -43.368921603047511, -22.918462393133144 ], [ -43.36827803385966, -22.918488745945933 ], [ -43.367218439706626, -22.918346091258002 ], [ -43.364826930527457, -22.918283012058581 ], [ -43.363781190894819, -22.917733993956269 ], [ -43.363056456754663, -22.918835979079088 ], [ -43.364221847583693, -22.919545451503254 ], [ -43.36509604701822, -22.920806596583585 ], [ -43.365186680616119, -22.92115901649678 ], [ -43.36483994738137, -22.924362794216048 ], [ -43.364193560261391, -22.92585545459492 ], [ -43.364085625150203, -22.925953231253498 ], [ -43.362419832371209, -22.926419304026886 ], [ -43.360728453203379, -22.927049909128797 ], [ -43.359135743409894, -22.927509113963168 ], [ -43.358118724019505, -22.925196791797958 ], [ -43.358753762392844, -22.924869935385875 ], [ -43.35941721521386, -22.924911380548519 ], [ -43.358673710281089, -22.923753875015596 ], [ -43.35776633492133, -22.923008289121029 ], [ -43.353382885689378, -22.920907990441318 ], [ -43.353191289717913, -22.920901668489751 ], [ -43.352250269694174, -22.921394298099145 ], [ -43.347115448342372, -22.919394221776127 ], [ -43.343302056975539, -22.922014080050324 ], [ -43.343010160876887, -22.921052043144211 ], [ -43.343119238580641, -22.920404220928713 ], [ -43.343655912120127, -22.919155247171513 ], [ -43.344273223370429, -22.918321722864242 ], [ -43.344386409594598, -22.917976745228145 ], [ -43.344356441933002, -22.917875558574899 ], [ -43.343800514745467, -22.917509156707162 ], [ -43.343701260477467, -22.91734953896982 ], [ -43.343505058054568, -22.916359239875643 ], [ -43.343141846515188, -22.915578432600938 ], [ -43.342580850905087, -22.915140992180365 ], [ -43.340586635679593, -22.914658596960329 ], [ -43.338179572748565, -22.913640662320429 ], [ -43.336598187124714, -22.912820627175964 ], [ -43.335777549726366, -22.912220960227252 ], [ -43.335614162224445, -22.910927651607381 ], [ -43.335443256827389, -22.910241860348442 ], [ -43.335002286051925, -22.909958367695339 ], [ -43.33480376981764, -22.908604902161155 ], [ -43.333761806403395, -22.907348796983207 ], [ -43.333608886846697, -22.906955434528353 ], [ -43.333563655864204, -22.906556516145987 ], [ -43.333015079112897, -22.905770672786286 ], [ -43.334054018333582, -22.905166297318093 ], [ -43.334439004683453, -22.904860664525916 ], [ -43.335347887996434, -22.904512207877101 ], [ -43.335583828694645, -22.904285655980878 ], [ -43.338055117054957, -22.906041756378084 ], [ -43.338761280259334, -22.906401801684751 ], [ -43.339061987902333, -22.906748119947725 ], [ -43.340477038128938, -22.907405911755976 ], [ -43.341331950036299, -22.907623903523472 ], [ -43.34374849378478, -22.907469944656533 ], [ -43.344961815878733, -22.908181403527699 ], [ -43.346918727501453, -22.909507020811294 ], [ -43.348108962356996, -22.909592552301007 ], [ -43.348299141567047, -22.909730448051537 ], [ -43.349416116190405, -22.910142217622301 ], [ -43.350107153702197, -22.910588481654283 ], [ -43.351604231661341, -22.910759269317964 ], [ -43.35385082280122, -22.910806498707753 ], [ -43.354222785521124, -22.910971645869985 ], [ -43.354991873397871, -22.911624693931479 ], [ -43.355386140358682, -22.912082763090925 ], [ -43.356429388926728, -22.91272672259867 ], [ -43.35738780643667, -22.91292782311222 ], [ -43.358200603272145, -22.91290037381194 ], [ -43.360579831379788, -22.91242788967909 ], [ -43.361936871870213, -22.912297393829892 ], [ -43.362082011160105, -22.911585172315451 ], [ -43.362348221823318, -22.91134408154419 ], [ -43.362848804078759, -22.91106919212179 ], [ -43.363352847013161, -22.910514284704949 ], [ -43.36391732916411, -22.909788322076711 ], [ -43.364350913255358, -22.909011425596706 ], [ -43.36495578167893, -22.908168470035182 ], [ -43.365173027707669, -22.90794484058355 ], [ -43.366223641015125, -22.907341362119062 ], [ -43.366690992259173, -22.90659190005373 ], [ -43.366718385750417, -22.905932738773743 ], [ -43.366996260988387, -22.904716050147037 ], [ -43.366891867349985, -22.904471049328365 ], [ -43.366459428553362, -22.903942625874986 ], [ -43.366337433814351, -22.903539401615372 ], [ -43.366511022306945, -22.902890776211098 ], [ -43.366679956068438, -22.902630522468758 ], [ -43.366834716754248, -22.902731453328656 ] ] ] } },
{ "type": "Feature", "properties": { "objectid": 409, "nome": "Praça Seca", "regiao_adm": "JACAREPAGUA             ", "area_plane": "4", "codbairro": "124", "codra": 16, "codbnum": 124, "link": "Praça Seca                &area=124               ", "rp": "Jacarepaguá", "cod_rp": "4.1", "codbairro_long": 124, "st_area(shape)": 6499994.8233108995, "st_perimeter(shape)": 11438.688412089532 }, "geometry": { "type": "Polygon", "coordinates": [ [ [ -43.339765387048338, -22.889854840303567 ], [ -43.344398211715415, -22.889764539738643 ], [ -43.356350653369674, -22.883393961603204 ], [ -43.356560422323383, -22.884574131693356 ], [ -43.356304429198509, -22.884828416062646 ], [ -43.355489944162443, -22.885050192641543 ], [ -43.355257137842038, -22.885232738253613 ], [ -43.354925215369029, -22.885899221392911 ], [ -43.354928016277221, -22.886402819523184 ], [ -43.355317317675969, -22.887226858381325 ], [ -43.358101549204463, -22.891608393408067 ], [ -43.358799699605207, -22.891101831587651 ], [ -43.360677237860536, -22.893055103791873 ], [ -43.360934758425536, -22.893039334929803 ], [ -43.3611110061969, -22.893135617445125 ], [ -43.361354399619159, -22.893557436279814 ], [ -43.361658409343327, -22.893729088625346 ], [ -43.361712899284178, -22.893996788416779 ], [ -43.361370960655911, -22.89439405677032 ], [ -43.361725963772777, -22.894759408305227 ], [ -43.361777098969938, -22.895298362143624 ], [ -43.361583450688194, -22.895538938568929 ], [ -43.361325306208592, -22.89560608715265 ], [ -43.361549834125, -22.896122176143258 ], [ -43.362909043108459, -22.895805377241775 ], [ -43.363290174215976, -22.895838022598408 ], [ -43.365267689814225, -22.896487294705548 ], [ -43.367870445449014, -22.897535454899234 ], [ -43.368411388801348, -22.897931511203733 ], [ -43.368540987313537, -22.898228788404715 ], [ -43.368839212917706, -22.899627229678789 ], [ -43.368509974207939, -22.901187838043771 ], [ -43.368238650072065, -22.901614656708581 ], [ -43.367718308705697, -22.902094276579131 ], [ -43.366834716754248, -22.902731453328656 ], [ -43.366679956068438, -22.902630522468758 ], [ -43.366370562650289, -22.903223567662703 ], [ -43.366337433814351, -22.903539401615372 ], [ -43.366459428553362, -22.903942625874986 ], [ -43.366891867349985, -22.904471049328365 ], [ -43.366996260988387, -22.904716050147037 ], [ -43.366718385750417, -22.905932738773743 ], [ -43.366690992259173, -22.90659190005373 ], [ -43.366431895797952, -22.907054422352747 ], [ -43.366007143537665, -22.907510814101528 ], [ -43.365173027707669, -22.90794484058355 ], [ -43.36495578167893, -22.908168470035182 ], [ -43.364350913255358, -22.909011425596706 ], [ -43.36391732916411, -22.909788322076711 ], [ -43.363352847013161, -22.910514284704949 ], [ -43.362848804078759, -22.91106919212179 ], [ -43.362348221823318, -22.91134408154419 ], [ -43.362082011160105, -22.911585172315451 ], [ -43.361936871870213, -22.912297393829892 ], [ -43.360579831379788, -22.91242788967909 ], [ -43.358200603272145, -22.91290037381194 ], [ -43.35738780643667, -22.91292782311222 ], [ -43.356429388926728, -22.91272672259867 ], [ -43.355386140358682, -22.912082763090925 ], [ -43.354991873397871, -22.911624693931479 ], [ -43.354222785521124, -22.910971645869985 ], [ -43.35385082280122, -22.910806498707753 ], [ -43.351604231661341, -22.910759269317964 ], [ -43.350107153702197, -22.910588481654283 ], [ -43.349416116190405, -22.910142217622301 ], [ -43.348299141567047, -22.909730448051537 ], [ -43.348108962356996, -22.909592552301007 ], [ -43.346918727501453, -22.909507020811294 ], [ -43.344961815878733, -22.908181403527699 ], [ -43.34374849378478, -22.907469944656533 ], [ -43.341331950036299, -22.907623903523472 ], [ -43.340477038128938, -22.907405911755976 ], [ -43.339061987902333, -22.906748119947725 ], [ -43.338761280259334, -22.906401801684751 ], [ -43.338055117054957, -22.906041756378084 ], [ -43.335583828694645, -22.904285655980878 ], [ -43.336757202713727, -22.903662981765923 ], [ -43.336861316055071, -22.903111291191422 ], [ -43.337331040103976, -22.902778271093148 ], [ -43.337458912335038, -22.902404194328973 ], [ -43.338267457414759, -22.901320636024401 ], [ -43.338973245935136, -22.899804683016377 ], [ -43.338863214478266, -22.899458822474628 ], [ -43.338878829271174, -22.898985136359894 ], [ -43.339218399446537, -22.898412241026595 ], [ -43.338886831463377, -22.898200071964077 ], [ -43.338192976732373, -22.896937157375447 ], [ -43.338056069419949, -22.89622120005604 ], [ -43.338642993883788, -22.895466935616373 ], [ -43.3386487401959, -22.894995130240286 ], [ -43.338336326039069, -22.894179532549067 ], [ -43.3388904581779, -22.893411737619598 ], [ -43.339990488375904, -22.892551116111218 ], [ -43.340061076181193, -22.892053075440156 ], [ -43.33938223102637, -22.890615396031915 ], [ -43.339404821558993, -22.890352832644794 ], [ -43.339765387048338, -22.889854840303567 ] ] ] } },
{ "type": "Feature", "properties": { "objectid": 483, "nome": "Deodoro", "regiao_adm": "REALENGO                ", "area_plane": "5", "codbairro": "134", "codra": 33, "codbnum": 134, "link": "Deodoro                   &area=134               ", "rp": "Bangu", "cod_rp": "5.1", "codbairro_long": 134, "st_area(shape)": 4640523.6252720449, "st_perimeter(shape)": 12077.663947797308 }, "geometry": { "type": "Polygon", "coordinates": [ [ [ -43.379064915763273, -22.850231812374254 ], [ -43.379597440178188, -22.848283990663393 ], [ -43.379847966545277, -22.847025709057696 ], [ -43.379646592128019, -22.846907430143752 ], [ -43.379895811269144, -22.846375957241197 ], [ -43.382647533274934, -22.837635728401423 ], [ -43.382559824294262, -22.83735686021236 ], [ -43.381131359166517, -22.836786388202029 ], [ -43.380883358728774, -22.836476086894407 ], [ -43.381056858727426, -22.836289281710297 ], [ -43.382221602788938, -22.836296152464634 ], [ -43.383164225468491, -22.83673759298458 ], [ -43.384783271847091, -22.837036879826535 ], [ -43.385121291733668, -22.836985760442616 ], [ -43.385842502290195, -22.836680324946773 ], [ -43.386979431296162, -22.836542923094424 ], [ -43.391472947902585, -22.837949459459367 ], [ -43.394899579323699, -22.839235757633798 ], [ -43.395015230038403, -22.839908840941444 ], [ -43.395491295285765, -22.840076110356019 ], [ -43.395880284303033, -22.840190841178764 ], [ -43.396294537971215, -22.84019501438522 ], [ -43.398175950703411, -22.840095825953345 ], [ -43.398247303335388, -22.840809102095104 ], [ -43.39817981506895, -22.841812688172691 ], [ -43.397999525882355, -22.842239222124139 ], [ -43.397782502093165, -22.842399508374164 ], [ -43.397522431120763, -22.842832553918793 ], [ -43.397349739125936, -22.843292305874428 ], [ -43.396609117720729, -22.844628865587776 ], [ -43.396385422157174, -22.845357683591629 ], [ -43.397039967979353, -22.845488002667814 ], [ -43.396374008604361, -22.847386143639049 ], [ -43.396202218241235, -22.848108801681594 ], [ -43.395280049221022, -22.850148311458341 ], [ -43.394747053138524, -22.850834901358638 ], [ -43.393910613806113, -22.851529265474987 ], [ -43.393401844147562, -22.852134997030543 ], [ -43.393025778632186, -22.852368990415503 ], [ -43.392123176396247, -22.852738368757993 ], [ -43.391545901160548, -22.853219042240102 ], [ -43.39084702426188, -22.856098684009869 ], [ -43.390578375065829, -22.856916443875097 ], [ -43.390186455276663, -22.856616801030054 ], [ -43.389479801056609, -22.857241376832022 ], [ -43.387616034605784, -22.858525689760747 ], [ -43.388166990600162, -22.859288080430876 ], [ -43.391646610692376, -22.861015360896271 ], [ -43.391277117297584, -22.861681912717355 ], [ -43.3909396926272, -22.861602821623002 ], [ -43.390903564084958, -22.861699721177647 ], [ -43.39159890366372, -22.86209599374429 ], [ -43.391722716743502, -22.864459603643208 ], [ -43.383246180307275, -22.867460418264233 ], [ -43.382580448385895, -22.867518583658235 ], [ -43.380634384091884, -22.867325747425042 ], [ -43.379645224757354, -22.867110308793173 ], [ -43.378258166769847, -22.866647690111019 ], [ -43.378309288193599, -22.865871268608714 ], [ -43.378189763375246, -22.865341733230132 ], [ -43.374979989226198, -22.859606403992419 ], [ -43.375015816872683, -22.859412601365246 ], [ -43.374842516355287, -22.859177738954447 ], [ -43.377161187950691, -22.858067101333852 ], [ -43.37945319761937, -22.858486656191445 ], [ -43.379797137945886, -22.858466857755833 ], [ -43.384236742757928, -22.856647442793648 ], [ -43.384728547732507, -22.856170716838655 ], [ -43.384857551679602, -22.855900099345146 ], [ -43.384883031274377, -22.85516224621832 ], [ -43.382913091651673, -22.855857052763724 ], [ -43.382611959238638, -22.85509258003971 ], [ -43.381253106842401, -22.855112628682299 ], [ -43.377695714770653, -22.853993667054983 ], [ -43.378470432192316, -22.851585386596859 ], [ -43.378744471053572, -22.851098692475137 ], [ -43.379064915763273, -22.850231812374254 ] ] ] } },
{ "type": "Feature", "properties": { "objectid": 399, "nome": "Vila Valqueire", "regiao_adm": "JACAREPAGUA             ", "area_plane": "4", "codbairro": "125", "codra": 16, "codbnum": 125, "link": "Vila Valqueire            &area=125               ", "rp": "Jacarepaguá", "cod_rp": "4.1", "codbairro_long": 125, "st_area(shape)": 4232226.0893089259, "st_perimeter(shape)": 9441.5699096538447 }, "geometry": { "type": "Polygon", "coordinates": [ [ [ -43.369061590626728, -22.877312516607653 ], [ -43.36998602254333, -22.877165758101739 ], [ -43.37048025660679, -22.876994447860366 ], [ -43.372354666134953, -22.876601829588001 ], [ -43.373998355796132, -22.876685293732198 ], [ -43.374887477011868, -22.880372366846338 ], [ -43.374970276192236, -22.88110508877546 ], [ -43.374870310437167, -22.883991922646562 ], [ -43.374977331186038, -22.886897760344372 ], [ -43.375180712492188, -22.888063578077485 ], [ -43.375086049832511, -22.888556247043603 ], [ -43.374913967955273, -22.888920154791819 ], [ -43.375047181771521, -22.889176372166077 ], [ -43.37538934698042, -22.88952512675559 ], [ -43.375624475585276, -22.890644578037787 ], [ -43.375609024062001, -22.890959874634689 ], [ -43.375852414343598, -22.89123013180258 ], [ -43.376055757960913, -22.892072366578692 ], [ -43.376678292246645, -22.892435452709961 ], [ -43.377277162772387, -22.893264114305563 ], [ -43.377537412141791, -22.893928475540569 ], [ -43.377610887415408, -22.894692709402413 ], [ -43.377534313737122, -22.894992393428986 ], [ -43.377327836302577, -22.895281174500919 ], [ -43.376583795160599, -22.896084289146696 ], [ -43.374961504023865, -22.89818575395882 ], [ -43.37473129421015, -22.901185040876591 ], [ -43.373897708552505, -22.900639888309534 ], [ -43.37313266761624, -22.900535154015184 ], [ -43.372462624929, -22.900704036084626 ], [ -43.371437243821475, -22.901560235098188 ], [ -43.370362455788054, -22.902161245987621 ], [ -43.369516977042146, -22.902840192917104 ], [ -43.366834716754248, -22.902731453328656 ], [ -43.368139757338952, -22.901724541533831 ], [ -43.368509974207939, -22.901187838043771 ], [ -43.368839212917706, -22.899627229678789 ], [ -43.368774499700862, -22.899104573989035 ], [ -43.368411388801348, -22.897931511203733 ], [ -43.367870445449014, -22.897535454899234 ], [ -43.366345210768912, -22.896901159718833 ], [ -43.363290174215976, -22.895838022598408 ], [ -43.362909043108459, -22.895805377241775 ], [ -43.361549834125, -22.896122176143258 ], [ -43.361325306208592, -22.89560608715265 ], [ -43.361583450688194, -22.895538938568929 ], [ -43.361777098969938, -22.895298362143624 ], [ -43.361725963772777, -22.894759408305227 ], [ -43.361370960655911, -22.89439405677032 ], [ -43.361712899284178, -22.893996788416779 ], [ -43.361658409343327, -22.893729088625346 ], [ -43.361354399619159, -22.893557436279814 ], [ -43.3611110061969, -22.893135617445125 ], [ -43.360934758425536, -22.893039334929803 ], [ -43.360677237860536, -22.893055103791873 ], [ -43.358799699605207, -22.891101831587651 ], [ -43.358101549204463, -22.891608393408067 ], [ -43.355221768811496, -22.887059338796181 ], [ -43.354928016277221, -22.886402819523184 ], [ -43.354925215369029, -22.885899221392911 ], [ -43.355257137842038, -22.885232738253613 ], [ -43.355489944162443, -22.885050192641543 ], [ -43.356304429198509, -22.884828416062646 ], [ -43.356587917208898, -22.884500455007647 ], [ -43.356350653369674, -22.883393961603204 ], [ -43.356536272349665, -22.883301506957153 ], [ -43.356472257631204, -22.882805856808535 ], [ -43.356667932577423, -22.879230526116469 ], [ -43.359036214118106, -22.878427565317359 ], [ -43.360564542197686, -22.878127154035845 ], [ -43.362104842529959, -22.877981826495418 ], [ -43.363695589093084, -22.87770144409637 ], [ -43.365193864211605, -22.877581389380524 ], [ -43.367321354733171, -22.87724191583597 ], [ -43.368541017032399, -22.87719203090624 ], [ -43.369061590626728, -22.877312516607653 ] ] ] } },
{ "type": "Feature", "properties": { "objectid": 479, "nome": "Joá", "regiao_adm": "BARRA DA TIJUCA         ", "area_plane": "4", "codbairro": "126", "codra": 24, "codbnum": 126, "link": "Joá                       &area=126               ", "rp": "Barra da Tijuca", "cod_rp": "4.2", "codbairro_long": 126, "st_area(shape)": 1689695.7889288247, "st_perimeter(shape)": 8871.3062908418015 }, "geometry": { "type": "Polygon", "coordinates": [ [ [ -43.275629040791323, -23.00330471747106 ], [ -43.2760676256949, -23.00295928832503 ], [ -43.276172148266603, -23.002771323183886 ], [ -43.275733523456296, -23.001123972326774 ], [ -43.284826004023891, -23.001165647729486 ], [ -43.285015219167363, -23.001376394737452 ], [ -43.285124075684941, -23.001747558951937 ], [ -43.286201501107286, -23.002667344147302 ], [ -43.286462236513628, -23.003093521523798 ], [ -43.290082627347942, -23.003650838214064 ], [ -43.290744803494029, -23.003828848628576 ], [ -43.292109721228641, -23.004395981907003 ], [ -43.292444114138817, -23.0047071722101 ], [ -43.292679185350593, -23.005097032260998 ], [ -43.292754869673537, -23.005439567719566 ], [ -43.292416408090304, -23.008016877395541 ], [ -43.296248173546715, -23.010134941823264 ], [ -43.296621719083099, -23.010375385080586 ], [ -43.296815925589968, -23.010672867185963 ], [ -43.295506051354842, -23.011285043663282 ], [ -43.294097516234949, -23.011379231849048 ], [ -43.293962227859332, -23.011478194421731 ], [ -43.293796182626785, -23.011990428362754 ], [ -43.293455226518368, -23.012199425019823 ], [ -43.292766128659323, -23.01218025416885 ], [ -43.290841425979316, -23.011444527442816 ], [ -43.290756183096889, -23.011620879037995 ], [ -43.292742471981065, -23.012540411439147 ], [ -43.294457092739336, -23.013033186177228 ], [ -43.295430061121543, -23.013628943928033 ], [ -43.295960178558275, -23.014196989138988 ], [ -43.296375164621239, -23.015069031826162 ], [ -43.296999083332722, -23.015820414040356 ], [ -43.297243729530699, -23.016374819392578 ], [ -43.296148527125773, -23.01687868155711 ], [ -43.295795604141475, -23.016897909643252 ], [ -43.295435823466597, -23.01702805046574 ], [ -43.295162513737736, -23.01693823178848 ], [ -43.294459840344537, -23.01690266665862 ], [ -43.294432815945235, -23.016988076100482 ], [ -43.294295646841455, -23.017019016816018 ], [ -43.29420028829464, -23.016781928354696 ], [ -43.293851906999848, -23.016866674013446 ], [ -43.29351243032756, -23.016724302504681 ], [ -43.293204124828506, -23.016120982948511 ], [ -43.292745384385086, -23.015804296867486 ], [ -43.292304216111418, -23.015114925543429 ], [ -43.291900086916513, -23.015242050412386 ], [ -43.290820789457861, -23.015203125975418 ], [ -43.290391832943953, -23.015117127999201 ], [ -43.289498003173883, -23.014714275520976 ], [ -43.289371148137747, -23.014786233091858 ], [ -43.289190023894591, -23.01519273187931 ], [ -43.288903083129135, -23.015348839634346 ], [ -43.288232739123899, -23.015303574654624 ], [ -43.28739224697847, -23.014810708580587 ], [ -43.287202977721151, -23.014849750594095 ], [ -43.286922425006679, -23.015148790737712 ], [ -43.286957810862425, -23.015830711880998 ], [ -43.286799474919384, -23.015992635282753 ], [ -43.286668086062711, -23.016330490094084 ], [ -43.286473111086607, -23.016450293255023 ], [ -43.285979120587683, -23.015913400815698 ], [ -43.285665955184456, -23.015265043209848 ], [ -43.285602536639146, -23.014956773905219 ], [ -43.285792287360451, -23.014756272752734 ], [ -43.285952724819495, -23.014744283835093 ], [ -43.286163028980063, -23.014577236507019 ], [ -43.286493780184045, -23.014590480449208 ], [ -43.286524479361177, -23.014531301108427 ], [ -43.286476804641921, -23.013833982413161 ], [ -43.286757035960946, -23.013436508523444 ], [ -43.286690120547703, -23.013180939512175 ], [ -43.286858598948356, -23.013065365219592 ], [ -43.286788641639262, -23.01290386316963 ], [ -43.286881976912703, -23.012882838708894 ], [ -43.286842491866004, -23.012757155883214 ], [ -43.287016195287237, -23.012552325198712 ], [ -43.287188046418365, -23.011512954504358 ], [ -43.28754799008788, -23.011129796005811 ], [ -43.287225652327066, -23.010868032940138 ], [ -43.287244337372776, -23.010423475604682 ], [ -43.28702044681517, -23.009975392160371 ], [ -43.2867916577692, -23.009807206240239 ], [ -43.286613180450473, -23.009849703322978 ], [ -43.286475094471392, -23.00972981730979 ], [ -43.286358825113659, -23.009396322479144 ], [ -43.286430558705192, -23.009270399518847 ], [ -43.286376107080777, -23.009186727544144 ], [ -43.28605115906511, -23.008869575559604 ], [ -43.285585917213716, -23.008622879425577 ], [ -43.285480359232928, -23.008646299457901 ], [ -43.285451179903816, -23.008523799276098 ], [ -43.285284210000853, -23.008628461652119 ], [ -43.285252894770103, -23.008474060256756 ], [ -43.2850849925495, -23.00831284939812 ], [ -43.284680648144459, -23.008157297140507 ], [ -43.284340389303736, -23.008141237958682 ], [ -43.283746629778669, -23.007828574069638 ], [ -43.283246209085149, -23.007494795324767 ], [ -43.2832780628884, -23.007444478166413 ], [ -43.283105496704387, -23.007228129916104 ], [ -43.283008227484061, -23.007221113886015 ], [ -43.282941473291359, -23.007369757845915 ], [ -43.282563941306783, -23.007223429719023 ], [ -43.282374874827276, -23.007239439706836 ], [ -43.282220654437914, -23.00684556649151 ], [ -43.281952927323367, -23.006748833331695 ], [ -43.281555492555739, -23.006248468970071 ], [ -43.281215962000324, -23.006105982848531 ], [ -43.280995031086618, -23.006196328352981 ], [ -43.280826872239246, -23.005994564057456 ], [ -43.280538283200009, -23.006166172912025 ], [ -43.280312653519928, -23.006142320582633 ], [ -43.280005103514263, -23.006001352392275 ], [ -43.279708550961921, -23.005616135270994 ], [ -43.279019448063316, -23.005508136377713 ], [ -43.278425207664846, -23.005543126069366 ], [ -43.278167108041927, -23.005871740949139 ], [ -43.277931108805213, -23.005673573354422 ], [ -43.27787839473072, -23.0058378081815 ], [ -43.277735379498381, -23.005922584853863 ], [ -43.277200127705676, -23.005713754499386 ], [ -43.276926262191566, -23.005494036439405 ], [ -43.276667613191073, -23.005044028490062 ], [ -43.2764783640622, -23.004921048877144 ], [ -43.27630546174781, -23.004640210913724 ], [ -43.276022273609001, -23.004709190684661 ], [ -43.27608320120553, -23.004612595640904 ], [ -43.275722439873405, -23.004575615123901 ], [ -43.275629040791323, -23.00330471747106 ] ] ] } },
{ "type": "Feature", "properties": { "objectid": 469, "nome": "Itanhangá", "regiao_adm": "BARRA DA TIJUCA         ", "area_plane": "4", "codbairro": "127", "codra": 24, "codbnum": 127, "link": "Itanhangá                 &area=127               ", "rp": "Barra da Tijuca", "cod_rp": "4.2", "codbairro_long": 127, "st_area(shape)": 13197761.11564878, "st_perimeter(shape)": 20400.671868936704 }, "geometry": { "type": "Polygon", "coordinates": [ [ [ -43.282748830736843, -22.9879543548439 ], [ -43.292768882721091, -22.979495619238431 ], [ -43.29294596924791, -22.979808815876936 ], [ -43.293125864612435, -22.979898531850203 ], [ -43.293843799168393, -22.979868424350371 ], [ -43.294600399298666, -22.979337799372892 ], [ -43.295266626715623, -22.979145388508517 ], [ -43.29634937477784, -22.979073228465158 ], [ -43.296724179328017, -22.979424488078866 ], [ -43.296981904693538, -22.979499051147709 ], [ -43.297061035005974, -22.979372208689743 ], [ -43.296999129578218, -22.979152097912518 ], [ -43.296558726727206, -22.978532825739084 ], [ -43.296382772538877, -22.978471059890321 ], [ -43.295856693576972, -22.978493308923778 ], [ -43.295231049876591, -22.978203196896182 ], [ -43.294799678366942, -22.977883293046769 ], [ -43.294504345973039, -22.977199924629797 ], [ -43.293566454409216, -22.976417437619332 ], [ -43.292909125091327, -22.974559610312099 ], [ -43.292297456207777, -22.973842392872271 ], [ -43.292707318079096, -22.974149606923923 ], [ -43.293318100704504, -22.974409497511331 ], [ -43.29442110234725, -22.975323627122656 ], [ -43.294651787220786, -22.975554675064341 ], [ -43.294689986614884, -22.975697229826956 ], [ -43.294553712712606, -22.975924420046795 ], [ -43.294736680000888, -22.976235327385272 ], [ -43.295409306957566, -22.976347682571589 ], [ -43.295592391548176, -22.976120994127566 ], [ -43.295623896949159, -22.975732019576949 ], [ -43.296160702018035, -22.974705855159833 ], [ -43.296194995905658, -22.974094394343396 ], [ -43.296263109522855, -22.973990099758879 ], [ -43.2971376369754, -22.97396861353964 ], [ -43.297840204561538, -22.974353101505599 ], [ -43.298186744451279, -22.974390778393797 ], [ -43.298270250188658, -22.974116690622175 ], [ -43.298128748650264, -22.973694970621928 ], [ -43.298198659329458, -22.973439341890295 ], [ -43.298401376803611, -22.973240675026219 ], [ -43.298640643984704, -22.972521780934162 ], [ -43.298851985069703, -22.973495753528546 ], [ -43.299332938990652, -22.973859343229783 ], [ -43.299937131529127, -22.973844151719771 ], [ -43.299908057792372, -22.973229029335773 ], [ -43.300220186888907, -22.972594717943046 ], [ -43.300619566429795, -22.973304570691798 ], [ -43.300871100022981, -22.973468013890049 ], [ -43.301124252716654, -22.973501611738467 ], [ -43.301279678840949, -22.973348762444559 ], [ -43.301390068965269, -22.965319743586328 ], [ -43.302759643925057, -22.965729867667243 ], [ -43.303341456620934, -22.966168666597483 ], [ -43.30366995606925, -22.966580009917898 ], [ -43.304099971412683, -22.968164446469846 ], [ -43.304374605492491, -22.968453657990356 ], [ -43.30455141790052, -22.96914974106673 ], [ -43.30473418144463, -22.969532881298399 ], [ -43.306628013045689, -22.969959146314064 ], [ -43.310289831493499, -22.972574511856287 ], [ -43.311870634826903, -22.973567761406009 ], [ -43.313567544431884, -22.973867766199209 ], [ -43.314727402009346, -22.973763426430075 ], [ -43.316298789482595, -22.97337943163749 ], [ -43.316556109392593, -22.973392280342143 ], [ -43.316865007890442, -22.97343782404722 ], [ -43.317267545523542, -22.973663623563191 ], [ -43.318353044972405, -22.974035292187423 ], [ -43.319726410400939, -22.974166445425801 ], [ -43.321010690522399, -22.974190259874462 ], [ -43.322666447559683, -22.973852701304821 ], [ -43.328852630267782, -22.973305128032429 ], [ -43.329421553384677, -22.973945630772505 ], [ -43.330246371256884, -22.974429974478983 ], [ -43.330678469725839, -22.974998861393857 ], [ -43.331104782671503, -22.975395558530806 ], [ -43.331983374803016, -22.976045271196842 ], [ -43.33279311820786, -22.976496032669541 ], [ -43.333697273108243, -22.977257356061351 ], [ -43.334088211433468, -22.977358910352223 ], [ -43.334640254896151, -22.977812187088997 ], [ -43.334979013727164, -22.97794552028828 ], [ -43.336025375987184, -22.977792781475912 ], [ -43.336458296853493, -22.977859098297042 ], [ -43.336963913375918, -22.978130091627499 ], [ -43.337396279748084, -22.978520875327451 ], [ -43.33825080518119, -22.978773942355126 ], [ -43.339818580600152, -22.979915074883802 ], [ -43.341943715735319, -22.981716100609283 ], [ -43.341580523706583, -22.982091170523187 ], [ -43.341776605854299, -22.982352316958181 ], [ -43.341687025869653, -22.982571279877618 ], [ -43.341277316364334, -22.982575481114804 ], [ -43.340942170978721, -22.982312516820667 ], [ -43.340810789874631, -22.982296420867051 ], [ -43.340760363694798, -22.982655681439439 ], [ -43.340929678758556, -22.982728526958482 ], [ -43.341292744383047, -22.983269029702136 ], [ -43.341178043197907, -22.983652091011123 ], [ -43.340942037174933, -22.983792761035293 ], [ -43.34060870161106, -22.984187891258092 ], [ -43.340630679603528, -22.984408741521992 ], [ -43.340512119167641, -22.984620536619946 ], [ -43.340043857632061, -22.984746217633415 ], [ -43.339343696051365, -22.984756490325523 ], [ -43.338603197107666, -22.98529716864839 ], [ -43.338099325740536, -22.985885569922655 ], [ -43.338125553431553, -22.986181424174049 ], [ -43.337699760840245, -22.987108214273967 ], [ -43.336764275167582, -22.987464324329768 ], [ -43.336631530569584, -22.987415699512184 ], [ -43.336368380628478, -22.987478409538838 ], [ -43.336234813065644, -22.98761662293359 ], [ -43.335810134403687, -22.987551384958369 ], [ -43.33579962896237, -22.987493387200342 ], [ -43.335704706925377, -22.987542510915492 ], [ -43.335491489762646, -22.987350714395067 ], [ -43.335417869935696, -22.987412704871833 ], [ -43.335404381284725, -22.987343296948588 ], [ -43.335283482711183, -22.987386728980987 ], [ -43.335120638656086, -22.98732713029073 ], [ -43.335001477811126, -22.987547042055809 ], [ -43.334882183327451, -22.987579111826783 ], [ -43.334743554663262, -22.987469645473833 ], [ -43.334854250596294, -22.987311596179239 ], [ -43.334681623709116, -22.98729397861549 ], [ -43.334486187017973, -22.987593281539169 ], [ -43.33426611775969, -22.987586812630781 ], [ -43.33369933214842, -22.988093441293827 ], [ -43.33351933653487, -22.988064274911139 ], [ -43.333649482796005, -22.988698163923253 ], [ -43.333811695895861, -22.988761638059206 ], [ -43.334217653969112, -22.989326991254028 ], [ -43.334319828280535, -22.989665004377162 ], [ -43.334014720015183, -22.989918993515833 ], [ -43.33401317191823, -22.990275784522776 ], [ -43.33362985585908, -22.990702700736414 ], [ -43.333057978001392, -22.990534491604869 ], [ -43.332129760935914, -22.990494650081811 ], [ -43.331486122272402, -22.990085909908984 ], [ -43.331067139610575, -22.989700125450373 ], [ -43.330365543193871, -22.989349019792041 ], [ -43.329762444257852, -22.989475594907557 ], [ -43.32963271556887, -22.98940405789082 ], [ -43.327805966946073, -22.990257972322507 ], [ -43.327260429130767, -22.990193151157182 ], [ -43.326917106853529, -22.990032480309587 ], [ -43.325875448883849, -22.990143479428752 ], [ -43.324342517432775, -22.991017254472563 ], [ -43.324057244747408, -22.991021731914262 ], [ -43.32357538276819, -22.991195532920266 ], [ -43.323082274047962, -22.991537455301483 ], [ -43.322867255795821, -22.99202961229717 ], [ -43.322214357091745, -22.992111741848746 ], [ -43.321872600476169, -22.992692772750317 ], [ -43.322021103500475, -22.993668041887862 ], [ -43.321892761257665, -22.994328727759921 ], [ -43.321660990371683, -22.994581479764491 ], [ -43.321728022838457, -22.994895557754734 ], [ -43.321671902778213, -22.995166337758224 ], [ -43.321614765215983, -22.995274823613531 ], [ -43.321447483280934, -22.995266187392779 ], [ -43.320878192938878, -22.995677192241061 ], [ -43.320870293589273, -22.996788883557091 ], [ -43.320736572877415, -22.997268534851329 ], [ -43.320431094681695, -22.997722522374783 ], [ -43.320010495776238, -22.998019868126057 ], [ -43.319227140148961, -22.998094549195063 ], [ -43.318618396455669, -22.99824766004976 ], [ -43.318530313419572, -22.998334051045099 ], [ -43.318422422336845, -22.998231942776691 ], [ -43.318027220079266, -22.998140055578251 ], [ -43.316823431435985, -22.99852154941081 ], [ -43.316431183560084, -22.998475024765551 ], [ -43.315741595648134, -22.998995449005534 ], [ -43.314332823560804, -22.999425493617803 ], [ -43.313309349043848, -22.999417214344994 ], [ -43.312916401942516, -22.998791082546912 ], [ -43.312609830454967, -22.999401273047503 ], [ -43.312090158973547, -23.000109612855891 ], [ -43.311345125749654, -23.00056052041467 ], [ -43.310932408271967, -23.000700339748573 ], [ -43.309977730889656, -23.000712910754164 ], [ -43.309025654641694, -23.000884534303246 ], [ -43.307848713873128, -23.000720696348516 ], [ -43.307850949275846, -23.000658770598363 ], [ -43.306533730975033, -23.000800107841165 ], [ -43.305923633622335, -23.000676994776182 ], [ -43.305698557296324, -23.000929522832621 ], [ -43.30582688137774, -23.001347573431612 ], [ -43.305714002421297, -23.001458075206518 ], [ -43.305475702157629, -23.001472592259447 ], [ -43.305534111070642, -23.001661960398099 ], [ -43.305455543863019, -23.002094773861149 ], [ -43.305263312412521, -23.002247862676526 ], [ -43.30492226647916, -23.002873470655064 ], [ -43.30494075330153, -23.003783057941217 ], [ -43.304535090739869, -23.005012218160374 ], [ -43.304413992969877, -23.005662936036785 ], [ -43.302267689286474, -23.00542473396149 ], [ -43.301439667487379, -23.005175005654248 ], [ -43.300613275224258, -23.004156688157533 ], [ -43.300144390451926, -23.003265294274907 ], [ -43.300122658132359, -23.002181108564045 ], [ -43.299713517000299, -23.000500712857399 ], [ -43.299563090217795, -23.00032995229283 ], [ -43.295490678818531, -22.997738980107297 ], [ -43.294940546915669, -22.997526887150823 ], [ -43.293499367745532, -22.997241709419615 ], [ -43.290984196364249, -22.997128254360675 ], [ -43.289119835931139, -22.99714054286493 ], [ -43.287240916215431, -22.997379052448323 ], [ -43.284731526425688, -22.997464864577932 ], [ -43.284646920212182, -22.996880932312965 ], [ -43.284735192782151, -22.996557236749076 ], [ -43.285396113854084, -22.995317714533844 ], [ -43.285025316969623, -22.992463088617814 ], [ -43.284254997511439, -22.990149587223378 ], [ -43.283884271776039, -22.989522186344676 ], [ -43.283453763329966, -22.989179865832902 ], [ -43.282748830736843, -22.9879543548439 ] ] ] } },
{ "type": "Feature", "properties": { "objectid": 366, "nome": "Vila Militar", "regiao_adm": "REALENGO                ", "area_plane": "5", "codbairro": "135", "codra": 33, "codbnum": 135, "link": "Vila Militar              &area=135               ", "rp": "Bangu", "cod_rp": "5.1", "codbairro_long": 135, "st_area(shape)": 10756738.323023971, "st_perimeter(shape)": 18077.023093641852 }, "geometry": { "type": "Polygon", "coordinates": [ [ [ -43.409626896317107, -22.842318860270552 ], [ -43.411328213932485, -22.840379055418783 ], [ -43.412152020939935, -22.839685099465381 ], [ -43.41379025908607, -22.837851656014479 ], [ -43.4142678251823, -22.838126445616052 ], [ -43.41619869907008, -22.839954979247064 ], [ -43.41684147302643, -22.840445353262663 ], [ -43.417224596125081, -22.840858364501788 ], [ -43.418198909995368, -22.841589100905004 ], [ -43.41984180389052, -22.842367559340843 ], [ -43.421292908813669, -22.842854469690923 ], [ -43.422169560027584, -22.843261528482124 ], [ -43.422481593566985, -22.843993711826826 ], [ -43.423670017522582, -22.844532097152907 ], [ -43.425145317250681, -22.845451355728393 ], [ -43.426041510232885, -22.846067750858527 ], [ -43.426609385528586, -22.846721532379885 ], [ -43.426596313821371, -22.846799246019746 ], [ -43.424882967000229, -22.847560705663899 ], [ -43.424594417868335, -22.847765389266524 ], [ -43.424208505020665, -22.848317979845742 ], [ -43.423876362902455, -22.848533793090887 ], [ -43.422344073749244, -22.848962586091734 ], [ -43.421355296741773, -22.849739853800799 ], [ -43.42104958851975, -22.849817469116562 ], [ -43.420503103156562, -22.849725619094801 ], [ -43.42020073318416, -22.849514988966963 ], [ -43.420131868280585, -22.849554679418119 ], [ -43.420173351163228, -22.849733903585037 ], [ -43.41937119027147, -22.850239094928163 ], [ -43.418418425249051, -22.851927588943191 ], [ -43.418414551509969, -22.852261979228658 ], [ -43.418299797735322, -22.852503055432255 ], [ -43.417490487113632, -22.853893215411151 ], [ -43.416948881476785, -22.854464383380769 ], [ -43.416327963166736, -22.855429781326883 ], [ -43.415638538293557, -22.859084164212153 ], [ -43.415653166969307, -22.859435985814496 ], [ -43.415938032170914, -22.86009042175829 ], [ -43.415959037704859, -22.860422166388123 ], [ -43.415504853970553, -22.862032057089742 ], [ -43.415499771833652, -22.862470201839848 ], [ -43.415409851283279, -22.86271143205304 ], [ -43.415258632017931, -22.862877184962972 ], [ -43.415052514459539, -22.862944311338893 ], [ -43.414883250229401, -22.863430397698405 ], [ -43.411448050773082, -22.862049231700567 ], [ -43.409174659156314, -22.865999145557275 ], [ -43.412722852571761, -22.867726850943328 ], [ -43.4116875414052, -22.869547134729139 ], [ -43.410747643814332, -22.870376651811561 ], [ -43.407622467865686, -22.873456086632309 ], [ -43.405061072784896, -22.876468945713526 ], [ -43.405644537471801, -22.876590124328402 ], [ -43.407357217015139, -22.876728394582891 ], [ -43.409288851865306, -22.882692479969027 ], [ -43.408337329574017, -22.883289395384534 ], [ -43.405428427530971, -22.884503117821279 ], [ -43.402851329610492, -22.884795233988442 ], [ -43.39859626939991, -22.88566177084266 ], [ -43.397978333629887, -22.885285721226406 ], [ -43.396715575113305, -22.883961764239032 ], [ -43.393779403080579, -22.881926319347777 ], [ -43.393404621751053, -22.881555417943062 ], [ -43.394147778581242, -22.879569308029858 ], [ -43.394116056850777, -22.879034618827681 ], [ -43.392369475275672, -22.878199204253335 ], [ -43.392142775466112, -22.877843073151372 ], [ -43.392056408967328, -22.877240096299985 ], [ -43.391844230892517, -22.876702225581838 ], [ -43.39142666317592, -22.876225314993743 ], [ -43.39026527060107, -22.87555772425387 ], [ -43.388804875340199, -22.874873640061576 ], [ -43.388143652926239, -22.874447807011965 ], [ -43.386934560866514, -22.872762990334966 ], [ -43.386621016371713, -22.87247560095787 ], [ -43.386543930696369, -22.872211109711579 ], [ -43.386005004830594, -22.871491377291477 ], [ -43.38186135705736, -22.868502611952174 ], [ -43.381612221224778, -22.867913237753324 ], [ -43.381577424290647, -22.867436674733899 ], [ -43.382580448385895, -22.867518583658235 ], [ -43.383585405581201, -22.867388185456129 ], [ -43.391722716743502, -22.864459603643208 ], [ -43.39159890366372, -22.86209599374429 ], [ -43.390903564084958, -22.861699721177647 ], [ -43.3909396926272, -22.861602821623002 ], [ -43.391277117297584, -22.861681912717355 ], [ -43.391646610692376, -22.861015360896271 ], [ -43.388166990600162, -22.859288080430876 ], [ -43.387616034605784, -22.858525689760747 ], [ -43.389479801056609, -22.857241376832022 ], [ -43.390186455276663, -22.856616801030054 ], [ -43.390578375065829, -22.856916443875097 ], [ -43.39084702426188, -22.856098684009869 ], [ -43.391545901160548, -22.853219042240102 ], [ -43.392123176396247, -22.852738368757993 ], [ -43.393025778632186, -22.852368990415503 ], [ -43.393401844147562, -22.852134997030543 ], [ -43.393910613806113, -22.851529265474987 ], [ -43.394747053138524, -22.850834901358638 ], [ -43.395280049221022, -22.850148311458341 ], [ -43.396202218241235, -22.848108801681594 ], [ -43.396374008604361, -22.847386143639049 ], [ -43.397039967979353, -22.845488002667814 ], [ -43.401258723757159, -22.845251635658553 ], [ -43.401857075425617, -22.844504444046873 ], [ -43.402725764601399, -22.845162956061106 ], [ -43.403989267396305, -22.844429835057351 ], [ -43.406800141219044, -22.846278225052547 ], [ -43.409926514226548, -22.842587730999234 ], [ -43.409626896317107, -22.842318860270552 ] ] ] } },
{ "type": "Feature", "properties": { "objectid": 391, "nome": "Campo dos Afonsos", "regiao_adm": "REALENGO                ", "area_plane": "5", "codbairro": "136", "codra": 33, "codbnum": 136, "link": "Campo dos Afonsos         &area=136               ", "rp": "Bangu", "cod_rp": "5.1", "codbairro_long": 136, "st_area(shape)": 3252301.6367502687, "st_perimeter(shape)": 8075.6621668833805 }, "geometry": { "type": "Polygon", "coordinates": [ [ [ -43.372974710505481, -22.875932291914914 ], [ -43.374399074174775, -22.872489593523611 ], [ -43.375308096424199, -22.871488849095378 ], [ -43.3756567178946, -22.870373642602953 ], [ -43.37604289690654, -22.869631801504699 ], [ -43.37812830965678, -22.86698819157672 ], [ -43.378258166769847, -22.866647690111019 ], [ -43.379645224757354, -22.867110308793173 ], [ -43.381577424290647, -22.867436674733899 ], [ -43.381612221224778, -22.867913237753324 ], [ -43.38186135705736, -22.868502611952174 ], [ -43.386005004830594, -22.871491377291477 ], [ -43.386543930696369, -22.872211109711579 ], [ -43.386621016371713, -22.87247560095787 ], [ -43.386934560866514, -22.872762990334966 ], [ -43.388143652926239, -22.874447807011965 ], [ -43.388804875340199, -22.874873640061576 ], [ -43.39026527060107, -22.87555772425387 ], [ -43.39142666317592, -22.876225314993743 ], [ -43.391844230892517, -22.876702225581838 ], [ -43.392056408967328, -22.877240096299985 ], [ -43.392142775466112, -22.877843073151372 ], [ -43.392369475275672, -22.878199204253335 ], [ -43.394116056850777, -22.879034618827681 ], [ -43.394147778581242, -22.879569308029858 ], [ -43.393404621751053, -22.881555417943062 ], [ -43.393779403080579, -22.881926319347777 ], [ -43.39680664024079, -22.884033937954605 ], [ -43.398256989144102, -22.885502838928169 ], [ -43.394983630298334, -22.885306358718442 ], [ -43.392403220550165, -22.885058030871718 ], [ -43.390426438506275, -22.885141252494417 ], [ -43.388730508655676, -22.884997728315973 ], [ -43.388603506304051, -22.885781965166487 ], [ -43.38839971017687, -22.886416409730053 ], [ -43.387904080051484, -22.887175051896371 ], [ -43.387634992198393, -22.887354208302614 ], [ -43.387209938102892, -22.887451676319952 ], [ -43.385708915929477, -22.887589246122641 ], [ -43.385026794718499, -22.887516842169209 ], [ -43.380706792093683, -22.886054476429866 ], [ -43.379836468396633, -22.885965681944512 ], [ -43.378244782651699, -22.886138564129656 ], [ -43.37678333274377, -22.885916295131707 ], [ -43.376191296138877, -22.885532028214584 ], [ -43.3759217557227, -22.885092895365165 ], [ -43.37585413933985, -22.88484484376648 ], [ -43.375864286296959, -22.883001080163289 ], [ -43.37530182623756, -22.880460499741616 ], [ -43.375157137625273, -22.880088115773127 ], [ -43.374647474226137, -22.87937731205653 ], [ -43.373998355796132, -22.876685293732198 ], [ -43.373401907532617, -22.8766669123249 ], [ -43.372974710505481, -22.875932291914914 ] ] ] } },
{ "type": "Feature", "properties": { "objectid": 461, "nome": "Camorim", "regiao_adm": "BARRA DA TIJUCA         ", "area_plane": "4", "codbairro": "129", "codra": 24, "codbnum": 129, "link": "Camorim                   &area=129               ", "rp": "Barra da Tijuca", "cod_rp": "4.2", "codbairro_long": 129, "st_area(shape)": 7352022.8332927385, "st_perimeter(shape)": 17448.101346693249 }, "geometry": { "type": "Polygon", "coordinates": [ [ [ -43.43628372872103, -22.948672612771411 ], [ -43.43643504753328, -22.948233745512692 ], [ -43.436677240555845, -22.947846526876926 ], [ -43.436935816844304, -22.94762889813482 ], [ -43.437101378397301, -22.947545814434264 ], [ -43.437917488586919, -22.94753714506853 ], [ -43.438574343033082, -22.947155542897246 ], [ -43.440599282981012, -22.946463349899727 ], [ -43.441987384182795, -22.945579922421395 ], [ -43.442851700876901, -22.945277645560854 ], [ -43.442234658104361, -22.945701200795732 ], [ -43.441785095516174, -22.947653029660433 ], [ -43.443052016267067, -22.948940309736091 ], [ -43.443741469840504, -22.948837165876046 ], [ -43.444928521505808, -22.948804824417454 ], [ -43.445450315425212, -22.948831975737004 ], [ -43.446041882593633, -22.948991573747712 ], [ -43.446004058496854, -22.949707645567301 ], [ -43.445864829206748, -22.950268835271473 ], [ -43.446035830501124, -22.951596198619612 ], [ -43.446614261343747, -22.952898651890575 ], [ -43.446655975495531, -22.953404627396733 ], [ -43.446817613740826, -22.953801866124458 ], [ -43.446838047068077, -22.954087813487433 ], [ -43.446715607336976, -22.954715725965798 ], [ -43.446452725229044, -22.955293224228448 ], [ -43.446640850413729, -22.95603562393817 ], [ -43.446448055465922, -22.956333932477158 ], [ -43.446425617621003, -22.956607809604403 ], [ -43.446889224535937, -22.956967546517038 ], [ -43.447478347020265, -22.957199545847427 ], [ -43.447463759196822, -22.957392219477711 ], [ -43.447277348609802, -22.957276690151257 ], [ -43.447102943427701, -22.957365113530752 ], [ -43.446815997022981, -22.957564422833155 ], [ -43.446587169657981, -22.957900850374227 ], [ -43.446319595753167, -22.958470083575836 ], [ -43.446294470838467, -22.959269457899669 ], [ -43.446179468428085, -22.959535744820013 ], [ -43.446100598114995, -22.95962726958501 ], [ -43.445303690117377, -22.95975835683916 ], [ -43.446051341898766, -22.961624844573503 ], [ -43.446319212888724, -22.962908002836436 ], [ -43.446284051284486, -22.963595289229342 ], [ -43.446521654220703, -22.965095167516591 ], [ -43.446515054908765, -22.965868803349512 ], [ -43.446674915154318, -22.96622655960099 ], [ -43.44650717434677, -22.966464783632766 ], [ -43.446251101597774, -22.966538135910685 ], [ -43.446131632269861, -22.967169147006803 ], [ -43.445827097363377, -22.967428969369188 ], [ -43.445250943065993, -22.967484099610623 ], [ -43.444720493754289, -22.967337648319408 ], [ -43.444418522686838, -22.967023833231536 ], [ -43.444298297537387, -22.966995650345879 ], [ -43.443633354332015, -22.966977384198479 ], [ -43.442817072039468, -22.967178077350901 ], [ -43.441295763673381, -22.968491339919428 ], [ -43.441020052739105, -22.968583907281843 ], [ -43.440652768266695, -22.968565664414431 ], [ -43.440171967907403, -22.968843700090552 ], [ -43.43963747301202, -22.969542597624081 ], [ -43.439081346821993, -22.969975675290708 ], [ -43.438863452657657, -22.970053003508376 ], [ -43.438718328077869, -22.970477213294402 ], [ -43.438590621503735, -22.971371844581149 ], [ -43.438695608176864, -22.972370098034471 ], [ -43.438895547020202, -22.973287463671515 ], [ -43.438435440473413, -22.973511418837383 ], [ -43.437950681291895, -22.974513974887735 ], [ -43.438138422550296, -22.975821909243233 ], [ -43.439166796440887, -22.978330504458167 ], [ -43.439306477583578, -22.979017703846274 ], [ -43.439469953342034, -22.97922983111868 ], [ -43.439720983788547, -22.979317647121505 ], [ -43.440080061080714, -22.979628510577985 ], [ -43.440958452197442, -22.981255809607234 ], [ -43.441287663610723, -22.981654067213004 ], [ -43.441365914809445, -22.981966502102395 ], [ -43.441302229486517, -22.982127351314361 ], [ -43.440968571494274, -22.982005942518587 ], [ -43.44002647931358, -22.981899584891174 ], [ -43.438769047858301, -22.981970649840299 ], [ -43.438579384259803, -22.982025677033469 ], [ -43.438098874129253, -22.982409640606107 ], [ -43.43737114214305, -22.982280724174821 ], [ -43.436754689863648, -22.982458429468263 ], [ -43.436447343115127, -22.982669884965784 ], [ -43.436302052590477, -22.98338615548419 ], [ -43.435982669862192, -22.98403279247248 ], [ -43.43593183931636, -22.984338626852708 ], [ -43.435788111554032, -22.984512321160793 ], [ -43.434857832645832, -22.984640948802724 ], [ -43.433863630428931, -22.985186900277231 ], [ -43.432823225849063, -22.985644876744672 ], [ -43.431967029952993, -22.985912122726756 ], [ -43.431657480621205, -22.986110362753667 ], [ -43.431058804626929, -22.985566182008043 ], [ -43.430019144787948, -22.985140089770137 ], [ -43.429436635794062, -22.985029285790063 ], [ -43.428647666191132, -22.984999608505923 ], [ -43.42770565192594, -22.985121574872561 ], [ -43.428223366714349, -22.987763340413384 ], [ -43.428509240183715, -22.988381012602293 ], [ -43.428653528863535, -22.988986353298426 ], [ -43.428650032536169, -22.989693092936225 ], [ -43.42843466426897, -22.990745606983573 ], [ -43.427998528705402, -22.991259844858078 ], [ -43.427915652271338, -22.991922174410732 ], [ -43.426767956920116, -22.992154077610131 ], [ -43.42621769201201, -22.992153849360822 ], [ -43.423542601262824, -22.991511689813269 ], [ -43.420900423610959, -22.991002482292327 ], [ -43.420534547912531, -22.991419863245191 ], [ -43.418959053239426, -22.990258786221084 ], [ -43.419410517530551, -22.989726761184812 ], [ -43.419774975108567, -22.989405368671648 ], [ -43.42136785559488, -22.988357582776874 ], [ -43.421789595624638, -22.988420154414666 ], [ -43.422079529483234, -22.988343272089939 ], [ -43.42227364497392, -22.988129571637714 ], [ -43.422392081318804, -22.987750545998594 ], [ -43.425507914482253, -22.985674796153067 ], [ -43.425488563673539, -22.985529352520704 ], [ -43.425221310602822, -22.985132006686712 ], [ -43.425385551009512, -22.984617866130677 ], [ -43.425078249203985, -22.984398193252236 ], [ -43.424846670042868, -22.984062093521043 ], [ -43.424558447254334, -22.982376991186619 ], [ -43.424297642276059, -22.981617310002395 ], [ -43.42385842884898, -22.980958897654141 ], [ -43.423149185781902, -22.980412936369973 ], [ -43.421805150601074, -22.979950405672273 ], [ -43.420424935369958, -22.979353842610315 ], [ -43.418156230695111, -22.978572545129214 ], [ -43.417819832521296, -22.978361102173885 ], [ -43.417258164803322, -22.977819161408959 ], [ -43.416619435612184, -22.978313965750292 ], [ -43.413440154049781, -22.975621524008641 ], [ -43.414810379245026, -22.974707514513511 ], [ -43.415302644649692, -22.973979294224534 ], [ -43.417721477226401, -22.973184160254821 ], [ -43.418567306540567, -22.973165779567768 ], [ -43.418782965324816, -22.973307100855454 ], [ -43.419099162599892, -22.973290929418287 ], [ -43.419572790125265, -22.973441503698343 ], [ -43.419872651946875, -22.973655820527224 ], [ -43.420597927931432, -22.973654650605084 ], [ -43.421016159678082, -22.973502851017816 ], [ -43.421147413989019, -22.973354060251999 ], [ -43.421156399381644, -22.973042307582539 ], [ -43.421746550758535, -22.972355679242806 ], [ -43.423560998369631, -22.971738308576324 ], [ -43.424381380447194, -22.971104264024262 ], [ -43.424691973245139, -22.970510935177689 ], [ -43.42485005044481, -22.970462295014944 ], [ -43.424959446127701, -22.970280050890739 ], [ -43.425168568690843, -22.970219816822652 ], [ -43.425325362488991, -22.969953598968807 ], [ -43.425599439506477, -22.969843070550507 ], [ -43.425914201344895, -22.969377392336582 ], [ -43.425097765977171, -22.969217831663698 ], [ -43.425068377501844, -22.969153150703193 ], [ -43.426033199913384, -22.96832355948677 ], [ -43.426097250593294, -22.967685787161916 ], [ -43.426051389040481, -22.96744347813798 ], [ -43.425887879313635, -22.967043401743073 ], [ -43.425700767800691, -22.966879436454427 ], [ -43.425814380884226, -22.966703283292475 ], [ -43.426026766323751, -22.966588077194743 ], [ -43.42575315581233, -22.966111770605927 ], [ -43.425663107200627, -22.965693277532754 ], [ -43.425722305586952, -22.964682740823783 ], [ -43.4258212594074, -22.964332053229654 ], [ -43.426039241841345, -22.963960598932129 ], [ -43.426048147577667, -22.963191327788657 ], [ -43.426746579688526, -22.962319081554757 ], [ -43.427061220489385, -22.9617946944783 ], [ -43.427378301340276, -22.961050514562274 ], [ -43.427479126655328, -22.960545953026585 ], [ -43.428188864273267, -22.959090126819859 ], [ -43.42823158070788, -22.957773812940786 ], [ -43.428444724717963, -22.957093713093048 ], [ -43.428636860420731, -22.956897835562422 ], [ -43.429089783923274, -22.956726486873713 ], [ -43.429636666154046, -22.956643940052839 ], [ -43.430300343812341, -22.956716436807024 ], [ -43.431268205740196, -22.956956940527924 ], [ -43.433191613279554, -22.956704930071137 ], [ -43.434141467911196, -22.956816004846758 ], [ -43.434653987318299, -22.956787104765898 ], [ -43.43594233160772, -22.956288652861311 ], [ -43.436706293015135, -22.955900529296162 ], [ -43.436951462269668, -22.955221545172559 ], [ -43.436672290214432, -22.954735266140784 ], [ -43.436554077975899, -22.952623970481071 ], [ -43.436359746593403, -22.951603793206196 ], [ -43.43628372872103, -22.948672612771411 ] ] ] } },
{ "type": "Feature", "properties": { "objectid": 471, "nome": "Barra da Tijuca", "regiao_adm": "BARRA DA TIJUCA         ", "area_plane": "4", "codbairro": "128", "codra": 24, "codbnum": 128, "link": "Barra da Tijuca           &area=128               ", "rp": "Barra da Tijuca", "cod_rp": "4.2", "codbairro_long": 128, "st_area(shape)": 46271713.264859557, "st_perimeter(shape)": 50142.39929274733 }, "geometry": { "type": "MultiPolygon", "coordinates": [ [ [ [ -43.379583416545373, -22.973981327201383 ], [ -43.380776131824121, -22.973634109470844 ], [ -43.38175474458847, -22.973467661057228 ], [ -43.382143049121964, -22.973573233385288 ], [ -43.383952816592767, -22.974428733878597 ], [ -43.384619488544054, -22.975109892055457 ], [ -43.386472845855302, -22.976618755702216 ], [ -43.386886520750366, -22.977078140340158 ], [ -43.387267507275311, -22.97771148993229 ], [ -43.387361213398975, -22.978042980563597 ], [ -43.387597243649061, -22.978348650331295 ], [ -43.388366574517029, -22.978864399731908 ], [ -43.389309620680152, -22.97936457558594 ], [ -43.390443057777716, -22.980146286326715 ], [ -43.391057481963465, -22.980903652339968 ], [ -43.391722281393911, -22.982169253589362 ], [ -43.392176723614895, -22.98279683689027 ], [ -43.392722695268297, -22.983380827541382 ], [ -43.393317074531204, -22.983715420159644 ], [ -43.393815908370833, -22.983592067204082 ], [ -43.394995850780717, -22.982992920090478 ], [ -43.397304909304168, -22.981345871924837 ], [ -43.397845366210589, -22.980776884805405 ], [ -43.398556059271655, -22.980437292166243 ], [ -43.399553082165617, -22.979049559202135 ], [ -43.400713336451034, -22.978070591294767 ], [ -43.400798706057387, -22.97775347097398 ], [ -43.401238515955967, -22.977214156846173 ], [ -43.401772639440892, -22.976874208346203 ], [ -43.401920678988837, -22.976560972195987 ], [ -43.401841072986983, -22.976404561457915 ], [ -43.401950128622779, -22.976254483786146 ], [ -43.402836180310111, -22.975498142725826 ], [ -43.403516713360084, -22.975231825529647 ], [ -43.403704683486389, -22.975446674886928 ], [ -43.404195629284537, -22.975551695386258 ], [ -43.404785688852336, -22.976038103290691 ], [ -43.405440370202598, -22.976953144162188 ], [ -43.405669548347333, -22.97802961356788 ], [ -43.4059798982803, -22.978331129682491 ], [ -43.406090715458525, -22.978571390391107 ], [ -43.40569283999848, -22.979104457547031 ], [ -43.405052196913211, -22.979702447135153 ], [ -43.404742202368446, -22.980151956885692 ], [ -43.404180388702684, -22.9804737547475 ], [ -43.404318915965625, -22.980896090915046 ], [ -43.40475045618107, -22.981219244488937 ], [ -43.404804323064944, -22.981391740081847 ], [ -43.404576823963318, -22.981693429156266 ], [ -43.403872079361598, -22.981460629446538 ], [ -43.40370308666364, -22.981539480105798 ], [ -43.403774326049557, -22.982450441834199 ], [ -43.403292357769296, -22.983339561958942 ], [ -43.403026097279714, -22.984299674496775 ], [ -43.402979248495406, -22.984941310640593 ], [ -43.403059157450706, -22.98523851742376 ], [ -43.403193450988077, -22.985257395660355 ], [ -43.403372190573371, -22.98546185739605 ], [ -43.403631657621695, -22.985536997338691 ], [ -43.40396510471367, -22.985434250563173 ], [ -43.404180010656923, -22.985217145096662 ], [ -43.404360885034279, -22.984733008037509 ], [ -43.404412597910913, -22.984241608620877 ], [ -43.404584815647475, -22.983854919839583 ], [ -43.404656307098691, -22.983415194377834 ], [ -43.404881012174187, -22.983010974304751 ], [ -43.404747607469048, -22.982309718404153 ], [ -43.404760769593771, -22.981869766738559 ], [ -43.404943190865112, -22.981635624493357 ], [ -43.405652642037481, -22.981217958889967 ], [ -43.405921209451023, -22.981223557189093 ], [ -43.40646967271617, -22.981541381988155 ], [ -43.407171134579926, -22.981696922091693 ], [ -43.407552269669189, -22.981977113190368 ], [ -43.408236906437196, -22.982128687499742 ], [ -43.40849486327204, -22.982407545063584 ], [ -43.409609144206314, -22.982762573567371 ], [ -43.409873070281165, -22.983206848964929 ], [ -43.410340427440083, -22.983246680156977 ], [ -43.411075319338053, -22.983756197880933 ], [ -43.411307105165328, -22.984772629729282 ], [ -43.411847173045267, -22.985736167585191 ], [ -43.41229672694935, -22.986039793948756 ], [ -43.412315007483876, -22.986300352754437 ], [ -43.412754404767981, -22.986368416237053 ], [ -43.413554379035475, -22.986916653068 ], [ -43.414062588395034, -22.987146463477078 ], [ -43.414647350006248, -22.987244474455075 ], [ -43.415225175314546, -22.987935846497948 ], [ -43.417216608880899, -22.988942127610972 ], [ -43.420534547912531, -22.991419863245191 ], [ -43.420218001841924, -22.991781109608304 ], [ -43.421317465233656, -22.992778353832087 ], [ -43.424626269946245, -22.996873024097486 ], [ -43.425069678374228, -22.997163809199726 ], [ -43.426773666243179, -22.997907115147999 ], [ -43.436160591983182, -23.005922168901581 ], [ -43.436339605168556, -23.006295114700084 ], [ -43.436224349774086, -23.006357646420096 ], [ -43.436094847222982, -23.006801600731457 ], [ -43.43857488212609, -23.007479027418256 ], [ -43.438911863805671, -23.008011754225812 ], [ -43.450201566842217, -23.017665421428035 ], [ -43.450459303732686, -23.018470903587737 ], [ -43.450592394745314, -23.019332511768656 ], [ -43.450508540775665, -23.020002252036175 ], [ -43.450167627522184, -23.020848199649077 ], [ -43.449719885551936, -23.02123206324622 ], [ -43.448722566616915, -23.02174952665542 ], [ -43.448076997299047, -23.021932849913821 ], [ -43.447447031051581, -23.022006144068865 ], [ -43.447185292251881, -23.023109887771106 ], [ -43.442663725176835, -23.021994725268737 ], [ -43.441288492848244, -23.021798845350613 ], [ -43.440635404729449, -23.021549477462944 ], [ -43.438975263787476, -23.021168613054929 ], [ -43.438475261896578, -23.021148417392794 ], [ -43.437806123861073, -23.020912514011179 ], [ -43.436201519918704, -23.020548336823836 ], [ -43.435102060436286, -23.020342397060507 ], [ -43.434770648273741, -23.020399266333918 ], [ -43.434008364500393, -23.020305116834468 ], [ -43.432672731940741, -23.020012111770267 ], [ -43.429484692191387, -23.019525430157081 ], [ -43.420379769927791, -23.017638718431094 ], [ -43.417878124554349, -23.017209681767955 ], [ -43.413264035363078, -23.016596612454382 ], [ -43.411888723526587, -23.016275401792178 ], [ -43.409889699747126, -23.015970223647439 ], [ -43.40605131009098, -23.015491443301535 ], [ -43.403916814354027, -23.015077265598737 ], [ -43.400733988920521, -23.014666106423615 ], [ -43.399098341451932, -23.014336197386296 ], [ -43.396483540735247, -23.014066794793997 ], [ -43.395746589404332, -23.013907246698047 ], [ -43.394168116639378, -23.01389241422466 ], [ -43.386209561531828, -23.013232678651161 ], [ -43.382054397379797, -23.012745127889804 ], [ -43.374757567201975, -23.012108833068776 ], [ -43.372979735580252, -23.011815761884588 ], [ -43.368961096660151, -23.011601732334675 ], [ -43.366327367154945, -23.011554705387432 ], [ -43.365499117646884, -23.011455033714672 ], [ -43.363239379022858, -23.011501763284326 ], [ -43.360813204965218, -23.011322140718107 ], [ -43.358282707893785, -23.011307385257869 ], [ -43.357507680808752, -23.011228633750807 ], [ -43.356734324803867, -23.011301614800018 ], [ -43.355760016496873, -23.011187913634824 ], [ -43.353618448776892, -23.011281158255024 ], [ -43.352169571646918, -23.011163673372135 ], [ -43.35110373728147, -23.0112605830275 ], [ -43.34994276748089, -23.0111743421974 ], [ -43.349276015820458, -23.011041049427771 ], [ -43.348629124640844, -23.011223950097406 ], [ -43.347262827137939, -23.011143223674516 ], [ -43.343757885677455, -23.011268241837399 ], [ -43.343083942473037, -23.011181175048225 ], [ -43.341916366135685, -23.011229185463446 ], [ -43.341447606643399, -23.011132792695491 ], [ -43.337377956072977, -23.011468400467795 ], [ -43.335530333166595, -23.011426044796544 ], [ -43.333407484863578, -23.01175021946041 ], [ -43.332741951295823, -23.011765516755389 ], [ -43.332214801663511, -23.011681664911347 ], [ -43.331585273355905, -23.011910465265721 ], [ -43.329540830726629, -23.012006393784546 ], [ -43.32747946067613, -23.012319937476065 ], [ -43.326587552329983, -23.012314304432046 ], [ -43.326042137882844, -23.012501253246274 ], [ -43.325557853766107, -23.01247779849388 ], [ -43.324958683049736, -23.012664717529574 ], [ -43.322504240776496, -23.013001039675437 ], [ -43.32143994258805, -23.013318835082423 ], [ -43.32051663883162, -23.013358619374536 ], [ -43.319630932287218, -23.013670983184426 ], [ -43.319004184296041, -23.013743979816113 ], [ -43.318220934857237, -23.013991589669917 ], [ -43.317155372304498, -23.014095315939066 ], [ -43.316346054514305, -23.014406847367123 ], [ -43.315181957993396, -23.014494611244622 ], [ -43.314161524745799, -23.014907195724774 ], [ -43.313043068583582, -23.015207740398171 ], [ -43.312235597157155, -23.015526404787977 ], [ -43.311703877869988, -23.01558259385175 ], [ -43.308885275810532, -23.016285884858068 ], [ -43.306409581439588, -23.016340146657583 ], [ -43.30507630925235, -23.016114554129985 ], [ -43.30366381375142, -23.01617789898949 ], [ -43.301275706267113, -23.015759541065439 ], [ -43.299230215854251, -23.015716622621785 ], [ -43.298477553748668, -23.015529002374265 ], [ -43.297943758773073, -23.015485966996462 ], [ -43.297732271220134, -23.0155461844925 ], [ -43.297724542321056, -23.016131107279787 ], [ -43.297243729530699, -23.016374819392578 ], [ -43.296999083332722, -23.015820414040356 ], [ -43.296375164621239, -23.015069031826162 ], [ -43.295960178558275, -23.014196989138988 ], [ -43.295430061121543, -23.013628943928033 ], [ -43.294457092739336, -23.013033186177228 ], [ -43.292742471981065, -23.012540411439147 ], [ -43.290756183096889, -23.011620879037995 ], [ -43.290841425979316, -23.011444527442816 ], [ -43.292766128659323, -23.01218025416885 ], [ -43.293455226518368, -23.012199425019823 ], [ -43.293796182626785, -23.011990428362754 ], [ -43.293962227859332, -23.011478194421731 ], [ -43.294097516234949, -23.011379231849048 ], [ -43.295506051354842, -23.011285043663282 ], [ -43.296815925589968, -23.010672867185963 ], [ -43.296621719083099, -23.010375385080586 ], [ -43.296248173546715, -23.010134941823264 ], [ -43.292416408090304, -23.008016877395541 ], [ -43.292754869673537, -23.005439567719566 ], [ -43.292679185350593, -23.005097032260998 ], [ -43.292444114138817, -23.0047071722101 ], [ -43.292109721228641, -23.004395981907003 ], [ -43.290744803494029, -23.003828848628576 ], [ -43.290082627347942, -23.003650838214064 ], [ -43.286462236513628, -23.003093521523798 ], [ -43.286201501107286, -23.002667344147302 ], [ -43.285124075684941, -23.001747558951937 ], [ -43.285015219167363, -23.001376394737452 ], [ -43.284826004023891, -23.001165647729486 ], [ -43.284705700369237, -23.000272389770185 ], [ -43.284674351268748, -22.99803705920883 ], [ -43.284731526425688, -22.997464864577932 ], [ -43.287240916215431, -22.997379052448323 ], [ -43.289119835931139, -22.99714054286493 ], [ -43.290984196364249, -22.997128254360675 ], [ -43.293499367745532, -22.997241709419615 ], [ -43.294940546915669, -22.997526887150823 ], [ -43.295490678818531, -22.997738980107297 ], [ -43.299563090217795, -23.00032995229283 ], [ -43.299713517000299, -23.000500712857399 ], [ -43.300122658132359, -23.002181108564045 ], [ -43.300144390451926, -23.003265294274907 ], [ -43.300613275224258, -23.004156688157533 ], [ -43.301439667487379, -23.005175005654248 ], [ -43.302267689286474, -23.00542473396149 ], [ -43.304413992969877, -23.005662936036785 ], [ -43.304535090739869, -23.005012218160374 ], [ -43.30494075330153, -23.003783057941217 ], [ -43.30492226647916, -23.002873470655064 ], [ -43.305263312412521, -23.002247862676526 ], [ -43.305455543863019, -23.002094773861149 ], [ -43.305534111070642, -23.001661960398099 ], [ -43.305475702157629, -23.001472592259447 ], [ -43.305714002421297, -23.001458075206518 ], [ -43.30582688137774, -23.001347573431612 ], [ -43.305698557296324, -23.000929522832621 ], [ -43.305923633622335, -23.000676994776182 ], [ -43.306533730975033, -23.000800107841165 ], [ -43.307850949275846, -23.000658770598363 ], [ -43.307848713873128, -23.000720696348516 ], [ -43.309025654641694, -23.000884534303246 ], [ -43.309977730889656, -23.000712910754164 ], [ -43.310932408271967, -23.000700339748573 ], [ -43.311345125749654, -23.00056052041467 ], [ -43.312090158973547, -23.000109612855891 ], [ -43.312609830454967, -22.999401273047503 ], [ -43.312916401942516, -22.998791082546912 ], [ -43.313309349043848, -22.999417214344994 ], [ -43.314332823560804, -22.999425493617803 ], [ -43.315741595648134, -22.998995449005534 ], [ -43.316431183560084, -22.998475024765551 ], [ -43.316823431435985, -22.99852154941081 ], [ -43.318027220079266, -22.998140055578251 ], [ -43.318422422336845, -22.998231942776691 ], [ -43.318530313419572, -22.998334051045099 ], [ -43.318618396455669, -22.99824766004976 ], [ -43.319227140148961, -22.998094549195063 ], [ -43.320010495776238, -22.998019868126057 ], [ -43.320431094681695, -22.997722522374783 ], [ -43.320736572877415, -22.997268534851329 ], [ -43.320870293589273, -22.996788883557091 ], [ -43.320878192938878, -22.995677192241061 ], [ -43.321447483280934, -22.995266187392779 ], [ -43.321614765215983, -22.995274823613531 ], [ -43.321671902778213, -22.995166337758224 ], [ -43.321728022838457, -22.994895557754734 ], [ -43.321660990371683, -22.994581479764491 ], [ -43.321892761257665, -22.994328727759921 ], [ -43.322021103500475, -22.993668041887862 ], [ -43.321872600476169, -22.992692772750317 ], [ -43.322214357091745, -22.992111741848746 ], [ -43.322867255795821, -22.99202961229717 ], [ -43.323082274047962, -22.991537455301483 ], [ -43.32357538276819, -22.991195532920266 ], [ -43.324057244747408, -22.991021731914262 ], [ -43.324342517432775, -22.991017254472563 ], [ -43.325875448883849, -22.990143479428752 ], [ -43.326917106853529, -22.990032480309587 ], [ -43.327260429130767, -22.990193151157182 ], [ -43.327805966946073, -22.990257972322507 ], [ -43.32963271556887, -22.98940405789082 ], [ -43.329762444257852, -22.989475594907557 ], [ -43.330365543193871, -22.989349019792041 ], [ -43.331067139610575, -22.989700125450373 ], [ -43.331486122272402, -22.990085909908984 ], [ -43.332129760935914, -22.990494650081811 ], [ -43.333057978001392, -22.990534491604869 ], [ -43.33362985585908, -22.990702700736414 ], [ -43.33401317191823, -22.990275784522776 ], [ -43.334014720015183, -22.989918993515833 ], [ -43.334319828280535, -22.989665004377162 ], [ -43.334217653969112, -22.989326991254028 ], [ -43.333811695895861, -22.988761638059206 ], [ -43.333649482796005, -22.988698163923253 ], [ -43.33351933653487, -22.988064274911139 ], [ -43.33369933214842, -22.988093441293827 ], [ -43.33426611775969, -22.987586812630781 ], [ -43.334486187017973, -22.987593281539169 ], [ -43.334681623709116, -22.98729397861549 ], [ -43.334854250596294, -22.987311596179239 ], [ -43.334743554663262, -22.987469645473833 ], [ -43.334882183327451, -22.987579111826783 ], [ -43.335001477811126, -22.987547042055809 ], [ -43.335120638656086, -22.98732713029073 ], [ -43.335283482711183, -22.987386728980987 ], [ -43.335404381284725, -22.987343296948588 ], [ -43.335417869935696, -22.987412704871833 ], [ -43.335491489762646, -22.987350714395067 ], [ -43.335704706925377, -22.987542510915492 ], [ -43.33579962896237, -22.987493387200342 ], [ -43.335810134403687, -22.987551384958369 ], [ -43.336234813065644, -22.98761662293359 ], [ -43.336368380628478, -22.987478409538838 ], [ -43.336631530569584, -22.987415699512184 ], [ -43.336764275167582, -22.987464324329768 ], [ -43.337630799010363, -22.987156075451946 ], [ -43.337753437493106, -22.987065974201677 ], [ -43.338125553431553, -22.986181424174049 ], [ -43.338099325740536, -22.985885569922655 ], [ -43.338603197107666, -22.98529716864839 ], [ -43.339343696051365, -22.984756490325523 ], [ -43.340043857632061, -22.984746217633415 ], [ -43.340490561746115, -22.98464451339791 ], [ -43.340621355571159, -22.984445489586701 ], [ -43.34060870161106, -22.984187891258092 ], [ -43.340942037174933, -22.983792761035293 ], [ -43.341178043197907, -22.983652091011123 ], [ -43.341292744383047, -22.983269029702136 ], [ -43.340929678758556, -22.982728526958482 ], [ -43.340760363694798, -22.982655681439439 ], [ -43.340810789874631, -22.982296420867051 ], [ -43.340942170978721, -22.982312516820667 ], [ -43.341277316364334, -22.982575481114804 ], [ -43.341687025869653, -22.982571279877618 ], [ -43.341776605854299, -22.982352316958181 ], [ -43.341574231441449, -22.982119462339455 ], [ -43.341820273658264, -22.981811376294203 ], [ -43.342101692581942, -22.98163352317383 ], [ -43.342367110818266, -22.981607853904041 ], [ -43.34286920695655, -22.981369903925753 ], [ -43.343161552601678, -22.981407639468792 ], [ -43.343247290981239, -22.981543367092762 ], [ -43.343203755279099, -22.981641980028535 ], [ -43.343354459454631, -22.981721312075464 ], [ -43.343847128502574, -22.981736396260938 ], [ -43.344384552069243, -22.981368767588169 ], [ -43.344716731474293, -22.98165165197851 ], [ -43.345068282697504, -22.981737233793215 ], [ -43.345551226519738, -22.981269782225318 ], [ -43.346077379143189, -22.98020105725978 ], [ -43.34702341705426, -22.979123884924789 ], [ -43.347440470280119, -22.978795807708536 ], [ -43.34816006544132, -22.978652946859071 ], [ -43.349947178488222, -22.978590470346816 ], [ -43.353125632939509, -22.978785004569886 ], [ -43.353864138187078, -22.978787620592659 ], [ -43.354606286528579, -22.978666546351612 ], [ -43.35539279643428, -22.978353482996646 ], [ -43.355802192032748, -22.97778589664043 ], [ -43.356211979567242, -22.976710233566507 ], [ -43.356877638760423, -22.976033318902044 ], [ -43.357211627308153, -22.975788611078418 ], [ -43.357819152050098, -22.975555409424341 ], [ -43.358544987420295, -22.975507297662158 ], [ -43.359975083462288, -22.975558496688588 ], [ -43.360813588869625, -22.9754765023518 ], [ -43.362421256270771, -22.975797914841742 ], [ -43.363269244308121, -22.975771001825958 ], [ -43.363443263030533, -22.975704616561472 ], [ -43.363944705826576, -22.975840380652294 ], [ -43.364540219364727, -22.975785838664159 ], [ -43.365239649954795, -22.976011332695542 ], [ -43.36552384526307, -22.975850623129787 ], [ -43.366036645460859, -22.975918133007966 ], [ -43.366782945022536, -22.975636205452748 ], [ -43.366945116961169, -22.975817140095803 ], [ -43.366898134131787, -22.97606617989371 ], [ -43.36707711544031, -22.976122479612158 ], [ -43.367916135102817, -22.975932985101384 ], [ -43.368609864574879, -22.975870318853215 ], [ -43.369483170918755, -22.97562725242836 ], [ -43.369766459593428, -22.975704399947368 ], [ -43.370066345418685, -22.975934522576356 ], [ -43.371125676661833, -22.975876056478047 ], [ -43.371742591112195, -22.976046037113317 ], [ -43.371985154794068, -22.976038052291933 ], [ -43.372248847432324, -22.976220475343755 ], [ -43.372832389555633, -22.976416300578204 ], [ -43.373891903501523, -22.977394297458609 ], [ -43.374258526869838, -22.977533703506786 ], [ -43.374763666359684, -22.977190831904494 ], [ -43.375070547259376, -22.976755617447651 ], [ -43.375773405398199, -22.97606816136739 ], [ -43.377131347969105, -22.975490273524848 ], [ -43.377261007658525, -22.975291205544497 ], [ -43.377400098884003, -22.975249732682837 ], [ -43.377284719025603, -22.975078046324445 ], [ -43.377318032055626, -22.974869410559926 ], [ -43.377892868199709, -22.974846758133097 ], [ -43.378140698808011, -22.974716268681401 ], [ -43.37834440732022, -22.974361824161175 ], [ -43.378524200593105, -22.97450221552511 ], [ -43.378703383966752, -22.974509832031334 ], [ -43.379134355965789, -22.97396507463808 ], [ -43.379583416545373, -22.973981327201383 ] ] ], [ [ [ -43.298656854846591, -23.0312720744591 ], [ -43.298912884477183, -23.031186237505029 ], [ -43.299038783659782, -23.031284760946544 ], [ -43.299568717975035, -23.031220561414333 ], [ -43.300918216008469, -23.032053780823468 ], [ -43.300876928720605, -23.032117183925219 ], [ -43.300653893224471, -23.031976077410324 ], [ -43.300982245014978, -23.032246640514742 ], [ -43.301146750097892, -23.032596990873191 ], [ -43.301086442123292, -23.032698750549255 ], [ -43.301328781392655, -23.032895782857349 ], [ -43.301439244999266, -23.033291788543476 ], [ -43.30129795325643, -23.033479102693946 ], [ -43.301142128041008, -23.033564755354863 ], [ -43.300995547729975, -23.033504662407537 ], [ -43.300879494080789, -23.033562293698683 ], [ -43.300283978808238, -23.033401112138829 ], [ -43.300276350909265, -23.033597087004047 ], [ -43.300088666530307, -23.033640039848173 ], [ -43.300308522875234, -23.033778133870719 ], [ -43.300257720179616, -23.033884330910038 ], [ -43.299885422908297, -23.033927559832726 ], [ -43.299887195399904, -23.034035132792095 ], [ -43.299783859085949, -23.03411340216428 ], [ -43.299312924896789, -23.034226009180728 ], [ -43.298738444391944, -23.034231299959007 ], [ -43.298661722752549, -23.034078217451299 ], [ -43.298360690323918, -23.033947556977058 ], [ -43.298269579835356, -23.033697241180565 ], [ -43.298429894201661, -23.033471665036824 ], [ -43.29921422413274, -23.033281967826472 ], [ -43.299358819265407, -23.033181566744947 ], [ -43.299121207711423, -23.032903486422025 ], [ -43.299161675278903, -23.032361360441026 ], [ -43.298536998038642, -23.031896789372407 ], [ -43.298545668653169, -23.031400377772169 ], [ -43.298656854846591, -23.0312720744591 ] ] ], [ [ [ -43.305399294641646, -23.033396305175494 ], [ -43.306129331255519, -23.033084348567524 ], [ -43.306209228514355, -23.033296340805386 ], [ -43.30599616791951, -23.033379128741682 ], [ -43.305616588450754, -23.033809888822532 ], [ -43.30540928962116, -23.033611341706653 ], [ -43.305399294641646, -23.033396305175494 ] ] ], [ [ [ -43.30491150959903, -23.033811003568196 ], [ -43.305178935889174, -23.033851798040725 ], [ -43.305212580981838, -23.033985813045295 ], [ -43.305119019492956, -23.034164159162874 ], [ -43.304948678313096, -23.034170370118918 ], [ -43.304852991071598, -23.034058539499437 ], [ -43.30491150959903, -23.033811003568196 ] ] ], [ [ [ -43.303998197503006, -23.036720643751458 ], [ -43.303989493947377, -23.036589695522743 ], [ -43.30413091833973, -23.036547594958172 ], [ -43.304541780134393, -23.036908349186284 ], [ -43.305111051665975, -23.037211197921025 ], [ -43.305120102573014, -23.037306749730803 ], [ -43.305261092782423, -23.037221475236272 ], [ -43.306022197313908, -23.037220325951978 ], [ -43.306639299921272, -23.037342438394955 ], [ -43.30692541852958, -23.037512210179418 ], [ -43.307361948739178, -23.037935812936745 ], [ -43.307424703898789, -23.038208038063235 ], [ -43.307758740739295, -23.038283494943819 ], [ -43.307957072782365, -23.038466501033326 ], [ -43.307999959458137, -23.038696881193825 ], [ -43.307810361455189, -23.038705057188213 ], [ -43.307295908026518, -23.038980765975033 ], [ -43.30629969639358, -23.038844031905825 ], [ -43.305658097628786, -23.038534542240431 ], [ -43.305302645271716, -23.03807288083847 ], [ -43.305075908093251, -23.038101696095886 ], [ -43.304920252241253, -23.038033110732282 ], [ -43.304560285251874, -23.038096259431839 ], [ -43.304139143069023, -23.038338009508539 ], [ -43.303747371323198, -23.038197987091721 ], [ -43.303361472488803, -23.038290204438539 ], [ -43.303061887157064, -23.038487109917789 ], [ -43.302798751940173, -23.038469205026036 ], [ -43.302659662718902, -23.038254591087441 ], [ -43.302707280430241, -23.037958623675344 ], [ -43.302580065948753, -23.038011171209625 ], [ -43.302452570767009, -23.037945956145673 ], [ -43.302528729045207, -23.037817454909405 ], [ -43.302695594012206, -23.037746549231791 ], [ -43.302839420280826, -23.037473920826972 ], [ -43.303215282783704, -23.037232411735374 ], [ -43.303028031354657, -23.036928959045582 ], [ -43.303158078565851, -23.036852780303033 ], [ -43.303228909654052, -23.036939151594822 ], [ -43.303225804148546, -23.036774128511443 ], [ -43.303466118647101, -23.036642872494298 ], [ -43.303706614791821, -23.036621520928321 ], [ -43.303763330338839, -23.036705211114018 ], [ -43.303998197503006, -23.036720643751458 ] ] ], [ [ [ -43.315884439175932, -23.037569030555879 ], [ -43.315799807002207, -23.037399074995918 ], [ -43.316130030900254, -23.037106564706818 ], [ -43.316459523034759, -23.03700621966259 ], [ -43.316690513644126, -23.03717673937448 ], [ -43.316640784905907, -23.037425277176993 ], [ -43.316091338257948, -23.037660276149975 ], [ -43.315884439175932, -23.037569030555879 ] ] ], [ [ [ -43.310139829682164, -23.044631958484757 ], [ -43.309861060810661, -23.044223862883126 ], [ -43.309910499905897, -23.04405452296221 ], [ -43.310093922077264, -23.043908382533001 ], [ -43.310362146642007, -23.043886866247572 ], [ -43.310689313398029, -23.044396981774003 ], [ -43.310346734686014, -23.044723302235816 ], [ -43.310139829682164, -23.044631958484757 ] ] ], [ [ [ -43.309947425592739, -23.047061498715795 ], [ -43.31009547909445, -23.046598634048895 ], [ -43.310340239515774, -23.046362298078687 ], [ -43.310815024839563, -23.04652260744091 ], [ -43.310776609966226, -23.046997211148863 ], [ -43.31066609649416, -23.047188834749555 ], [ -43.310311919063864, -23.047356903153094 ], [ -43.309947425592739, -23.047061498715795 ] ] ] ] } },
{ "type": "Feature", "properties": { "objectid": 465, "nome": "Vargem Pequena", "regiao_adm": "BARRA DA TIJUCA         ", "area_plane": "4", "codbairro": "130", "codra": 24, "codbnum": 130, "link": "Vargem Pequena            &area=130               ", "rp": "Barra da Tijuca", "cod_rp": "4.2", "codbairro_long": 130, "st_area(shape)": 14438332.930730805, "st_perimeter(shape)": 20648.95282785732 }, "geometry": { "type": "Polygon", "coordinates": [ [ [ -43.438579384259803, -22.982025677033469 ], [ -43.44002647931358, -22.981899584891174 ], [ -43.440968571494274, -22.982005942518587 ], [ -43.441302229486517, -22.982127351314361 ], [ -43.441365914809445, -22.981966502102395 ], [ -43.441287663610723, -22.981654067213004 ], [ -43.440958452197442, -22.981255809607234 ], [ -43.440080061080714, -22.979628510577985 ], [ -43.439720983788547, -22.979317647121505 ], [ -43.439469953342034, -22.97922983111868 ], [ -43.439306477583578, -22.979017703846274 ], [ -43.439166796440887, -22.978330504458167 ], [ -43.438138422550296, -22.975821909243233 ], [ -43.437950681291895, -22.974513974887735 ], [ -43.438435440473413, -22.973511418837383 ], [ -43.438895547020202, -22.973287463671515 ], [ -43.438695608176864, -22.972370098034471 ], [ -43.438590621503735, -22.971371844581149 ], [ -43.438718328077869, -22.970477213294402 ], [ -43.438863452657657, -22.970053003508376 ], [ -43.439081346821993, -22.969975675290708 ], [ -43.43963747301202, -22.969542597624081 ], [ -43.440171967907403, -22.968843700090552 ], [ -43.440652768266695, -22.968565664414431 ], [ -43.441020052739105, -22.968583907281843 ], [ -43.441295763673381, -22.968491339919428 ], [ -43.442817072039468, -22.967178077350901 ], [ -43.443633354332015, -22.966977384198479 ], [ -43.444298297537387, -22.966995650345879 ], [ -43.444418522686838, -22.967023833231536 ], [ -43.444720493754289, -22.967337648319408 ], [ -43.445250943065993, -22.967484099610623 ], [ -43.445827097363377, -22.967428969369188 ], [ -43.446131632269861, -22.967169147006803 ], [ -43.446251101597774, -22.966538135910685 ], [ -43.44650717434677, -22.966464783632766 ], [ -43.446674915154318, -22.96622655960099 ], [ -43.446515054908765, -22.965868803349512 ], [ -43.446521654220703, -22.965095167516591 ], [ -43.446284051284486, -22.963595289229342 ], [ -43.446319212888724, -22.962908002836436 ], [ -43.446051341898766, -22.961624844573503 ], [ -43.445303690117377, -22.95975835683916 ], [ -43.448319383893363, -22.960379077497876 ], [ -43.451536314645168, -22.96084474169739 ], [ -43.453913371538818, -22.961036550892409 ], [ -43.454305887379817, -22.961304724139318 ], [ -43.454531350809482, -22.961563675824351 ], [ -43.454666325002378, -22.96188984412041 ], [ -43.454987710270075, -22.962315906652432 ], [ -43.456156090846996, -22.962855973225416 ], [ -43.457553708161818, -22.963685364439513 ], [ -43.458832726437919, -22.964181243064992 ], [ -43.45963366847058, -22.964763048832101 ], [ -43.46075261403346, -22.96664961038039 ], [ -43.464853244321596, -22.970244421198508 ], [ -43.466714605790813, -22.971191478608201 ], [ -43.468835096104144, -22.971952174837348 ], [ -43.469224171996125, -22.972167444902425 ], [ -43.469538382731827, -22.97251791110941 ], [ -43.470749566990925, -22.973254718307484 ], [ -43.47136272397421, -22.973857327033418 ], [ -43.472183709938705, -22.975572237104974 ], [ -43.472922767508017, -22.976221390782808 ], [ -43.473401771705532, -22.976429931551927 ], [ -43.473935709974462, -22.97682784204525 ], [ -43.475260720157074, -22.977857151979052 ], [ -43.475388874288015, -22.978049395521669 ], [ -43.475514097360538, -22.978502885270302 ], [ -43.475475545307752, -22.979035266845706 ], [ -43.475253506532205, -22.979664415537155 ], [ -43.475302695135021, -22.980435614094837 ], [ -43.475760499531731, -22.98103111427065 ], [ -43.476533797172827, -22.98139700047642 ], [ -43.477897755584351, -22.981419500648467 ], [ -43.480208254943207, -22.982253044782905 ], [ -43.481105911070465, -22.982944233574067 ], [ -43.48124569243727, -22.983223105432838 ], [ -43.483830253763671, -22.984431493749344 ], [ -43.485500675968744, -22.985001269866604 ], [ -43.487353077511905, -22.984822533279548 ], [ -43.489361874860172, -22.986657346381755 ], [ -43.491103856997675, -22.988491042592173 ], [ -43.494782433627762, -22.994827523816674 ], [ -43.494998777809641, -22.995551360797688 ], [ -43.49526278811328, -22.995820924920807 ], [ -43.495217434123433, -22.996057834959146 ], [ -43.494062015583154, -22.999109811919229 ], [ -43.493722088290198, -22.999017440488146 ], [ -43.488445488146638, -22.998473064776618 ], [ -43.484786553702975, -22.998174568731237 ], [ -43.484090784490405, -22.997966421615747 ], [ -43.483544516889964, -22.997684204699205 ], [ -43.478099667301471, -22.994005845049884 ], [ -43.477688500619088, -22.993430939839484 ], [ -43.476856986962538, -22.991648397480439 ], [ -43.476435839549879, -22.991233697639565 ], [ -43.475814238676385, -22.990948923077273 ], [ -43.474370668084369, -22.990476422192042 ], [ -43.472597020222935, -22.989569122822154 ], [ -43.472291740976019, -22.989504675613265 ], [ -43.470886624204525, -22.989509181201093 ], [ -43.469846412975265, -22.989160377401642 ], [ -43.469413961094119, -22.989180222726056 ], [ -43.469069276549796, -22.989314708232065 ], [ -43.46177680101443, -22.993869211554365 ], [ -43.460813420955319, -22.994220107101135 ], [ -43.453492196262637, -22.995951141310453 ], [ -43.452919080254276, -22.995951595797084 ], [ -43.452389604762324, -22.995820528691929 ], [ -43.450068464025364, -22.994942038833781 ], [ -43.448228117111505, -22.994359030848077 ], [ -43.446584689119433, -22.993959187443945 ], [ -43.445571923303795, -22.99404516291267 ], [ -43.442703370366601, -22.994046968263284 ], [ -43.442026032902348, -22.994247119742948 ], [ -43.441044781534259, -22.994825030757561 ], [ -43.440606224989331, -22.99495852737541 ], [ -43.438525370044438, -22.995155405916325 ], [ -43.437913649227745, -22.995137363384867 ], [ -43.433513496318348, -22.994475816794402 ], [ -43.431946524408147, -22.994107556926728 ], [ -43.429849768056847, -22.992280836782061 ], [ -43.42893506891194, -22.991858956289057 ], [ -43.427915652271338, -22.991922174410732 ], [ -43.427998528705402, -22.991259844858078 ], [ -43.42843466426897, -22.990745606983573 ], [ -43.428650032536169, -22.989693092936225 ], [ -43.428653528863535, -22.988986353298426 ], [ -43.428509240183715, -22.988381012602293 ], [ -43.428223366714349, -22.987763340413384 ], [ -43.42770565192594, -22.985121574872561 ], [ -43.428647666191132, -22.984999608505923 ], [ -43.429436635794062, -22.985029285790063 ], [ -43.430019144787948, -22.985140089770137 ], [ -43.431058804626929, -22.985566182008043 ], [ -43.431657480621205, -22.986110362753667 ], [ -43.431967029952993, -22.985912122726756 ], [ -43.432823225849063, -22.985644876744672 ], [ -43.433863630428931, -22.985186900277231 ], [ -43.434857832645832, -22.984640948802724 ], [ -43.435788111554032, -22.984512321160793 ], [ -43.43593183931636, -22.984338626852708 ], [ -43.435982669862192, -22.98403279247248 ], [ -43.436302052590477, -22.98338615548419 ], [ -43.436509745039821, -22.982587324174286 ], [ -43.437181979530351, -22.982291958192025 ], [ -43.438098874129253, -22.982409640606107 ], [ -43.438579384259803, -22.982025677033469 ] ] ] } },
{ "type": "Feature", "properties": { "objectid": 451, "nome": "Vargem Grande", "regiao_adm": "BARRA DA TIJUCA         ", "area_plane": "4", "codbairro": "131", "codra": 24, "codbnum": 131, "link": "Vargem Grande             &area=131               ", "rp": "Barra da Tijuca", "cod_rp": "4.2", "codbairro_long": 131, "st_area(shape)": 39380486.947490014, "st_perimeter(shape)": 33697.32097295834 }, "geometry": { "type": "Polygon", "coordinates": [ [ [ -43.442851700876901, -22.945277645560854 ], [ -43.445917018236322, -22.945281330225907 ], [ -43.447630630066868, -22.945640930838131 ], [ -43.449690057979005, -22.946469722804689 ], [ -43.451399718821442, -22.946767652372536 ], [ -43.454375960018325, -22.947517367510184 ], [ -43.4559486645039, -22.947752412039669 ], [ -43.45751291755932, -22.947486397643534 ], [ -43.459488912337171, -22.947312239246418 ], [ -43.460664110537238, -22.947033562315902 ], [ -43.461405268904564, -22.946952879340664 ], [ -43.46230610924907, -22.947014356034309 ], [ -43.464082690947272, -22.946855817663611 ], [ -43.465025279058487, -22.946588042086166 ], [ -43.465832336895055, -22.94655186579843 ], [ -43.466632214876235, -22.946313501319967 ], [ -43.465258858322727, -22.94522793791625 ], [ -43.464410286381813, -22.943896920653955 ], [ -43.464246005308198, -22.943315253281654 ], [ -43.464235022297323, -22.942603213586661 ], [ -43.464596493114108, -22.941688232170119 ], [ -43.465175316762412, -22.940850042358129 ], [ -43.465779832221543, -22.940266960187692 ], [ -43.467249506122705, -22.939116581867083 ], [ -43.468289163058685, -22.937799476922528 ], [ -43.469234420685993, -22.937010413481456 ], [ -43.469758042688341, -22.936325293605861 ], [ -43.469824519388929, -22.935511855745609 ], [ -43.470173959196813, -22.935019768556611 ], [ -43.470084323868768, -22.934067639651339 ], [ -43.471153023485499, -22.932476421296474 ], [ -43.471339824166236, -22.932009225762474 ], [ -43.47167800692953, -22.931667397577581 ], [ -43.471927079394582, -22.931585262947838 ], [ -43.473211027689352, -22.931915973823003 ], [ -43.473891015972036, -22.932465471052613 ], [ -43.474486001480756, -22.932726144719012 ], [ -43.475196245384033, -22.932855974765754 ], [ -43.476296286314366, -22.932919281791378 ], [ -43.478669684270884, -22.934106635671885 ], [ -43.479317302074833, -22.934528010592317 ], [ -43.480699683529942, -22.934780218074962 ], [ -43.481502481400078, -22.934752498520769 ], [ -43.482038139994351, -22.934695668035069 ], [ -43.482942384147464, -22.934314521314178 ], [ -43.483036663185032, -22.934368165275338 ], [ -43.483295390653325, -22.934994702833702 ], [ -43.483865622730576, -22.935773593081301 ], [ -43.484548826358562, -22.936206396983255 ], [ -43.486176261652631, -22.936635110788838 ], [ -43.487452519116431, -22.937077892919039 ], [ -43.489534617992071, -22.938011875846648 ], [ -43.490205907498314, -22.938237995970393 ], [ -43.491081606743002, -22.938426499960155 ], [ -43.493024217408923, -22.93904328516631 ], [ -43.49363422236334, -22.940155868006471 ], [ -43.494537454703149, -22.940863283322557 ], [ -43.495006747650145, -22.94133357384824 ], [ -43.495455077687041, -22.941557556048895 ], [ -43.497014861285727, -22.94210844030545 ], [ -43.497620851716476, -22.942237276489575 ], [ -43.499404584838146, -22.942271676878523 ], [ -43.501442049571757, -22.942757762454601 ], [ -43.501793650737838, -22.942964742456855 ], [ -43.502123349119117, -22.943318993253563 ], [ -43.502496596107363, -22.943402352731088 ], [ -43.502933715328368, -22.943618805750322 ], [ -43.503310576497533, -22.944100210917913 ], [ -43.504596462934714, -22.946217095635735 ], [ -43.504582180909615, -22.946593838434598 ], [ -43.504720621119596, -22.9468807155957 ], [ -43.505026881718457, -22.947070913088709 ], [ -43.505342479649713, -22.94802669547715 ], [ -43.505600065585526, -22.948511397360065 ], [ -43.506497007284402, -22.949749103850312 ], [ -43.508473106306404, -22.950446312169618 ], [ -43.509566196127878, -22.950580678398595 ], [ -43.510599103275716, -22.950904039546536 ], [ -43.512018310993646, -22.952188525853682 ], [ -43.513243203705464, -22.952284364916252 ], [ -43.514318030188562, -22.95247695917244 ], [ -43.516526254842347, -22.952347796857982 ], [ -43.517061826626239, -22.952376286574264 ], [ -43.517328411422874, -22.952505126868278 ], [ -43.517508481565578, -22.952680032824066 ], [ -43.517590818168131, -22.953008552147882 ], [ -43.517491363639472, -22.954250702854413 ], [ -43.517691180057554, -22.954931460268394 ], [ -43.517679447713554, -22.955551808252267 ], [ -43.518264045827173, -22.956416427268223 ], [ -43.518765380213353, -22.956805034489193 ], [ -43.518828252103994, -22.957067805421353 ], [ -43.518797080946953, -22.957610569443151 ], [ -43.518125644487561, -22.959487793415239 ], [ -43.518136733375236, -22.962175367124722 ], [ -43.517691465556787, -22.964067434777679 ], [ -43.517768636343227, -22.964405207900896 ], [ -43.518028590851415, -22.964679211248509 ], [ -43.518712233210671, -22.96504143593673 ], [ -43.5193596846497, -22.965951163889692 ], [ -43.520648853493029, -22.967358456595043 ], [ -43.520818391824385, -22.967580044666576 ], [ -43.520866462780553, -22.96780528413429 ], [ -43.518669729158333, -22.969872918516369 ], [ -43.518072653094166, -22.970836495540905 ], [ -43.517884248711752, -22.971316557360044 ], [ -43.517444669472155, -22.971860741556476 ], [ -43.517378851285081, -22.972333009842409 ], [ -43.517466267954092, -22.972661574681155 ], [ -43.517412485572613, -22.972951340481 ], [ -43.517147198647777, -22.973173560014441 ], [ -43.516357403794593, -22.974186897743881 ], [ -43.516403938819018, -22.97455246746047 ], [ -43.516714121345217, -22.974855031930563 ], [ -43.518189867952067, -22.975856776481272 ], [ -43.518745503802329, -22.976835823933214 ], [ -43.519355744128177, -22.977450150680568 ], [ -43.519358082215327, -22.978166540995861 ], [ -43.519112356797528, -22.979367585147315 ], [ -43.519116664408692, -22.981755429638145 ], [ -43.519685115472292, -22.983422873882784 ], [ -43.520014800966429, -22.983791091394437 ], [ -43.519666493202237, -22.985131614734936 ], [ -43.519863419302432, -22.98654740512924 ], [ -43.520437047790026, -22.987742013691925 ], [ -43.520916218625942, -22.988322417501706 ], [ -43.520361890826528, -22.989993374291945 ], [ -43.519617341366661, -22.990562346412553 ], [ -43.519340448707418, -22.990915594542631 ], [ -43.519262183057108, -22.991598356183413 ], [ -43.519308262270293, -22.992015494128999 ], [ -43.519562046252759, -22.992851279730349 ], [ -43.520094661158289, -22.993174610880089 ], [ -43.521343449049752, -22.9936638529989 ], [ -43.52194793664642, -22.994348381581847 ], [ -43.522126176779764, -22.994696578611698 ], [ -43.522221519252277, -22.995231222846044 ], [ -43.52229509467373, -22.996842470879724 ], [ -43.521779896705752, -22.997703861443323 ], [ -43.521421831100454, -22.998075048837091 ], [ -43.521065391026532, -22.998296510814306 ], [ -43.520970198740784, -22.998679545161004 ], [ -43.5212861002206, -22.999394165932706 ], [ -43.521997502664512, -23.000018822878342 ], [ -43.522478796934976, -23.000569892104416 ], [ -43.523184089708074, -23.002025913804903 ], [ -43.523225974630506, -23.002659223872922 ], [ -43.52314460874571, -23.003851865124453 ], [ -43.522963314603849, -23.00436550433783 ], [ -43.522654617069222, -23.004905046785357 ], [ -43.522329357547818, -23.005182345328699 ], [ -43.521867681840547, -23.006321765616693 ], [ -43.521754960808245, -23.006808950030386 ], [ -43.522072608568429, -23.007812857760307 ], [ -43.521734897918691, -23.008193538413597 ], [ -43.521794508248377, -23.009285983433017 ], [ -43.521546886877736, -23.009698391767621 ], [ -43.521620096813116, -23.009981486163081 ], [ -43.521431661655804, -23.010217972878785 ], [ -43.52116603992426, -23.010312488275481 ], [ -43.521330354841147, -23.010543510209786 ], [ -43.521332923102257, -23.010746467323084 ], [ -43.521157027551666, -23.010700661027148 ], [ -43.520798608262943, -23.010357644000454 ], [ -43.520972149914073, -23.010610698629982 ], [ -43.520899680262353, -23.010707110144221 ], [ -43.520346780314171, -23.010269610757121 ], [ -43.520652567736057, -23.010634174266752 ], [ -43.520617712391186, -23.010770673186975 ], [ -43.519926097387632, -23.010384802287074 ], [ -43.520023348639583, -23.010645993483973 ], [ -43.519761704244672, -23.010599384879836 ], [ -43.520259313534233, -23.010855558638799 ], [ -43.520504310557293, -23.011122558628141 ], [ -43.520498084542943, -23.011254809408008 ], [ -43.520412046968829, -23.011280557371549 ], [ -43.520115249131408, -23.011174103372564 ], [ -43.519762206558205, -23.011206024723222 ], [ -43.519137319712435, -23.010820773437533 ], [ -43.518863743781104, -23.010562356575477 ], [ -43.518916382444168, -23.01097756840803 ], [ -43.518758917289546, -23.011066498632822 ], [ -43.519731630014029, -23.012818735411205 ], [ -43.519773265123796, -23.014269466939162 ], [ -43.51971528736204, -23.01463812613612 ], [ -43.5190421257944, -23.015170009217655 ], [ -43.517930343103423, -23.015724329289799 ], [ -43.503357586971937, -23.019813846315941 ], [ -43.500689642928265, -23.020440378814467 ], [ -43.500374802402227, -23.020588580744509 ], [ -43.499185253741622, -23.02083315929864 ], [ -43.496971220911462, -23.021050390577734 ], [ -43.495674353036996, -23.021090992587926 ], [ -43.493035753487852, -23.020907118433776 ], [ -43.493294570766956, -23.015632981464467 ], [ -43.493444708344093, -23.009837153977525 ], [ -43.493897497974643, -23.000819132827637 ], [ -43.493869147154676, -22.99994535752991 ], [ -43.494007317362097, -22.999256591708072 ], [ -43.49526278811328, -22.995820924920807 ], [ -43.494998777809641, -22.995551360797688 ], [ -43.494782433627762, -22.994827523816674 ], [ -43.491103856997675, -22.988491042592173 ], [ -43.489361874860172, -22.986657346381755 ], [ -43.487353077511905, -22.984822533279548 ], [ -43.485500675968744, -22.985001269866604 ], [ -43.483830253763671, -22.984431493749344 ], [ -43.48124569243727, -22.983223105432838 ], [ -43.481105911070465, -22.982944233574067 ], [ -43.480208254943207, -22.982253044782905 ], [ -43.477897755584351, -22.981419500648467 ], [ -43.476533797172827, -22.98139700047642 ], [ -43.475760499531731, -22.98103111427065 ], [ -43.475302695135021, -22.980435614094837 ], [ -43.475253506532205, -22.979664415537155 ], [ -43.475475545307752, -22.979035266845706 ], [ -43.475514097360538, -22.978502885270302 ], [ -43.475388874288015, -22.978049395521669 ], [ -43.475260720157074, -22.977857151979052 ], [ -43.473935709974462, -22.97682784204525 ], [ -43.473401771705532, -22.976429931551927 ], [ -43.472922767508017, -22.976221390782808 ], [ -43.472183709938705, -22.975572237104974 ], [ -43.47136272397421, -22.973857327033418 ], [ -43.470749566990925, -22.973254718307484 ], [ -43.469538382731827, -22.97251791110941 ], [ -43.469224171996125, -22.972167444902425 ], [ -43.468835096104144, -22.971952174837348 ], [ -43.466714605790813, -22.971191478608201 ], [ -43.464853244321596, -22.970244421198508 ], [ -43.46075261403346, -22.96664961038039 ], [ -43.45963366847058, -22.964763048832101 ], [ -43.458832726437919, -22.964181243064992 ], [ -43.457553708161818, -22.963685364439513 ], [ -43.456156090846996, -22.962855973225416 ], [ -43.454987710270075, -22.962315906652432 ], [ -43.454666325002378, -22.96188984412041 ], [ -43.454531350809482, -22.961563675824351 ], [ -43.454305887379817, -22.961304724139318 ], [ -43.453913371538818, -22.961036550892409 ], [ -43.451536314645168, -22.96084474169739 ], [ -43.448319383893363, -22.960379077497876 ], [ -43.445303690117377, -22.95975835683916 ], [ -43.446100598114995, -22.95962726958501 ], [ -43.446179468428085, -22.959535744820013 ], [ -43.446294470838467, -22.959269457899669 ], [ -43.446319595753167, -22.958470083575836 ], [ -43.446587169657981, -22.957900850374227 ], [ -43.446815997022981, -22.957564422833155 ], [ -43.447102943427701, -22.957365113530752 ], [ -43.447277348609802, -22.957276690151257 ], [ -43.447463759196822, -22.957392219477711 ], [ -43.447478347020265, -22.957199545847427 ], [ -43.446889224535937, -22.956967546517038 ], [ -43.446425617621003, -22.956607809604403 ], [ -43.446448055465922, -22.956333932477158 ], [ -43.446640850413729, -22.95603562393817 ], [ -43.446452725229044, -22.955293224228448 ], [ -43.446715607336976, -22.954715725965798 ], [ -43.446838047068077, -22.954087813487433 ], [ -43.446817613740826, -22.953801866124458 ], [ -43.446655975495531, -22.953404627396733 ], [ -43.446614261343747, -22.952898651890575 ], [ -43.446035830501124, -22.951596198619612 ], [ -43.445864829206748, -22.950268835271473 ], [ -43.446004058496854, -22.949707645567301 ], [ -43.446041882593633, -22.948991573747712 ], [ -43.445450315425212, -22.948831975737004 ], [ -43.444928521505808, -22.948804824417454 ], [ -43.443741469840504, -22.948837165876046 ], [ -43.443052016267067, -22.948940309736091 ], [ -43.441785095516174, -22.947653029660433 ], [ -43.442234658104361, -22.945701200795732 ], [ -43.442851700876901, -22.945277645560854 ] ] ] } },
{ "type": "Feature", "properties": { "objectid": 477, "nome": "Recreio dos Bandeirantes", "regiao_adm": "BARRA DA TIJUCA         ", "area_plane": "4", "codbairro": "132", "codra": 24, "codbnum": 132, "link": "Recreio dos Bandeirantes  &area=132               ", "rp": "Barra da Tijuca", "cod_rp": "4.2", "codbairro_long": 132, "st_area(shape)": 30655705.141314153, "st_perimeter(shape)": 38561.310855427415 }, "geometry": { "type": "Polygon", "coordinates": [ [ [ -43.437913649227745, -22.995137363384867 ], [ -43.43901292147882, -22.995130229504969 ], [ -43.440606224989331, -22.99495852737541 ], [ -43.441044781534259, -22.994825030757561 ], [ -43.442026032902348, -22.994247119742948 ], [ -43.442703370366601, -22.994046968263284 ], [ -43.445571923303795, -22.99404516291267 ], [ -43.446584689119433, -22.993959187443945 ], [ -43.448228117111505, -22.994359030848077 ], [ -43.450068464025364, -22.994942038833781 ], [ -43.452389604762324, -22.995820528691929 ], [ -43.452919080254276, -22.995951595797084 ], [ -43.454035394718943, -22.995871009800108 ], [ -43.460813420955319, -22.994220107101135 ], [ -43.46177680101443, -22.993869211554365 ], [ -43.469069276549796, -22.989314708232065 ], [ -43.469413961094119, -22.989180222726056 ], [ -43.469846412975265, -22.989160377401642 ], [ -43.470886624204525, -22.989509181201093 ], [ -43.472291740976019, -22.989504675613265 ], [ -43.472597020222935, -22.989569122822154 ], [ -43.474370668084369, -22.990476422192042 ], [ -43.475814238676385, -22.990948923077273 ], [ -43.476435839549879, -22.991233697639565 ], [ -43.476856986962538, -22.991648397480439 ], [ -43.477688500619088, -22.993430939839484 ], [ -43.478099667301471, -22.994005845049884 ], [ -43.483544516889964, -22.997684204699205 ], [ -43.484090784490405, -22.997966421615747 ], [ -43.484786553702975, -22.998174568731237 ], [ -43.488445488146638, -22.998473064776618 ], [ -43.493722088290198, -22.999017440488146 ], [ -43.494062015583154, -22.999109811919229 ], [ -43.493869147154676, -22.99994535752991 ], [ -43.493897497974643, -23.000819132827637 ], [ -43.493444708344093, -23.009837153977525 ], [ -43.493294570766956, -23.015632981464467 ], [ -43.493035753487852, -23.020907118433776 ], [ -43.495674353036996, -23.021090992587926 ], [ -43.496971220911462, -23.021050390577734 ], [ -43.499185253741622, -23.02083315929864 ], [ -43.500374802402227, -23.020588580744509 ], [ -43.500689642928265, -23.020440378814467 ], [ -43.503357586971937, -23.019813846315941 ], [ -43.517930343103423, -23.015724329289799 ], [ -43.5190421257944, -23.015170009217655 ], [ -43.51971528736204, -23.01463812613612 ], [ -43.519773265123796, -23.014269466939162 ], [ -43.519731630014029, -23.012818735411205 ], [ -43.518758917289546, -23.011066498632822 ], [ -43.518916382444168, -23.01097756840803 ], [ -43.518863743781104, -23.010562356575477 ], [ -43.519137319712435, -23.010820773437533 ], [ -43.519762206558205, -23.011206024723222 ], [ -43.520115249131408, -23.011174103372564 ], [ -43.520412046968829, -23.011280557371549 ], [ -43.520498084542943, -23.011254809408008 ], [ -43.520504310557293, -23.011122558628141 ], [ -43.520259313534233, -23.010855558638799 ], [ -43.519761704244672, -23.010599384879836 ], [ -43.520023348639583, -23.010645993483973 ], [ -43.519926097387632, -23.010384802287074 ], [ -43.520617712391186, -23.010770673186975 ], [ -43.520652567736057, -23.010634174266752 ], [ -43.520346780314171, -23.010269610757121 ], [ -43.520899680262353, -23.010707110144221 ], [ -43.520972149914073, -23.010610698629982 ], [ -43.520798608262943, -23.010357644000454 ], [ -43.521157027551666, -23.010700661027148 ], [ -43.521332923102257, -23.010746467323084 ], [ -43.521330354841147, -23.010543510209786 ], [ -43.52116603992426, -23.010312488275481 ], [ -43.521431661655804, -23.010217972878785 ], [ -43.521620096813116, -23.009981486163081 ], [ -43.521546886877736, -23.009698391767621 ], [ -43.521794508248377, -23.009285983433017 ], [ -43.521734897918691, -23.008193538413597 ], [ -43.522072608568429, -23.007812857760307 ], [ -43.523994650139493, -23.009222703457681 ], [ -43.524368760614749, -23.010060865780289 ], [ -43.525060232080627, -23.010469747226313 ], [ -43.526043159509399, -23.010795363216996 ], [ -43.526828631502234, -23.011308971171555 ], [ -43.527399114521572, -23.012295265050369 ], [ -43.527598286595214, -23.012839541433646 ], [ -43.527838040521331, -23.01439146115041 ], [ -43.527665430183298, -23.014752374772105 ], [ -43.527660346831361, -23.015058851346382 ], [ -43.5282519861195, -23.015607679512808 ], [ -43.5300774889024, -23.016596601908301 ], [ -43.5304148274464, -23.017015626411329 ], [ -43.531026187163789, -23.019186661389636 ], [ -43.532156417901724, -23.020819992887294 ], [ -43.532048841178224, -23.022618224277654 ], [ -43.532152046532119, -23.023007890932469 ], [ -43.533817187257604, -23.024924339569051 ], [ -43.534403421701846, -23.025275581183099 ], [ -43.535395793470158, -23.026093889185518 ], [ -43.537116356707578, -23.027782417721507 ], [ -43.537689421592631, -23.028153578470853 ], [ -43.538719098169381, -23.028610955589262 ], [ -43.539096395503634, -23.028957993937812 ], [ -43.539241926142772, -23.029479091733755 ], [ -43.539502725772692, -23.0322612668914 ], [ -43.541867121885105, -23.033364043732302 ], [ -43.542632294795879, -23.033967798542573 ], [ -43.542954902999298, -23.034856748553821 ], [ -43.543216199193481, -23.036148023481182 ], [ -43.543039373755995, -23.037899927316484 ], [ -43.543153560532907, -23.038660879024256 ], [ -43.541925238015764, -23.038155543329776 ], [ -43.54030530084259, -23.037679550018417 ], [ -43.539392269472316, -23.037094738944539 ], [ -43.538488250711779, -23.036091312639655 ], [ -43.536602165332724, -23.035125761827739 ], [ -43.535124901261902, -23.034617981822144 ], [ -43.532834340479958, -23.034179594890137 ], [ -43.530285752399628, -23.033439118543992 ], [ -43.528866568427631, -23.033356114083269 ], [ -43.527415484452284, -23.033443130776401 ], [ -43.525764533857163, -23.034339105156015 ], [ -43.523640777561198, -23.03433094862698 ], [ -43.523014800696288, -23.034115758124955 ], [ -43.521756002234966, -23.034313345837372 ], [ -43.520818644972451, -23.033839380517087 ], [ -43.520466626678811, -23.033789937461297 ], [ -43.516846830972923, -23.033964663311828 ], [ -43.512714018772428, -23.034408851560322 ], [ -43.511951062246631, -23.034752994499357 ], [ -43.508820857027089, -23.033016423155193 ], [ -43.507193641832124, -23.033209607283847 ], [ -43.505131660236394, -23.033017638366083 ], [ -43.50446754591254, -23.033131931015138 ], [ -43.504028570508126, -23.033367467950143 ], [ -43.503520249499253, -23.03340546707118 ], [ -43.502244734780916, -23.03397528037889 ], [ -43.502237818143129, -23.034600990344178 ], [ -43.502610071359001, -23.036871543151356 ], [ -43.502570856171999, -23.037205963937947 ], [ -43.500926760299912, -23.039995404509504 ], [ -43.500899673260001, -23.040291554015827 ], [ -43.500987489038351, -23.040847807789099 ], [ -43.501079121880316, -23.041006633657414 ], [ -43.500947917944764, -23.041055242460644 ], [ -43.500570218703352, -23.040988804302106 ], [ -43.50041818505504, -23.041111903510686 ], [ -43.500109837761542, -23.040916162345408 ], [ -43.500048758711728, -23.040739022314472 ], [ -43.500122503368026, -23.040688874968058 ], [ -43.499900153292309, -23.04042919505445 ], [ -43.499929281352763, -23.040363272367497 ], [ -43.499391258736281, -23.039803107320438 ], [ -43.499378858383132, -23.039301394684976 ], [ -43.498937747655951, -23.038617697351381 ], [ -43.498926289829598, -23.038383588321967 ], [ -43.499019454602532, -23.038165916558263 ], [ -43.498830568944754, -23.038012940907045 ], [ -43.498751220071533, -23.037600362369805 ], [ -43.498440045210842, -23.037290797878402 ], [ -43.498125162464412, -23.037122265541992 ], [ -43.49784815347622, -23.037331146438039 ], [ -43.497977709912483, -23.03758913491161 ], [ -43.497932798043088, -23.037811240749221 ], [ -43.497798082889545, -23.037824951317937 ], [ -43.497664986821917, -23.037727594763592 ], [ -43.49758952315041, -23.037845005575381 ], [ -43.497388782727739, -23.037810857931674 ], [ -43.497319717939696, -23.03779114494861 ], [ -43.497359396389918, -23.037724149826992 ], [ -43.496966669600603, -23.037614751782726 ], [ -43.496216948759773, -23.037095734108927 ], [ -43.495781308846887, -23.036966961435972 ], [ -43.495840475092962, -23.037350899866951 ], [ -43.49511603636919, -23.036673530161519 ], [ -43.495204694944654, -23.036537006889287 ], [ -43.495378610802121, -23.036508227098665 ], [ -43.49519944208761, -23.036342063883808 ], [ -43.495040069473077, -23.036431672628282 ], [ -43.494644882123197, -23.036140267284797 ], [ -43.494344830359147, -23.036113297886768 ], [ -43.494213786202636, -23.036165334613944 ], [ -43.494318600807517, -23.036383623761203 ], [ -43.494082045411844, -23.036367824827192 ], [ -43.494006568289805, -23.036126243379027 ], [ -43.493428872227867, -23.035943278216553 ], [ -43.492998769996611, -23.035536659213729 ], [ -43.491047473655335, -23.034982503640453 ], [ -43.48927559039933, -23.034686977238341 ], [ -43.48793929175973, -23.034305735247916 ], [ -43.486960556486203, -23.033931064726289 ], [ -43.485516372389071, -23.033626256762201 ], [ -43.481414650708146, -23.032484766107167 ], [ -43.481198623820021, -23.032518454725164 ], [ -43.481163924617384, -23.032680592719899 ], [ -43.48108107741178, -23.032698130550067 ], [ -43.480694795110388, -23.032434503241156 ], [ -43.479399386021349, -23.032118155769162 ], [ -43.476346581951411, -23.031587550415626 ], [ -43.474197162844646, -23.031673130051782 ], [ -43.473638372766793, -23.031774036216326 ], [ -43.472988399671081, -23.031965275912043 ], [ -43.471958336192799, -23.032418539562794 ], [ -43.471280079199182, -23.032928387339602 ], [ -43.47069165113156, -23.033484620213773 ], [ -43.470529160103851, -23.033858204455793 ], [ -43.470813394931483, -23.033962824043954 ], [ -43.471036467235379, -23.034230496591302 ], [ -43.470903121307757, -23.034779838359484 ], [ -43.471353602817523, -23.035008617889073 ], [ -43.472137079518888, -23.035769116807764 ], [ -43.472238296044999, -23.036173606866249 ], [ -43.472198930271169, -23.036471436510631 ], [ -43.472004471817449, -23.036668603908804 ], [ -43.4714659060093, -23.036938219082568 ], [ -43.470591868509565, -23.03697321042824 ], [ -43.470647802695233, -23.037092511014368 ], [ -43.470910148395653, -23.037209289911097 ], [ -43.47106828052857, -23.037472994975499 ], [ -43.470997176078598, -23.037729335241263 ], [ -43.470752557363689, -23.037866142114247 ], [ -43.470116299221743, -23.037825125780348 ], [ -43.469868997570849, -23.037957388804244 ], [ -43.469238069263255, -23.03800619195064 ], [ -43.468405043345776, -23.037943219486586 ], [ -43.468001273437991, -23.037647692151445 ], [ -43.467617075400995, -23.037131903155611 ], [ -43.467589604819061, -23.036834331593823 ], [ -43.467709456450457, -23.036685756322623 ], [ -43.468228883774678, -23.036616280707541 ], [ -43.467950391762791, -23.036408847175039 ], [ -43.467954038605505, -23.035948202621626 ], [ -43.468234279251391, -23.03556944010986 ], [ -43.468557097460227, -23.035394381421455 ], [ -43.468477633188641, -23.035233670293497 ], [ -43.469015375578024, -23.034225036921974 ], [ -43.469531642728462, -23.033846929522806 ], [ -43.47022866221117, -23.033819625491869 ], [ -43.470139021161231, -23.033038825782608 ], [ -43.46984245829497, -23.032436016475053 ], [ -43.469025204540664, -23.031463671582308 ], [ -43.467261776080974, -23.03004170714367 ], [ -43.466145641515297, -23.029400514910918 ], [ -43.465020719040368, -23.028812511926414 ], [ -43.463574618264246, -23.028342763859296 ], [ -43.462791864381515, -23.027947903891917 ], [ -43.462055630172578, -23.027796431067582 ], [ -43.461313689400491, -23.027417134941452 ], [ -43.45958102975991, -23.026914217934525 ], [ -43.459182116151318, -23.02665971862476 ], [ -43.458265672142964, -23.026491303919041 ], [ -43.457777292455575, -23.026167652246968 ], [ -43.455880143920673, -23.025708608460992 ], [ -43.455407747142189, -23.025430628985632 ], [ -43.454590697817416, -23.025172034354096 ], [ -43.453510877193537, -23.024948891247078 ], [ -43.453038398825029, -23.024678486730171 ], [ -43.451426740716236, -23.024351328702458 ], [ -43.448697888383037, -23.02349689525148 ], [ -43.448075296904101, -23.023445183990535 ], [ -43.447185292251881, -23.023109887771106 ], [ -43.447447031051581, -23.022006144068865 ], [ -43.448076997299047, -23.021932849913821 ], [ -43.448722566616915, -23.02174952665542 ], [ -43.449719885551936, -23.02123206324622 ], [ -43.450167627522184, -23.020848199649077 ], [ -43.450508540775665, -23.020002252036175 ], [ -43.450592394745314, -23.019332511768656 ], [ -43.450459303732686, -23.018470903587737 ], [ -43.450201566842217, -23.017665421428035 ], [ -43.438911863805671, -23.008011754225812 ], [ -43.43857488212609, -23.007479027418256 ], [ -43.436094847222982, -23.006801600731457 ], [ -43.436224349774086, -23.006357646420096 ], [ -43.436339605168556, -23.006295114700084 ], [ -43.436160591983182, -23.005922168901581 ], [ -43.426773666243179, -22.997907115147999 ], [ -43.425069678374228, -22.997163809199726 ], [ -43.424626269946245, -22.996873024097486 ], [ -43.421317465233656, -22.992778353832087 ], [ -43.420218001841924, -22.991781109608304 ], [ -43.420900423610959, -22.991002482292327 ], [ -43.423542601262824, -22.991511689813269 ], [ -43.42621769201201, -22.992153849360822 ], [ -43.426767956920116, -22.992154077610131 ], [ -43.427915652271338, -22.991922174410732 ], [ -43.42893506891194, -22.991858956289057 ], [ -43.429849768056847, -22.992280836782061 ], [ -43.431946524408147, -22.994107556926728 ], [ -43.433513496318348, -22.994475816794402 ], [ -43.437913649227745, -22.995137363384867 ] ] ] } },
{ "type": "Feature", "properties": { "objectid": 903, "nome": "Parada de Lucas", "regiao_adm": "VIGARIO GERAL           ", "area_plane": "3", "codbairro": "047", "codra": 31, "codbnum": 47, "link": "Parada de Lucas           &area=47                ", "rp": "Penha", "cod_rp": "3.5", "codbairro_long": 47, "st_area(shape)": 2064782.6766691499, "st_perimeter(shape)": 8657.2120667223262 }, "geometry": { "type": "Polygon", "coordinates": [ [ [ -43.314456038256679, -22.820533463325567 ], [ -43.312310269055729, -22.824499896077221 ], [ -43.311755576655791, -22.824644552257329 ], [ -43.311636063905325, -22.824838025788083 ], [ -43.305158075298841, -22.821856414925538 ], [ -43.304249893260376, -22.822322226254137 ], [ -43.304095159143735, -22.822230270438869 ], [ -43.30352084025796, -22.821429798931558 ], [ -43.301373452469818, -22.8189515154323 ], [ -43.299520228020143, -22.819714090895911 ], [ -43.299040936575025, -22.819767854706971 ], [ -43.298448519307534, -22.820513438831064 ], [ -43.295366448780989, -22.81832193823103 ], [ -43.293344508959123, -22.815486551071572 ], [ -43.294116475428929, -22.81464654995823 ], [ -43.294689346468466, -22.814187504119126 ], [ -43.294210267860329, -22.814210100168879 ], [ -43.290822794248513, -22.8150570168537 ], [ -43.290022845331258, -22.815171526223082 ], [ -43.288338591159821, -22.814036058564387 ], [ -43.288122834709867, -22.813769679670976 ], [ -43.28807180594918, -22.813464430697948 ], [ -43.287676161470664, -22.81340554330766 ], [ -43.288415580293865, -22.810362148103895 ], [ -43.289874909443029, -22.810737421938111 ], [ -43.290221881785179, -22.810449539334385 ], [ -43.291022758714469, -22.810226942902986 ], [ -43.292839514460937, -22.808928538422414 ], [ -43.294231133667594, -22.807731948904109 ], [ -43.294304209615881, -22.807464514819742 ], [ -43.294454273175489, -22.807429091510894 ], [ -43.295065744210298, -22.806792908897176 ], [ -43.295448153407527, -22.806528784486687 ], [ -43.295628805328192, -22.806438237683412 ], [ -43.295917730034326, -22.806469142847821 ], [ -43.296257901446992, -22.80638951397048 ], [ -43.296560304797445, -22.806495788167862 ], [ -43.297074037253665, -22.80652764873453 ], [ -43.298146978607058, -22.806859342781976 ], [ -43.298755200792058, -22.806813095632471 ], [ -43.299273796714488, -22.806539756983746 ], [ -43.29954431508515, -22.806240829922668 ], [ -43.299826412365952, -22.805683653641957 ], [ -43.302406595691735, -22.808898965931068 ], [ -43.301713539700991, -22.809682327130169 ], [ -43.301303208551097, -22.810595855050355 ], [ -43.300763343813053, -22.815440309584925 ], [ -43.304483263444894, -22.816316194550406 ], [ -43.305486438988318, -22.816625518181084 ], [ -43.306937035837159, -22.81729919926283 ], [ -43.309502159633595, -22.818900249977037 ], [ -43.310642631027775, -22.819430630456701 ], [ -43.312256460289731, -22.819804273323879 ], [ -43.314555367419601, -22.819815948032037 ], [ -43.314456038256679, -22.820533463325567 ] ] ] } },
{ "type": "Feature", "properties": { "objectid": 904, "nome": "Cordovil", "regiao_adm": "VIGARIO GERAL           ", "area_plane": "3", "codbairro": "046", "codra": 31, "codbnum": 46, "link": "Cordovil                  &area=46                ", "rp": "Penha", "cod_rp": "3.5", "codbairro_long": 46, "st_area(shape)": 3675067.910993312, "st_perimeter(shape)": 13570.20901270489 }, "geometry": { "type": "MultiPolygon", "coordinates": [ [ [ [ -43.272367526372399, -22.803547569584271 ], [ -43.272597838629778, -22.803320232228408 ], [ -43.272993784269616, -22.803336713959272 ], [ -43.274636061368419, -22.803661995329314 ], [ -43.27683396972126, -22.803800461961814 ], [ -43.277209816001509, -22.804811458822787 ], [ -43.277591227354762, -22.805465435723683 ], [ -43.278188554959108, -22.806208081524076 ], [ -43.27894818611427, -22.806965211405057 ], [ -43.278965902258086, -22.807547800558666 ], [ -43.279041642846124, -22.807667643384555 ], [ -43.279997875103518, -22.807787508279905 ], [ -43.280757833091961, -22.807705129670847 ], [ -43.285532342234028, -22.808013576480153 ], [ -43.286755861114258, -22.808197325439465 ], [ -43.287240382575639, -22.808431102249422 ], [ -43.287600026781071, -22.808742557503713 ], [ -43.288065462684756, -22.809404731630529 ], [ -43.288322022789778, -22.80996784998381 ], [ -43.28830830553288, -22.810340586295965 ], [ -43.288398691656447, -22.810427260485746 ], [ -43.287676161470664, -22.81340554330766 ], [ -43.28807180594918, -22.813464430697948 ], [ -43.288058866370228, -22.813626756138113 ], [ -43.288208845166857, -22.813902633336262 ], [ -43.28899050067924, -22.814479880676306 ], [ -43.290022845331258, -22.815171526223082 ], [ -43.290172980083625, -22.815170247454134 ], [ -43.293670135650473, -22.814324517687236 ], [ -43.294689346468466, -22.814187504119126 ], [ -43.294116475428929, -22.81464654995823 ], [ -43.293344508959123, -22.815486551071572 ], [ -43.295366448780989, -22.81832193823103 ], [ -43.298448519307534, -22.820513438831064 ], [ -43.299040936575025, -22.819767854706971 ], [ -43.299520228020143, -22.819714090895911 ], [ -43.301373452469818, -22.8189515154323 ], [ -43.30352084025796, -22.821429798931558 ], [ -43.304095159143735, -22.822230270438869 ], [ -43.304249893260376, -22.822322226254137 ], [ -43.305158075298841, -22.821856414925538 ], [ -43.311636063905325, -22.824838025788083 ], [ -43.31168412355548, -22.825151456278039 ], [ -43.311854106166855, -22.825362150367312 ], [ -43.309185853677917, -22.830261115851815 ], [ -43.30903150005237, -22.830861611331191 ], [ -43.308981796261627, -22.83149758837969 ], [ -43.307916741222996, -22.831897734661851 ], [ -43.307595206966027, -22.831386606330213 ], [ -43.306693365754427, -22.829429872621329 ], [ -43.306475733211698, -22.829554262544697 ], [ -43.305525263333017, -22.828985773060154 ], [ -43.304789483561315, -22.830261049507023 ], [ -43.304661913027218, -22.830224833362077 ], [ -43.304761803286766, -22.830065328007255 ], [ -43.304725238431111, -22.82998122274212 ], [ -43.30155607836798, -22.829326314439843 ], [ -43.301360113754733, -22.829345176986983 ], [ -43.301294290996566, -22.829491045598207 ], [ -43.299236808111225, -22.828443182989982 ], [ -43.297831509999277, -22.827325504249369 ], [ -43.296295346195578, -22.826743750823248 ], [ -43.296416527947876, -22.826682189658133 ], [ -43.296455779600159, -22.826550037725443 ], [ -43.296139513597318, -22.826387801617027 ], [ -43.295663148553004, -22.825750998446434 ], [ -43.295206588625454, -22.825565857256571 ], [ -43.294132116443734, -22.828144308185486 ], [ -43.292901123982318, -22.827544836294674 ], [ -43.292689625761774, -22.827598471020565 ], [ -43.292598693160315, -22.827039119710612 ], [ -43.292352556686154, -22.826855051849126 ], [ -43.292740183445851, -22.825958923591834 ], [ -43.291405776094429, -22.82549794928331 ], [ -43.290859952090521, -22.825799142212674 ], [ -43.290996849799846, -22.826289180075701 ], [ -43.290843126336014, -22.826545722570401 ], [ -43.290752902680964, -22.826530846043713 ], [ -43.290701686176021, -22.826411631514976 ], [ -43.290877496372637, -22.826204183772663 ], [ -43.290700895370527, -22.825874288588054 ], [ -43.290226612655438, -22.825876151122486 ], [ -43.290258232631885, -22.825450778825378 ], [ -43.289988456425981, -22.825350168575994 ], [ -43.28901056396441, -22.824676625338427 ], [ -43.289354761840094, -22.824247654040033 ], [ -43.289379279150069, -22.82409439440406 ], [ -43.289269520573818, -22.823841979372421 ], [ -43.289312526970683, -22.823409773134848 ], [ -43.289999597889931, -22.823249627519143 ], [ -43.290099347790878, -22.822096287072267 ], [ -43.289512286274672, -22.821753315026417 ], [ -43.287911283506681, -22.821207454098058 ], [ -43.287457206076844, -22.820927224106352 ], [ -43.285052838646713, -22.818348528557216 ], [ -43.283678202753137, -22.81679180544489 ], [ -43.2832131330767, -22.816108220700631 ], [ -43.281524387794875, -22.814278705759097 ], [ -43.28022873013883, -22.813296628184439 ], [ -43.277097570633529, -22.811900598828053 ], [ -43.273288256531522, -22.810407310241636 ], [ -43.272760846737903, -22.810038195805671 ], [ -43.272401612195367, -22.809457415425655 ], [ -43.272209714039839, -22.804892710987041 ], [ -43.272367526372399, -22.803547569584271 ] ] ], [ [ [ -43.271344828131078, -22.807185461703963 ], [ -43.271699083562638, -22.806848318695621 ], [ -43.271966430253784, -22.806928231867687 ], [ -43.272014724785009, -22.807030171947616 ], [ -43.271818523514391, -22.807402371121711 ], [ -43.271617866686064, -22.807463500096421 ], [ -43.271344828131078, -22.807185461703963 ] ] ] ] } },
{ "type": "Feature", "properties": { "objectid": 907, "nome": "Vista Alegre", "regiao_adm": "IRAJA                   ", "area_plane": "3", "codbairro": "075", "codra": 14, "codbnum": 75, "link": "Vista Alegre              &area=75                ", "rp": "Madureira", "cod_rp": "3.3", "codbairro_long": 75, "st_area(shape)": 1254362.1418197486, "st_perimeter(shape)": 5519.6852615875032 }, "geometry": { "type": "Polygon", "coordinates": [ [ [ -43.312574943487441, -22.838225599804485 ], [ -43.311288564296248, -22.836197084395515 ], [ -43.30889342475821, -22.833335325928715 ], [ -43.309009291374807, -22.831094343999752 ], [ -43.309109607486107, -22.830486107057762 ], [ -43.309427842407281, -22.829765489406178 ], [ -43.311854106166855, -22.825362150367312 ], [ -43.31168412355548, -22.825151456278039 ], [ -43.311677195120822, -22.824729740709834 ], [ -43.311942248814816, -22.824556927016676 ], [ -43.312310269055729, -22.824499896077221 ], [ -43.314456038256679, -22.820533463325567 ], [ -43.314555367419601, -22.819815948032037 ], [ -43.316610477926169, -22.819786759713605 ], [ -43.31586587742455, -22.821641425856757 ], [ -43.313670491600739, -22.825754001145626 ], [ -43.314533466075055, -22.826141705505176 ], [ -43.316044937951588, -22.826416699060371 ], [ -43.316550219418033, -22.826675266591447 ], [ -43.317772993087331, -22.827508283591932 ], [ -43.319595633319238, -22.827936805840189 ], [ -43.319644952965859, -22.828062041216572 ], [ -43.319233293628123, -22.829920866663961 ], [ -43.318716555684396, -22.834700803146028 ], [ -43.317855908650955, -22.836415533830284 ], [ -43.317511078160962, -22.836900371553188 ], [ -43.317031942885386, -22.837293119617119 ], [ -43.316676311401181, -22.837435932499062 ], [ -43.315990039665429, -22.837519435196523 ], [ -43.314823829907219, -22.837451196306269 ], [ -43.314464825176863, -22.837559108296659 ], [ -43.313721556463058, -22.83799790648353 ], [ -43.312862337792247, -22.838065567640175 ], [ -43.312574943487441, -22.838225599804485 ] ] ] } },
{ "type": "Feature", "properties": { "objectid": 905, "nome": "Irajá", "regiao_adm": "IRAJA                   ", "area_plane": "3", "codbairro": "076", "codra": 14, "codbnum": 76, "link": "Irajá                     &area=76                ", "rp": "Madureira", "cod_rp": "3.3", "codbairro_long": 76, "st_area(shape)": 7481981.7157442831, "st_perimeter(shape)": 18413.94875362418 }, "geometry": { "type": "Polygon", "coordinates": [ [ [ -43.31942913300896, -22.818985581589132 ], [ -43.330919022180147, -22.812664479455613 ], [ -43.331140834067426, -22.813120428618692 ], [ -43.331386835434905, -22.813262263027607 ], [ -43.332061146589197, -22.813438564417204 ], [ -43.332348169984826, -22.814003562625107 ], [ -43.332889476745649, -22.818239701360678 ], [ -43.334299327358231, -22.818464594802464 ], [ -43.334302080269893, -22.818238306664448 ], [ -43.334441566406198, -22.818239764862433 ], [ -43.335020429960501, -22.822982565878611 ], [ -43.334922513511422, -22.823143193089326 ], [ -43.334775138299044, -22.823076992714558 ], [ -43.334873645222515, -22.822859743115181 ], [ -43.334728316763517, -22.821904464842046 ], [ -43.334300586232509, -22.821940358835562 ], [ -43.334576667259597, -22.824335822591163 ], [ -43.334276226907477, -22.824902986323842 ], [ -43.337277251067633, -22.825956917366085 ], [ -43.337158559437732, -22.826544588632959 ], [ -43.338959718491196, -22.827174689118806 ], [ -43.339245797691262, -22.827573228830637 ], [ -43.339405321914128, -22.828413238176079 ], [ -43.340649774529929, -22.830163589820344 ], [ -43.341186462520518, -22.831099642932166 ], [ -43.34148606623296, -22.83138823242583 ], [ -43.34171778387762, -22.831876151571048 ], [ -43.342174018287672, -22.832240424792815 ], [ -43.342095400450702, -22.832328291455507 ], [ -43.341856285661819, -22.832120979416711 ], [ -43.341608298005248, -22.83206710033485 ], [ -43.339568560241716, -22.832263493662694 ], [ -43.338619196889631, -22.832528857115332 ], [ -43.335873970261403, -22.832820342268828 ], [ -43.335197443999512, -22.832794036222889 ], [ -43.335222228730544, -22.833031176346779 ], [ -43.334654614943418, -22.833134065381429 ], [ -43.334268352992467, -22.833097964762906 ], [ -43.332562941880866, -22.83249762101552 ], [ -43.330785823559943, -22.832114153766859 ], [ -43.328911042553543, -22.832939428148975 ], [ -43.326911510943035, -22.834371602384703 ], [ -43.326098249030245, -22.835924955447627 ], [ -43.325718845112704, -22.836458668450227 ], [ -43.33245285683239, -22.842655567347354 ], [ -43.332450120856578, -22.842816019307119 ], [ -43.331698016174641, -22.843070487898721 ], [ -43.331135921851271, -22.843452113536113 ], [ -43.330767124064728, -22.843834953032257 ], [ -43.334067422232607, -22.848459324486694 ], [ -43.336882635747578, -22.846414479675847 ], [ -43.33762975850761, -22.852371571610512 ], [ -43.337332177272387, -22.852666846059254 ], [ -43.337373479304048, -22.853332947267557 ], [ -43.337144868702239, -22.856016634987785 ], [ -43.334396195729667, -22.853825158804511 ], [ -43.333962820314902, -22.853676037091311 ], [ -43.333420167155154, -22.853738808515896 ], [ -43.333258819742554, -22.854488133195279 ], [ -43.333154077656793, -22.854495163025234 ], [ -43.33328512877079, -22.853760965864829 ], [ -43.332804582324684, -22.853828631059685 ], [ -43.332688902219054, -22.854021495451967 ], [ -43.332665150295981, -22.854538537001424 ], [ -43.33253419979291, -22.854545202406744 ], [ -43.332556768163911, -22.85412513791028 ], [ -43.329018212883696, -22.854637644703661 ], [ -43.328968162475753, -22.854451262972855 ], [ -43.32581088812308, -22.853739043823573 ], [ -43.325267817489724, -22.854638678128108 ], [ -43.325239228297264, -22.854840489674022 ], [ -43.324766310780511, -22.855708439167632 ], [ -43.323947307897484, -22.855268769271927 ], [ -43.322697182364365, -22.854267706073731 ], [ -43.320955458876874, -22.853275536878741 ], [ -43.318795704324017, -22.851865500412082 ], [ -43.317665253491199, -22.850963832240456 ], [ -43.31560722736431, -22.852343205526967 ], [ -43.313537117294473, -22.851018217309271 ], [ -43.314085768131434, -22.850050139720928 ], [ -43.314024480761354, -22.849804933693498 ], [ -43.314439193530163, -22.849322742144231 ], [ -43.315445434668284, -22.846312293403944 ], [ -43.315507722535003, -22.846381496937706 ], [ -43.316288076109366, -22.845743501725526 ], [ -43.316631719095597, -22.845595057120807 ], [ -43.316829805358466, -22.845603472536535 ], [ -43.317400291738323, -22.845913664926528 ], [ -43.31780564282758, -22.844638000086572 ], [ -43.317478333452669, -22.84401366664024 ], [ -43.31708425486832, -22.842710587032961 ], [ -43.317034336517487, -22.842317215806421 ], [ -43.317182870300776, -22.841355729535348 ], [ -43.313336654866646, -22.840047814913639 ], [ -43.313849888503476, -22.839451343296631 ], [ -43.312780990357929, -22.838546593169081 ], [ -43.312574943487441, -22.838225599804485 ], [ -43.312862337792247, -22.838065567640175 ], [ -43.313721556463058, -22.83799790648353 ], [ -43.314464825176863, -22.837559108296659 ], [ -43.314823829907219, -22.837451196306269 ], [ -43.315990039665429, -22.837519435196523 ], [ -43.316676311401181, -22.837435932499062 ], [ -43.317031942885386, -22.837293119617119 ], [ -43.317511078160962, -22.836900371553188 ], [ -43.317855908650955, -22.836415533830284 ], [ -43.318631089502887, -22.834916191666878 ], [ -43.318796136626588, -22.834345644412149 ], [ -43.319233293628123, -22.829920866663961 ], [ -43.319644952965859, -22.828062041216572 ], [ -43.319571988526988, -22.827926530262864 ], [ -43.317643144713912, -22.827451102050244 ], [ -43.316550219418033, -22.826675266591447 ], [ -43.316044937951588, -22.826416699060371 ], [ -43.314533466075055, -22.826141705505176 ], [ -43.313670491600739, -22.825754001145626 ], [ -43.31586587742455, -22.821641425856757 ], [ -43.316610477926169, -22.819786759713605 ], [ -43.316609202096124, -22.819534059633167 ], [ -43.31776961270635, -22.819578286735592 ], [ -43.318440697603229, -22.819383352352684 ], [ -43.31942913300896, -22.818985581589132 ] ] ] } },
{ "type": "Feature", "properties": { "objectid": 412, "nome": "Imperial de São Cristóvão", "regiao_adm": "SAO CRISTOVAO           ", "area_plane": "1", "codbairro": "010", "codra": 7, "codbnum": 10, "link": "São Cristóvão             &area=10                ", "rp": "Centro", "cod_rp": "1.1", "codbairro_long": 10, "st_area(shape)": 4105654.8523132047, "st_perimeter(shape)": 14129.085003760971 }, "geometry": { "type": "Polygon", "coordinates": [ [ [ -43.221903443950566, -22.888798299567192 ], [ -43.222634893948026, -22.888546491126682 ], [ -43.223073070403657, -22.888241914379876 ], [ -43.225032520702847, -22.886286208484744 ], [ -43.226214790431513, -22.88527190962791 ], [ -43.22690664210662, -22.884982523525352 ], [ -43.227670413817812, -22.885001516421084 ], [ -43.22070329123823, -22.893697564201382 ], [ -43.225783149751116, -22.898865283267792 ], [ -43.227440611611094, -22.894318210388903 ], [ -43.228537352205919, -22.894287634460877 ], [ -43.228873091961873, -22.891543470459837 ], [ -43.231414351353912, -22.891357926518495 ], [ -43.232517817953145, -22.891355755292921 ], [ -43.232580156646257, -22.892246679557065 ], [ -43.232620717790915, -22.892441198116153 ], [ -43.232814469798406, -22.89270587090045 ], [ -43.23291766910851, -22.893768472281852 ], [ -43.233120450380511, -22.894284384839057 ], [ -43.233091652875558, -22.89460365587497 ], [ -43.23270828097985, -22.894958899826953 ], [ -43.23274374226196, -22.895547092689355 ], [ -43.233082000388983, -22.897011817522298 ], [ -43.236752656212133, -22.896578938610862 ], [ -43.236691250897351, -22.897046224522331 ], [ -43.236773830238903, -22.897806157768294 ], [ -43.23673222209711, -22.898159513401669 ], [ -43.236098169681149, -22.898603283094364 ], [ -43.235702949574311, -22.899158158306047 ], [ -43.235017013101846, -22.899806882453557 ], [ -43.235377551497145, -22.900501363320569 ], [ -43.235482469032789, -22.900491150985683 ], [ -43.235518225507661, -22.900582846092448 ], [ -43.235283556207932, -22.900631623549337 ], [ -43.234976381994372, -22.900091704435617 ], [ -43.232425046155853, -22.90065114159243 ], [ -43.23246992971567, -22.901474867027538 ], [ -43.232352828804927, -22.90346254264956 ], [ -43.232584969166574, -22.904353824575367 ], [ -43.232488426588844, -22.904747745319867 ], [ -43.232305597090928, -22.904759797688236 ], [ -43.232243037234667, -22.904886070894968 ], [ -43.232061533132594, -22.907141145956587 ], [ -43.231517169861561, -22.908609233933792 ], [ -43.232434113975536, -22.908936772755307 ], [ -43.232981168588495, -22.909027566131602 ], [ -43.234524979675044, -22.908869178997325 ], [ -43.226323324603541, -22.909979316944042 ], [ -43.225838227822543, -22.909966584233061 ], [ -43.224437957637996, -22.909663495430724 ], [ -43.224332103237948, -22.910186533807035 ], [ -43.224075319216013, -22.910113044207591 ], [ -43.224128290258996, -22.910237264111974 ], [ -43.22457405423377, -22.910478216642506 ], [ -43.225373093170639, -22.91059948447862 ], [ -43.225371409691526, -22.910728782553015 ], [ -43.224318322050053, -22.910548413598125 ], [ -43.225412903238066, -22.911262950138891 ], [ -43.225762981909192, -22.911396178284065 ], [ -43.225827627181168, -22.911559810842004 ], [ -43.226140085599674, -22.911782472425042 ], [ -43.226040911598602, -22.911949874011569 ], [ -43.224248361542855, -22.910800485545092 ], [ -43.222331917124762, -22.91031831065688 ], [ -43.222394668125311, -22.910156013391202 ], [ -43.223331126469503, -22.910436231845548 ], [ -43.22333288366486, -22.91030142520372 ], [ -43.223472163582457, -22.910325469125823 ], [ -43.223654567201258, -22.910054968700265 ], [ -43.222149309341312, -22.909670043321391 ], [ -43.222129862491776, -22.909770967224922 ], [ -43.222317191860519, -22.9098180359114 ], [ -43.222278930382494, -22.9099637229418 ], [ -43.221522225053469, -22.90984850737377 ], [ -43.221535069096696, -22.909798081318385 ], [ -43.219913285781999, -22.909976511467406 ], [ -43.219831655347313, -22.909591435869256 ], [ -43.21963471747992, -22.909265033840992 ], [ -43.218374150994876, -22.907993040532322 ], [ -43.217843143892011, -22.907608163409218 ], [ -43.20978476111214, -22.906878461004858 ], [ -43.209799726757808, -22.906592543823123 ], [ -43.209622344609613, -22.906575554936197 ], [ -43.209633873872932, -22.906306305393407 ], [ -43.209835818376831, -22.906308581405728 ], [ -43.210012040537592, -22.903340174774605 ], [ -43.209842457609824, -22.903338263890458 ], [ -43.209845403733667, -22.903113797974857 ], [ -43.210031163983494, -22.903115891118507 ], [ -43.210180454375987, -22.900356685299109 ], [ -43.209986510360558, -22.90036199651254 ], [ -43.210004848252979, -22.90019757681041 ], [ -43.210190604547599, -22.900199669516304 ], [ -43.210313240264021, -22.898854338155235 ], [ -43.210604832906455, -22.898627522395039 ], [ -43.210631523605549, -22.89897052932886 ], [ -43.213400141888378, -22.896381126632711 ], [ -43.214411172370795, -22.895699310944302 ], [ -43.214821146432868, -22.894998275846046 ], [ -43.217021270291795, -22.890238338135234 ], [ -43.21747964709089, -22.889411047093702 ], [ -43.217872112224505, -22.888517905395446 ], [ -43.217909378731967, -22.888224289062922 ], [ -43.218305409867234, -22.888587781888155 ], [ -43.219270853216138, -22.888576928123243 ], [ -43.219280568923878, -22.888855538816578 ], [ -43.221903443950566, -22.888798299567192 ] ] ] } },
{ "type": "Feature", "properties": { "objectid": 909, "nome": "Argentino", "regiao_adm": "PENHA", "area_plane": "3", "codbairro": "166", "codra": 11, "codbnum": 166, "link": "Argentino                      &area=166 ", "rp": "Penha", "cod_rp": "3.5", "codbairro_long": 166, "st_area(shape)": 31768.627297001542, "st_perimeter(shape)": 1076.3050551025931 }, "geometry": { "type": "Polygon", "coordinates": [ [ [ -43.308814125619627, -22.834922522940872 ], [ -43.308474134222642, -22.834946210163491 ], [ -43.307527102554303, -22.835478098315829 ], [ -43.306603265072859, -22.835459087369294 ], [ -43.306223643402028, -22.835980802772269 ], [ -43.306046951219273, -22.835962756114178 ], [ -43.308132021223066, -22.832710302873853 ], [ -43.308215427685099, -22.832821132545604 ], [ -43.3080158893586, -22.833198017265357 ], [ -43.308368406702492, -22.833651550992794 ], [ -43.308298314496554, -22.834814659161232 ], [ -43.30882080169583, -22.83481784392243 ], [ -43.308814125619627, -22.834922522940872 ] ] ] } },
{ "type": "Feature", "properties": { "objectid": 906, "nome": "Brás de Pina", "regiao_adm": "PENHA                   ", "area_plane": "3", "codbairro": "045", "codra": 11, "codbnum": 45, "link": "Brás de Pina              &area=45                ", "rp": "Penha", "cod_rp": "3.5", "codbairro_long": 45, "st_area(shape)": 2956169.1150163296, "st_perimeter(shape)": 11648.827626207258 }, "geometry": { "type": "Polygon", "coordinates": [ [ [ -43.285590733564092, -22.830984092219406 ], [ -43.280161521689635, -22.824184787686292 ], [ -43.279258747942151, -22.82324414531746 ], [ -43.28515006514678, -22.81845605999295 ], [ -43.287595207031558, -22.821039696177742 ], [ -43.289512286274672, -22.821753315026417 ], [ -43.290099347790878, -22.822096287072267 ], [ -43.289999597889931, -22.823249627519143 ], [ -43.289312526970683, -22.823409773134848 ], [ -43.289269520573818, -22.823841979372421 ], [ -43.289379279150069, -22.82409439440406 ], [ -43.289354761840094, -22.824247654040033 ], [ -43.28901056396441, -22.824676625338427 ], [ -43.289988456425981, -22.825350168575994 ], [ -43.290258232631885, -22.825450778825378 ], [ -43.290226612655438, -22.825876151122486 ], [ -43.290700895370527, -22.825874288588054 ], [ -43.290877496372637, -22.826204183772663 ], [ -43.290701686176021, -22.826411631514976 ], [ -43.290752902680964, -22.826530846043713 ], [ -43.290843126336014, -22.826545722570401 ], [ -43.290996849799846, -22.826289180075701 ], [ -43.290859952090521, -22.825799142212674 ], [ -43.291405776094429, -22.82549794928331 ], [ -43.292740183445851, -22.825958923591834 ], [ -43.292352556686154, -22.826855051849126 ], [ -43.292598693160315, -22.827039119710612 ], [ -43.292689625761774, -22.827598471020565 ], [ -43.292901123982318, -22.827544836294674 ], [ -43.294132116443734, -22.828144308185486 ], [ -43.295206588625454, -22.825565857256571 ], [ -43.295663148553004, -22.825750998446434 ], [ -43.296139513597318, -22.826387801617027 ], [ -43.296455779600159, -22.826550037725443 ], [ -43.296416527947876, -22.826682189658133 ], [ -43.296295346195578, -22.826743750823248 ], [ -43.297831509999277, -22.827325504249369 ], [ -43.299236808111225, -22.828443182989982 ], [ -43.301294290996566, -22.829491045598207 ], [ -43.301360113754733, -22.829345176986983 ], [ -43.30155607836798, -22.829326314439843 ], [ -43.304725238431111, -22.82998122274212 ], [ -43.304761803286766, -22.830065328007255 ], [ -43.304661913027218, -22.830224833362077 ], [ -43.304789483561315, -22.830261049507023 ], [ -43.305525263333017, -22.828985773060154 ], [ -43.306475733211698, -22.829554262544697 ], [ -43.306693365754427, -22.829429872621329 ], [ -43.307595206966027, -22.831386606330213 ], [ -43.307916741222996, -22.831897734661851 ], [ -43.308981796261627, -22.83149758837969 ], [ -43.30882080169583, -22.83481784392243 ], [ -43.308298314496554, -22.834814659161232 ], [ -43.308368406702492, -22.833651550992794 ], [ -43.3080158893586, -22.833198017265357 ], [ -43.308215427685099, -22.832821132545604 ], [ -43.308132021223066, -22.832710302873853 ], [ -43.306046951219273, -22.835962756114178 ], [ -43.306223643402028, -22.835980802772269 ], [ -43.306603265072859, -22.835459087369294 ], [ -43.307527102554303, -22.835478098315829 ], [ -43.308474134222642, -22.834946210163491 ], [ -43.308814125619627, -22.834922522940872 ], [ -43.308774913436736, -22.835912982090683 ], [ -43.309000541847141, -22.836947180030226 ], [ -43.308368716501036, -22.836419694940993 ], [ -43.307919055342126, -22.836247392836825 ], [ -43.307024315238799, -22.836147214163191 ], [ -43.306571874922966, -22.837726597762618 ], [ -43.306088567977589, -22.837840123048185 ], [ -43.304630909003393, -22.840022991707258 ], [ -43.302470778978559, -22.838736738566485 ], [ -43.302246170699128, -22.838636629970956 ], [ -43.301801933136026, -22.838631892347863 ], [ -43.301804531737801, -22.837771280116886 ], [ -43.298085520746753, -22.837701950679627 ], [ -43.288387725311544, -22.836151261650219 ], [ -43.288336926834916, -22.836115134246008 ], [ -43.288838739775237, -22.835379369167807 ], [ -43.288636070168785, -22.835217073211609 ], [ -43.288464411279229, -22.834616305605081 ], [ -43.288542630719867, -22.833994562952121 ], [ -43.288473209152436, -22.833406813877904 ], [ -43.288176662961561, -22.833077524172463 ], [ -43.288713857198388, -22.832573416991686 ], [ -43.289275062309827, -22.83220584235492 ], [ -43.290271912047828, -22.831771871684925 ], [ -43.290019629123584, -22.83122956859534 ], [ -43.289836818251018, -22.831014207598095 ], [ -43.288888561743107, -22.830624458166636 ], [ -43.288250619009304, -22.829977316915791 ], [ -43.28809106001686, -22.82995185178488 ], [ -43.287746027026124, -22.83000991333601 ], [ -43.286004753146806, -22.830855614430284 ], [ -43.285590733564092, -22.830984092219406 ] ] ] } },
{ "type": "Feature", "properties": { "objectid": 908, "nome": "Vila da Penha", "regiao_adm": "IRAJA                   ", "area_plane": "3", "codbairro": "074", "codra": 14, "codbnum": 74, "link": "Vila da Penha             &area=74                ", "rp": "Madureira", "cod_rp": "3.3", "codbairro_long": 74, "st_area(shape)": 1541675.2136637096, "st_perimeter(shape)": 6473.3636218744068 }, "geometry": { "type": "Polygon", "coordinates": [ [ [ -43.309000541847141, -22.836947180030226 ], [ -43.308764300205794, -22.835728883548022 ], [ -43.30889342475821, -22.833335325928715 ], [ -43.311288564296248, -22.836197084395515 ], [ -43.312780990357929, -22.838546593169081 ], [ -43.313849888503476, -22.839451343296631 ], [ -43.313336654866646, -22.840047814913639 ], [ -43.317182870300776, -22.841355729535348 ], [ -43.317034336517487, -22.842317215806421 ], [ -43.31708425486832, -22.842710587032961 ], [ -43.317478333452669, -22.84401366664024 ], [ -43.31780564282758, -22.844638000086572 ], [ -43.317400291738323, -22.845913664926528 ], [ -43.316829805358466, -22.845603472536535 ], [ -43.316631719095597, -22.845595057120807 ], [ -43.316288076109366, -22.845743501725526 ], [ -43.315507722535003, -22.846381496937706 ], [ -43.315445434668284, -22.846312293403944 ], [ -43.314439193530163, -22.849322742144231 ], [ -43.313919337080058, -22.849900179205076 ], [ -43.312784332593012, -22.848929433558578 ], [ -43.312674634295313, -22.849243539016395 ], [ -43.312558422495371, -22.849280235678396 ], [ -43.311664209227231, -22.848869602552487 ], [ -43.310829176953469, -22.848220090738106 ], [ -43.30967347614618, -22.85033703041843 ], [ -43.309324846736345, -22.850296211425789 ], [ -43.309020337022396, -22.85039908884411 ], [ -43.305057968890019, -22.847333681082546 ], [ -43.30457919061304, -22.847063258634925 ], [ -43.306738298271654, -22.844879819746918 ], [ -43.304370192906106, -22.842897897562068 ], [ -43.304266427257616, -22.843015457555389 ], [ -43.301916504450929, -22.841638490612674 ], [ -43.303332877961225, -22.839230704414977 ], [ -43.304630909003393, -22.840022991707258 ], [ -43.306088567977589, -22.837840123048185 ], [ -43.306571874922966, -22.837726597762618 ], [ -43.307024315238799, -22.836147214163191 ], [ -43.307919055342126, -22.836247392836825 ], [ -43.308368716501036, -22.836419694940993 ], [ -43.309000541847141, -22.836947180030226 ] ] ] } },
{ "type": "Feature", "properties": { "objectid": 900, "nome": "Barra Olímpica", "regiao_adm": "JACAREPAGUA             ", "area_plane": "4", "codbairro": "165", "codra": 16, "codbnum": 165, "link": "Barra Olímpica                 &area=165", "rp": "Jacarepaguá", "cod_rp": "4.1", "codbairro_long": 165, "st_area(shape)": 10973064.767363764, "st_perimeter(shape)": 23597.086233645696 }, "geometry": { "type": "Polygon", "coordinates": [ [ [ -43.347724991646288, -22.978727218718596 ], [ -43.347882215665869, -22.978608299831127 ], [ -43.347903291246126, -22.97844722779433 ], [ -43.348096897043199, -22.978166764021282 ], [ -43.349064705071605, -22.977585708453987 ], [ -43.349441627731217, -22.977116604267206 ], [ -43.349900574717331, -22.97682454773393 ], [ -43.350958565225476, -22.975746546665984 ], [ -43.351260236571783, -22.975554262122316 ], [ -43.352020322947688, -22.974834289435854 ], [ -43.352430805612165, -22.974577396426429 ], [ -43.353513022989574, -22.973525319964143 ], [ -43.356093297361042, -22.971364373282654 ], [ -43.356660989750402, -22.970704744721751 ], [ -43.356844957656037, -22.970357783592423 ], [ -43.357023190808576, -22.969583063825333 ], [ -43.357071665953043, -22.968222760388763 ], [ -43.357363616048254, -22.967532103808676 ], [ -43.357703084853767, -22.967147298328882 ], [ -43.357849256336785, -22.966595986807647 ], [ -43.357745414219792, -22.966072377663973 ], [ -43.357798810003437, -22.965575461615977 ], [ -43.357668528432207, -22.964850684616959 ], [ -43.35768867485308, -22.962877708060578 ], [ -43.356987093957265, -22.962758216998044 ], [ -43.356938382772611, -22.962545497170556 ], [ -43.357195828308953, -22.960561365337352 ], [ -43.35725760225899, -22.959443708146225 ], [ -43.357103549672722, -22.958868106773707 ], [ -43.35666299507902, -22.95795207550329 ], [ -43.37571448780885, -22.957905266330016 ], [ -43.381991869278849, -22.961975004958585 ], [ -43.390540249693608, -22.961570674322758 ], [ -43.391293125665825, -22.960504836943098 ], [ -43.39168417086502, -22.960561212471735 ], [ -43.391956309606869, -22.961005459293595 ], [ -43.401243838352194, -22.971054559035576 ], [ -43.402640499216169, -22.972510398235332 ], [ -43.402949142820908, -22.972716486943401 ], [ -43.403541128775757, -22.973310913058029 ], [ -43.404070920019741, -22.973134899188562 ], [ -43.406997349437532, -22.972660554117454 ], [ -43.409255235406945, -22.973059970572702 ], [ -43.41028246254173, -22.973379888087241 ], [ -43.411589190824586, -22.974112888180194 ], [ -43.416234302272287, -22.977925912557588 ], [ -43.416619435612184, -22.978313965750292 ], [ -43.417258164803322, -22.977819161408959 ], [ -43.417819832521296, -22.978361102173885 ], [ -43.418156230695111, -22.978572545129214 ], [ -43.420424935369958, -22.979353842610315 ], [ -43.421805150601074, -22.979950405672273 ], [ -43.423149185781902, -22.980412936369973 ], [ -43.42385842884898, -22.980958897654141 ], [ -43.424297642276059, -22.981617310002395 ], [ -43.424558447254334, -22.982376991186619 ], [ -43.424846670042868, -22.984062093521043 ], [ -43.425078249203985, -22.984398193252236 ], [ -43.425385551009512, -22.984617866130677 ], [ -43.425221310602822, -22.985132006686712 ], [ -43.425514339552407, -22.985643922245025 ], [ -43.42543204294298, -22.98577651865595 ], [ -43.425190202479108, -22.985868906023416 ], [ -43.422392081318804, -22.987750545998594 ], [ -43.42227364497392, -22.988129571637714 ], [ -43.422128797102914, -22.988309697639469 ], [ -43.421850716192139, -22.988417782153345 ], [ -43.421348290883628, -22.988369603227095 ], [ -43.419676077528536, -22.989477837087623 ], [ -43.418959053239426, -22.990258786221084 ], [ -43.417216608880899, -22.988942127610972 ], [ -43.415225175314546, -22.987935846497948 ], [ -43.414647350006248, -22.987244474455075 ], [ -43.414062588395034, -22.987146463477078 ], [ -43.413554379035475, -22.986916653068 ], [ -43.412754404767981, -22.986368416237053 ], [ -43.412315007483876, -22.986300352754437 ], [ -43.41229672694935, -22.986039793948756 ], [ -43.411847173045267, -22.985736167585191 ], [ -43.411307105165328, -22.984772629729282 ], [ -43.411134106847911, -22.983859110849703 ], [ -43.411028126696934, -22.983721225149495 ], [ -43.410286189181157, -22.98322193100552 ], [ -43.409873070281165, -22.983206848964929 ], [ -43.409609144206314, -22.982762573567371 ], [ -43.40849486327204, -22.982407545063584 ], [ -43.408236906437196, -22.982128687499742 ], [ -43.407552269669189, -22.981977113190368 ], [ -43.407236170687376, -22.981724039460477 ], [ -43.40646967271617, -22.981541381988155 ], [ -43.405921209451023, -22.981223557189093 ], [ -43.405475672296284, -22.981270270352177 ], [ -43.404807710339846, -22.981768098505835 ], [ -43.404730362226459, -22.982075368701292 ], [ -43.404881012174187, -22.983010974304751 ], [ -43.404656307098691, -22.983415194377834 ], [ -43.404254412465043, -22.985061478256501 ], [ -43.404110131752951, -22.985311627190036 ], [ -43.403904617819272, -22.985468228178426 ], [ -43.403631657621695, -22.985536997338691 ], [ -43.403402254857411, -22.985476791509459 ], [ -43.403024835482739, -22.985187506608007 ], [ -43.4030168574727, -22.984355484216472 ], [ -43.403292357769296, -22.983339561958942 ], [ -43.403774326049557, -22.982450441834199 ], [ -43.40370308666364, -22.981539480105798 ], [ -43.403872079361598, -22.981460629446538 ], [ -43.404576823963318, -22.981693429156266 ], [ -43.404745795794319, -22.981499972822302 ], [ -43.404784876504159, -22.981270165617651 ], [ -43.404318915965625, -22.980896090915046 ], [ -43.404180388702684, -22.9804737547475 ], [ -43.404742202368446, -22.980151956885692 ], [ -43.405052196913211, -22.979702447135153 ], [ -43.40569283999848, -22.979104457547031 ], [ -43.406090715458525, -22.978571390391107 ], [ -43.4059798982803, -22.978331129682491 ], [ -43.405669548347333, -22.97802961356788 ], [ -43.405440370202598, -22.976953144162188 ], [ -43.404785688852336, -22.976038103290691 ], [ -43.404143158064649, -22.975518111691855 ], [ -43.403704683486389, -22.975446674886928 ], [ -43.403516713360084, -22.975231825529647 ], [ -43.402836180310111, -22.975498142725826 ], [ -43.402009642416353, -22.976186901526582 ], [ -43.401841072986983, -22.976404561457915 ], [ -43.401920678988837, -22.976560972195987 ], [ -43.401772639440892, -22.976874208346203 ], [ -43.401238515955967, -22.977214156846173 ], [ -43.400798706057387, -22.97775347097398 ], [ -43.400713336451034, -22.978070591294767 ], [ -43.399553082165617, -22.979049559202135 ], [ -43.398556059271655, -22.980437292166243 ], [ -43.397845366210589, -22.980776884805405 ], [ -43.397304909304168, -22.981345871924837 ], [ -43.394995850780717, -22.982992920090478 ], [ -43.393815908370833, -22.983592067204082 ], [ -43.393317074531204, -22.983715420159644 ], [ -43.392722695268297, -22.983380827541382 ], [ -43.392176723614895, -22.98279683689027 ], [ -43.391722281393911, -22.982169253589362 ], [ -43.391057481963465, -22.980903652339968 ], [ -43.390443057777716, -22.980146286326715 ], [ -43.389309620680152, -22.97936457558594 ], [ -43.388366574517029, -22.978864399731908 ], [ -43.387597243649061, -22.978348650331295 ], [ -43.387361213398975, -22.978042980563597 ], [ -43.387267507275311, -22.97771148993229 ], [ -43.386886520750366, -22.977078140340158 ], [ -43.386435139280046, -22.976582426741267 ], [ -43.384619488544054, -22.975109892055457 ], [ -43.383952816592767, -22.974428733878597 ], [ -43.382143049121964, -22.973573233385288 ], [ -43.38175474458847, -22.973467661057228 ], [ -43.380776131824121, -22.973634109470844 ], [ -43.379583416545373, -22.973981327201383 ], [ -43.379134355965789, -22.97396507463808 ], [ -43.378870820879186, -22.974218039953623 ], [ -43.378757615700607, -22.974485101956375 ], [ -43.378584615798253, -22.974523515375093 ], [ -43.37834440732022, -22.974361824161175 ], [ -43.378140698808011, -22.974716268681401 ], [ -43.377892868199709, -22.974846758133097 ], [ -43.377318032055626, -22.974869410559926 ], [ -43.377284719025603, -22.975078046324445 ], [ -43.377400098884003, -22.975249732682837 ], [ -43.377261007658525, -22.975291205544497 ], [ -43.377131347969105, -22.975490273524848 ], [ -43.375773405398199, -22.97606816136739 ], [ -43.375070547259376, -22.976755617447651 ], [ -43.374763666359684, -22.977190831904494 ], [ -43.374258526869838, -22.977533703506786 ], [ -43.373891903501523, -22.977394297458609 ], [ -43.372832389555633, -22.976416300578204 ], [ -43.372248847432324, -22.976220475343755 ], [ -43.371985154794068, -22.976038052291933 ], [ -43.371742591112195, -22.976046037113317 ], [ -43.371125676661833, -22.975876056478047 ], [ -43.370066345418685, -22.975934522576356 ], [ -43.369766459593428, -22.975704399947368 ], [ -43.369483170918755, -22.97562725242836 ], [ -43.368609864574879, -22.975870318853215 ], [ -43.367916135102817, -22.975932985101384 ], [ -43.36707711544031, -22.976122479612158 ], [ -43.366898134131787, -22.97606617989371 ], [ -43.366945116961169, -22.975817140095803 ], [ -43.366782945022536, -22.975636205452748 ], [ -43.366036645460859, -22.975918133007966 ], [ -43.36552384526307, -22.975850623129787 ], [ -43.365239649954795, -22.976011332695542 ], [ -43.364540219364727, -22.975785838664159 ], [ -43.363944705826576, -22.975840380652294 ], [ -43.363443263030533, -22.975704616561472 ], [ -43.363269244308121, -22.975771001825958 ], [ -43.362421256270771, -22.975797914841742 ], [ -43.360813588869625, -22.9754765023518 ], [ -43.359975083462288, -22.975558496688588 ], [ -43.358544987420295, -22.975507297662158 ], [ -43.357819152050098, -22.975555409424341 ], [ -43.357211627308153, -22.975788611078418 ], [ -43.356877638760423, -22.976033318902044 ], [ -43.356211979567242, -22.976710233566507 ], [ -43.355802192032748, -22.97778589664043 ], [ -43.35539279643428, -22.978353482996646 ], [ -43.354606286528579, -22.978666546351612 ], [ -43.353864138187078, -22.978787620592659 ], [ -43.353125632939509, -22.978785004569886 ], [ -43.349947178488222, -22.978590470346816 ], [ -43.347724991646288, -22.978727218718596 ] ] ] } }
]
}
