cod_ap_sms,subgrupo,ano,obitos,faixa_etaria
1.0,1.1. Reduzível pelas ações de imunização,2006,0,menores de 1 ano
1.0,1.1. Reduzível pelas ações de imunização,2007,0,menores de 1 ano
1.0,1.1. Reduzível pelas ações de imunização,2008,0,menores de 1 ano
1.0,1.1. Reduzível pelas ações de imunização,2009,0,menores de 1 ano
1.0,1.1. Reduzível pelas ações de imunização,2010,0,menores de 1 ano
1.0,1.1. Reduzível pelas ações de imunização,2011,0,menores de 1 ano
1.0,1.1. Reduzível pelas ações de imunização,2012,0,menores de 1 ano
1.0,1.1. Reduzível pelas ações de imunização,2013,0,menores de 1 ano
1.0,1.1. Reduzível pelas ações de imunização,2014,0,menores de 1 ano
1.0,1.1. Reduzível pelas ações de imunização,2015,1,menores de 1 ano
1.0,1.1. Reduzível pelas ações de imunização,2016,0,menores de 1 ano
1.0,1.1. Reduzível pelas ações de imunização,2017,1,menores de 1 ano
1.0,1.1. Reduzível pelas ações de imunização,2018,0,menores de 1 ano
1.0,1.1. Reduzível pelas ações de imunização,2019,0,menores de 1 ano
1.0,1.1. Reduzível pelas ações de imunização,2020,0,menores de 1 ano
1.0,1.1. Reduzível pelas ações de imunização,2021,0,menores de 1 ano
1.0,1.1. Reduzível pelas ações de imunização,2022,0,menores de 1 ano
1.0,1.1. Reduzível pelas ações de imunização,2023,0,menores de 1 ano
1.0,1.1. Reduzível pelas ações de imunização,2024,0,menores de 1 ano
1.0,1.1. Reduzível pelas ações de imunização,2025,0,menores de 1 ano
1.0,1.2.1. Red por at à mulher na gestação,2006,28,menores de 1 ano
1.0,1.2.1. Red por at à mulher na gestação,2007,25,menores de 1 ano
1.0,1.2.1. Red por at à mulher na gestação,2008,18,menores de 1 ano
1.0,1.2.1. Red por at à mulher na gestação,2009,28,menores de 1 ano
1.0,1.2.1. Red por at à mulher na gestação,2010,22,menores de 1 ano
1.0,1.2.1. Red por at à mulher na gestação,2011,19,menores de 1 ano
1.0,1.2.1. Red por at à mulher na gestação,2012,20,menores de 1 ano
1.0,1.2.1. Red por at à mulher na gestação,2013,17,menores de 1 ano
1.0,1.2.1. Red por at à mulher na gestação,2014,19,menores de 1 ano
1.0,1.2.1. Red por at à mulher na gestação,2015,24,menores de 1 ano
1.0,1.2.1. Red por at à mulher na gestação,2016,13,menores de 1 ano
1.0,1.2.1. Red por at à mulher na gestação,2017,19,menores de 1 ano
1.0,1.2.1. Red por at à mulher na gestação,2018,13,menores de 1 ano
1.0,1.2.1. Red por at à mulher na gestação,2019,13,menores de 1 ano
1.0,1.2.1. Red por at à mulher na gestação,2020,17,menores de 1 ano
1.0,1.2.1. Red por at à mulher na gestação,2021,12,menores de 1 ano
1.0,1.2.1. Red por at à mulher na gestação,2022,20,menores de 1 ano
1.0,1.2.1. Red por at à mulher na gestação,2023,7,menores de 1 ano
1.0,1.2.1. Red por at à mulher na gestação,2024,16,menores de 1 ano
1.0,1.2.1. Red por at à mulher na gestação,2025,13,menores de 1 ano
1.0,1.2.2. Red por at à mulher no parto,2006,4,menores de 1 ano
1.0,1.2.2. Red por at à mulher no parto,2007,2,menores de 1 ano
1.0,1.2.2. Red por at à mulher no parto,2008,10,menores de 1 ano
1.0,1.2.2. Red por at à mulher no parto,2009,8,menores de 1 ano
1.0,1.2.2. Red por at à mulher no parto,2010,6,menores de 1 ano
1.0,1.2.2. Red por at à mulher no parto,2011,4,menores de 1 ano
1.0,1.2.2. Red por at à mulher no parto,2012,3,menores de 1 ano
1.0,1.2.2. Red por at à mulher no parto,2013,6,menores de 1 ano
1.0,1.2.2. Red por at à mulher no parto,2014,0,menores de 1 ano
1.0,1.2.2. Red por at à mulher no parto,2015,6,menores de 1 ano
1.0,1.2.2. Red por at à mulher no parto,2016,6,menores de 1 ano
1.0,1.2.2. Red por at à mulher no parto,2017,12,menores de 1 ano
1.0,1.2.2. Red por at à mulher no parto,2018,6,menores de 1 ano
1.0,1.2.2. Red por at à mulher no parto,2019,6,menores de 1 ano
1.0,1.2.2. Red por at à mulher no parto,2020,3,menores de 1 ano
1.0,1.2.2. Red por at à mulher no parto,2021,6,menores de 1 ano
1.0,1.2.2. Red por at à mulher no parto,2022,4,menores de 1 ano
1.0,1.2.2. Red por at à mulher no parto,2023,7,menores de 1 ano
1.0,1.2.2. Red por at à mulher no parto,2024,8,menores de 1 ano
1.0,1.2.2. Red por at à mulher no parto,2025,8,menores de 1 ano
1.0,1.2.3. Red por at ao recém-nascido,2006,8,menores de 1 ano
1.0,1.2.3. Red por at ao recém-nascido,2007,8,menores de 1 ano
1.0,1.2.3. Red por at ao recém-nascido,2008,9,menores de 1 ano
1.0,1.2.3. Red por at ao recém-nascido,2009,8,menores de 1 ano
1.0,1.2.3. Red por at ao recém-nascido,2010,2,menores de 1 ano
1.0,1.2.3. Red por at ao recém-nascido,2011,5,menores de 1 ano
1.0,1.2.3. Red por at ao recém-nascido,2012,9,menores de 1 ano
1.0,1.2.3. Red por at ao recém-nascido,2013,9,menores de 1 ano
1.0,1.2.3. Red por at ao recém-nascido,2014,8,menores de 1 ano
1.0,1.2.3. Red por at ao recém-nascido,2015,8,menores de 1 ano
1.0,1.2.3. Red por at ao recém-nascido,2016,4,menores de 1 ano
1.0,1.2.3. Red por at ao recém-nascido,2017,2,menores de 1 ano
1.0,1.2.3. Red por at ao recém-nascido,2018,3,menores de 1 ano
1.0,1.2.3. Red por at ao recém-nascido,2019,4,menores de 1 ano
1.0,1.2.3. Red por at ao recém-nascido,2020,4,menores de 1 ano
1.0,1.2.3. Red por at ao recém-nascido,2021,8,menores de 1 ano
1.0,1.2.3. Red por at ao recém-nascido,2022,5,menores de 1 ano
1.0,1.2.3. Red por at ao recém-nascido,2023,6,menores de 1 ano
1.0,1.2.3. Red por at ao recém-nascido,2024,1,menores de 1 ano
1.0,1.2.3. Red por at ao recém-nascido,2025,1,menores de 1 ano
1.0,1.3. Red por ações de diag e trat adequado,2006,9,menores de 1 ano
1.0,1.3. Red por ações de diag e trat adequado,2007,6,menores de 1 ano
1.0,1.3. Red por ações de diag e trat adequado,2008,6,menores de 1 ano
1.0,1.3. Red por ações de diag e trat adequado,2009,11,menores de 1 ano
1.0,1.3. Red por ações de diag e trat adequado,2010,5,menores de 1 ano
1.0,1.3. Red por ações de diag e trat adequado,2011,5,menores de 1 ano
1.0,1.3. Red por ações de diag e trat adequado,2012,2,menores de 1 ano
1.0,1.3. Red por ações de diag e trat adequado,2013,6,menores de 1 ano
1.0,1.3. Red por ações de diag e trat adequado,2014,2,menores de 1 ano
1.0,1.3. Red por ações de diag e trat adequado,2015,6,menores de 1 ano
1.0,1.3. Red por ações de diag e trat adequado,2016,8,menores de 1 ano
1.0,1.3. Red por ações de diag e trat adequado,2017,2,menores de 1 ano
1.0,1.3. Red por ações de diag e trat adequado,2018,5,menores de 1 ano
1.0,1.3. Red por ações de diag e trat adequado,2019,3,menores de 1 ano
1.0,1.3. Red por ações de diag e trat adequado,2020,1,menores de 1 ano
1.0,1.3. Red por ações de diag e trat adequado,2021,3,menores de 1 ano
1.0,1.3. Red por ações de diag e trat adequado,2022,2,menores de 1 ano
1.0,1.3. Red por ações de diag e trat adequado,2023,1,menores de 1 ano
1.0,1.3. Red por ações de diag e trat adequado,2024,3,menores de 1 ano
1.0,1.3. Red por ações de diag e trat adequado,2025,2,menores de 1 ano
1.0,1.4. Red por ações promoção vinc a atenção,2006,7,menores de 1 ano
1.0,1.4. Red por ações promoção vinc a atenção,2007,4,menores de 1 ano
1.0,1.4. Red por ações promoção vinc a atenção,2008,4,menores de 1 ano
1.0,1.4. Red por ações promoção vinc a atenção,2009,3,menores de 1 ano
1.0,1.4. Red por ações promoção vinc a atenção,2010,3,menores de 1 ano
1.0,1.4. Red por ações promoção vinc a atenção,2011,1,menores de 1 ano
1.0,1.4. Red por ações promoção vinc a atenção,2012,4,menores de 1 ano
1.0,1.4. Red por ações promoção vinc a atenção,2013,7,menores de 1 ano
1.0,1.4. Red por ações promoção vinc a atenção,2014,7,menores de 1 ano
1.0,1.4. Red por ações promoção vinc a atenção,2015,3,menores de 1 ano
1.0,1.4. Red por ações promoção vinc a atenção,2016,6,menores de 1 ano
1.0,1.4. Red por ações promoção vinc a atenção,2017,4,menores de 1 ano
1.0,1.4. Red por ações promoção vinc a atenção,2018,1,menores de 1 ano
1.0,1.4. Red por ações promoção vinc a atenção,2019,1,menores de 1 ano
1.0,1.4. Red por ações promoção vinc a atenção,2020,2,menores de 1 ano
1.0,1.4. Red por ações promoção vinc a atenção,2021,4,menores de 1 ano
1.0,1.4. Red por ações promoção vinc a atenção,2022,2,menores de 1 ano
1.0,1.4. Red por ações promoção vinc a atenção,2023,1,menores de 1 ano
1.0,1.4. Red por ações promoção vinc a atenção,2024,5,menores de 1 ano
1.0,1.4. Red por ações promoção vinc a atenção,2025,3,menores de 1 ano
1.0,2. Causas mal definidas,2006,3,menores de 1 ano
1.0,2. Causas mal definidas,2007,3,menores de 1 ano
1.0,2. Causas mal definidas,2008,3,menores de 1 ano
1.0,2. Causas mal definidas,2009,1,menores de 1 ano
1.0,2. Causas mal definidas,2010,8,menores de 1 ano
1.0,2. Causas mal definidas,2011,4,menores de 1 ano
1.0,2. Causas mal definidas,2012,2,menores de 1 ano
1.0,2. Causas mal definidas,2013,1,menores de 1 ano
1.0,2. Causas mal definidas,2014,1,menores de 1 ano
1.0,2. Causas mal definidas,2015,2,menores de 1 ano
1.0,2. Causas mal definidas,2016,2,menores de 1 ano
1.0,2. Causas mal definidas,2017,0,menores de 1 ano
1.0,2. Causas mal definidas,2018,0,menores de 1 ano
1.0,2. Causas mal definidas,2019,2,menores de 1 ano
1.0,2. Causas mal definidas,2020,0,menores de 1 ano
1.0,2. Causas mal definidas,2021,1,menores de 1 ano
1.0,2. Causas mal definidas,2022,2,menores de 1 ano
1.0,2. Causas mal definidas,2023,0,menores de 1 ano
1.0,2. Causas mal definidas,2024,1,menores de 1 ano
1.0,2. Causas mal definidas,2025,0,menores de 1 ano
1.0,3. Demais causas (não claramente evitáveis),2006,22,menores de 1 ano
1.0,3. Demais causas (não claramente evitáveis),2007,22,menores de 1 ano
1.0,3. Demais causas (não claramente evitáveis),2008,18,menores de 1 ano
1.0,3. Demais causas (não claramente evitáveis),2009,23,menores de 1 ano
1.0,3. Demais causas (não claramente evitáveis),2010,16,menores de 1 ano
1.0,3. Demais causas (não claramente evitáveis),2011,20,menores de 1 ano
1.0,3. Demais causas (não claramente evitáveis),2012,10,menores de 1 ano
1.0,3. Demais causas (não claramente evitáveis),2013,17,menores de 1 ano
1.0,3. Demais causas (não claramente evitáveis),2014,13,menores de 1 ano
1.0,3. Demais causas (não claramente evitáveis),2015,17,menores de 1 ano
1.0,3. Demais causas (não claramente evitáveis),2016,8,menores de 1 ano
1.0,3. Demais causas (não claramente evitáveis),2017,10,menores de 1 ano
1.0,3. Demais causas (não claramente evitáveis),2018,11,menores de 1 ano
1.0,3. Demais causas (não claramente evitáveis),2019,18,menores de 1 ano
1.0,3. Demais causas (não claramente evitáveis),2020,10,menores de 1 ano
1.0,3. Demais causas (não claramente evitáveis),2021,13,menores de 1 ano
1.0,3. Demais causas (não claramente evitáveis),2022,9,menores de 1 ano
1.0,3. Demais causas (não claramente evitáveis),2023,10,menores de 1 ano
1.0,3. Demais causas (não claramente evitáveis),2024,2,menores de 1 ano
1.0,3. Demais causas (não claramente evitáveis),2025,11,menores de 1 ano
2.1,1.1. Reduzível pelas ações de imunização,2006,0,menores de 1 ano
2.1,1.1. Reduzível pelas ações de imunização,2007,0,menores de 1 ano
2.1,1.1. Reduzível pelas ações de imunização,2008,0,menores de 1 ano
2.1,1.1. Reduzível pelas ações de imunização,2009,0,menores de 1 ano
2.1,1.1. Reduzível pelas ações de imunização,2010,0,menores de 1 ano
2.1,1.1. Reduzível pelas ações de imunização,2011,0,menores de 1 ano
2.1,1.1. Reduzível pelas ações de imunização,2012,0,menores de 1 ano
2.1,1.1. Reduzível pelas ações de imunização,2013,0,menores de 1 ano
2.1,1.1. Reduzível pelas ações de imunização,2014,1,menores de 1 ano
2.1,1.1. Reduzível pelas ações de imunização,2015,0,menores de 1 ano
2.1,1.1. Reduzível pelas ações de imunização,2016,0,menores de 1 ano
2.1,1.1. Reduzível pelas ações de imunização,2017,0,menores de 1 ano
2.1,1.1. Reduzível pelas ações de imunização,2018,0,menores de 1 ano
2.1,1.1. Reduzível pelas ações de imunização,2019,1,menores de 1 ano
2.1,1.1. Reduzível pelas ações de imunização,2020,0,menores de 1 ano
2.1,1.1. Reduzível pelas ações de imunização,2021,0,menores de 1 ano
2.1,1.1. Reduzível pelas ações de imunização,2022,1,menores de 1 ano
2.1,1.1. Reduzível pelas ações de imunização,2023,0,menores de 1 ano
2.1,1.1. Reduzível pelas ações de imunização,2024,0,menores de 1 ano
2.1,1.1. Reduzível pelas ações de imunização,2025,0,menores de 1 ano
2.1,1.2.1. Red por at à mulher na gestação,2006,15,menores de 1 ano
2.1,1.2.1. Red por at à mulher na gestação,2007,16,menores de 1 ano
2.1,1.2.1. Red por at à mulher na gestação,2008,20,menores de 1 ano
2.1,1.2.1. Red por at à mulher na gestação,2009,26,menores de 1 ano
2.1,1.2.1. Red por at à mulher na gestação,2010,22,menores de 1 ano
2.1,1.2.1. Red por at à mulher na gestação,2011,29,menores de 1 ano
2.1,1.2.1. Red por at à mulher na gestação,2012,11,menores de 1 ano
2.1,1.2.1. Red por at à mulher na gestação,2013,19,menores de 1 ano
2.1,1.2.1. Red por at à mulher na gestação,2014,25,menores de 1 ano
2.1,1.2.1. Red por at à mulher na gestação,2015,13,menores de 1 ano
2.1,1.2.1. Red por at à mulher na gestação,2016,18,menores de 1 ano
2.1,1.2.1. Red por at à mulher na gestação,2017,15,menores de 1 ano
2.1,1.2.1. Red por at à mulher na gestação,2018,11,menores de 1 ano
2.1,1.2.1. Red por at à mulher na gestação,2019,12,menores de 1 ano
2.1,1.2.1. Red por at à mulher na gestação,2020,19,menores de 1 ano
2.1,1.2.1. Red por at à mulher na gestação,2021,18,menores de 1 ano
2.1,1.2.1. Red por at à mulher na gestação,2022,6,menores de 1 ano
2.1,1.2.1. Red por at à mulher na gestação,2023,10,menores de 1 ano
2.1,1.2.1. Red por at à mulher na gestação,2024,10,menores de 1 ano
2.1,1.2.1. Red por at à mulher na gestação,2025,7,menores de 1 ano
2.1,1.2.2. Red por at à mulher no parto,2006,8,menores de 1 ano
2.1,1.2.2. Red por at à mulher no parto,2007,8,menores de 1 ano
2.1,1.2.2. Red por at à mulher no parto,2008,6,menores de 1 ano
2.1,1.2.2. Red por at à mulher no parto,2009,3,menores de 1 ano
2.1,1.2.2. Red por at à mulher no parto,2010,3,menores de 1 ano
2.1,1.2.2. Red por at à mulher no parto,2011,6,menores de 1 ano
2.1,1.2.2. Red por at à mulher no parto,2012,2,menores de 1 ano
2.1,1.2.2. Red por at à mulher no parto,2013,3,menores de 1 ano
2.1,1.2.2. Red por at à mulher no parto,2014,1,menores de 1 ano
2.1,1.2.2. Red por at à mulher no parto,2015,4,menores de 1 ano
2.1,1.2.2. Red por at à mulher no parto,2016,3,menores de 1 ano
2.1,1.2.2. Red por at à mulher no parto,2017,2,menores de 1 ano
2.1,1.2.2. Red por at à mulher no parto,2018,4,menores de 1 ano
2.1,1.2.2. Red por at à mulher no parto,2019,4,menores de 1 ano
2.1,1.2.2. Red por at à mulher no parto,2020,7,menores de 1 ano
2.1,1.2.2. Red por at à mulher no parto,2021,2,menores de 1 ano
2.1,1.2.2. Red por at à mulher no parto,2022,3,menores de 1 ano
2.1,1.2.2. Red por at à mulher no parto,2023,1,menores de 1 ano
2.1,1.2.2. Red por at à mulher no parto,2024,5,menores de 1 ano
2.1,1.2.2. Red por at à mulher no parto,2025,1,menores de 1 ano
2.1,1.2.3. Red por at ao recém-nascido,2006,11,menores de 1 ano
2.1,1.2.3. Red por at ao recém-nascido,2007,6,menores de 1 ano
2.1,1.2.3. Red por at ao recém-nascido,2008,5,menores de 1 ano
2.1,1.2.3. Red por at ao recém-nascido,2009,9,menores de 1 ano
2.1,1.2.3. Red por at ao recém-nascido,2010,6,menores de 1 ano
2.1,1.2.3. Red por at ao recém-nascido,2011,5,menores de 1 ano
2.1,1.2.3. Red por at ao recém-nascido,2012,6,menores de 1 ano
2.1,1.2.3. Red por at ao recém-nascido,2013,9,menores de 1 ano
2.1,1.2.3. Red por at ao recém-nascido,2014,11,menores de 1 ano
2.1,1.2.3. Red por at ao recém-nascido,2015,3,menores de 1 ano
2.1,1.2.3. Red por at ao recém-nascido,2016,5,menores de 1 ano
2.1,1.2.3. Red por at ao recém-nascido,2017,3,menores de 1 ano
2.1,1.2.3. Red por at ao recém-nascido,2018,7,menores de 1 ano
2.1,1.2.3. Red por at ao recém-nascido,2019,4,menores de 1 ano
2.1,1.2.3. Red por at ao recém-nascido,2020,1,menores de 1 ano
2.1,1.2.3. Red por at ao recém-nascido,2021,2,menores de 1 ano
2.1,1.2.3. Red por at ao recém-nascido,2022,9,menores de 1 ano
2.1,1.2.3. Red por at ao recém-nascido,2023,4,menores de 1 ano
2.1,1.2.3. Red por at ao recém-nascido,2024,1,menores de 1 ano
2.1,1.2.3. Red por at ao recém-nascido,2025,1,menores de 1 ano
2.1,1.3. Red por ações de diag e trat adequado,2006,3,menores de 1 ano
2.1,1.3. Red por ações de diag e trat adequado,2007,4,menores de 1 ano
2.1,1.3. Red por ações de diag e trat adequado,2008,3,menores de 1 ano
2.1,1.3. Red por ações de diag e trat adequado,2009,3,menores de 1 ano
2.1,1.3. Red por ações de diag e trat adequado,2010,7,menores de 1 ano
2.1,1.3. Red por ações de diag e trat adequado,2011,2,menores de 1 ano
2.1,1.3. Red por ações de diag e trat adequado,2012,4,menores de 1 ano
2.1,1.3. Red por ações de diag e trat adequado,2013,5,menores de 1 ano
2.1,1.3. Red por ações de diag e trat adequado,2014,0,menores de 1 ano
2.1,1.3. Red por ações de diag e trat adequado,2015,0,menores de 1 ano
2.1,1.3. Red por ações de diag e trat adequado,2016,2,menores de 1 ano
2.1,1.3. Red por ações de diag e trat adequado,2017,2,menores de 1 ano
2.1,1.3. Red por ações de diag e trat adequado,2018,3,menores de 1 ano
2.1,1.3. Red por ações de diag e trat adequado,2019,2,menores de 1 ano
2.1,1.3. Red por ações de diag e trat adequado,2020,1,menores de 1 ano
2.1,1.3. Red por ações de diag e trat adequado,2021,1,menores de 1 ano
2.1,1.3. Red por ações de diag e trat adequado,2022,0,menores de 1 ano
2.1,1.3. Red por ações de diag e trat adequado,2023,2,menores de 1 ano
2.1,1.3. Red por ações de diag e trat adequado,2024,5,menores de 1 ano
2.1,1.3. Red por ações de diag e trat adequado,2025,3,menores de 1 ano
2.1,1.4. Red por ações promoção vinc a atenção,2006,3,menores de 1 ano
2.1,1.4. Red por ações promoção vinc a atenção,2007,2,menores de 1 ano
2.1,1.4. Red por ações promoção vinc a atenção,2008,1,menores de 1 ano
2.1,1.4. Red por ações promoção vinc a atenção,2009,1,menores de 1 ano
2.1,1.4. Red por ações promoção vinc a atenção,2010,4,menores de 1 ano
2.1,1.4. Red por ações promoção vinc a atenção,2011,0,menores de 1 ano
2.1,1.4. Red por ações promoção vinc a atenção,2012,1,menores de 1 ano
2.1,1.4. Red por ações promoção vinc a atenção,2013,4,menores de 1 ano
2.1,1.4. Red por ações promoção vinc a atenção,2014,4,menores de 1 ano
2.1,1.4. Red por ações promoção vinc a atenção,2015,1,menores de 1 ano
2.1,1.4. Red por ações promoção vinc a atenção,2016,1,menores de 1 ano
2.1,1.4. Red por ações promoção vinc a atenção,2017,3,menores de 1 ano
2.1,1.4. Red por ações promoção vinc a atenção,2018,3,menores de 1 ano
2.1,1.4. Red por ações promoção vinc a atenção,2019,2,menores de 1 ano
2.1,1.4. Red por ações promoção vinc a atenção,2020,2,menores de 1 ano
2.1,1.4. Red por ações promoção vinc a atenção,2021,6,menores de 1 ano
2.1,1.4. Red por ações promoção vinc a atenção,2022,2,menores de 1 ano
2.1,1.4. Red por ações promoção vinc a atenção,2023,3,menores de 1 ano
2.1,1.4. Red por ações promoção vinc a atenção,2024,2,menores de 1 ano
2.1,1.4. Red por ações promoção vinc a atenção,2025,0,menores de 1 ano
2.1,2. Causas mal definidas,2006,3,menores de 1 ano
2.1,2. Causas mal definidas,2007,0,menores de 1 ano
2.1,2. Causas mal definidas,2008,2,menores de 1 ano
2.1,2. Causas mal definidas,2009,2,menores de 1 ano
2.1,2. Causas mal definidas,2010,0,menores de 1 ano
2.1,2. Causas mal definidas,2011,3,menores de 1 ano
2.1,2. Causas mal definidas,2012,1,menores de 1 ano
2.1,2. Causas mal definidas,2013,0,menores de 1 ano
2.1,2. Causas mal definidas,2014,2,menores de 1 ano
2.1,2. Causas mal definidas,2015,3,menores de 1 ano
2.1,2. Causas mal definidas,2016,1,menores de 1 ano
2.1,2. Causas mal definidas,2017,1,menores de 1 ano
2.1,2. Causas mal definidas,2018,0,menores de 1 ano
2.1,2. Causas mal definidas,2019,2,menores de 1 ano
2.1,2. Causas mal definidas,2020,0,menores de 1 ano
2.1,2. Causas mal definidas,2021,1,menores de 1 ano
2.1,2. Causas mal definidas,2022,1,menores de 1 ano
2.1,2. Causas mal definidas,2023,1,menores de 1 ano
2.1,2. Causas mal definidas,2024,1,menores de 1 ano
2.1,2. Causas mal definidas,2025,4,menores de 1 ano
2.1,3. Demais causas (não claramente evitáveis),2006,19,menores de 1 ano
2.1,3. Demais causas (não claramente evitáveis),2007,17,menores de 1 ano
2.1,3. Demais causas (não claramente evitáveis),2008,24,menores de 1 ano
2.1,3. Demais causas (não claramente evitáveis),2009,7,menores de 1 ano
2.1,3. Demais causas (não claramente evitáveis),2010,15,menores de 1 ano
2.1,3. Demais causas (não claramente evitáveis),2011,13,menores de 1 ano
2.1,3. Demais causas (não claramente evitáveis),2012,16,menores de 1 ano
2.1,3. Demais causas (não claramente evitáveis),2013,19,menores de 1 ano
2.1,3. Demais causas (não claramente evitáveis),2014,14,menores de 1 ano
2.1,3. Demais causas (não claramente evitáveis),2015,24,menores de 1 ano
2.1,3. Demais causas (não claramente evitáveis),2016,19,menores de 1 ano
2.1,3. Demais causas (não claramente evitáveis),2017,17,menores de 1 ano
2.1,3. Demais causas (não claramente evitáveis),2018,21,menores de 1 ano
2.1,3. Demais causas (não claramente evitáveis),2019,16,menores de 1 ano
2.1,3. Demais causas (não claramente evitáveis),2020,13,menores de 1 ano
2.1,3. Demais causas (não claramente evitáveis),2021,12,menores de 1 ano
2.1,3. Demais causas (não claramente evitáveis),2022,8,menores de 1 ano
2.1,3. Demais causas (não claramente evitáveis),2023,14,menores de 1 ano
2.1,3. Demais causas (não claramente evitáveis),2024,17,menores de 1 ano
2.1,3. Demais causas (não claramente evitáveis),2025,16,menores de 1 ano
2.2,1.1. Reduzível pelas ações de imunização,2006,0,menores de 1 ano
2.2,1.1. Reduzível pelas ações de imunização,2007,0,menores de 1 ano
2.2,1.1. Reduzível pelas ações de imunização,2008,0,menores de 1 ano
2.2,1.1. Reduzível pelas ações de imunização,2009,0,menores de 1 ano
2.2,1.1. Reduzível pelas ações de imunização,2010,0,menores de 1 ano
2.2,1.1. Reduzível pelas ações de imunização,2011,0,menores de 1 ano
2.2,1.1. Reduzível pelas ações de imunização,2012,0,menores de 1 ano
2.2,1.1. Reduzível pelas ações de imunização,2013,0,menores de 1 ano
2.2,1.1. Reduzível pelas ações de imunização,2014,0,menores de 1 ano
2.2,1.1. Reduzível pelas ações de imunização,2015,0,menores de 1 ano
2.2,1.1. Reduzível pelas ações de imunização,2016,0,menores de 1 ano
2.2,1.1. Reduzível pelas ações de imunização,2017,0,menores de 1 ano
2.2,1.1. Reduzível pelas ações de imunização,2018,0,menores de 1 ano
2.2,1.1. Reduzível pelas ações de imunização,2019,0,menores de 1 ano
2.2,1.1. Reduzível pelas ações de imunização,2020,0,menores de 1 ano
2.2,1.1. Reduzível pelas ações de imunização,2021,0,menores de 1 ano
2.2,1.1. Reduzível pelas ações de imunização,2022,0,menores de 1 ano
2.2,1.1. Reduzível pelas ações de imunização,2023,0,menores de 1 ano
2.2,1.1. Reduzível pelas ações de imunização,2024,0,menores de 1 ano
2.2,1.1. Reduzível pelas ações de imunização,2025,0,menores de 1 ano
2.2,1.2.1. Red por at à mulher na gestação,2006,14,menores de 1 ano
2.2,1.2.1. Red por at à mulher na gestação,2007,11,menores de 1 ano
2.2,1.2.1. Red por at à mulher na gestação,2008,13,menores de 1 ano
2.2,1.2.1. Red por at à mulher na gestação,2009,12,menores de 1 ano
2.2,1.2.1. Red por at à mulher na gestação,2010,10,menores de 1 ano
2.2,1.2.1. Red por at à mulher na gestação,2011,10,menores de 1 ano
2.2,1.2.1. Red por at à mulher na gestação,2012,11,menores de 1 ano
2.2,1.2.1. Red por at à mulher na gestação,2013,13,menores de 1 ano
2.2,1.2.1. Red por at à mulher na gestação,2014,7,menores de 1 ano
2.2,1.2.1. Red por at à mulher na gestação,2015,9,menores de 1 ano
2.2,1.2.1. Red por at à mulher na gestação,2016,9,menores de 1 ano
2.2,1.2.1. Red por at à mulher na gestação,2017,14,menores de 1 ano
2.2,1.2.1. Red por at à mulher na gestação,2018,13,menores de 1 ano
2.2,1.2.1. Red por at à mulher na gestação,2019,10,menores de 1 ano
2.2,1.2.1. Red por at à mulher na gestação,2020,8,menores de 1 ano
2.2,1.2.1. Red por at à mulher na gestação,2021,8,menores de 1 ano
2.2,1.2.1. Red por at à mulher na gestação,2022,11,menores de 1 ano
2.2,1.2.1. Red por at à mulher na gestação,2023,6,menores de 1 ano
2.2,1.2.1. Red por at à mulher na gestação,2024,14,menores de 1 ano
2.2,1.2.1. Red por at à mulher na gestação,2025,3,menores de 1 ano
2.2,1.2.2. Red por at à mulher no parto,2006,5,menores de 1 ano
2.2,1.2.2. Red por at à mulher no parto,2007,5,menores de 1 ano
2.2,1.2.2. Red por at à mulher no parto,2008,3,menores de 1 ano
2.2,1.2.2. Red por at à mulher no parto,2009,4,menores de 1 ano
2.2,1.2.2. Red por at à mulher no parto,2010,4,menores de 1 ano
2.2,1.2.2. Red por at à mulher no parto,2011,3,menores de 1 ano
2.2,1.2.2. Red por at à mulher no parto,2012,3,menores de 1 ano
2.2,1.2.2. Red por at à mulher no parto,2013,2,menores de 1 ano
2.2,1.2.2. Red por at à mulher no parto,2014,2,menores de 1 ano
2.2,1.2.2. Red por at à mulher no parto,2015,4,menores de 1 ano
2.2,1.2.2. Red por at à mulher no parto,2016,2,menores de 1 ano
2.2,1.2.2. Red por at à mulher no parto,2017,2,menores de 1 ano
2.2,1.2.2. Red por at à mulher no parto,2018,2,menores de 1 ano
2.2,1.2.2. Red por at à mulher no parto,2019,3,menores de 1 ano
2.2,1.2.2. Red por at à mulher no parto,2020,2,menores de 1 ano
2.2,1.2.2. Red por at à mulher no parto,2021,2,menores de 1 ano
2.2,1.2.2. Red por at à mulher no parto,2022,2,menores de 1 ano
2.2,1.2.2. Red por at à mulher no parto,2023,6,menores de 1 ano
2.2,1.2.2. Red por at à mulher no parto,2024,0,menores de 1 ano
2.2,1.2.2. Red por at à mulher no parto,2025,3,menores de 1 ano
2.2,1.2.3. Red por at ao recém-nascido,2006,4,menores de 1 ano
2.2,1.2.3. Red por at ao recém-nascido,2007,8,menores de 1 ano
2.2,1.2.3. Red por at ao recém-nascido,2008,4,menores de 1 ano
2.2,1.2.3. Red por at ao recém-nascido,2009,6,menores de 1 ano
2.2,1.2.3. Red por at ao recém-nascido,2010,2,menores de 1 ano
2.2,1.2.3. Red por at ao recém-nascido,2011,1,menores de 1 ano
2.2,1.2.3. Red por at ao recém-nascido,2012,1,menores de 1 ano
2.2,1.2.3. Red por at ao recém-nascido,2013,1,menores de 1 ano
2.2,1.2.3. Red por at ao recém-nascido,2014,1,menores de 1 ano
2.2,1.2.3. Red por at ao recém-nascido,2015,1,menores de 1 ano
2.2,1.2.3. Red por at ao recém-nascido,2016,2,menores de 1 ano
2.2,1.2.3. Red por at ao recém-nascido,2017,5,menores de 1 ano
2.2,1.2.3. Red por at ao recém-nascido,2018,3,menores de 1 ano
2.2,1.2.3. Red por at ao recém-nascido,2019,4,menores de 1 ano
2.2,1.2.3. Red por at ao recém-nascido,2020,4,menores de 1 ano
2.2,1.2.3. Red por at ao recém-nascido,2021,2,menores de 1 ano
2.2,1.2.3. Red por at ao recém-nascido,2022,1,menores de 1 ano
2.2,1.2.3. Red por at ao recém-nascido,2023,2,menores de 1 ano
2.2,1.2.3. Red por at ao recém-nascido,2024,1,menores de 1 ano
2.2,1.2.3. Red por at ao recém-nascido,2025,2,menores de 1 ano
2.2,1.3. Red por ações de diag e trat adequado,2006,2,menores de 1 ano
2.2,1.3. Red por ações de diag e trat adequado,2007,7,menores de 1 ano
2.2,1.3. Red por ações de diag e trat adequado,2008,4,menores de 1 ano
2.2,1.3. Red por ações de diag e trat adequado,2009,4,menores de 1 ano
2.2,1.3. Red por ações de diag e trat adequado,2010,2,menores de 1 ano
2.2,1.3. Red por ações de diag e trat adequado,2011,1,menores de 1 ano
2.2,1.3. Red por ações de diag e trat adequado,2012,2,menores de 1 ano
2.2,1.3. Red por ações de diag e trat adequado,2013,1,menores de 1 ano
2.2,1.3. Red por ações de diag e trat adequado,2014,0,menores de 1 ano
2.2,1.3. Red por ações de diag e trat adequado,2015,3,menores de 1 ano
2.2,1.3. Red por ações de diag e trat adequado,2016,4,menores de 1 ano
2.2,1.3. Red por ações de diag e trat adequado,2017,0,menores de 1 ano
2.2,1.3. Red por ações de diag e trat adequado,2018,1,menores de 1 ano
2.2,1.3. Red por ações de diag e trat adequado,2019,2,menores de 1 ano
2.2,1.3. Red por ações de diag e trat adequado,2020,1,menores de 1 ano
2.2,1.3. Red por ações de diag e trat adequado,2021,2,menores de 1 ano
2.2,1.3. Red por ações de diag e trat adequado,2022,1,menores de 1 ano
2.2,1.3. Red por ações de diag e trat adequado,2023,1,menores de 1 ano
2.2,1.3. Red por ações de diag e trat adequado,2024,2,menores de 1 ano
2.2,1.3. Red por ações de diag e trat adequado,2025,0,menores de 1 ano
2.2,1.4. Red por ações promoção vinc a atenção,2006,1,menores de 1 ano
2.2,1.4. Red por ações promoção vinc a atenção,2007,3,menores de 1 ano
2.2,1.4. Red por ações promoção vinc a atenção,2008,2,menores de 1 ano
2.2,1.4. Red por ações promoção vinc a atenção,2009,2,menores de 1 ano
2.2,1.4. Red por ações promoção vinc a atenção,2010,1,menores de 1 ano
2.2,1.4. Red por ações promoção vinc a atenção,2011,3,menores de 1 ano
2.2,1.4. Red por ações promoção vinc a atenção,2012,1,menores de 1 ano
2.2,1.4. Red por ações promoção vinc a atenção,2013,3,menores de 1 ano
2.2,1.4. Red por ações promoção vinc a atenção,2014,1,menores de 1 ano
2.2,1.4. Red por ações promoção vinc a atenção,2015,1,menores de 1 ano
2.2,1.4. Red por ações promoção vinc a atenção,2016,2,menores de 1 ano
2.2,1.4. Red por ações promoção vinc a atenção,2017,1,menores de 1 ano
2.2,1.4. Red por ações promoção vinc a atenção,2018,1,menores de 1 ano
2.2,1.4. Red por ações promoção vinc a atenção,2019,0,menores de 1 ano
2.2,1.4. Red por ações promoção vinc a atenção,2020,1,menores de 1 ano
2.2,1.4. Red por ações promoção vinc a atenção,2021,3,menores de 1 ano
2.2,1.4. Red por ações promoção vinc a atenção,2022,4,menores de 1 ano
2.2,1.4. Red por ações promoção vinc a atenção,2023,1,menores de 1 ano
2.2,1.4. Red por ações promoção vinc a atenção,2024,1,menores de 1 ano
2.2,1.4. Red por ações promoção vinc a atenção,2025,1,menores de 1 ano
2.2,2. Causas mal definidas,2006,2,menores de 1 ano
2.2,2. Causas mal definidas,2007,3,menores de 1 ano
2.2,2. Causas mal definidas,2008,1,menores de 1 ano
2.2,2. Causas mal definidas,2009,1,menores de 1 ano
2.2,2. Causas mal definidas,2010,1,menores de 1 ano
2.2,2. Causas mal definidas,2011,1,menores de 1 ano
2.2,2. Causas mal definidas,2012,0,menores de 1 ano
2.2,2. Causas mal definidas,2013,1,menores de 1 ano
2.2,2. Causas mal definidas,2014,1,menores de 1 ano
2.2,2. Causas mal definidas,2015,1,menores de 1 ano
2.2,2. Causas mal definidas,2016,1,menores de 1 ano
2.2,2. Causas mal definidas,2017,1,menores de 1 ano
2.2,2. Causas mal definidas,2018,1,menores de 1 ano
2.2,2. Causas mal definidas,2019,1,menores de 1 ano
2.2,2. Causas mal definidas,2020,1,menores de 1 ano
2.2,2. Causas mal definidas,2021,0,menores de 1 ano
2.2,2. Causas mal definidas,2022,1,menores de 1 ano
2.2,2. Causas mal definidas,2023,0,menores de 1 ano
2.2,2. Causas mal definidas,2024,0,menores de 1 ano
2.2,2. Causas mal definidas,2025,0,menores de 1 ano
2.2,3. Demais causas (não claramente evitáveis),2006,7,menores de 1 ano
2.2,3. Demais causas (não claramente evitáveis),2007,10,menores de 1 ano
2.2,3. Demais causas (não claramente evitáveis),2008,13,menores de 1 ano
2.2,3. Demais causas (não claramente evitáveis),2009,14,menores de 1 ano
2.2,3. Demais causas (não claramente evitáveis),2010,10,menores de 1 ano
2.2,3. Demais causas (não claramente evitáveis),2011,16,menores de 1 ano
2.2,3. Demais causas (não claramente evitáveis),2012,12,menores de 1 ano
2.2,3. Demais causas (não claramente evitáveis),2013,11,menores de 1 ano
2.2,3. Demais causas (não claramente evitáveis),2014,8,menores de 1 ano
2.2,3. Demais causas (não claramente evitáveis),2015,12,menores de 1 ano
2.2,3. Demais causas (não claramente evitáveis),2016,9,menores de 1 ano
2.2,3. Demais causas (não claramente evitáveis),2017,11,menores de 1 ano
2.2,3. Demais causas (não claramente evitáveis),2018,15,menores de 1 ano
2.2,3. Demais causas (não claramente evitáveis),2019,5,menores de 1 ano
2.2,3. Demais causas (não claramente evitáveis),2020,9,menores de 1 ano
2.2,3. Demais causas (não claramente evitáveis),2021,8,menores de 1 ano
2.2,3. Demais causas (não claramente evitáveis),2022,5,menores de 1 ano
2.2,3. Demais causas (não claramente evitáveis),2023,5,menores de 1 ano
2.2,3. Demais causas (não claramente evitáveis),2024,6,menores de 1 ano
2.2,3. Demais causas (não claramente evitáveis),2025,5,menores de 1 ano
3.1,1.1. Reduzível pelas ações de imunização,2006,0,menores de 1 ano
3.1,1.1. Reduzível pelas ações de imunização,2007,1,menores de 1 ano
3.1,1.1. Reduzível pelas ações de imunização,2008,1,menores de 1 ano
3.1,1.1. Reduzível pelas ações de imunização,2009,0,menores de 1 ano
3.1,1.1. Reduzível pelas ações de imunização,2010,1,menores de 1 ano
3.1,1.1. Reduzível pelas ações de imunização,2011,2,menores de 1 ano
3.1,1.1. Reduzível pelas ações de imunização,2012,0,menores de 1 ano
3.1,1.1. Reduzível pelas ações de imunização,2013,0,menores de 1 ano
3.1,1.1. Reduzível pelas ações de imunização,2014,2,menores de 1 ano
3.1,1.1. Reduzível pelas ações de imunização,2015,1,menores de 1 ano
3.1,1.1. Reduzível pelas ações de imunização,2016,0,menores de 1 ano
3.1,1.1. Reduzível pelas ações de imunização,2017,0,menores de 1 ano
3.1,1.1. Reduzível pelas ações de imunização,2018,0,menores de 1 ano
3.1,1.1. Reduzível pelas ações de imunização,2019,0,menores de 1 ano
3.1,1.1. Reduzível pelas ações de imunização,2020,1,menores de 1 ano
3.1,1.1. Reduzível pelas ações de imunização,2021,0,menores de 1 ano
3.1,1.1. Reduzível pelas ações de imunização,2022,0,menores de 1 ano
3.1,1.1. Reduzível pelas ações de imunização,2023,0,menores de 1 ano
3.1,1.1. Reduzível pelas ações de imunização,2024,0,menores de 1 ano
3.1,1.1. Reduzível pelas ações de imunização,2025,0,menores de 1 ano
3.1,1.2.1. Red por at à mulher na gestação,2006,35,menores de 1 ano
3.1,1.2.1. Red por at à mulher na gestação,2007,39,menores de 1 ano
3.1,1.2.1. Red por at à mulher na gestação,2008,46,menores de 1 ano
3.1,1.2.1. Red por at à mulher na gestação,2009,51,menores de 1 ano
3.1,1.2.1. Red por at à mulher na gestação,2010,47,menores de 1 ano
3.1,1.2.1. Red por at à mulher na gestação,2011,38,menores de 1 ano
3.1,1.2.1. Red por at à mulher na gestação,2012,49,menores de 1 ano
3.1,1.2.1. Red por at à mulher na gestação,2013,58,menores de 1 ano
3.1,1.2.1. Red por at à mulher na gestação,2014,39,menores de 1 ano
3.1,1.2.1. Red por at à mulher na gestação,2015,67,menores de 1 ano
3.1,1.2.1. Red por at à mulher na gestação,2016,68,menores de 1 ano
3.1,1.2.1. Red por at à mulher na gestação,2017,44,menores de 1 ano
3.1,1.2.1. Red por at à mulher na gestação,2018,56,menores de 1 ano
3.1,1.2.1. Red por at à mulher na gestação,2019,40,menores de 1 ano
3.1,1.2.1. Red por at à mulher na gestação,2020,51,menores de 1 ano
3.1,1.2.1. Red por at à mulher na gestação,2021,22,menores de 1 ano
3.1,1.2.1. Red por at à mulher na gestação,2022,32,menores de 1 ano
3.1,1.2.1. Red por at à mulher na gestação,2023,38,menores de 1 ano
3.1,1.2.1. Red por at à mulher na gestação,2024,33,menores de 1 ano
3.1,1.2.1. Red por at à mulher na gestação,2025,28,menores de 1 ano
3.1,1.2.2. Red por at à mulher no parto,2006,12,menores de 1 ano
3.1,1.2.2. Red por at à mulher no parto,2007,13,menores de 1 ano
3.1,1.2.2. Red por at à mulher no parto,2008,16,menores de 1 ano
3.1,1.2.2. Red por at à mulher no parto,2009,15,menores de 1 ano
3.1,1.2.2. Red por at à mulher no parto,2010,7,menores de 1 ano
3.1,1.2.2. Red por at à mulher no parto,2011,13,menores de 1 ano
3.1,1.2.2. Red por at à mulher no parto,2012,9,menores de 1 ano
3.1,1.2.2. Red por at à mulher no parto,2013,17,menores de 1 ano
3.1,1.2.2. Red por at à mulher no parto,2014,9,menores de 1 ano
3.1,1.2.2. Red por at à mulher no parto,2015,16,menores de 1 ano
3.1,1.2.2. Red por at à mulher no parto,2016,13,menores de 1 ano
3.1,1.2.2. Red por at à mulher no parto,2017,15,menores de 1 ano
3.1,1.2.2. Red por at à mulher no parto,2018,9,menores de 1 ano
3.1,1.2.2. Red por at à mulher no parto,2019,18,menores de 1 ano
3.1,1.2.2. Red por at à mulher no parto,2020,15,menores de 1 ano
3.1,1.2.2. Red por at à mulher no parto,2021,12,menores de 1 ano
3.1,1.2.2. Red por at à mulher no parto,2022,12,menores de 1 ano
3.1,1.2.2. Red por at à mulher no parto,2023,8,menores de 1 ano
3.1,1.2.2. Red por at à mulher no parto,2024,10,menores de 1 ano
3.1,1.2.2. Red por at à mulher no parto,2025,8,menores de 1 ano
3.1,1.2.3. Red por at ao recém-nascido,2006,26,menores de 1 ano
3.1,1.2.3. Red por at ao recém-nascido,2007,23,menores de 1 ano
3.1,1.2.3. Red por at ao recém-nascido,2008,22,menores de 1 ano
3.1,1.2.3. Red por at ao recém-nascido,2009,24,menores de 1 ano
3.1,1.2.3. Red por at ao recém-nascido,2010,13,menores de 1 ano
3.1,1.2.3. Red por at ao recém-nascido,2011,9,menores de 1 ano
3.1,1.2.3. Red por at ao recém-nascido,2012,7,menores de 1 ano
3.1,1.2.3. Red por at ao recém-nascido,2013,14,menores de 1 ano
3.1,1.2.3. Red por at ao recém-nascido,2014,16,menores de 1 ano
3.1,1.2.3. Red por at ao recém-nascido,2015,16,menores de 1 ano
3.1,1.2.3. Red por at ao recém-nascido,2016,17,menores de 1 ano
3.1,1.2.3. Red por at ao recém-nascido,2017,15,menores de 1 ano
3.1,1.2.3. Red por at ao recém-nascido,2018,8,menores de 1 ano
3.1,1.2.3. Red por at ao recém-nascido,2019,13,menores de 1 ano
3.1,1.2.3. Red por at ao recém-nascido,2020,9,menores de 1 ano
3.1,1.2.3. Red por at ao recém-nascido,2021,17,menores de 1 ano
3.1,1.2.3. Red por at ao recém-nascido,2022,18,menores de 1 ano
3.1,1.2.3. Red por at ao recém-nascido,2023,14,menores de 1 ano
3.1,1.2.3. Red por at ao recém-nascido,2024,7,menores de 1 ano
3.1,1.2.3. Red por at ao recém-nascido,2025,8,menores de 1 ano
3.1,1.3. Red por ações de diag e trat adequado,2006,14,menores de 1 ano
3.1,1.3. Red por ações de diag e trat adequado,2007,26,menores de 1 ano
3.1,1.3. Red por ações de diag e trat adequado,2008,9,menores de 1 ano
3.1,1.3. Red por ações de diag e trat adequado,2009,13,menores de 1 ano
3.1,1.3. Red por ações de diag e trat adequado,2010,12,menores de 1 ano
3.1,1.3. Red por ações de diag e trat adequado,2011,14,menores de 1 ano
3.1,1.3. Red por ações de diag e trat adequado,2012,18,menores de 1 ano
3.1,1.3. Red por ações de diag e trat adequado,2013,21,menores de 1 ano
3.1,1.3. Red por ações de diag e trat adequado,2014,11,menores de 1 ano
3.1,1.3. Red por ações de diag e trat adequado,2015,7,menores de 1 ano
3.1,1.3. Red por ações de diag e trat adequado,2016,14,menores de 1 ano
3.1,1.3. Red por ações de diag e trat adequado,2017,14,menores de 1 ano
3.1,1.3. Red por ações de diag e trat adequado,2018,15,menores de 1 ano
3.1,1.3. Red por ações de diag e trat adequado,2019,13,menores de 1 ano
3.1,1.3. Red por ações de diag e trat adequado,2020,4,menores de 1 ano
3.1,1.3. Red por ações de diag e trat adequado,2021,7,menores de 1 ano
3.1,1.3. Red por ações de diag e trat adequado,2022,6,menores de 1 ano
3.1,1.3. Red por ações de diag e trat adequado,2023,14,menores de 1 ano
3.1,1.3. Red por ações de diag e trat adequado,2024,13,menores de 1 ano
3.1,1.3. Red por ações de diag e trat adequado,2025,10,menores de 1 ano
3.1,1.4. Red por ações promoção vinc a atenção,2006,6,menores de 1 ano
3.1,1.4. Red por ações promoção vinc a atenção,2007,9,menores de 1 ano
3.1,1.4. Red por ações promoção vinc a atenção,2008,13,menores de 1 ano
3.1,1.4. Red por ações promoção vinc a atenção,2009,8,menores de 1 ano
3.1,1.4. Red por ações promoção vinc a atenção,2010,9,menores de 1 ano
3.1,1.4. Red por ações promoção vinc a atenção,2011,12,menores de 1 ano
3.1,1.4. Red por ações promoção vinc a atenção,2012,14,menores de 1 ano
3.1,1.4. Red por ações promoção vinc a atenção,2013,8,menores de 1 ano
3.1,1.4. Red por ações promoção vinc a atenção,2014,7,menores de 1 ano
3.1,1.4. Red por ações promoção vinc a atenção,2015,7,menores de 1 ano
3.1,1.4. Red por ações promoção vinc a atenção,2016,12,menores de 1 ano
3.1,1.4. Red por ações promoção vinc a atenção,2017,11,menores de 1 ano
3.1,1.4. Red por ações promoção vinc a atenção,2018,11,menores de 1 ano
3.1,1.4. Red por ações promoção vinc a atenção,2019,7,menores de 1 ano
3.1,1.4. Red por ações promoção vinc a atenção,2020,11,menores de 1 ano
3.1,1.4. Red por ações promoção vinc a atenção,2021,11,menores de 1 ano
3.1,1.4. Red por ações promoção vinc a atenção,2022,6,menores de 1 ano
3.1,1.4. Red por ações promoção vinc a atenção,2023,15,menores de 1 ano
3.1,1.4. Red por ações promoção vinc a atenção,2024,16,menores de 1 ano
3.1,1.4. Red por ações promoção vinc a atenção,2025,10,menores de 1 ano
3.1,2. Causas mal definidas,2006,9,menores de 1 ano
3.1,2. Causas mal definidas,2007,7,menores de 1 ano
3.1,2. Causas mal definidas,2008,6,menores de 1 ano
3.1,2. Causas mal definidas,2009,6,menores de 1 ano
3.1,2. Causas mal definidas,2010,13,menores de 1 ano
3.1,2. Causas mal definidas,2011,9,menores de 1 ano
3.1,2. Causas mal definidas,2012,13,menores de 1 ano
3.1,2. Causas mal definidas,2013,8,menores de 1 ano
3.1,2. Causas mal definidas,2014,7,menores de 1 ano
3.1,2. Causas mal definidas,2015,6,menores de 1 ano
3.1,2. Causas mal definidas,2016,5,menores de 1 ano
3.1,2. Causas mal definidas,2017,5,menores de 1 ano
3.1,2. Causas mal definidas,2018,8,menores de 1 ano
3.1,2. Causas mal definidas,2019,4,menores de 1 ano
3.1,2. Causas mal definidas,2020,5,menores de 1 ano
3.1,2. Causas mal definidas,2021,2,menores de 1 ano
3.1,2. Causas mal definidas,2022,3,menores de 1 ano
3.1,2. Causas mal definidas,2023,3,menores de 1 ano
3.1,2. Causas mal definidas,2024,3,menores de 1 ano
3.1,2. Causas mal definidas,2025,3,menores de 1 ano
3.1,3. Demais causas (não claramente evitáveis),2006,32,menores de 1 ano
3.1,3. Demais causas (não claramente evitáveis),2007,37,menores de 1 ano
3.1,3. Demais causas (não claramente evitáveis),2008,52,menores de 1 ano
3.1,3. Demais causas (não claramente evitáveis),2009,41,menores de 1 ano
3.1,3. Demais causas (não claramente evitáveis),2010,31,menores de 1 ano
3.1,3. Demais causas (não claramente evitáveis),2011,45,menores de 1 ano
3.1,3. Demais causas (não claramente evitáveis),2012,45,menores de 1 ano
3.1,3. Demais causas (não claramente evitáveis),2013,39,menores de 1 ano
3.1,3. Demais causas (não claramente evitáveis),2014,46,menores de 1 ano
3.1,3. Demais causas (não claramente evitáveis),2015,37,menores de 1 ano
3.1,3. Demais causas (não claramente evitáveis),2016,39,menores de 1 ano
3.1,3. Demais causas (não claramente evitáveis),2017,33,menores de 1 ano
3.1,3. Demais causas (não claramente evitáveis),2018,36,menores de 1 ano
3.1,3. Demais causas (não claramente evitáveis),2019,36,menores de 1 ano
3.1,3. Demais causas (não claramente evitáveis),2020,38,menores de 1 ano
3.1,3. Demais causas (não claramente evitáveis),2021,26,menores de 1 ano
3.1,3. Demais causas (não claramente evitáveis),2022,41,menores de 1 ano
3.1,3. Demais causas (não claramente evitáveis),2023,36,menores de 1 ano
3.1,3. Demais causas (não claramente evitáveis),2024,31,menores de 1 ano
3.1,3. Demais causas (não claramente evitáveis),2025,30,menores de 1 ano
3.2,1.1. Reduzível pelas ações de imunização,2006,0,menores de 1 ano
3.2,1.1. Reduzível pelas ações de imunização,2007,0,menores de 1 ano
3.2,1.1. Reduzível pelas ações de imunização,2008,1,menores de 1 ano
3.2,1.1. Reduzível pelas ações de imunização,2009,0,menores de 1 ano
3.2,1.1. Reduzível pelas ações de imunização,2010,1,menores de 1 ano
3.2,1.1. Reduzível pelas ações de imunização,2011,0,menores de 1 ano
3.2,1.1. Reduzível pelas ações de imunização,2012,0,menores de 1 ano
3.2,1.1. Reduzível pelas ações de imunização,2013,0,menores de 1 ano
3.2,1.1. Reduzível pelas ações de imunização,2014,0,menores de 1 ano
3.2,1.1. Reduzível pelas ações de imunização,2015,0,menores de 1 ano
3.2,1.1. Reduzível pelas ações de imunização,2016,1,menores de 1 ano
3.2,1.1. Reduzível pelas ações de imunização,2017,0,menores de 1 ano
3.2,1.1. Reduzível pelas ações de imunização,2018,0,menores de 1 ano
3.2,1.1. Reduzível pelas ações de imunização,2019,0,menores de 1 ano
3.2,1.1. Reduzível pelas ações de imunização,2020,0,menores de 1 ano
3.2,1.1. Reduzível pelas ações de imunização,2021,0,menores de 1 ano
3.2,1.1. Reduzível pelas ações de imunização,2022,0,menores de 1 ano
3.2,1.1. Reduzível pelas ações de imunização,2023,0,menores de 1 ano
3.2,1.1. Reduzível pelas ações de imunização,2024,0,menores de 1 ano
3.2,1.1. Reduzível pelas ações de imunização,2025,0,menores de 1 ano
3.2,1.2.1. Red por at à mulher na gestação,2006,26,menores de 1 ano
3.2,1.2.1. Red por at à mulher na gestação,2007,24,menores de 1 ano
3.2,1.2.1. Red por at à mulher na gestação,2008,19,menores de 1 ano
3.2,1.2.1. Red por at à mulher na gestação,2009,30,menores de 1 ano
3.2,1.2.1. Red por at à mulher na gestação,2010,25,menores de 1 ano
3.2,1.2.1. Red por at à mulher na gestação,2011,25,menores de 1 ano
3.2,1.2.1. Red por at à mulher na gestação,2012,28,menores de 1 ano
3.2,1.2.1. Red por at à mulher na gestação,2013,27,menores de 1 ano
3.2,1.2.1. Red por at à mulher na gestação,2014,24,menores de 1 ano
3.2,1.2.1. Red por at à mulher na gestação,2015,25,menores de 1 ano
3.2,1.2.1. Red por at à mulher na gestação,2016,21,menores de 1 ano
3.2,1.2.1. Red por at à mulher na gestação,2017,19,menores de 1 ano
3.2,1.2.1. Red por at à mulher na gestação,2018,20,menores de 1 ano
3.2,1.2.1. Red por at à mulher na gestação,2019,22,menores de 1 ano
3.2,1.2.1. Red por at à mulher na gestação,2020,18,menores de 1 ano
3.2,1.2.1. Red por at à mulher na gestação,2021,17,menores de 1 ano
3.2,1.2.1. Red por at à mulher na gestação,2022,12,menores de 1 ano
3.2,1.2.1. Red por at à mulher na gestação,2023,14,menores de 1 ano
3.2,1.2.1. Red por at à mulher na gestação,2024,20,menores de 1 ano
3.2,1.2.1. Red por at à mulher na gestação,2025,24,menores de 1 ano
3.2,1.2.2. Red por at à mulher no parto,2006,6,menores de 1 ano
3.2,1.2.2. Red por at à mulher no parto,2007,13,menores de 1 ano
3.2,1.2.2. Red por at à mulher no parto,2008,9,menores de 1 ano
3.2,1.2.2. Red por at à mulher no parto,2009,10,menores de 1 ano
3.2,1.2.2. Red por at à mulher no parto,2010,6,menores de 1 ano
3.2,1.2.2. Red por at à mulher no parto,2011,5,menores de 1 ano
3.2,1.2.2. Red por at à mulher no parto,2012,4,menores de 1 ano
3.2,1.2.2. Red por at à mulher no parto,2013,8,menores de 1 ano
3.2,1.2.2. Red por at à mulher no parto,2014,6,menores de 1 ano
3.2,1.2.2. Red por at à mulher no parto,2015,5,menores de 1 ano
3.2,1.2.2. Red por at à mulher no parto,2016,6,menores de 1 ano
3.2,1.2.2. Red por at à mulher no parto,2017,9,menores de 1 ano
3.2,1.2.2. Red por at à mulher no parto,2018,9,menores de 1 ano
3.2,1.2.2. Red por at à mulher no parto,2019,7,menores de 1 ano
3.2,1.2.2. Red por at à mulher no parto,2020,7,menores de 1 ano
3.2,1.2.2. Red por at à mulher no parto,2021,11,menores de 1 ano
3.2,1.2.2. Red por at à mulher no parto,2022,6,menores de 1 ano
3.2,1.2.2. Red por at à mulher no parto,2023,5,menores de 1 ano
3.2,1.2.2. Red por at à mulher no parto,2024,4,menores de 1 ano
3.2,1.2.2. Red por at à mulher no parto,2025,6,menores de 1 ano
3.2,1.2.3. Red por at ao recém-nascido,2006,13,menores de 1 ano
3.2,1.2.3. Red por at ao recém-nascido,2007,9,menores de 1 ano
3.2,1.2.3. Red por at ao recém-nascido,2008,16,menores de 1 ano
3.2,1.2.3. Red por at ao recém-nascido,2009,13,menores de 1 ano
3.2,1.2.3. Red por at ao recém-nascido,2010,12,menores de 1 ano
3.2,1.2.3. Red por at ao recém-nascido,2011,13,menores de 1 ano
3.2,1.2.3. Red por at ao recém-nascido,2012,9,menores de 1 ano
3.2,1.2.3. Red por at ao recém-nascido,2013,6,menores de 1 ano
3.2,1.2.3. Red por at ao recém-nascido,2014,8,menores de 1 ano
3.2,1.2.3. Red por at ao recém-nascido,2015,11,menores de 1 ano
3.2,1.2.3. Red por at ao recém-nascido,2016,12,menores de 1 ano
3.2,1.2.3. Red por at ao recém-nascido,2017,11,menores de 1 ano
3.2,1.2.3. Red por at ao recém-nascido,2018,5,menores de 1 ano
3.2,1.2.3. Red por at ao recém-nascido,2019,7,menores de 1 ano
3.2,1.2.3. Red por at ao recém-nascido,2020,9,menores de 1 ano
3.2,1.2.3. Red por at ao recém-nascido,2021,9,menores de 1 ano
3.2,1.2.3. Red por at ao recém-nascido,2022,9,menores de 1 ano
3.2,1.2.3. Red por at ao recém-nascido,2023,13,menores de 1 ano
3.2,1.2.3. Red por at ao recém-nascido,2024,4,menores de 1 ano
3.2,1.2.3. Red por at ao recém-nascido,2025,2,menores de 1 ano
3.2,1.3. Red por ações de diag e trat adequado,2006,12,menores de 1 ano
3.2,1.3. Red por ações de diag e trat adequado,2007,10,menores de 1 ano
3.2,1.3. Red por ações de diag e trat adequado,2008,12,menores de 1 ano
3.2,1.3. Red por ações de diag e trat adequado,2009,7,menores de 1 ano
3.2,1.3. Red por ações de diag e trat adequado,2010,7,menores de 1 ano
3.2,1.3. Red por ações de diag e trat adequado,2011,5,menores de 1 ano
3.2,1.3. Red por ações de diag e trat adequado,2012,4,menores de 1 ano
3.2,1.3. Red por ações de diag e trat adequado,2013,10,menores de 1 ano
3.2,1.3. Red por ações de diag e trat adequado,2014,6,menores de 1 ano
3.2,1.3. Red por ações de diag e trat adequado,2015,8,menores de 1 ano
3.2,1.3. Red por ações de diag e trat adequado,2016,10,menores de 1 ano
3.2,1.3. Red por ações de diag e trat adequado,2017,7,menores de 1 ano
3.2,1.3. Red por ações de diag e trat adequado,2018,4,menores de 1 ano
3.2,1.3. Red por ações de diag e trat adequado,2019,3,menores de 1 ano
3.2,1.3. Red por ações de diag e trat adequado,2020,4,menores de 1 ano
3.2,1.3. Red por ações de diag e trat adequado,2021,4,menores de 1 ano
3.2,1.3. Red por ações de diag e trat adequado,2022,5,menores de 1 ano
3.2,1.3. Red por ações de diag e trat adequado,2023,3,menores de 1 ano
3.2,1.3. Red por ações de diag e trat adequado,2024,0,menores de 1 ano
3.2,1.3. Red por ações de diag e trat adequado,2025,0,menores de 1 ano
3.2,1.4. Red por ações promoção vinc a atenção,2006,11,menores de 1 ano
3.2,1.4. Red por ações promoção vinc a atenção,2007,8,menores de 1 ano
3.2,1.4. Red por ações promoção vinc a atenção,2008,5,menores de 1 ano
3.2,1.4. Red por ações promoção vinc a atenção,2009,8,menores de 1 ano
3.2,1.4. Red por ações promoção vinc a atenção,2010,5,menores de 1 ano
3.2,1.4. Red por ações promoção vinc a atenção,2011,7,menores de 1 ano
3.2,1.4. Red por ações promoção vinc a atenção,2012,8,menores de 1 ano
3.2,1.4. Red por ações promoção vinc a atenção,2013,2,menores de 1 ano
3.2,1.4. Red por ações promoção vinc a atenção,2014,5,menores de 1 ano
3.2,1.4. Red por ações promoção vinc a atenção,2015,3,menores de 1 ano
3.2,1.4. Red por ações promoção vinc a atenção,2016,7,menores de 1 ano
3.2,1.4. Red por ações promoção vinc a atenção,2017,1,menores de 1 ano
3.2,1.4. Red por ações promoção vinc a atenção,2018,3,menores de 1 ano
3.2,1.4. Red por ações promoção vinc a atenção,2019,3,menores de 1 ano
3.2,1.4. Red por ações promoção vinc a atenção,2020,1,menores de 1 ano
3.2,1.4. Red por ações promoção vinc a atenção,2021,4,menores de 1 ano
3.2,1.4. Red por ações promoção vinc a atenção,2022,4,menores de 1 ano
3.2,1.4. Red por ações promoção vinc a atenção,2023,2,menores de 1 ano
3.2,1.4. Red por ações promoção vinc a atenção,2024,4,menores de 1 ano
3.2,1.4. Red por ações promoção vinc a atenção,2025,2,menores de 1 ano
3.2,2. Causas mal definidas,2006,3,menores de 1 ano
3.2,2. Causas mal definidas,2007,7,menores de 1 ano
3.2,2. Causas mal definidas,2008,5,menores de 1 ano
3.2,2. Causas mal definidas,2009,4,menores de 1 ano
3.2,2. Causas mal definidas,2010,4,menores de 1 ano
3.2,2. Causas mal definidas,2011,3,menores de 1 ano
3.2,2. Causas mal definidas,2012,4,menores de 1 ano
3.2,2. Causas mal definidas,2013,4,menores de 1 ano
3.2,2. Causas mal definidas,2014,7,menores de 1 ano
3.2,2. Causas mal definidas,2015,1,menores de 1 ano
3.2,2. Causas mal definidas,2016,2,menores de 1 ano
3.2,2. Causas mal definidas,2017,3,menores de 1 ano
3.2,2. Causas mal definidas,2018,4,menores de 1 ano
3.2,2. Causas mal definidas,2019,3,menores de 1 ano
3.2,2. Causas mal definidas,2020,0,menores de 1 ano
3.2,2. Causas mal definidas,2021,0,menores de 1 ano
3.2,2. Causas mal definidas,2022,0,menores de 1 ano
3.2,2. Causas mal definidas,2023,1,menores de 1 ano
3.2,2. Causas mal definidas,2024,0,menores de 1 ano
3.2,2. Causas mal definidas,2025,0,menores de 1 ano
3.2,3. Demais causas (não claramente evitáveis),2006,22,menores de 1 ano
3.2,3. Demais causas (não claramente evitáveis),2007,27,menores de 1 ano
3.2,3. Demais causas (não claramente evitáveis),2008,20,menores de 1 ano
3.2,3. Demais causas (não claramente evitáveis),2009,34,menores de 1 ano
3.2,3. Demais causas (não claramente evitáveis),2010,26,menores de 1 ano
3.2,3. Demais causas (não claramente evitáveis),2011,30,menores de 1 ano
3.2,3. Demais causas (não claramente evitáveis),2012,25,menores de 1 ano
3.2,3. Demais causas (não claramente evitáveis),2013,28,menores de 1 ano
3.2,3. Demais causas (não claramente evitáveis),2014,24,menores de 1 ano
3.2,3. Demais causas (não claramente evitáveis),2015,33,menores de 1 ano
3.2,3. Demais causas (não claramente evitáveis),2016,19,menores de 1 ano
3.2,3. Demais causas (não claramente evitáveis),2017,26,menores de 1 ano
3.2,3. Demais causas (não claramente evitáveis),2018,19,menores de 1 ano
3.2,3. Demais causas (não claramente evitáveis),2019,21,menores de 1 ano
3.2,3. Demais causas (não claramente evitáveis),2020,18,menores de 1 ano
3.2,3. Demais causas (não claramente evitáveis),2021,14,menores de 1 ano
3.2,3. Demais causas (não claramente evitáveis),2022,14,menores de 1 ano
3.2,3. Demais causas (não claramente evitáveis),2023,17,menores de 1 ano
3.2,3. Demais causas (não claramente evitáveis),2024,21,menores de 1 ano
3.2,3. Demais causas (não claramente evitáveis),2025,18,menores de 1 ano
3.3,1.1. Reduzível pelas ações de imunização,2006,1,menores de 1 ano
3.3,1.1. Reduzível pelas ações de imunização,2007,0,menores de 1 ano
3.3,1.1. Reduzível pelas ações de imunização,2008,0,menores de 1 ano
3.3,1.1. Reduzível pelas ações de imunização,2009,0,menores de 1 ano
3.3,1.1. Reduzível pelas ações de imunização,2010,1,menores de 1 ano
3.3,1.1. Reduzível pelas ações de imunização,2011,1,menores de 1 ano
3.3,1.1. Reduzível pelas ações de imunização,2012,0,menores de 1 ano
3.3,1.1. Reduzível pelas ações de imunização,2013,0,menores de 1 ano
3.3,1.1. Reduzível pelas ações de imunização,2014,0,menores de 1 ano
3.3,1.1. Reduzível pelas ações de imunização,2015,1,menores de 1 ano
3.3,1.1. Reduzível pelas ações de imunização,2016,0,menores de 1 ano
3.3,1.1. Reduzível pelas ações de imunização,2017,0,menores de 1 ano
3.3,1.1. Reduzível pelas ações de imunização,2018,0,menores de 1 ano
3.3,1.1. Reduzível pelas ações de imunização,2019,0,menores de 1 ano
3.3,1.1. Reduzível pelas ações de imunização,2020,0,menores de 1 ano
3.3,1.1. Reduzível pelas ações de imunização,2021,0,menores de 1 ano
3.3,1.1. Reduzível pelas ações de imunização,2022,0,menores de 1 ano
3.3,1.1. Reduzível pelas ações de imunização,2023,0,menores de 1 ano
3.3,1.1. Reduzível pelas ações de imunização,2024,0,menores de 1 ano
3.3,1.1. Reduzível pelas ações de imunização,2025,0,menores de 1 ano
3.3,1.2.1. Red por at à mulher na gestação,2006,45,menores de 1 ano
3.3,1.2.1. Red por at à mulher na gestação,2007,50,menores de 1 ano
3.3,1.2.1. Red por at à mulher na gestação,2008,53,menores de 1 ano
3.3,1.2.1. Red por at à mulher na gestação,2009,58,menores de 1 ano
3.3,1.2.1. Red por at à mulher na gestação,2010,56,menores de 1 ano
3.3,1.2.1. Red por at à mulher na gestação,2011,53,menores de 1 ano
3.3,1.2.1. Red por at à mulher na gestação,2012,71,menores de 1 ano
3.3,1.2.1. Red por at à mulher na gestação,2013,84,menores de 1 ano
3.3,1.2.1. Red por at à mulher na gestação,2014,67,menores de 1 ano
3.3,1.2.1. Red por at à mulher na gestação,2015,62,menores de 1 ano
3.3,1.2.1. Red por at à mulher na gestação,2016,45,menores de 1 ano
3.3,1.2.1. Red por at à mulher na gestação,2017,54,menores de 1 ano
3.3,1.2.1. Red por at à mulher na gestação,2018,64,menores de 1 ano
3.3,1.2.1. Red por at à mulher na gestação,2019,57,menores de 1 ano
3.3,1.2.1. Red por at à mulher na gestação,2020,45,menores de 1 ano
3.3,1.2.1. Red por at à mulher na gestação,2021,43,menores de 1 ano
3.3,1.2.1. Red por at à mulher na gestação,2022,29,menores de 1 ano
3.3,1.2.1. Red por at à mulher na gestação,2023,33,menores de 1 ano
3.3,1.2.1. Red por at à mulher na gestação,2024,24,menores de 1 ano
3.3,1.2.1. Red por at à mulher na gestação,2025,39,menores de 1 ano
3.3,1.2.2. Red por at à mulher no parto,2006,10,menores de 1 ano
3.3,1.2.2. Red por at à mulher no parto,2007,20,menores de 1 ano
3.3,1.2.2. Red por at à mulher no parto,2008,17,menores de 1 ano
3.3,1.2.2. Red por at à mulher no parto,2009,17,menores de 1 ano
3.3,1.2.2. Red por at à mulher no parto,2010,14,menores de 1 ano
3.3,1.2.2. Red por at à mulher no parto,2011,13,menores de 1 ano
3.3,1.2.2. Red por at à mulher no parto,2012,15,menores de 1 ano
3.3,1.2.2. Red por at à mulher no parto,2013,8,menores de 1 ano
3.3,1.2.2. Red por at à mulher no parto,2014,5,menores de 1 ano
3.3,1.2.2. Red por at à mulher no parto,2015,21,menores de 1 ano
3.3,1.2.2. Red por at à mulher no parto,2016,8,menores de 1 ano
3.3,1.2.2. Red por at à mulher no parto,2017,13,menores de 1 ano
3.3,1.2.2. Red por at à mulher no parto,2018,24,menores de 1 ano
3.3,1.2.2. Red por at à mulher no parto,2019,12,menores de 1 ano
3.3,1.2.2. Red por at à mulher no parto,2020,7,menores de 1 ano
3.3,1.2.2. Red por at à mulher no parto,2021,9,menores de 1 ano
3.3,1.2.2. Red por at à mulher no parto,2022,13,menores de 1 ano
3.3,1.2.2. Red por at à mulher no parto,2023,17,menores de 1 ano
3.3,1.2.2. Red por at à mulher no parto,2024,6,menores de 1 ano
3.3,1.2.2. Red por at à mulher no parto,2025,10,menores de 1 ano
3.3,1.2.3. Red por at ao recém-nascido,2006,36,menores de 1 ano
3.3,1.2.3. Red por at ao recém-nascido,2007,23,menores de 1 ano
3.3,1.2.3. Red por at ao recém-nascido,2008,25,menores de 1 ano
3.3,1.2.3. Red por at ao recém-nascido,2009,22,menores de 1 ano
3.3,1.2.3. Red por at ao recém-nascido,2010,25,menores de 1 ano
3.3,1.2.3. Red por at ao recém-nascido,2011,19,menores de 1 ano
3.3,1.2.3. Red por at ao recém-nascido,2012,13,menores de 1 ano
3.3,1.2.3. Red por at ao recém-nascido,2013,19,menores de 1 ano
3.3,1.2.3. Red por at ao recém-nascido,2014,23,menores de 1 ano
3.3,1.2.3. Red por at ao recém-nascido,2015,27,menores de 1 ano
3.3,1.2.3. Red por at ao recém-nascido,2016,20,menores de 1 ano
3.3,1.2.3. Red por at ao recém-nascido,2017,19,menores de 1 ano
3.3,1.2.3. Red por at ao recém-nascido,2018,22,menores de 1 ano
3.3,1.2.3. Red por at ao recém-nascido,2019,23,menores de 1 ano
3.3,1.2.3. Red por at ao recém-nascido,2020,18,menores de 1 ano
3.3,1.2.3. Red por at ao recém-nascido,2021,20,menores de 1 ano
3.3,1.2.3. Red por at ao recém-nascido,2022,21,menores de 1 ano
3.3,1.2.3. Red por at ao recém-nascido,2023,14,menores de 1 ano
3.3,1.2.3. Red por at ao recém-nascido,2024,7,menores de 1 ano
3.3,1.2.3. Red por at ao recém-nascido,2025,16,menores de 1 ano
3.3,1.3. Red por ações de diag e trat adequado,2006,22,menores de 1 ano
3.3,1.3. Red por ações de diag e trat adequado,2007,16,menores de 1 ano
3.3,1.3. Red por ações de diag e trat adequado,2008,25,menores de 1 ano
3.3,1.3. Red por ações de diag e trat adequado,2009,19,menores de 1 ano
3.3,1.3. Red por ações de diag e trat adequado,2010,11,menores de 1 ano
3.3,1.3. Red por ações de diag e trat adequado,2011,20,menores de 1 ano
3.3,1.3. Red por ações de diag e trat adequado,2012,17,menores de 1 ano
3.3,1.3. Red por ações de diag e trat adequado,2013,18,menores de 1 ano
3.3,1.3. Red por ações de diag e trat adequado,2014,15,menores de 1 ano
3.3,1.3. Red por ações de diag e trat adequado,2015,14,menores de 1 ano
3.3,1.3. Red por ações de diag e trat adequado,2016,15,menores de 1 ano
3.3,1.3. Red por ações de diag e trat adequado,2017,9,menores de 1 ano
3.3,1.3. Red por ações de diag e trat adequado,2018,13,menores de 1 ano
3.3,1.3. Red por ações de diag e trat adequado,2019,16,menores de 1 ano
3.3,1.3. Red por ações de diag e trat adequado,2020,5,menores de 1 ano
3.3,1.3. Red por ações de diag e trat adequado,2021,14,menores de 1 ano
3.3,1.3. Red por ações de diag e trat adequado,2022,17,menores de 1 ano
3.3,1.3. Red por ações de diag e trat adequado,2023,17,menores de 1 ano
3.3,1.3. Red por ações de diag e trat adequado,2024,11,menores de 1 ano
3.3,1.3. Red por ações de diag e trat adequado,2025,12,menores de 1 ano
3.3,1.4. Red por ações promoção vinc a atenção,2006,6,menores de 1 ano
3.3,1.4. Red por ações promoção vinc a atenção,2007,7,menores de 1 ano
3.3,1.4. Red por ações promoção vinc a atenção,2008,13,menores de 1 ano
3.3,1.4. Red por ações promoção vinc a atenção,2009,8,menores de 1 ano
3.3,1.4. Red por ações promoção vinc a atenção,2010,8,menores de 1 ano
3.3,1.4. Red por ações promoção vinc a atenção,2011,7,menores de 1 ano
3.3,1.4. Red por ações promoção vinc a atenção,2012,6,menores de 1 ano
3.3,1.4. Red por ações promoção vinc a atenção,2013,10,menores de 1 ano
3.3,1.4. Red por ações promoção vinc a atenção,2014,6,menores de 1 ano
3.3,1.4. Red por ações promoção vinc a atenção,2015,10,menores de 1 ano
3.3,1.4. Red por ações promoção vinc a atenção,2016,7,menores de 1 ano
3.3,1.4. Red por ações promoção vinc a atenção,2017,12,menores de 1 ano
3.3,1.4. Red por ações promoção vinc a atenção,2018,12,menores de 1 ano
3.3,1.4. Red por ações promoção vinc a atenção,2019,8,menores de 1 ano
3.3,1.4. Red por ações promoção vinc a atenção,2020,10,menores de 1 ano
3.3,1.4. Red por ações promoção vinc a atenção,2021,15,menores de 1 ano
3.3,1.4. Red por ações promoção vinc a atenção,2022,10,menores de 1 ano
3.3,1.4. Red por ações promoção vinc a atenção,2023,10,menores de 1 ano
3.3,1.4. Red por ações promoção vinc a atenção,2024,7,menores de 1 ano
3.3,1.4. Red por ações promoção vinc a atenção,2025,7,menores de 1 ano
3.3,2. Causas mal definidas,2006,11,menores de 1 ano
3.3,2. Causas mal definidas,2007,10,menores de 1 ano
3.3,2. Causas mal definidas,2008,2,menores de 1 ano
3.3,2. Causas mal definidas,2009,2,menores de 1 ano
3.3,2. Causas mal definidas,2010,13,menores de 1 ano
3.3,2. Causas mal definidas,2011,4,menores de 1 ano
3.3,2. Causas mal definidas,2012,10,menores de 1 ano
3.3,2. Causas mal definidas,2013,8,menores de 1 ano
3.3,2. Causas mal definidas,2014,7,menores de 1 ano
3.3,2. Causas mal definidas,2015,7,menores de 1 ano
3.3,2. Causas mal definidas,2016,7,menores de 1 ano
3.3,2. Causas mal definidas,2017,5,menores de 1 ano
3.3,2. Causas mal definidas,2018,2,menores de 1 ano
3.3,2. Causas mal definidas,2019,5,menores de 1 ano
3.3,2. Causas mal definidas,2020,5,menores de 1 ano
3.3,2. Causas mal definidas,2021,2,menores de 1 ano
3.3,2. Causas mal definidas,2022,2,menores de 1 ano
3.3,2. Causas mal definidas,2023,3,menores de 1 ano
3.3,2. Causas mal definidas,2024,1,menores de 1 ano
3.3,2. Causas mal definidas,2025,2,menores de 1 ano
3.3,3. Demais causas (não claramente evitáveis),2006,38,menores de 1 ano
3.3,3. Demais causas (não claramente evitáveis),2007,37,menores de 1 ano
3.3,3. Demais causas (não claramente evitáveis),2008,58,menores de 1 ano
3.3,3. Demais causas (não claramente evitáveis),2009,46,menores de 1 ano
3.3,3. Demais causas (não claramente evitáveis),2010,66,menores de 1 ano
3.3,3. Demais causas (não claramente evitáveis),2011,43,menores de 1 ano
3.3,3. Demais causas (não claramente evitáveis),2012,44,menores de 1 ano
3.3,3. Demais causas (não claramente evitáveis),2013,46,menores de 1 ano
3.3,3. Demais causas (não claramente evitáveis),2014,44,menores de 1 ano
3.3,3. Demais causas (não claramente evitáveis),2015,45,menores de 1 ano
3.3,3. Demais causas (não claramente evitáveis),2016,44,menores de 1 ano
3.3,3. Demais causas (não claramente evitáveis),2017,42,menores de 1 ano
3.3,3. Demais causas (não claramente evitáveis),2018,41,menores de 1 ano
3.3,3. Demais causas (não claramente evitáveis),2019,52,menores de 1 ano
3.3,3. Demais causas (não claramente evitáveis),2020,20,menores de 1 ano
3.3,3. Demais causas (não claramente evitáveis),2021,37,menores de 1 ano
3.3,3. Demais causas (não claramente evitáveis),2022,41,menores de 1 ano
3.3,3. Demais causas (não claramente evitáveis),2023,39,menores de 1 ano
3.3,3. Demais causas (não claramente evitáveis),2024,39,menores de 1 ano
3.3,3. Demais causas (não claramente evitáveis),2025,25,menores de 1 ano
4.0,1.1. Reduzível pelas ações de imunização,2006,0,menores de 1 ano
4.0,1.1. Reduzível pelas ações de imunização,2007,1,menores de 1 ano
4.0,1.1. Reduzível pelas ações de imunização,2008,1,menores de 1 ano
4.0,1.1. Reduzível pelas ações de imunização,2009,0,menores de 1 ano
4.0,1.1. Reduzível pelas ações de imunização,2010,0,menores de 1 ano
4.0,1.1. Reduzível pelas ações de imunização,2011,0,menores de 1 ano
4.0,1.1. Reduzível pelas ações de imunização,2012,4,menores de 1 ano
4.0,1.1. Reduzível pelas ações de imunização,2013,0,menores de 1 ano
4.0,1.1. Reduzível pelas ações de imunização,2014,0,menores de 1 ano
4.0,1.1. Reduzível pelas ações de imunização,2015,0,menores de 1 ano
4.0,1.1. Reduzível pelas ações de imunização,2016,0,menores de 1 ano
4.0,1.1. Reduzível pelas ações de imunização,2017,0,menores de 1 ano
4.0,1.1. Reduzível pelas ações de imunização,2018,0,menores de 1 ano
4.0,1.1. Reduzível pelas ações de imunização,2019,1,menores de 1 ano
4.0,1.1. Reduzível pelas ações de imunização,2020,0,menores de 1 ano
4.0,1.1. Reduzível pelas ações de imunização,2021,1,menores de 1 ano
4.0,1.1. Reduzível pelas ações de imunização,2022,0,menores de 1 ano
4.0,1.1. Reduzível pelas ações de imunização,2023,0,menores de 1 ano
4.0,1.1. Reduzível pelas ações de imunização,2024,0,menores de 1 ano
4.0,1.1. Reduzível pelas ações de imunização,2025,0,menores de 1 ano
4.0,1.2.1. Red por at à mulher na gestação,2006,42,menores de 1 ano
4.0,1.2.1. Red por at à mulher na gestação,2007,26,menores de 1 ano
4.0,1.2.1. Red por at à mulher na gestação,2008,42,menores de 1 ano
4.0,1.2.1. Red por at à mulher na gestação,2009,47,menores de 1 ano
4.0,1.2.1. Red por at à mulher na gestação,2010,62,menores de 1 ano
4.0,1.2.1. Red por at à mulher na gestação,2011,45,menores de 1 ano
4.0,1.2.1. Red por at à mulher na gestação,2012,56,menores de 1 ano
4.0,1.2.1. Red por at à mulher na gestação,2013,50,menores de 1 ano
4.0,1.2.1. Red por at à mulher na gestação,2014,49,menores de 1 ano
4.0,1.2.1. Red por at à mulher na gestação,2015,53,menores de 1 ano
4.0,1.2.1. Red por at à mulher na gestação,2016,63,menores de 1 ano
4.0,1.2.1. Red por at à mulher na gestação,2017,53,menores de 1 ano
4.0,1.2.1. Red por at à mulher na gestação,2018,52,menores de 1 ano
4.0,1.2.1. Red por at à mulher na gestação,2019,47,menores de 1 ano
4.0,1.2.1. Red por at à mulher na gestação,2020,42,menores de 1 ano
4.0,1.2.1. Red por at à mulher na gestação,2021,43,menores de 1 ano
4.0,1.2.1. Red por at à mulher na gestação,2022,35,menores de 1 ano
4.0,1.2.1. Red por at à mulher na gestação,2023,42,menores de 1 ano
4.0,1.2.1. Red por at à mulher na gestação,2024,45,menores de 1 ano
4.0,1.2.1. Red por at à mulher na gestação,2025,47,menores de 1 ano
4.0,1.2.2. Red por at à mulher no parto,2006,7,menores de 1 ano
4.0,1.2.2. Red por at à mulher no parto,2007,11,menores de 1 ano
4.0,1.2.2. Red por at à mulher no parto,2008,14,menores de 1 ano
4.0,1.2.2. Red por at à mulher no parto,2009,20,menores de 1 ano
4.0,1.2.2. Red por at à mulher no parto,2010,18,menores de 1 ano
4.0,1.2.2. Red por at à mulher no parto,2011,15,menores de 1 ano
4.0,1.2.2. Red por at à mulher no parto,2012,8,menores de 1 ano
4.0,1.2.2. Red por at à mulher no parto,2013,10,menores de 1 ano
4.0,1.2.2. Red por at à mulher no parto,2014,15,menores de 1 ano
4.0,1.2.2. Red por at à mulher no parto,2015,11,menores de 1 ano
4.0,1.2.2. Red por at à mulher no parto,2016,9,menores de 1 ano
4.0,1.2.2. Red por at à mulher no parto,2017,8,menores de 1 ano
4.0,1.2.2. Red por at à mulher no parto,2018,14,menores de 1 ano
4.0,1.2.2. Red por at à mulher no parto,2019,11,menores de 1 ano
4.0,1.2.2. Red por at à mulher no parto,2020,14,menores de 1 ano
4.0,1.2.2. Red por at à mulher no parto,2021,10,menores de 1 ano
4.0,1.2.2. Red por at à mulher no parto,2022,9,menores de 1 ano
4.0,1.2.2. Red por at à mulher no parto,2023,13,menores de 1 ano
4.0,1.2.2. Red por at à mulher no parto,2024,8,menores de 1 ano
4.0,1.2.2. Red por at à mulher no parto,2025,10,menores de 1 ano
4.0,1.2.3. Red por at ao recém-nascido,2006,24,menores de 1 ano
4.0,1.2.3. Red por at ao recém-nascido,2007,19,menores de 1 ano
4.0,1.2.3. Red por at ao recém-nascido,2008,20,menores de 1 ano
4.0,1.2.3. Red por at ao recém-nascido,2009,19,menores de 1 ano
4.0,1.2.3. Red por at ao recém-nascido,2010,22,menores de 1 ano
4.0,1.2.3. Red por at ao recém-nascido,2011,10,menores de 1 ano
4.0,1.2.3. Red por at ao recém-nascido,2012,15,menores de 1 ano
4.0,1.2.3. Red por at ao recém-nascido,2013,11,menores de 1 ano
4.0,1.2.3. Red por at ao recém-nascido,2014,14,menores de 1 ano
4.0,1.2.3. Red por at ao recém-nascido,2015,20,menores de 1 ano
4.0,1.2.3. Red por at ao recém-nascido,2016,17,menores de 1 ano
4.0,1.2.3. Red por at ao recém-nascido,2017,13,menores de 1 ano
4.0,1.2.3. Red por at ao recém-nascido,2018,17,menores de 1 ano
4.0,1.2.3. Red por at ao recém-nascido,2019,11,menores de 1 ano
4.0,1.2.3. Red por at ao recém-nascido,2020,10,menores de 1 ano
4.0,1.2.3. Red por at ao recém-nascido,2021,10,menores de 1 ano
4.0,1.2.3. Red por at ao recém-nascido,2022,15,menores de 1 ano
4.0,1.2.3. Red por at ao recém-nascido,2023,10,menores de 1 ano
4.0,1.2.3. Red por at ao recém-nascido,2024,6,menores de 1 ano
4.0,1.2.3. Red por at ao recém-nascido,2025,11,menores de 1 ano
4.0,1.3. Red por ações de diag e trat adequado,2006,8,menores de 1 ano
4.0,1.3. Red por ações de diag e trat adequado,2007,22,menores de 1 ano
4.0,1.3. Red por ações de diag e trat adequado,2008,9,menores de 1 ano
4.0,1.3. Red por ações de diag e trat adequado,2009,7,menores de 1 ano
4.0,1.3. Red por ações de diag e trat adequado,2010,4,menores de 1 ano
4.0,1.3. Red por ações de diag e trat adequado,2011,20,menores de 1 ano
4.0,1.3. Red por ações de diag e trat adequado,2012,13,menores de 1 ano
4.0,1.3. Red por ações de diag e trat adequado,2013,10,menores de 1 ano
4.0,1.3. Red por ações de diag e trat adequado,2014,10,menores de 1 ano
4.0,1.3. Red por ações de diag e trat adequado,2015,14,menores de 1 ano
4.0,1.3. Red por ações de diag e trat adequado,2016,11,menores de 1 ano
4.0,1.3. Red por ações de diag e trat adequado,2017,12,menores de 1 ano
4.0,1.3. Red por ações de diag e trat adequado,2018,12,menores de 1 ano
4.0,1.3. Red por ações de diag e trat adequado,2019,9,menores de 1 ano
4.0,1.3. Red por ações de diag e trat adequado,2020,6,menores de 1 ano
4.0,1.3. Red por ações de diag e trat adequado,2021,7,menores de 1 ano
4.0,1.3. Red por ações de diag e trat adequado,2022,9,menores de 1 ano
4.0,1.3. Red por ações de diag e trat adequado,2023,8,menores de 1 ano
4.0,1.3. Red por ações de diag e trat adequado,2024,6,menores de 1 ano
4.0,1.3. Red por ações de diag e trat adequado,2025,7,menores de 1 ano
4.0,1.4. Red por ações promoção vinc a atenção,2006,8,menores de 1 ano
4.0,1.4. Red por ações promoção vinc a atenção,2007,6,menores de 1 ano
4.0,1.4. Red por ações promoção vinc a atenção,2008,9,menores de 1 ano
4.0,1.4. Red por ações promoção vinc a atenção,2009,10,menores de 1 ano
4.0,1.4. Red por ações promoção vinc a atenção,2010,11,menores de 1 ano
4.0,1.4. Red por ações promoção vinc a atenção,2011,8,menores de 1 ano
4.0,1.4. Red por ações promoção vinc a atenção,2012,10,menores de 1 ano
4.0,1.4. Red por ações promoção vinc a atenção,2013,2,menores de 1 ano
4.0,1.4. Red por ações promoção vinc a atenção,2014,5,menores de 1 ano
4.0,1.4. Red por ações promoção vinc a atenção,2015,8,menores de 1 ano
4.0,1.4. Red por ações promoção vinc a atenção,2016,10,menores de 1 ano
4.0,1.4. Red por ações promoção vinc a atenção,2017,8,menores de 1 ano
4.0,1.4. Red por ações promoção vinc a atenção,2018,7,menores de 1 ano
4.0,1.4. Red por ações promoção vinc a atenção,2019,7,menores de 1 ano
4.0,1.4. Red por ações promoção vinc a atenção,2020,12,menores de 1 ano
4.0,1.4. Red por ações promoção vinc a atenção,2021,14,menores de 1 ano
4.0,1.4. Red por ações promoção vinc a atenção,2022,10,menores de 1 ano
4.0,1.4. Red por ações promoção vinc a atenção,2023,5,menores de 1 ano
4.0,1.4. Red por ações promoção vinc a atenção,2024,6,menores de 1 ano
4.0,1.4. Red por ações promoção vinc a atenção,2025,14,menores de 1 ano
4.0,2. Causas mal definidas,2006,8,menores de 1 ano
4.0,2. Causas mal definidas,2007,4,menores de 1 ano
4.0,2. Causas mal definidas,2008,9,menores de 1 ano
4.0,2. Causas mal definidas,2009,9,menores de 1 ano
4.0,2. Causas mal definidas,2010,5,menores de 1 ano
4.0,2. Causas mal definidas,2011,8,menores de 1 ano
4.0,2. Causas mal definidas,2012,6,menores de 1 ano
4.0,2. Causas mal definidas,2013,8,menores de 1 ano
4.0,2. Causas mal definidas,2014,7,menores de 1 ano
4.0,2. Causas mal definidas,2015,9,menores de 1 ano
4.0,2. Causas mal definidas,2016,10,menores de 1 ano
4.0,2. Causas mal definidas,2017,13,menores de 1 ano
4.0,2. Causas mal definidas,2018,5,menores de 1 ano
4.0,2. Causas mal definidas,2019,4,menores de 1 ano
4.0,2. Causas mal definidas,2020,4,menores de 1 ano
4.0,2. Causas mal definidas,2021,5,menores de 1 ano
4.0,2. Causas mal definidas,2022,3,menores de 1 ano
4.0,2. Causas mal definidas,2023,1,menores de 1 ano
4.0,2. Causas mal definidas,2024,5,menores de 1 ano
4.0,2. Causas mal definidas,2025,4,menores de 1 ano
4.0,3. Demais causas (não claramente evitáveis),2006,31,menores de 1 ano
4.0,3. Demais causas (não claramente evitáveis),2007,41,menores de 1 ano
4.0,3. Demais causas (não claramente evitáveis),2008,31,menores de 1 ano
4.0,3. Demais causas (não claramente evitáveis),2009,37,menores de 1 ano
4.0,3. Demais causas (não claramente evitáveis),2010,50,menores de 1 ano
4.0,3. Demais causas (não claramente evitáveis),2011,36,menores de 1 ano
4.0,3. Demais causas (não claramente evitáveis),2012,52,menores de 1 ano
4.0,3. Demais causas (não claramente evitáveis),2013,49,menores de 1 ano
4.0,3. Demais causas (não claramente evitáveis),2014,49,menores de 1 ano
4.0,3. Demais causas (não claramente evitáveis),2015,47,menores de 1 ano
4.0,3. Demais causas (não claramente evitáveis),2016,43,menores de 1 ano
4.0,3. Demais causas (não claramente evitáveis),2017,46,menores de 1 ano
4.0,3. Demais causas (não claramente evitáveis),2018,32,menores de 1 ano
4.0,3. Demais causas (não claramente evitáveis),2019,36,menores de 1 ano
4.0,3. Demais causas (não claramente evitáveis),2020,41,menores de 1 ano
4.0,3. Demais causas (não claramente evitáveis),2021,34,menores de 1 ano
4.0,3. Demais causas (não claramente evitáveis),2022,35,menores de 1 ano
4.0,3. Demais causas (não claramente evitáveis),2023,46,menores de 1 ano
4.0,3. Demais causas (não claramente evitáveis),2024,30,menores de 1 ano
4.0,3. Demais causas (não claramente evitáveis),2025,39,menores de 1 ano
5.1,1.1. Reduzível pelas ações de imunização,2006,0,menores de 1 ano
5.1,1.1. Reduzível pelas ações de imunização,2007,0,menores de 1 ano
5.1,1.1. Reduzível pelas ações de imunização,2008,0,menores de 1 ano
5.1,1.1. Reduzível pelas ações de imunização,2009,1,menores de 1 ano
5.1,1.1. Reduzível pelas ações de imunização,2010,0,menores de 1 ano
5.1,1.1. Reduzível pelas ações de imunização,2011,0,menores de 1 ano
5.1,1.1. Reduzível pelas ações de imunização,2012,0,menores de 1 ano
5.1,1.1. Reduzível pelas ações de imunização,2013,0,menores de 1 ano
5.1,1.1. Reduzível pelas ações de imunização,2014,0,menores de 1 ano
5.1,1.1. Reduzível pelas ações de imunização,2015,0,menores de 1 ano
5.1,1.1. Reduzível pelas ações de imunização,2016,0,menores de 1 ano
5.1,1.1. Reduzível pelas ações de imunização,2017,0,menores de 1 ano
5.1,1.1. Reduzível pelas ações de imunização,2018,0,menores de 1 ano
5.1,1.1. Reduzível pelas ações de imunização,2019,0,menores de 1 ano
5.1,1.1. Reduzível pelas ações de imunização,2020,0,menores de 1 ano
5.1,1.1. Reduzível pelas ações de imunização,2021,0,menores de 1 ano
5.1,1.1. Reduzível pelas ações de imunização,2022,0,menores de 1 ano
5.1,1.1. Reduzível pelas ações de imunização,2023,0,menores de 1 ano
5.1,1.1. Reduzível pelas ações de imunização,2024,0,menores de 1 ano
5.1,1.1. Reduzível pelas ações de imunização,2025,0,menores de 1 ano
5.1,1.2.1. Red por at à mulher na gestação,2006,51,menores de 1 ano
5.1,1.2.1. Red por at à mulher na gestação,2007,39,menores de 1 ano
5.1,1.2.1. Red por at à mulher na gestação,2008,40,menores de 1 ano
5.1,1.2.1. Red por at à mulher na gestação,2009,46,menores de 1 ano
5.1,1.2.1. Red por at à mulher na gestação,2010,45,menores de 1 ano
5.1,1.2.1. Red por at à mulher na gestação,2011,50,menores de 1 ano
5.1,1.2.1. Red por at à mulher na gestação,2012,59,menores de 1 ano
5.1,1.2.1. Red por at à mulher na gestação,2013,42,menores de 1 ano
5.1,1.2.1. Red por at à mulher na gestação,2014,31,menores de 1 ano
5.1,1.2.1. Red por at à mulher na gestação,2015,34,menores de 1 ano
5.1,1.2.1. Red por at à mulher na gestação,2016,29,menores de 1 ano
5.1,1.2.1. Red por at à mulher na gestação,2017,28,menores de 1 ano
5.1,1.2.1. Red por at à mulher na gestação,2018,25,menores de 1 ano
5.1,1.2.1. Red por at à mulher na gestação,2019,21,menores de 1 ano
5.1,1.2.1. Red por at à mulher na gestação,2020,33,menores de 1 ano
5.1,1.2.1. Red por at à mulher na gestação,2021,30,menores de 1 ano
5.1,1.2.1. Red por at à mulher na gestação,2022,21,menores de 1 ano
5.1,1.2.1. Red por at à mulher na gestação,2023,30,menores de 1 ano
5.1,1.2.1. Red por at à mulher na gestação,2024,33,menores de 1 ano
5.1,1.2.1. Red por at à mulher na gestação,2025,31,menores de 1 ano
5.1,1.2.2. Red por at à mulher no parto,2006,11,menores de 1 ano
5.1,1.2.2. Red por at à mulher no parto,2007,9,menores de 1 ano
5.1,1.2.2. Red por at à mulher no parto,2008,14,menores de 1 ano
5.1,1.2.2. Red por at à mulher no parto,2009,11,menores de 1 ano
5.1,1.2.2. Red por at à mulher no parto,2010,13,menores de 1 ano
5.1,1.2.2. Red por at à mulher no parto,2011,7,menores de 1 ano
5.1,1.2.2. Red por at à mulher no parto,2012,17,menores de 1 ano
5.1,1.2.2. Red por at à mulher no parto,2013,12,menores de 1 ano
5.1,1.2.2. Red por at à mulher no parto,2014,11,menores de 1 ano
5.1,1.2.2. Red por at à mulher no parto,2015,6,menores de 1 ano
5.1,1.2.2. Red por at à mulher no parto,2016,5,menores de 1 ano
5.1,1.2.2. Red por at à mulher no parto,2017,7,menores de 1 ano
5.1,1.2.2. Red por at à mulher no parto,2018,6,menores de 1 ano
5.1,1.2.2. Red por at à mulher no parto,2019,14,menores de 1 ano
5.1,1.2.2. Red por at à mulher no parto,2020,9,menores de 1 ano
5.1,1.2.2. Red por at à mulher no parto,2021,10,menores de 1 ano
5.1,1.2.2. Red por at à mulher no parto,2022,4,menores de 1 ano
5.1,1.2.2. Red por at à mulher no parto,2023,2,menores de 1 ano
5.1,1.2.2. Red por at à mulher no parto,2024,0,menores de 1 ano
5.1,1.2.2. Red por at à mulher no parto,2025,4,menores de 1 ano
5.1,1.2.3. Red por at ao recém-nascido,2006,30,menores de 1 ano
5.1,1.2.3. Red por at ao recém-nascido,2007,21,menores de 1 ano
5.1,1.2.3. Red por at ao recém-nascido,2008,19,menores de 1 ano
5.1,1.2.3. Red por at ao recém-nascido,2009,23,menores de 1 ano
5.1,1.2.3. Red por at ao recém-nascido,2010,13,menores de 1 ano
5.1,1.2.3. Red por at ao recém-nascido,2011,18,menores de 1 ano
5.1,1.2.3. Red por at ao recém-nascido,2012,24,menores de 1 ano
5.1,1.2.3. Red por at ao recém-nascido,2013,28,menores de 1 ano
5.1,1.2.3. Red por at ao recém-nascido,2014,17,menores de 1 ano
5.1,1.2.3. Red por at ao recém-nascido,2015,23,menores de 1 ano
5.1,1.2.3. Red por at ao recém-nascido,2016,25,menores de 1 ano
5.1,1.2.3. Red por at ao recém-nascido,2017,20,menores de 1 ano
5.1,1.2.3. Red por at ao recém-nascido,2018,15,menores de 1 ano
5.1,1.2.3. Red por at ao recém-nascido,2019,17,menores de 1 ano
5.1,1.2.3. Red por at ao recém-nascido,2020,17,menores de 1 ano
5.1,1.2.3. Red por at ao recém-nascido,2021,18,menores de 1 ano
5.1,1.2.3. Red por at ao recém-nascido,2022,7,menores de 1 ano
5.1,1.2.3. Red por at ao recém-nascido,2023,6,menores de 1 ano
5.1,1.2.3. Red por at ao recém-nascido,2024,4,menores de 1 ano
5.1,1.2.3. Red por at ao recém-nascido,2025,2,menores de 1 ano
5.1,1.3. Red por ações de diag e trat adequado,2006,12,menores de 1 ano
5.1,1.3. Red por ações de diag e trat adequado,2007,9,menores de 1 ano
5.1,1.3. Red por ações de diag e trat adequado,2008,4,menores de 1 ano
5.1,1.3. Red por ações de diag e trat adequado,2009,17,menores de 1 ano
5.1,1.3. Red por ações de diag e trat adequado,2010,8,menores de 1 ano
5.1,1.3. Red por ações de diag e trat adequado,2011,14,menores de 1 ano
5.1,1.3. Red por ações de diag e trat adequado,2012,10,menores de 1 ano
5.1,1.3. Red por ações de diag e trat adequado,2013,13,menores de 1 ano
5.1,1.3. Red por ações de diag e trat adequado,2014,7,menores de 1 ano
5.1,1.3. Red por ações de diag e trat adequado,2015,15,menores de 1 ano
5.1,1.3. Red por ações de diag e trat adequado,2016,6,menores de 1 ano
5.1,1.3. Red por ações de diag e trat adequado,2017,7,menores de 1 ano
5.1,1.3. Red por ações de diag e trat adequado,2018,8,menores de 1 ano
5.1,1.3. Red por ações de diag e trat adequado,2019,15,menores de 1 ano
5.1,1.3. Red por ações de diag e trat adequado,2020,6,menores de 1 ano
5.1,1.3. Red por ações de diag e trat adequado,2021,3,menores de 1 ano
5.1,1.3. Red por ações de diag e trat adequado,2022,6,menores de 1 ano
5.1,1.3. Red por ações de diag e trat adequado,2023,11,menores de 1 ano
5.1,1.3. Red por ações de diag e trat adequado,2024,8,menores de 1 ano
5.1,1.3. Red por ações de diag e trat adequado,2025,6,menores de 1 ano
5.1,1.4. Red por ações promoção vinc a atenção,2006,6,menores de 1 ano
5.1,1.4. Red por ações promoção vinc a atenção,2007,3,menores de 1 ano
5.1,1.4. Red por ações promoção vinc a atenção,2008,12,menores de 1 ano
5.1,1.4. Red por ações promoção vinc a atenção,2009,11,menores de 1 ano
5.1,1.4. Red por ações promoção vinc a atenção,2010,11,menores de 1 ano
5.1,1.4. Red por ações promoção vinc a atenção,2011,10,menores de 1 ano
5.1,1.4. Red por ações promoção vinc a atenção,2012,13,menores de 1 ano
5.1,1.4. Red por ações promoção vinc a atenção,2013,9,menores de 1 ano
5.1,1.4. Red por ações promoção vinc a atenção,2014,7,menores de 1 ano
5.1,1.4. Red por ações promoção vinc a atenção,2015,17,menores de 1 ano
5.1,1.4. Red por ações promoção vinc a atenção,2016,11,menores de 1 ano
5.1,1.4. Red por ações promoção vinc a atenção,2017,5,menores de 1 ano
5.1,1.4. Red por ações promoção vinc a atenção,2018,6,menores de 1 ano
5.1,1.4. Red por ações promoção vinc a atenção,2019,8,menores de 1 ano
5.1,1.4. Red por ações promoção vinc a atenção,2020,5,menores de 1 ano
5.1,1.4. Red por ações promoção vinc a atenção,2021,5,menores de 1 ano
5.1,1.4. Red por ações promoção vinc a atenção,2022,5,menores de 1 ano
5.1,1.4. Red por ações promoção vinc a atenção,2023,7,menores de 1 ano
5.1,1.4. Red por ações promoção vinc a atenção,2024,10,menores de 1 ano
5.1,1.4. Red por ações promoção vinc a atenção,2025,5,menores de 1 ano
5.1,2. Causas mal definidas,2006,8,menores de 1 ano
5.1,2. Causas mal definidas,2007,3,menores de 1 ano
5.1,2. Causas mal definidas,2008,3,menores de 1 ano
5.1,2. Causas mal definidas,2009,1,menores de 1 ano
5.1,2. Causas mal definidas,2010,1,menores de 1 ano
5.1,2. Causas mal definidas,2011,4,menores de 1 ano
5.1,2. Causas mal definidas,2012,0,menores de 1 ano
5.1,2. Causas mal definidas,2013,2,menores de 1 ano
5.1,2. Causas mal definidas,2014,1,menores de 1 ano
5.1,2. Causas mal definidas,2015,2,menores de 1 ano
5.1,2. Causas mal definidas,2016,2,menores de 1 ano
5.1,2. Causas mal definidas,2017,1,menores de 1 ano
5.1,2. Causas mal definidas,2018,2,menores de 1 ano
5.1,2. Causas mal definidas,2019,0,menores de 1 ano
5.1,2. Causas mal definidas,2020,6,menores de 1 ano
5.1,2. Causas mal definidas,2021,4,menores de 1 ano
5.1,2. Causas mal definidas,2022,1,menores de 1 ano
5.1,2. Causas mal definidas,2023,1,menores de 1 ano
5.1,2. Causas mal definidas,2024,0,menores de 1 ano
5.1,2. Causas mal definidas,2025,1,menores de 1 ano
5.1,3. Demais causas (não claramente evitáveis),2006,38,menores de 1 ano
5.1,3. Demais causas (não claramente evitáveis),2007,39,menores de 1 ano
5.1,3. Demais causas (não claramente evitáveis),2008,30,menores de 1 ano
5.1,3. Demais causas (não claramente evitáveis),2009,31,menores de 1 ano
5.1,3. Demais causas (não claramente evitáveis),2010,41,menores de 1 ano
5.1,3. Demais causas (não claramente evitáveis),2011,47,menores de 1 ano
5.1,3. Demais causas (não claramente evitáveis),2012,41,menores de 1 ano
5.1,3. Demais causas (não claramente evitáveis),2013,31,menores de 1 ano
5.1,3. Demais causas (não claramente evitáveis),2014,38,menores de 1 ano
5.1,3. Demais causas (não claramente evitáveis),2015,32,menores de 1 ano
5.1,3. Demais causas (não claramente evitáveis),2016,37,menores de 1 ano
5.1,3. Demais causas (não claramente evitáveis),2017,29,menores de 1 ano
5.1,3. Demais causas (não claramente evitáveis),2018,34,menores de 1 ano
5.1,3. Demais causas (não claramente evitáveis),2019,24,menores de 1 ano
5.1,3. Demais causas (não claramente evitáveis),2020,33,menores de 1 ano
5.1,3. Demais causas (não claramente evitáveis),2021,31,menores de 1 ano
5.1,3. Demais causas (não claramente evitáveis),2022,17,menores de 1 ano
5.1,3. Demais causas (não claramente evitáveis),2023,15,menores de 1 ano
5.1,3. Demais causas (não claramente evitáveis),2024,25,menores de 1 ano
5.1,3. Demais causas (não claramente evitáveis),2025,23,menores de 1 ano
5.2,1.1. Reduzível pelas ações de imunização,2006,0,menores de 1 ano
5.2,1.1. Reduzível pelas ações de imunização,2007,1,menores de 1 ano
5.2,1.1. Reduzível pelas ações de imunização,2008,0,menores de 1 ano
5.2,1.1. Reduzível pelas ações de imunização,2009,0,menores de 1 ano
5.2,1.1. Reduzível pelas ações de imunização,2010,0,menores de 1 ano
5.2,1.1. Reduzível pelas ações de imunização,2011,0,menores de 1 ano
5.2,1.1. Reduzível pelas ações de imunização,2012,0,menores de 1 ano
5.2,1.1. Reduzível pelas ações de imunização,2013,0,menores de 1 ano
5.2,1.1. Reduzível pelas ações de imunização,2014,0,menores de 1 ano
5.2,1.1. Reduzível pelas ações de imunização,2015,0,menores de 1 ano
5.2,1.1. Reduzível pelas ações de imunização,2016,0,menores de 1 ano
5.2,1.1. Reduzível pelas ações de imunização,2017,1,menores de 1 ano
5.2,1.1. Reduzível pelas ações de imunização,2018,0,menores de 1 ano
5.2,1.1. Reduzível pelas ações de imunização,2019,0,menores de 1 ano
5.2,1.1. Reduzível pelas ações de imunização,2020,0,menores de 1 ano
5.2,1.1. Reduzível pelas ações de imunização,2021,0,menores de 1 ano
5.2,1.1. Reduzível pelas ações de imunização,2022,0,menores de 1 ano
5.2,1.1. Reduzível pelas ações de imunização,2023,0,menores de 1 ano
5.2,1.1. Reduzível pelas ações de imunização,2024,0,menores de 1 ano
5.2,1.1. Reduzível pelas ações de imunização,2025,0,menores de 1 ano
5.2,1.2.1. Red por at à mulher na gestação,2006,44,menores de 1 ano
5.2,1.2.1. Red por at à mulher na gestação,2007,41,menores de 1 ano
5.2,1.2.1. Red por at à mulher na gestação,2008,26,menores de 1 ano
5.2,1.2.1. Red por at à mulher na gestação,2009,41,menores de 1 ano
5.2,1.2.1. Red por at à mulher na gestação,2010,40,menores de 1 ano
5.2,1.2.1. Red por at à mulher na gestação,2011,36,menores de 1 ano
5.2,1.2.1. Red por at à mulher na gestação,2012,33,menores de 1 ano
5.2,1.2.1. Red por at à mulher na gestação,2013,44,menores de 1 ano
5.2,1.2.1. Red por at à mulher na gestação,2014,41,menores de 1 ano
5.2,1.2.1. Red por at à mulher na gestação,2015,34,menores de 1 ano
5.2,1.2.1. Red por at à mulher na gestação,2016,45,menores de 1 ano
5.2,1.2.1. Red por at à mulher na gestação,2017,29,menores de 1 ano
5.2,1.2.1. Red por at à mulher na gestação,2018,44,menores de 1 ano
5.2,1.2.1. Red por at à mulher na gestação,2019,27,menores de 1 ano
5.2,1.2.1. Red por at à mulher na gestação,2020,45,menores de 1 ano
5.2,1.2.1. Red por at à mulher na gestação,2021,29,menores de 1 ano
5.2,1.2.1. Red por at à mulher na gestação,2022,33,menores de 1 ano
5.2,1.2.1. Red por at à mulher na gestação,2023,31,menores de 1 ano
5.2,1.2.1. Red por at à mulher na gestação,2024,24,menores de 1 ano
5.2,1.2.1. Red por at à mulher na gestação,2025,40,menores de 1 ano
5.2,1.2.2. Red por at à mulher no parto,2006,10,menores de 1 ano
5.2,1.2.2. Red por at à mulher no parto,2007,17,menores de 1 ano
5.2,1.2.2. Red por at à mulher no parto,2008,17,menores de 1 ano
5.2,1.2.2. Red por at à mulher no parto,2009,11,menores de 1 ano
5.2,1.2.2. Red por at à mulher no parto,2010,10,menores de 1 ano
5.2,1.2.2. Red por at à mulher no parto,2011,9,menores de 1 ano
5.2,1.2.2. Red por at à mulher no parto,2012,7,menores de 1 ano
5.2,1.2.2. Red por at à mulher no parto,2013,7,menores de 1 ano
5.2,1.2.2. Red por at à mulher no parto,2014,16,menores de 1 ano
5.2,1.2.2. Red por at à mulher no parto,2015,11,menores de 1 ano
5.2,1.2.2. Red por at à mulher no parto,2016,10,menores de 1 ano
5.2,1.2.2. Red por at à mulher no parto,2017,14,menores de 1 ano
5.2,1.2.2. Red por at à mulher no parto,2018,10,menores de 1 ano
5.2,1.2.2. Red por at à mulher no parto,2019,17,menores de 1 ano
5.2,1.2.2. Red por at à mulher no parto,2020,17,menores de 1 ano
5.2,1.2.2. Red por at à mulher no parto,2021,16,menores de 1 ano
5.2,1.2.2. Red por at à mulher no parto,2022,14,menores de 1 ano
5.2,1.2.2. Red por at à mulher no parto,2023,11,menores de 1 ano
5.2,1.2.2. Red por at à mulher no parto,2024,6,menores de 1 ano
5.2,1.2.2. Red por at à mulher no parto,2025,7,menores de 1 ano
5.2,1.2.3. Red por at ao recém-nascido,2006,26,menores de 1 ano
5.2,1.2.3. Red por at ao recém-nascido,2007,22,menores de 1 ano
5.2,1.2.3. Red por at ao recém-nascido,2008,32,menores de 1 ano
5.2,1.2.3. Red por at ao recém-nascido,2009,20,menores de 1 ano
5.2,1.2.3. Red por at ao recém-nascido,2010,21,menores de 1 ano
5.2,1.2.3. Red por at ao recém-nascido,2011,28,menores de 1 ano
5.2,1.2.3. Red por at ao recém-nascido,2012,25,menores de 1 ano
5.2,1.2.3. Red por at ao recém-nascido,2013,15,menores de 1 ano
5.2,1.2.3. Red por at ao recém-nascido,2014,20,menores de 1 ano
5.2,1.2.3. Red por at ao recém-nascido,2015,17,menores de 1 ano
5.2,1.2.3. Red por at ao recém-nascido,2016,22,menores de 1 ano
5.2,1.2.3. Red por at ao recém-nascido,2017,21,menores de 1 ano
5.2,1.2.3. Red por at ao recém-nascido,2018,14,menores de 1 ano
5.2,1.2.3. Red por at ao recém-nascido,2019,24,menores de 1 ano
5.2,1.2.3. Red por at ao recém-nascido,2020,23,menores de 1 ano
5.2,1.2.3. Red por at ao recém-nascido,2021,25,menores de 1 ano
5.2,1.2.3. Red por at ao recém-nascido,2022,12,menores de 1 ano
5.2,1.2.3. Red por at ao recém-nascido,2023,11,menores de 1 ano
5.2,1.2.3. Red por at ao recém-nascido,2024,11,menores de 1 ano
5.2,1.2.3. Red por at ao recém-nascido,2025,6,menores de 1 ano
5.2,1.3. Red por ações de diag e trat adequado,2006,9,menores de 1 ano
5.2,1.3. Red por ações de diag e trat adequado,2007,10,menores de 1 ano
5.2,1.3. Red por ações de diag e trat adequado,2008,16,menores de 1 ano
5.2,1.3. Red por ações de diag e trat adequado,2009,12,menores de 1 ano
5.2,1.3. Red por ações de diag e trat adequado,2010,13,menores de 1 ano
5.2,1.3. Red por ações de diag e trat adequado,2011,13,menores de 1 ano
5.2,1.3. Red por ações de diag e trat adequado,2012,11,menores de 1 ano
5.2,1.3. Red por ações de diag e trat adequado,2013,12,menores de 1 ano
5.2,1.3. Red por ações de diag e trat adequado,2014,7,menores de 1 ano
5.2,1.3. Red por ações de diag e trat adequado,2015,12,menores de 1 ano
5.2,1.3. Red por ações de diag e trat adequado,2016,8,menores de 1 ano
5.2,1.3. Red por ações de diag e trat adequado,2017,11,menores de 1 ano
5.2,1.3. Red por ações de diag e trat adequado,2018,11,menores de 1 ano
5.2,1.3. Red por ações de diag e trat adequado,2019,10,menores de 1 ano
5.2,1.3. Red por ações de diag e trat adequado,2020,7,menores de 1 ano
5.2,1.3. Red por ações de diag e trat adequado,2021,5,menores de 1 ano
5.2,1.3. Red por ações de diag e trat adequado,2022,10,menores de 1 ano
5.2,1.3. Red por ações de diag e trat adequado,2023,12,menores de 1 ano
5.2,1.3. Red por ações de diag e trat adequado,2024,5,menores de 1 ano
5.2,1.3. Red por ações de diag e trat adequado,2025,4,menores de 1 ano
5.2,1.4. Red por ações promoção vinc a atenção,2006,7,menores de 1 ano
5.2,1.4. Red por ações promoção vinc a atenção,2007,4,menores de 1 ano
5.2,1.4. Red por ações promoção vinc a atenção,2008,7,menores de 1 ano
5.2,1.4. Red por ações promoção vinc a atenção,2009,5,menores de 1 ano
5.2,1.4. Red por ações promoção vinc a atenção,2010,7,menores de 1 ano
5.2,1.4. Red por ações promoção vinc a atenção,2011,9,menores de 1 ano
5.2,1.4. Red por ações promoção vinc a atenção,2012,12,menores de 1 ano
5.2,1.4. Red por ações promoção vinc a atenção,2013,8,menores de 1 ano
5.2,1.4. Red por ações promoção vinc a atenção,2014,7,menores de 1 ano
5.2,1.4. Red por ações promoção vinc a atenção,2015,11,menores de 1 ano
5.2,1.4. Red por ações promoção vinc a atenção,2016,5,menores de 1 ano
5.2,1.4. Red por ações promoção vinc a atenção,2017,10,menores de 1 ano
5.2,1.4. Red por ações promoção vinc a atenção,2018,6,menores de 1 ano
5.2,1.4. Red por ações promoção vinc a atenção,2019,8,menores de 1 ano
5.2,1.4. Red por ações promoção vinc a atenção,2020,4,menores de 1 ano
5.2,1.4. Red por ações promoção vinc a atenção,2021,6,menores de 1 ano
5.2,1.4. Red por ações promoção vinc a atenção,2022,9,menores de 1 ano
5.2,1.4. Red por ações promoção vinc a atenção,2023,3,menores de 1 ano
5.2,1.4. Red por ações promoção vinc a atenção,2024,5,menores de 1 ano
5.2,1.4. Red por ações promoção vinc a atenção,2025,10,menores de 1 ano
5.2,2. Causas mal definidas,2006,8,menores de 1 ano
5.2,2. Causas mal definidas,2007,5,menores de 1 ano
5.2,2. Causas mal definidas,2008,6,menores de 1 ano
5.2,2. Causas mal definidas,2009,6,menores de 1 ano
5.2,2. Causas mal definidas,2010,6,menores de 1 ano
5.2,2. Causas mal definidas,2011,5,menores de 1 ano
5.2,2. Causas mal definidas,2012,2,menores de 1 ano
5.2,2. Causas mal definidas,2013,2,menores de 1 ano
5.2,2. Causas mal definidas,2014,0,menores de 1 ano
5.2,2. Causas mal definidas,2015,1,menores de 1 ano
5.2,2. Causas mal definidas,2016,2,menores de 1 ano
5.2,2. Causas mal definidas,2017,1,menores de 1 ano
5.2,2. Causas mal definidas,2018,1,menores de 1 ano
5.2,2. Causas mal definidas,2019,2,menores de 1 ano
5.2,2. Causas mal definidas,2020,3,menores de 1 ano
5.2,2. Causas mal definidas,2021,6,menores de 1 ano
5.2,2. Causas mal definidas,2022,0,menores de 1 ano
5.2,2. Causas mal definidas,2023,0,menores de 1 ano
5.2,2. Causas mal definidas,2024,5,menores de 1 ano
5.2,2. Causas mal definidas,2025,0,menores de 1 ano
5.2,3. Demais causas (não claramente evitáveis),2006,43,menores de 1 ano
5.2,3. Demais causas (não claramente evitáveis),2007,36,menores de 1 ano
5.2,3. Demais causas (não claramente evitáveis),2008,38,menores de 1 ano
5.2,3. Demais causas (não claramente evitáveis),2009,30,menores de 1 ano
5.2,3. Demais causas (não claramente evitáveis),2010,30,menores de 1 ano
5.2,3. Demais causas (não claramente evitáveis),2011,38,menores de 1 ano
5.2,3. Demais causas (não claramente evitáveis),2012,33,menores de 1 ano
5.2,3. Demais causas (não claramente evitáveis),2013,35,menores de 1 ano
5.2,3. Demais causas (não claramente evitáveis),2014,39,menores de 1 ano
5.2,3. Demais causas (não claramente evitáveis),2015,29,menores de 1 ano
5.2,3. Demais causas (não claramente evitáveis),2016,37,menores de 1 ano
5.2,3. Demais causas (não claramente evitáveis),2017,42,menores de 1 ano
5.2,3. Demais causas (não claramente evitáveis),2018,38,menores de 1 ano
5.2,3. Demais causas (não claramente evitáveis),2019,36,menores de 1 ano
5.2,3. Demais causas (não claramente evitáveis),2020,39,menores de 1 ano
5.2,3. Demais causas (não claramente evitáveis),2021,26,menores de 1 ano
5.2,3. Demais causas (não claramente evitáveis),2022,36,menores de 1 ano
5.2,3. Demais causas (não claramente evitáveis),2023,28,menores de 1 ano
5.2,3. Demais causas (não claramente evitáveis),2024,32,menores de 1 ano
5.2,3. Demais causas (não claramente evitáveis),2025,33,menores de 1 ano
5.3,1.1. Reduzível pelas ações de imunização,2006,0,menores de 1 ano
5.3,1.1. Reduzível pelas ações de imunização,2007,0,menores de 1 ano
5.3,1.1. Reduzível pelas ações de imunização,2008,0,menores de 1 ano
5.3,1.1. Reduzível pelas ações de imunização,2009,0,menores de 1 ano
5.3,1.1. Reduzível pelas ações de imunização,2010,0,menores de 1 ano
5.3,1.1. Reduzível pelas ações de imunização,2011,1,menores de 1 ano
5.3,1.1. Reduzível pelas ações de imunização,2012,1,menores de 1 ano
5.3,1.1. Reduzível pelas ações de imunização,2013,0,menores de 1 ano
5.3,1.1. Reduzível pelas ações de imunização,2014,0,menores de 1 ano
5.3,1.1. Reduzível pelas ações de imunização,2015,2,menores de 1 ano
5.3,1.1. Reduzível pelas ações de imunização,2016,0,menores de 1 ano
5.3,1.1. Reduzível pelas ações de imunização,2017,0,menores de 1 ano
5.3,1.1. Reduzível pelas ações de imunização,2018,0,menores de 1 ano
5.3,1.1. Reduzível pelas ações de imunização,2019,0,menores de 1 ano
5.3,1.1. Reduzível pelas ações de imunização,2020,0,menores de 1 ano
5.3,1.1. Reduzível pelas ações de imunização,2021,0,menores de 1 ano
5.3,1.1. Reduzível pelas ações de imunização,2022,1,menores de 1 ano
5.3,1.1. Reduzível pelas ações de imunização,2023,0,menores de 1 ano
5.3,1.1. Reduzível pelas ações de imunização,2024,0,menores de 1 ano
5.3,1.1. Reduzível pelas ações de imunização,2025,1,menores de 1 ano
5.3,1.2.1. Red por at à mulher na gestação,2006,15,menores de 1 ano
5.3,1.2.1. Red por at à mulher na gestação,2007,20,menores de 1 ano
5.3,1.2.1. Red por at à mulher na gestação,2008,26,menores de 1 ano
5.3,1.2.1. Red por at à mulher na gestação,2009,24,menores de 1 ano
5.3,1.2.1. Red por at à mulher na gestação,2010,18,menores de 1 ano
5.3,1.2.1. Red por at à mulher na gestação,2011,24,menores de 1 ano
5.3,1.2.1. Red por at à mulher na gestação,2012,24,menores de 1 ano
5.3,1.2.1. Red por at à mulher na gestação,2013,35,menores de 1 ano
5.3,1.2.1. Red por at à mulher na gestação,2014,21,menores de 1 ano
5.3,1.2.1. Red por at à mulher na gestação,2015,30,menores de 1 ano
5.3,1.2.1. Red por at à mulher na gestação,2016,28,menores de 1 ano
5.3,1.2.1. Red por at à mulher na gestação,2017,12,menores de 1 ano
5.3,1.2.1. Red por at à mulher na gestação,2018,14,menores de 1 ano
5.3,1.2.1. Red por at à mulher na gestação,2019,22,menores de 1 ano
5.3,1.2.1. Red por at à mulher na gestação,2020,25,menores de 1 ano
5.3,1.2.1. Red por at à mulher na gestação,2021,30,menores de 1 ano
5.3,1.2.1. Red por at à mulher na gestação,2022,20,menores de 1 ano
5.3,1.2.1. Red por at à mulher na gestação,2023,16,menores de 1 ano
5.3,1.2.1. Red por at à mulher na gestação,2024,21,menores de 1 ano
5.3,1.2.1. Red por at à mulher na gestação,2025,32,menores de 1 ano
5.3,1.2.2. Red por at à mulher no parto,2006,4,menores de 1 ano
5.3,1.2.2. Red por at à mulher no parto,2007,12,menores de 1 ano
5.3,1.2.2. Red por at à mulher no parto,2008,5,menores de 1 ano
5.3,1.2.2. Red por at à mulher no parto,2009,8,menores de 1 ano
5.3,1.2.2. Red por at à mulher no parto,2010,5,menores de 1 ano
5.3,1.2.2. Red por at à mulher no parto,2011,7,menores de 1 ano
5.3,1.2.2. Red por at à mulher no parto,2012,14,menores de 1 ano
5.3,1.2.2. Red por at à mulher no parto,2013,8,menores de 1 ano
5.3,1.2.2. Red por at à mulher no parto,2014,11,menores de 1 ano
5.3,1.2.2. Red por at à mulher no parto,2015,10,menores de 1 ano
5.3,1.2.2. Red por at à mulher no parto,2016,14,menores de 1 ano
5.3,1.2.2. Red por at à mulher no parto,2017,3,menores de 1 ano
5.3,1.2.2. Red por at à mulher no parto,2018,15,menores de 1 ano
5.3,1.2.2. Red por at à mulher no parto,2019,11,menores de 1 ano
5.3,1.2.2. Red por at à mulher no parto,2020,9,menores de 1 ano
5.3,1.2.2. Red por at à mulher no parto,2021,9,menores de 1 ano
5.3,1.2.2. Red por at à mulher no parto,2022,3,menores de 1 ano
5.3,1.2.2. Red por at à mulher no parto,2023,4,menores de 1 ano
5.3,1.2.2. Red por at à mulher no parto,2024,6,menores de 1 ano
5.3,1.2.2. Red por at à mulher no parto,2025,10,menores de 1 ano
5.3,1.2.3. Red por at ao recém-nascido,2006,17,menores de 1 ano
5.3,1.2.3. Red por at ao recém-nascido,2007,9,menores de 1 ano
5.3,1.2.3. Red por at ao recém-nascido,2008,18,menores de 1 ano
5.3,1.2.3. Red por at ao recém-nascido,2009,17,menores de 1 ano
5.3,1.2.3. Red por at ao recém-nascido,2010,16,menores de 1 ano
5.3,1.2.3. Red por at ao recém-nascido,2011,12,menores de 1 ano
5.3,1.2.3. Red por at ao recém-nascido,2012,17,menores de 1 ano
5.3,1.2.3. Red por at ao recém-nascido,2013,28,menores de 1 ano
5.3,1.2.3. Red por at ao recém-nascido,2014,24,menores de 1 ano
5.3,1.2.3. Red por at ao recém-nascido,2015,37,menores de 1 ano
5.3,1.2.3. Red por at ao recém-nascido,2016,33,menores de 1 ano
5.3,1.2.3. Red por at ao recém-nascido,2017,23,menores de 1 ano
5.3,1.2.3. Red por at ao recém-nascido,2018,21,menores de 1 ano
5.3,1.2.3. Red por at ao recém-nascido,2019,19,menores de 1 ano
5.3,1.2.3. Red por at ao recém-nascido,2020,13,menores de 1 ano
5.3,1.2.3. Red por at ao recém-nascido,2021,17,menores de 1 ano
5.3,1.2.3. Red por at ao recém-nascido,2022,7,menores de 1 ano
5.3,1.2.3. Red por at ao recém-nascido,2023,15,menores de 1 ano
5.3,1.2.3. Red por at ao recém-nascido,2024,12,menores de 1 ano
5.3,1.2.3. Red por at ao recém-nascido,2025,6,menores de 1 ano
5.3,1.3. Red por ações de diag e trat adequado,2006,12,menores de 1 ano
5.3,1.3. Red por ações de diag e trat adequado,2007,10,menores de 1 ano
5.3,1.3. Red por ações de diag e trat adequado,2008,9,menores de 1 ano
5.3,1.3. Red por ações de diag e trat adequado,2009,14,menores de 1 ano
5.3,1.3. Red por ações de diag e trat adequado,2010,10,menores de 1 ano
5.3,1.3. Red por ações de diag e trat adequado,2011,13,menores de 1 ano
5.3,1.3. Red por ações de diag e trat adequado,2012,16,menores de 1 ano
5.3,1.3. Red por ações de diag e trat adequado,2013,11,menores de 1 ano
5.3,1.3. Red por ações de diag e trat adequado,2014,15,menores de 1 ano
5.3,1.3. Red por ações de diag e trat adequado,2015,6,menores de 1 ano
5.3,1.3. Red por ações de diag e trat adequado,2016,12,menores de 1 ano
5.3,1.3. Red por ações de diag e trat adequado,2017,7,menores de 1 ano
5.3,1.3. Red por ações de diag e trat adequado,2018,7,menores de 1 ano
5.3,1.3. Red por ações de diag e trat adequado,2019,2,menores de 1 ano
5.3,1.3. Red por ações de diag e trat adequado,2020,6,menores de 1 ano
5.3,1.3. Red por ações de diag e trat adequado,2021,2,menores de 1 ano
5.3,1.3. Red por ações de diag e trat adequado,2022,7,menores de 1 ano
5.3,1.3. Red por ações de diag e trat adequado,2023,7,menores de 1 ano
5.3,1.3. Red por ações de diag e trat adequado,2024,7,menores de 1 ano
5.3,1.3. Red por ações de diag e trat adequado,2025,2,menores de 1 ano
5.3,1.4. Red por ações promoção vinc a atenção,2006,9,menores de 1 ano
5.3,1.4. Red por ações promoção vinc a atenção,2007,9,menores de 1 ano
5.3,1.4. Red por ações promoção vinc a atenção,2008,5,menores de 1 ano
5.3,1.4. Red por ações promoção vinc a atenção,2009,14,menores de 1 ano
5.3,1.4. Red por ações promoção vinc a atenção,2010,11,menores de 1 ano
5.3,1.4. Red por ações promoção vinc a atenção,2011,11,menores de 1 ano
5.3,1.4. Red por ações promoção vinc a atenção,2012,9,menores de 1 ano
5.3,1.4. Red por ações promoção vinc a atenção,2013,6,menores de 1 ano
5.3,1.4. Red por ações promoção vinc a atenção,2014,13,menores de 1 ano
5.3,1.4. Red por ações promoção vinc a atenção,2015,8,menores de 1 ano
5.3,1.4. Red por ações promoção vinc a atenção,2016,14,menores de 1 ano
5.3,1.4. Red por ações promoção vinc a atenção,2017,7,menores de 1 ano
5.3,1.4. Red por ações promoção vinc a atenção,2018,8,menores de 1 ano
5.3,1.4. Red por ações promoção vinc a atenção,2019,14,menores de 1 ano
5.3,1.4. Red por ações promoção vinc a atenção,2020,8,menores de 1 ano
5.3,1.4. Red por ações promoção vinc a atenção,2021,3,menores de 1 ano
5.3,1.4. Red por ações promoção vinc a atenção,2022,7,menores de 1 ano
5.3,1.4. Red por ações promoção vinc a atenção,2023,4,menores de 1 ano
5.3,1.4. Red por ações promoção vinc a atenção,2024,4,menores de 1 ano
5.3,1.4. Red por ações promoção vinc a atenção,2025,6,menores de 1 ano
5.3,2. Causas mal definidas,2006,8,menores de 1 ano
5.3,2. Causas mal definidas,2007,7,menores de 1 ano
5.3,2. Causas mal definidas,2008,6,menores de 1 ano
5.3,2. Causas mal definidas,2009,7,menores de 1 ano
5.3,2. Causas mal definidas,2010,2,menores de 1 ano
5.3,2. Causas mal definidas,2011,3,menores de 1 ano
5.3,2. Causas mal definidas,2012,0,menores de 1 ano
5.3,2. Causas mal definidas,2013,4,menores de 1 ano
5.3,2. Causas mal definidas,2014,1,menores de 1 ano
5.3,2. Causas mal definidas,2015,2,menores de 1 ano
5.3,2. Causas mal definidas,2016,1,menores de 1 ano
5.3,2. Causas mal definidas,2017,0,menores de 1 ano
5.3,2. Causas mal definidas,2018,2,menores de 1 ano
5.3,2. Causas mal definidas,2019,2,menores de 1 ano
5.3,2. Causas mal definidas,2020,3,menores de 1 ano
5.3,2. Causas mal definidas,2021,4,menores de 1 ano
5.3,2. Causas mal definidas,2022,1,menores de 1 ano
5.3,2. Causas mal definidas,2023,0,menores de 1 ano
5.3,2. Causas mal definidas,2024,0,menores de 1 ano
5.3,2. Causas mal definidas,2025,1,menores de 1 ano
5.3,3. Demais causas (não claramente evitáveis),2006,24,menores de 1 ano
5.3,3. Demais causas (não claramente evitáveis),2007,29,menores de 1 ano
5.3,3. Demais causas (não claramente evitáveis),2008,24,menores de 1 ano
5.3,3. Demais causas (não claramente evitáveis),2009,26,menores de 1 ano
5.3,3. Demais causas (não claramente evitáveis),2010,22,menores de 1 ano
5.3,3. Demais causas (não claramente evitáveis),2011,24,menores de 1 ano
5.3,3. Demais causas (não claramente evitáveis),2012,24,menores de 1 ano
5.3,3. Demais causas (não claramente evitáveis),2013,18,menores de 1 ano
5.3,3. Demais causas (não claramente evitáveis),2014,26,menores de 1 ano
5.3,3. Demais causas (não claramente evitáveis),2015,18,menores de 1 ano
5.3,3. Demais causas (não claramente evitáveis),2016,32,menores de 1 ano
5.3,3. Demais causas (não claramente evitáveis),2017,20,menores de 1 ano
5.3,3. Demais causas (não claramente evitáveis),2018,28,menores de 1 ano
5.3,3. Demais causas (não claramente evitáveis),2019,25,menores de 1 ano
5.3,3. Demais causas (não claramente evitáveis),2020,31,menores de 1 ano
5.3,3. Demais causas (não claramente evitáveis),2021,22,menores de 1 ano
5.3,3. Demais causas (não claramente evitáveis),2022,30,menores de 1 ano
5.3,3. Demais causas (não claramente evitáveis),2023,24,menores de 1 ano
5.3,3. Demais causas (não claramente evitáveis),2024,22,menores de 1 ano
5.3,3. Demais causas (não claramente evitáveis),2025,18,menores de 1 ano
1.0,1.1. Reduzível pelas ações de imunização,2006,0,de 1 a 4 anos
1.0,1.1. Reduzível pelas ações de imunização,2007,0,de 1 a 4 anos
1.0,1.1. Reduzível pelas ações de imunização,2008,0,de 1 a 4 anos
1.0,1.1. Reduzível pelas ações de imunização,2009,0,de 1 a 4 anos
1.0,1.1. Reduzível pelas ações de imunização,2010,0,de 1 a 4 anos
1.0,1.1. Reduzível pelas ações de imunização,2011,0,de 1 a 4 anos
1.0,1.1. Reduzível pelas ações de imunização,2012,0,de 1 a 4 anos
1.0,1.1. Reduzível pelas ações de imunização,2013,0,de 1 a 4 anos
1.0,1.1. Reduzível pelas ações de imunização,2014,0,de 1 a 4 anos
1.0,1.1. Reduzível pelas ações de imunização,2015,0,de 1 a 4 anos
1.0,1.1. Reduzível pelas ações de imunização,2016,0,de 1 a 4 anos
1.0,1.1. Reduzível pelas ações de imunização,2017,0,de 1 a 4 anos
1.0,1.1. Reduzível pelas ações de imunização,2018,0,de 1 a 4 anos
1.0,1.1. Reduzível pelas ações de imunização,2019,0,de 1 a 4 anos
1.0,1.1. Reduzível pelas ações de imunização,2020,0,de 1 a 4 anos
1.0,1.1. Reduzível pelas ações de imunização,2021,0,de 1 a 4 anos
1.0,1.1. Reduzível pelas ações de imunização,2022,1,de 1 a 4 anos
1.0,1.1. Reduzível pelas ações de imunização,2023,0,de 1 a 4 anos
1.0,1.1. Reduzível pelas ações de imunização,2024,0,de 1 a 4 anos
1.0,1.1. Reduzível pelas ações de imunização,2025,0,de 1 a 4 anos
1.0,1.2.1. Red por at à mulher na gestação,2006,0,de 1 a 4 anos
1.0,1.2.1. Red por at à mulher na gestação,2007,0,de 1 a 4 anos
1.0,1.2.1. Red por at à mulher na gestação,2008,0,de 1 a 4 anos
1.0,1.2.1. Red por at à mulher na gestação,2009,0,de 1 a 4 anos
1.0,1.2.1. Red por at à mulher na gestação,2010,1,de 1 a 4 anos
1.0,1.2.1. Red por at à mulher na gestação,2011,0,de 1 a 4 anos
1.0,1.2.1. Red por at à mulher na gestação,2012,2,de 1 a 4 anos
1.0,1.2.1. Red por at à mulher na gestação,2013,0,de 1 a 4 anos
1.0,1.2.1. Red por at à mulher na gestação,2014,0,de 1 a 4 anos
1.0,1.2.1. Red por at à mulher na gestação,2015,0,de 1 a 4 anos
1.0,1.2.1. Red por at à mulher na gestação,2016,0,de 1 a 4 anos
1.0,1.2.1. Red por at à mulher na gestação,2017,0,de 1 a 4 anos
1.0,1.2.1. Red por at à mulher na gestação,2018,0,de 1 a 4 anos
1.0,1.2.1. Red por at à mulher na gestação,2019,0,de 1 a 4 anos
1.0,1.2.1. Red por at à mulher na gestação,2020,0,de 1 a 4 anos
1.0,1.2.1. Red por at à mulher na gestação,2021,0,de 1 a 4 anos
1.0,1.2.1. Red por at à mulher na gestação,2022,0,de 1 a 4 anos
1.0,1.2.1. Red por at à mulher na gestação,2023,0,de 1 a 4 anos
1.0,1.2.1. Red por at à mulher na gestação,2024,0,de 1 a 4 anos
1.0,1.2.1. Red por at à mulher na gestação,2025,0,de 1 a 4 anos
1.0,1.2.2. Red por at à mulher no parto,2006,0,de 1 a 4 anos
1.0,1.2.2. Red por at à mulher no parto,2007,0,de 1 a 4 anos
1.0,1.2.2. Red por at à mulher no parto,2008,0,de 1 a 4 anos
1.0,1.2.2. Red por at à mulher no parto,2009,0,de 1 a 4 anos
1.0,1.2.2. Red por at à mulher no parto,2010,0,de 1 a 4 anos
1.0,1.2.2. Red por at à mulher no parto,2011,0,de 1 a 4 anos
1.0,1.2.2. Red por at à mulher no parto,2012,0,de 1 a 4 anos
1.0,1.2.2. Red por at à mulher no parto,2013,0,de 1 a 4 anos
1.0,1.2.2. Red por at à mulher no parto,2014,0,de 1 a 4 anos
1.0,1.2.2. Red por at à mulher no parto,2015,0,de 1 a 4 anos
1.0,1.2.2. Red por at à mulher no parto,2016,0,de 1 a 4 anos
1.0,1.2.2. Red por at à mulher no parto,2017,0,de 1 a 4 anos
1.0,1.2.2. Red por at à mulher no parto,2018,0,de 1 a 4 anos
1.0,1.2.2. Red por at à mulher no parto,2019,0,de 1 a 4 anos
1.0,1.2.2. Red por at à mulher no parto,2020,0,de 1 a 4 anos
1.0,1.2.2. Red por at à mulher no parto,2021,0,de 1 a 4 anos
1.0,1.2.2. Red por at à mulher no parto,2022,0,de 1 a 4 anos
1.0,1.2.2. Red por at à mulher no parto,2023,0,de 1 a 4 anos
1.0,1.2.2. Red por at à mulher no parto,2024,0,de 1 a 4 anos
1.0,1.2.2. Red por at à mulher no parto,2025,0,de 1 a 4 anos
1.0,1.2.3. Red por at ao recém-nascido,2006,1,de 1 a 4 anos
1.0,1.2.3. Red por at ao recém-nascido,2007,0,de 1 a 4 anos
1.0,1.2.3. Red por at ao recém-nascido,2008,0,de 1 a 4 anos
1.0,1.2.3. Red por at ao recém-nascido,2009,0,de 1 a 4 anos
1.0,1.2.3. Red por at ao recém-nascido,2010,0,de 1 a 4 anos
1.0,1.2.3. Red por at ao recém-nascido,2011,0,de 1 a 4 anos
1.0,1.2.3. Red por at ao recém-nascido,2012,0,de 1 a 4 anos
1.0,1.2.3. Red por at ao recém-nascido,2013,0,de 1 a 4 anos
1.0,1.2.3. Red por at ao recém-nascido,2014,0,de 1 a 4 anos
1.0,1.2.3. Red por at ao recém-nascido,2015,0,de 1 a 4 anos
1.0,1.2.3. Red por at ao recém-nascido,2016,0,de 1 a 4 anos
1.0,1.2.3. Red por at ao recém-nascido,2017,0,de 1 a 4 anos
1.0,1.2.3. Red por at ao recém-nascido,2018,0,de 1 a 4 anos
1.0,1.2.3. Red por at ao recém-nascido,2019,0,de 1 a 4 anos
1.0,1.2.3. Red por at ao recém-nascido,2020,0,de 1 a 4 anos
1.0,1.2.3. Red por at ao recém-nascido,2021,0,de 1 a 4 anos
1.0,1.2.3. Red por at ao recém-nascido,2022,0,de 1 a 4 anos
1.0,1.2.3. Red por at ao recém-nascido,2023,0,de 1 a 4 anos
1.0,1.2.3. Red por at ao recém-nascido,2024,0,de 1 a 4 anos
1.0,1.2.3. Red por at ao recém-nascido,2025,0,de 1 a 4 anos
1.0,1.3. Red por ações de diag e trat adequado,2006,2,de 1 a 4 anos
1.0,1.3. Red por ações de diag e trat adequado,2007,3,de 1 a 4 anos
1.0,1.3. Red por ações de diag e trat adequado,2008,3,de 1 a 4 anos
1.0,1.3. Red por ações de diag e trat adequado,2009,6,de 1 a 4 anos
1.0,1.3. Red por ações de diag e trat adequado,2010,5,de 1 a 4 anos
1.0,1.3. Red por ações de diag e trat adequado,2011,5,de 1 a 4 anos
1.0,1.3. Red por ações de diag e trat adequado,2012,2,de 1 a 4 anos
1.0,1.3. Red por ações de diag e trat adequado,2013,3,de 1 a 4 anos
1.0,1.3. Red por ações de diag e trat adequado,2014,2,de 1 a 4 anos
1.0,1.3. Red por ações de diag e trat adequado,2015,4,de 1 a 4 anos
1.0,1.3. Red por ações de diag e trat adequado,2016,0,de 1 a 4 anos
1.0,1.3. Red por ações de diag e trat adequado,2017,1,de 1 a 4 anos
1.0,1.3. Red por ações de diag e trat adequado,2018,1,de 1 a 4 anos
1.0,1.3. Red por ações de diag e trat adequado,2019,5,de 1 a 4 anos
1.0,1.3. Red por ações de diag e trat adequado,2020,2,de 1 a 4 anos
1.0,1.3. Red por ações de diag e trat adequado,2021,3,de 1 a 4 anos
1.0,1.3. Red por ações de diag e trat adequado,2022,0,de 1 a 4 anos
1.0,1.3. Red por ações de diag e trat adequado,2023,2,de 1 a 4 anos
1.0,1.3. Red por ações de diag e trat adequado,2024,1,de 1 a 4 anos
1.0,1.3. Red por ações de diag e trat adequado,2025,0,de 1 a 4 anos
1.0,1.4. Red por ações promoção vinc a atenção,2006,5,de 1 a 4 anos
1.0,1.4. Red por ações promoção vinc a atenção,2007,3,de 1 a 4 anos
1.0,1.4. Red por ações promoção vinc a atenção,2008,4,de 1 a 4 anos
1.0,1.4. Red por ações promoção vinc a atenção,2009,3,de 1 a 4 anos
1.0,1.4. Red por ações promoção vinc a atenção,2010,6,de 1 a 4 anos
1.0,1.4. Red por ações promoção vinc a atenção,2011,2,de 1 a 4 anos
1.0,1.4. Red por ações promoção vinc a atenção,2012,3,de 1 a 4 anos
1.0,1.4. Red por ações promoção vinc a atenção,2013,1,de 1 a 4 anos
1.0,1.4. Red por ações promoção vinc a atenção,2014,2,de 1 a 4 anos
1.0,1.4. Red por ações promoção vinc a atenção,2015,1,de 1 a 4 anos
1.0,1.4. Red por ações promoção vinc a atenção,2016,1,de 1 a 4 anos
1.0,1.4. Red por ações promoção vinc a atenção,2017,2,de 1 a 4 anos
1.0,1.4. Red por ações promoção vinc a atenção,2018,1,de 1 a 4 anos
1.0,1.4. Red por ações promoção vinc a atenção,2019,1,de 1 a 4 anos
1.0,1.4. Red por ações promoção vinc a atenção,2020,0,de 1 a 4 anos
1.0,1.4. Red por ações promoção vinc a atenção,2021,0,de 1 a 4 anos
1.0,1.4. Red por ações promoção vinc a atenção,2022,0,de 1 a 4 anos
1.0,1.4. Red por ações promoção vinc a atenção,2023,3,de 1 a 4 anos
1.0,1.4. Red por ações promoção vinc a atenção,2024,1,de 1 a 4 anos
1.0,1.4. Red por ações promoção vinc a atenção,2025,1,de 1 a 4 anos
1.0,2. Causas mal definidas,2006,0,de 1 a 4 anos
1.0,2. Causas mal definidas,2007,2,de 1 a 4 anos
1.0,2. Causas mal definidas,2008,2,de 1 a 4 anos
1.0,2. Causas mal definidas,2009,2,de 1 a 4 anos
1.0,2. Causas mal definidas,2010,1,de 1 a 4 anos
1.0,2. Causas mal definidas,2011,2,de 1 a 4 anos
1.0,2. Causas mal definidas,2012,1,de 1 a 4 anos
1.0,2. Causas mal definidas,2013,1,de 1 a 4 anos
1.0,2. Causas mal definidas,2014,0,de 1 a 4 anos
1.0,2. Causas mal definidas,2015,0,de 1 a 4 anos
1.0,2. Causas mal definidas,2016,0,de 1 a 4 anos
1.0,2. Causas mal definidas,2017,1,de 1 a 4 anos
1.0,2. Causas mal definidas,2018,0,de 1 a 4 anos
1.0,2. Causas mal definidas,2019,0,de 1 a 4 anos
1.0,2. Causas mal definidas,2020,0,de 1 a 4 anos
1.0,2. Causas mal definidas,2021,0,de 1 a 4 anos
1.0,2. Causas mal definidas,2022,1,de 1 a 4 anos
1.0,2. Causas mal definidas,2023,0,de 1 a 4 anos
1.0,2. Causas mal definidas,2024,1,de 1 a 4 anos
1.0,2. Causas mal definidas,2025,0,de 1 a 4 anos
1.0,3. Demais causas (não claramente evitáveis),2006,8,de 1 a 4 anos
1.0,3. Demais causas (não claramente evitáveis),2007,6,de 1 a 4 anos
1.0,3. Demais causas (não claramente evitáveis),2008,6,de 1 a 4 anos
1.0,3. Demais causas (não claramente evitáveis),2009,4,de 1 a 4 anos
1.0,3. Demais causas (não claramente evitáveis),2010,5,de 1 a 4 anos
1.0,3. Demais causas (não claramente evitáveis),2011,6,de 1 a 4 anos
1.0,3. Demais causas (não claramente evitáveis),2012,5,de 1 a 4 anos
1.0,3. Demais causas (não claramente evitáveis),2013,5,de 1 a 4 anos
1.0,3. Demais causas (não claramente evitáveis),2014,3,de 1 a 4 anos
1.0,3. Demais causas (não claramente evitáveis),2015,3,de 1 a 4 anos
1.0,3. Demais causas (não claramente evitáveis),2016,4,de 1 a 4 anos
1.0,3. Demais causas (não claramente evitáveis),2017,4,de 1 a 4 anos
1.0,3. Demais causas (não claramente evitáveis),2018,6,de 1 a 4 anos
1.0,3. Demais causas (não claramente evitáveis),2019,8,de 1 a 4 anos
1.0,3. Demais causas (não claramente evitáveis),2020,2,de 1 a 4 anos
1.0,3. Demais causas (não claramente evitáveis),2021,3,de 1 a 4 anos
1.0,3. Demais causas (não claramente evitáveis),2022,7,de 1 a 4 anos
1.0,3. Demais causas (não claramente evitáveis),2023,4,de 1 a 4 anos
1.0,3. Demais causas (não claramente evitáveis),2024,3,de 1 a 4 anos
1.0,3. Demais causas (não claramente evitáveis),2025,4,de 1 a 4 anos
2.1,1.1. Reduzível pelas ações de imunização,2006,0,de 1 a 4 anos
2.1,1.1. Reduzível pelas ações de imunização,2007,0,de 1 a 4 anos
2.1,1.1. Reduzível pelas ações de imunização,2008,0,de 1 a 4 anos
2.1,1.1. Reduzível pelas ações de imunização,2009,0,de 1 a 4 anos
2.1,1.1. Reduzível pelas ações de imunização,2010,0,de 1 a 4 anos
2.1,1.1. Reduzível pelas ações de imunização,2011,0,de 1 a 4 anos
2.1,1.1. Reduzível pelas ações de imunização,2012,0,de 1 a 4 anos
2.1,1.1. Reduzível pelas ações de imunização,2013,0,de 1 a 4 anos
2.1,1.1. Reduzível pelas ações de imunização,2014,0,de 1 a 4 anos
2.1,1.1. Reduzível pelas ações de imunização,2015,0,de 1 a 4 anos
2.1,1.1. Reduzível pelas ações de imunização,2016,0,de 1 a 4 anos
2.1,1.1. Reduzível pelas ações de imunização,2017,0,de 1 a 4 anos
2.1,1.1. Reduzível pelas ações de imunização,2018,0,de 1 a 4 anos
2.1,1.1. Reduzível pelas ações de imunização,2019,0,de 1 a 4 anos
2.1,1.1. Reduzível pelas ações de imunização,2020,0,de 1 a 4 anos
2.1,1.1. Reduzível pelas ações de imunização,2021,0,de 1 a 4 anos
2.1,1.1. Reduzível pelas ações de imunização,2022,0,de 1 a 4 anos
2.1,1.1. Reduzível pelas ações de imunização,2023,0,de 1 a 4 anos
2.1,1.1. Reduzível pelas ações de imunização,2024,0,de 1 a 4 anos
2.1,1.1. Reduzível pelas ações de imunização,2025,0,de 1 a 4 anos
2.1,1.2.1. Red por at à mulher na gestação,2006,0,de 1 a 4 anos
2.1,1.2.1. Red por at à mulher na gestação,2007,0,de 1 a 4 anos
2.1,1.2.1. Red por at à mulher na gestação,2008,0,de 1 a 4 anos
2.1,1.2.1. Red por at à mulher na gestação,2009,0,de 1 a 4 anos
2.1,1.2.1. Red por at à mulher na gestação,2010,0,de 1 a 4 anos
2.1,1.2.1. Red por at à mulher na gestação,2011,0,de 1 a 4 anos
2.1,1.2.1. Red por at à mulher na gestação,2012,0,de 1 a 4 anos
2.1,1.2.1. Red por at à mulher na gestação,2013,0,de 1 a 4 anos
2.1,1.2.1. Red por at à mulher na gestação,2014,0,de 1 a 4 anos
2.1,1.2.1. Red por at à mulher na gestação,2015,0,de 1 a 4 anos
2.1,1.2.1. Red por at à mulher na gestação,2016,0,de 1 a 4 anos
2.1,1.2.1. Red por at à mulher na gestação,2017,0,de 1 a 4 anos
2.1,1.2.1. Red por at à mulher na gestação,2018,0,de 1 a 4 anos
2.1,1.2.1. Red por at à mulher na gestação,2019,0,de 1 a 4 anos
2.1,1.2.1. Red por at à mulher na gestação,2020,0,de 1 a 4 anos
2.1,1.2.1. Red por at à mulher na gestação,2021,0,de 1 a 4 anos
2.1,1.2.1. Red por at à mulher na gestação,2022,0,de 1 a 4 anos
2.1,1.2.1. Red por at à mulher na gestação,2023,0,de 1 a 4 anos
2.1,1.2.1. Red por at à mulher na gestação,2024,0,de 1 a 4 anos
2.1,1.2.1. Red por at à mulher na gestação,2025,0,de 1 a 4 anos
2.1,1.2.2. Red por at à mulher no parto,2006,1,de 1 a 4 anos
2.1,1.2.2. Red por at à mulher no parto,2007,0,de 1 a 4 anos
2.1,1.2.2. Red por at à mulher no parto,2008,0,de 1 a 4 anos
2.1,1.2.2. Red por at à mulher no parto,2009,0,de 1 a 4 anos
2.1,1.2.2. Red por at à mulher no parto,2010,0,de 1 a 4 anos
2.1,1.2.2. Red por at à mulher no parto,2011,0,de 1 a 4 anos
2.1,1.2.2. Red por at à mulher no parto,2012,0,de 1 a 4 anos
2.1,1.2.2. Red por at à mulher no parto,2013,0,de 1 a 4 anos
2.1,1.2.2. Red por at à mulher no parto,2014,1,de 1 a 4 anos
2.1,1.2.2. Red por at à mulher no parto,2015,0,de 1 a 4 anos
2.1,1.2.2. Red por at à mulher no parto,2016,0,de 1 a 4 anos
2.1,1.2.2. Red por at à mulher no parto,2017,0,de 1 a 4 anos
2.1,1.2.2. Red por at à mulher no parto,2018,0,de 1 a 4 anos
2.1,1.2.2. Red por at à mulher no parto,2019,0,de 1 a 4 anos
2.1,1.2.2. Red por at à mulher no parto,2020,0,de 1 a 4 anos
2.1,1.2.2. Red por at à mulher no parto,2021,0,de 1 a 4 anos
2.1,1.2.2. Red por at à mulher no parto,2022,0,de 1 a 4 anos
2.1,1.2.2. Red por at à mulher no parto,2023,0,de 1 a 4 anos
2.1,1.2.2. Red por at à mulher no parto,2024,0,de 1 a 4 anos
2.1,1.2.2. Red por at à mulher no parto,2025,0,de 1 a 4 anos
2.1,1.2.3. Red por at ao recém-nascido,2006,0,de 1 a 4 anos
2.1,1.2.3. Red por at ao recém-nascido,2007,0,de 1 a 4 anos
2.1,1.2.3. Red por at ao recém-nascido,2008,0,de 1 a 4 anos
2.1,1.2.3. Red por at ao recém-nascido,2009,0,de 1 a 4 anos
2.1,1.2.3. Red por at ao recém-nascido,2010,0,de 1 a 4 anos
2.1,1.2.3. Red por at ao recém-nascido,2011,0,de 1 a 4 anos
2.1,1.2.3. Red por at ao recém-nascido,2012,0,de 1 a 4 anos
2.1,1.2.3. Red por at ao recém-nascido,2013,0,de 1 a 4 anos
2.1,1.2.3. Red por at ao recém-nascido,2014,0,de 1 a 4 anos
2.1,1.2.3. Red por at ao recém-nascido,2015,0,de 1 a 4 anos
2.1,1.2.3. Red por at ao recém-nascido,2016,0,de 1 a 4 anos
2.1,1.2.3. Red por at ao recém-nascido,2017,0,de 1 a 4 anos
2.1,1.2.3. Red por at ao recém-nascido,2018,0,de 1 a 4 anos
2.1,1.2.3. Red por at ao recém-nascido,2019,1,de 1 a 4 anos
2.1,1.2.3. Red por at ao recém-nascido,2020,0,de 1 a 4 anos
2.1,1.2.3. Red por at ao recém-nascido,2021,0,de 1 a 4 anos
2.1,1.2.3. Red por at ao recém-nascido,2022,0,de 1 a 4 anos
2.1,1.2.3. Red por at ao recém-nascido,2023,0,de 1 a 4 anos
2.1,1.2.3. Red por at ao recém-nascido,2024,0,de 1 a 4 anos
2.1,1.2.3. Red por at ao recém-nascido,2025,0,de 1 a 4 anos
2.1,1.3. Red por ações de diag e trat adequado,2006,0,de 1 a 4 anos
2.1,1.3. Red por ações de diag e trat adequado,2007,1,de 1 a 4 anos
2.1,1.3. Red por ações de diag e trat adequado,2008,1,de 1 a 4 anos
2.1,1.3. Red por ações de diag e trat adequado,2009,0,de 1 a 4 anos
2.1,1.3. Red por ações de diag e trat adequado,2010,6,de 1 a 4 anos
2.1,1.3. Red por ações de diag e trat adequado,2011,1,de 1 a 4 anos
2.1,1.3. Red por ações de diag e trat adequado,2012,2,de 1 a 4 anos
2.1,1.3. Red por ações de diag e trat adequado,2013,2,de 1 a 4 anos
2.1,1.3. Red por ações de diag e trat adequado,2014,0,de 1 a 4 anos
2.1,1.3. Red por ações de diag e trat adequado,2015,4,de 1 a 4 anos
2.1,1.3. Red por ações de diag e trat adequado,2016,2,de 1 a 4 anos
2.1,1.3. Red por ações de diag e trat adequado,2017,2,de 1 a 4 anos
2.1,1.3. Red por ações de diag e trat adequado,2018,3,de 1 a 4 anos
2.1,1.3. Red por ações de diag e trat adequado,2019,2,de 1 a 4 anos
2.1,1.3. Red por ações de diag e trat adequado,2020,0,de 1 a 4 anos
2.1,1.3. Red por ações de diag e trat adequado,2021,1,de 1 a 4 anos
2.1,1.3. Red por ações de diag e trat adequado,2022,1,de 1 a 4 anos
2.1,1.3. Red por ações de diag e trat adequado,2023,2,de 1 a 4 anos
2.1,1.3. Red por ações de diag e trat adequado,2024,1,de 1 a 4 anos
2.1,1.3. Red por ações de diag e trat adequado,2025,2,de 1 a 4 anos
2.1,1.4. Red por ações promoção vinc a atenção,2006,2,de 1 a 4 anos
2.1,1.4. Red por ações promoção vinc a atenção,2007,2,de 1 a 4 anos
2.1,1.4. Red por ações promoção vinc a atenção,2008,2,de 1 a 4 anos
2.1,1.4. Red por ações promoção vinc a atenção,2009,1,de 1 a 4 anos
2.1,1.4. Red por ações promoção vinc a atenção,2010,2,de 1 a 4 anos
2.1,1.4. Red por ações promoção vinc a atenção,2011,1,de 1 a 4 anos
2.1,1.4. Red por ações promoção vinc a atenção,2012,1,de 1 a 4 anos
2.1,1.4. Red por ações promoção vinc a atenção,2013,0,de 1 a 4 anos
2.1,1.4. Red por ações promoção vinc a atenção,2014,1,de 1 a 4 anos
2.1,1.4. Red por ações promoção vinc a atenção,2015,3,de 1 a 4 anos
2.1,1.4. Red por ações promoção vinc a atenção,2016,1,de 1 a 4 anos
2.1,1.4. Red por ações promoção vinc a atenção,2017,2,de 1 a 4 anos
2.1,1.4. Red por ações promoção vinc a atenção,2018,2,de 1 a 4 anos
2.1,1.4. Red por ações promoção vinc a atenção,2019,0,de 1 a 4 anos
2.1,1.4. Red por ações promoção vinc a atenção,2020,2,de 1 a 4 anos
2.1,1.4. Red por ações promoção vinc a atenção,2021,1,de 1 a 4 anos
2.1,1.4. Red por ações promoção vinc a atenção,2022,0,de 1 a 4 anos
2.1,1.4. Red por ações promoção vinc a atenção,2023,0,de 1 a 4 anos
2.1,1.4. Red por ações promoção vinc a atenção,2024,1,de 1 a 4 anos
2.1,1.4. Red por ações promoção vinc a atenção,2025,0,de 1 a 4 anos
2.1,2. Causas mal definidas,2006,0,de 1 a 4 anos
2.1,2. Causas mal definidas,2007,1,de 1 a 4 anos
2.1,2. Causas mal definidas,2008,1,de 1 a 4 anos
2.1,2. Causas mal definidas,2009,0,de 1 a 4 anos
2.1,2. Causas mal definidas,2010,1,de 1 a 4 anos
2.1,2. Causas mal definidas,2011,2,de 1 a 4 anos
2.1,2. Causas mal definidas,2012,1,de 1 a 4 anos
2.1,2. Causas mal definidas,2013,1,de 1 a 4 anos
2.1,2. Causas mal definidas,2014,1,de 1 a 4 anos
2.1,2. Causas mal definidas,2015,0,de 1 a 4 anos
2.1,2. Causas mal definidas,2016,0,de 1 a 4 anos
2.1,2. Causas mal definidas,2017,1,de 1 a 4 anos
2.1,2. Causas mal definidas,2018,0,de 1 a 4 anos
2.1,2. Causas mal definidas,2019,0,de 1 a 4 anos
2.1,2. Causas mal definidas,2020,0,de 1 a 4 anos
2.1,2. Causas mal definidas,2021,1,de 1 a 4 anos
2.1,2. Causas mal definidas,2022,2,de 1 a 4 anos
2.1,2. Causas mal definidas,2023,0,de 1 a 4 anos
2.1,2. Causas mal definidas,2024,0,de 1 a 4 anos
2.1,2. Causas mal definidas,2025,0,de 1 a 4 anos
2.1,3. Demais causas (não claramente evitáveis),2006,4,de 1 a 4 anos
2.1,3. Demais causas (não claramente evitáveis),2007,10,de 1 a 4 anos
2.1,3. Demais causas (não claramente evitáveis),2008,4,de 1 a 4 anos
2.1,3. Demais causas (não claramente evitáveis),2009,7,de 1 a 4 anos
2.1,3. Demais causas (não claramente evitáveis),2010,6,de 1 a 4 anos
2.1,3. Demais causas (não claramente evitáveis),2011,5,de 1 a 4 anos
2.1,3. Demais causas (não claramente evitáveis),2012,2,de 1 a 4 anos
2.1,3. Demais causas (não claramente evitáveis),2013,6,de 1 a 4 anos
2.1,3. Demais causas (não claramente evitáveis),2014,2,de 1 a 4 anos
2.1,3. Demais causas (não claramente evitáveis),2015,5,de 1 a 4 anos
2.1,3. Demais causas (não claramente evitáveis),2016,4,de 1 a 4 anos
2.1,3. Demais causas (não claramente evitáveis),2017,6,de 1 a 4 anos
2.1,3. Demais causas (não claramente evitáveis),2018,2,de 1 a 4 anos
2.1,3. Demais causas (não claramente evitáveis),2019,6,de 1 a 4 anos
2.1,3. Demais causas (não claramente evitáveis),2020,4,de 1 a 4 anos
2.1,3. Demais causas (não claramente evitáveis),2021,4,de 1 a 4 anos
2.1,3. Demais causas (não claramente evitáveis),2022,2,de 1 a 4 anos
2.1,3. Demais causas (não claramente evitáveis),2023,2,de 1 a 4 anos
2.1,3. Demais causas (não claramente evitáveis),2024,1,de 1 a 4 anos
2.1,3. Demais causas (não claramente evitáveis),2025,1,de 1 a 4 anos
2.2,1.1. Reduzível pelas ações de imunização,2006,0,de 1 a 4 anos
2.2,1.1. Reduzível pelas ações de imunização,2007,0,de 1 a 4 anos
2.2,1.1. Reduzível pelas ações de imunização,2008,0,de 1 a 4 anos
2.2,1.1. Reduzível pelas ações de imunização,2009,0,de 1 a 4 anos
2.2,1.1. Reduzível pelas ações de imunização,2010,0,de 1 a 4 anos
2.2,1.1. Reduzível pelas ações de imunização,2011,0,de 1 a 4 anos
2.2,1.1. Reduzível pelas ações de imunização,2012,0,de 1 a 4 anos
2.2,1.1. Reduzível pelas ações de imunização,2013,0,de 1 a 4 anos
2.2,1.1. Reduzível pelas ações de imunização,2014,0,de 1 a 4 anos
2.2,1.1. Reduzível pelas ações de imunização,2015,1,de 1 a 4 anos
2.2,1.1. Reduzível pelas ações de imunização,2016,0,de 1 a 4 anos
2.2,1.1. Reduzível pelas ações de imunização,2017,0,de 1 a 4 anos
2.2,1.1. Reduzível pelas ações de imunização,2018,0,de 1 a 4 anos
2.2,1.1. Reduzível pelas ações de imunização,2019,0,de 1 a 4 anos
2.2,1.1. Reduzível pelas ações de imunização,2020,0,de 1 a 4 anos
2.2,1.1. Reduzível pelas ações de imunização,2021,0,de 1 a 4 anos
2.2,1.1. Reduzível pelas ações de imunização,2022,0,de 1 a 4 anos
2.2,1.1. Reduzível pelas ações de imunização,2023,0,de 1 a 4 anos
2.2,1.1. Reduzível pelas ações de imunização,2024,0,de 1 a 4 anos
2.2,1.1. Reduzível pelas ações de imunização,2025,0,de 1 a 4 anos
2.2,1.2.1. Red por at à mulher na gestação,2006,0,de 1 a 4 anos
2.2,1.2.1. Red por at à mulher na gestação,2007,0,de 1 a 4 anos
2.2,1.2.1. Red por at à mulher na gestação,2008,0,de 1 a 4 anos
2.2,1.2.1. Red por at à mulher na gestação,2009,0,de 1 a 4 anos
2.2,1.2.1. Red por at à mulher na gestação,2010,0,de 1 a 4 anos
2.2,1.2.1. Red por at à mulher na gestação,2011,0,de 1 a 4 anos
2.2,1.2.1. Red por at à mulher na gestação,2012,0,de 1 a 4 anos
2.2,1.2.1. Red por at à mulher na gestação,2013,0,de 1 a 4 anos
2.2,1.2.1. Red por at à mulher na gestação,2014,0,de 1 a 4 anos
2.2,1.2.1. Red por at à mulher na gestação,2015,0,de 1 a 4 anos
2.2,1.2.1. Red por at à mulher na gestação,2016,0,de 1 a 4 anos
2.2,1.2.1. Red por at à mulher na gestação,2017,0,de 1 a 4 anos
2.2,1.2.1. Red por at à mulher na gestação,2018,0,de 1 a 4 anos
2.2,1.2.1. Red por at à mulher na gestação,2019,0,de 1 a 4 anos
2.2,1.2.1. Red por at à mulher na gestação,2020,0,de 1 a 4 anos
2.2,1.2.1. Red por at à mulher na gestação,2021,0,de 1 a 4 anos
2.2,1.2.1. Red por at à mulher na gestação,2022,0,de 1 a 4 anos
2.2,1.2.1. Red por at à mulher na gestação,2023,0,de 1 a 4 anos
2.2,1.2.1. Red por at à mulher na gestação,2024,0,de 1 a 4 anos
2.2,1.2.1. Red por at à mulher na gestação,2025,0,de 1 a 4 anos
2.2,1.2.2. Red por at à mulher no parto,2006,0,de 1 a 4 anos
2.2,1.2.2. Red por at à mulher no parto,2007,0,de 1 a 4 anos
2.2,1.2.2. Red por at à mulher no parto,2008,0,de 1 a 4 anos
2.2,1.2.2. Red por at à mulher no parto,2009,0,de 1 a 4 anos
2.2,1.2.2. Red por at à mulher no parto,2010,0,de 1 a 4 anos
2.2,1.2.2. Red por at à mulher no parto,2011,0,de 1 a 4 anos
2.2,1.2.2. Red por at à mulher no parto,2012,0,de 1 a 4 anos
2.2,1.2.2. Red por at à mulher no parto,2013,0,de 1 a 4 anos
2.2,1.2.2. Red por at à mulher no parto,2014,0,de 1 a 4 anos
2.2,1.2.2. Red por at à mulher no parto,2015,0,de 1 a 4 anos
2.2,1.2.2. Red por at à mulher no parto,2016,0,de 1 a 4 anos
2.2,1.2.2. Red por at à mulher no parto,2017,0,de 1 a 4 anos
2.2,1.2.2. Red por at à mulher no parto,2018,0,de 1 a 4 anos
2.2,1.2.2. Red por at à mulher no parto,2019,0,de 1 a 4 anos
2.2,1.2.2. Red por at à mulher no parto,2020,0,de 1 a 4 anos
2.2,1.2.2. Red por at à mulher no parto,2021,0,de 1 a 4 anos
2.2,1.2.2. Red por at à mulher no parto,2022,0,de 1 a 4 anos
2.2,1.2.2. Red por at à mulher no parto,2023,0,de 1 a 4 anos
2.2,1.2.2. Red por at à mulher no parto,2024,0,de 1 a 4 anos
2.2,1.2.2. Red por at à mulher no parto,2025,0,de 1 a 4 anos
2.2,1.2.3. Red por at ao recém-nascido,2006,0,de 1 a 4 anos
2.2,1.2.3. Red por at ao recém-nascido,2007,0,de 1 a 4 anos
2.2,1.2.3. Red por at ao recém-nascido,2008,0,de 1 a 4 anos
2.2,1.2.3. Red por at ao recém-nascido,2009,0,de 1 a 4 anos
2.2,1.2.3. Red por at ao recém-nascido,2010,0,de 1 a 4 anos
2.2,1.2.3. Red por at ao recém-nascido,2011,0,de 1 a 4 anos
2.2,1.2.3. Red por at ao recém-nascido,2012,0,de 1 a 4 anos
2.2,1.2.3. Red por at ao recém-nascido,2013,0,de 1 a 4 anos
2.2,1.2.3. Red por at ao recém-nascido,2014,0,de 1 a 4 anos
2.2,1.2.3. Red por at ao recém-nascido,2015,0,de 1 a 4 anos
2.2,1.2.3. Red por at ao recém-nascido,2016,0,de 1 a 4 anos
2.2,1.2.3. Red por at ao recém-nascido,2017,0,de 1 a 4 anos
2.2,1.2.3. Red por at ao recém-nascido,2018,0,de 1 a 4 anos
2.2,1.2.3. Red por at ao recém-nascido,2019,0,de 1 a 4 anos
2.2,1.2.3. Red por at ao recém-nascido,2020,0,de 1 a 4 anos
2.2,1.2.3. Red por at ao recém-nascido,2021,0,de 1 a 4 anos
2.2,1.2.3. Red por at ao recém-nascido,2022,0,de 1 a 4 anos
2.2,1.2.3. Red por at ao recém-nascido,2023,0,de 1 a 4 anos
2.2,1.2.3. Red por at ao recém-nascido,2024,0,de 1 a 4 anos
2.2,1.2.3. Red por at ao recém-nascido,2025,0,de 1 a 4 anos
2.2,1.3. Red por ações de diag e trat adequado,2006,3,de 1 a 4 anos
2.2,1.3. Red por ações de diag e trat adequado,2007,2,de 1 a 4 anos
2.2,1.3. Red por ações de diag e trat adequado,2008,2,de 1 a 4 anos
2.2,1.3. Red por ações de diag e trat adequado,2009,2,de 1 a 4 anos
2.2,1.3. Red por ações de diag e trat adequado,2010,0,de 1 a 4 anos
2.2,1.3. Red por ações de diag e trat adequado,2011,0,de 1 a 4 anos
2.2,1.3. Red por ações de diag e trat adequado,2012,2,de 1 a 4 anos
2.2,1.3. Red por ações de diag e trat adequado,2013,3,de 1 a 4 anos
2.2,1.3. Red por ações de diag e trat adequado,2014,1,de 1 a 4 anos
2.2,1.3. Red por ações de diag e trat adequado,2015,1,de 1 a 4 anos
2.2,1.3. Red por ações de diag e trat adequado,2016,0,de 1 a 4 anos
2.2,1.3. Red por ações de diag e trat adequado,2017,1,de 1 a 4 anos
2.2,1.3. Red por ações de diag e trat adequado,2018,3,de 1 a 4 anos
2.2,1.3. Red por ações de diag e trat adequado,2019,0,de 1 a 4 anos
2.2,1.3. Red por ações de diag e trat adequado,2020,0,de 1 a 4 anos
2.2,1.3. Red por ações de diag e trat adequado,2021,0,de 1 a 4 anos
2.2,1.3. Red por ações de diag e trat adequado,2022,0,de 1 a 4 anos
2.2,1.3. Red por ações de diag e trat adequado,2023,3,de 1 a 4 anos
2.2,1.3. Red por ações de diag e trat adequado,2024,1,de 1 a 4 anos
2.2,1.3. Red por ações de diag e trat adequado,2025,2,de 1 a 4 anos
2.2,1.4. Red por ações promoção vinc a atenção,2006,2,de 1 a 4 anos
2.2,1.4. Red por ações promoção vinc a atenção,2007,2,de 1 a 4 anos
2.2,1.4. Red por ações promoção vinc a atenção,2008,2,de 1 a 4 anos
2.2,1.4. Red por ações promoção vinc a atenção,2009,1,de 1 a 4 anos
2.2,1.4. Red por ações promoção vinc a atenção,2010,2,de 1 a 4 anos
2.2,1.4. Red por ações promoção vinc a atenção,2011,2,de 1 a 4 anos
2.2,1.4. Red por ações promoção vinc a atenção,2012,0,de 1 a 4 anos
2.2,1.4. Red por ações promoção vinc a atenção,2013,0,de 1 a 4 anos
2.2,1.4. Red por ações promoção vinc a atenção,2014,0,de 1 a 4 anos
2.2,1.4. Red por ações promoção vinc a atenção,2015,1,de 1 a 4 anos
2.2,1.4. Red por ações promoção vinc a atenção,2016,1,de 1 a 4 anos
2.2,1.4. Red por ações promoção vinc a atenção,2017,2,de 1 a 4 anos
2.2,1.4. Red por ações promoção vinc a atenção,2018,1,de 1 a 4 anos
2.2,1.4. Red por ações promoção vinc a atenção,2019,1,de 1 a 4 anos
2.2,1.4. Red por ações promoção vinc a atenção,2020,1,de 1 a 4 anos
2.2,1.4. Red por ações promoção vinc a atenção,2021,1,de 1 a 4 anos
2.2,1.4. Red por ações promoção vinc a atenção,2022,0,de 1 a 4 anos
2.2,1.4. Red por ações promoção vinc a atenção,2023,2,de 1 a 4 anos
2.2,1.4. Red por ações promoção vinc a atenção,2024,0,de 1 a 4 anos
2.2,1.4. Red por ações promoção vinc a atenção,2025,4,de 1 a 4 anos
2.2,2. Causas mal definidas,2006,0,de 1 a 4 anos
2.2,2. Causas mal definidas,2007,1,de 1 a 4 anos
2.2,2. Causas mal definidas,2008,0,de 1 a 4 anos
2.2,2. Causas mal definidas,2009,1,de 1 a 4 anos
2.2,2. Causas mal definidas,2010,3,de 1 a 4 anos
2.2,2. Causas mal definidas,2011,0,de 1 a 4 anos
2.2,2. Causas mal definidas,2012,1,de 1 a 4 anos
2.2,2. Causas mal definidas,2013,0,de 1 a 4 anos
2.2,2. Causas mal definidas,2014,0,de 1 a 4 anos
2.2,2. Causas mal definidas,2015,0,de 1 a 4 anos
2.2,2. Causas mal definidas,2016,0,de 1 a 4 anos
2.2,2. Causas mal definidas,2017,0,de 1 a 4 anos
2.2,2. Causas mal definidas,2018,1,de 1 a 4 anos
2.2,2. Causas mal definidas,2019,1,de 1 a 4 anos
2.2,2. Causas mal definidas,2020,0,de 1 a 4 anos
2.2,2. Causas mal definidas,2021,1,de 1 a 4 anos
2.2,2. Causas mal definidas,2022,0,de 1 a 4 anos
2.2,2. Causas mal definidas,2023,0,de 1 a 4 anos
2.2,2. Causas mal definidas,2024,0,de 1 a 4 anos
2.2,2. Causas mal definidas,2025,0,de 1 a 4 anos
2.2,3. Demais causas (não claramente evitáveis),2006,7,de 1 a 4 anos
2.2,3. Demais causas (não claramente evitáveis),2007,8,de 1 a 4 anos
2.2,3. Demais causas (não claramente evitáveis),2008,3,de 1 a 4 anos
2.2,3. Demais causas (não claramente evitáveis),2009,5,de 1 a 4 anos
2.2,3. Demais causas (não claramente evitáveis),2010,4,de 1 a 4 anos
2.2,3. Demais causas (não claramente evitáveis),2011,2,de 1 a 4 anos
2.2,3. Demais causas (não claramente evitáveis),2012,6,de 1 a 4 anos
2.2,3. Demais causas (não claramente evitáveis),2013,5,de 1 a 4 anos
2.2,3. Demais causas (não claramente evitáveis),2014,8,de 1 a 4 anos
2.2,3. Demais causas (não claramente evitáveis),2015,5,de 1 a 4 anos
2.2,3. Demais causas (não claramente evitáveis),2016,5,de 1 a 4 anos
2.2,3. Demais causas (não claramente evitáveis),2017,3,de 1 a 4 anos
2.2,3. Demais causas (não claramente evitáveis),2018,4,de 1 a 4 anos
2.2,3. Demais causas (não claramente evitáveis),2019,1,de 1 a 4 anos
2.2,3. Demais causas (não claramente evitáveis),2020,3,de 1 a 4 anos
2.2,3. Demais causas (não claramente evitáveis),2021,2,de 1 a 4 anos
2.2,3. Demais causas (não claramente evitáveis),2022,2,de 1 a 4 anos
2.2,3. Demais causas (não claramente evitáveis),2023,0,de 1 a 4 anos
2.2,3. Demais causas (não claramente evitáveis),2024,0,de 1 a 4 anos
2.2,3. Demais causas (não claramente evitáveis),2025,0,de 1 a 4 anos
3.1,1.1. Reduzível pelas ações de imunização,2006,0,de 1 a 4 anos
3.1,1.1. Reduzível pelas ações de imunização,2007,0,de 1 a 4 anos
3.1,1.1. Reduzível pelas ações de imunização,2008,0,de 1 a 4 anos
3.1,1.1. Reduzível pelas ações de imunização,2009,0,de 1 a 4 anos
3.1,1.1. Reduzível pelas ações de imunização,2010,0,de 1 a 4 anos
3.1,1.1. Reduzível pelas ações de imunização,2011,0,de 1 a 4 anos
3.1,1.1. Reduzível pelas ações de imunização,2012,0,de 1 a 4 anos
3.1,1.1. Reduzível pelas ações de imunização,2013,0,de 1 a 4 anos
3.1,1.1. Reduzível pelas ações de imunização,2014,0,de 1 a 4 anos
3.1,1.1. Reduzível pelas ações de imunização,2015,0,de 1 a 4 anos
3.1,1.1. Reduzível pelas ações de imunização,2016,0,de 1 a 4 anos
3.1,1.1. Reduzível pelas ações de imunização,2017,1,de 1 a 4 anos
3.1,1.1. Reduzível pelas ações de imunização,2018,0,de 1 a 4 anos
3.1,1.1. Reduzível pelas ações de imunização,2019,0,de 1 a 4 anos
3.1,1.1. Reduzível pelas ações de imunização,2020,0,de 1 a 4 anos
3.1,1.1. Reduzível pelas ações de imunização,2021,0,de 1 a 4 anos
3.1,1.1. Reduzível pelas ações de imunização,2022,0,de 1 a 4 anos
3.1,1.1. Reduzível pelas ações de imunização,2023,0,de 1 a 4 anos
3.1,1.1. Reduzível pelas ações de imunização,2024,0,de 1 a 4 anos
3.1,1.1. Reduzível pelas ações de imunização,2025,0,de 1 a 4 anos
3.1,1.2.1. Red por at à mulher na gestação,2006,0,de 1 a 4 anos
3.1,1.2.1. Red por at à mulher na gestação,2007,0,de 1 a 4 anos
3.1,1.2.1. Red por at à mulher na gestação,2008,0,de 1 a 4 anos
3.1,1.2.1. Red por at à mulher na gestação,2009,1,de 1 a 4 anos
3.1,1.2.1. Red por at à mulher na gestação,2010,0,de 1 a 4 anos
3.1,1.2.1. Red por at à mulher na gestação,2011,2,de 1 a 4 anos
3.1,1.2.1. Red por at à mulher na gestação,2012,0,de 1 a 4 anos
3.1,1.2.1. Red por at à mulher na gestação,2013,0,de 1 a 4 anos
3.1,1.2.1. Red por at à mulher na gestação,2014,0,de 1 a 4 anos
3.1,1.2.1. Red por at à mulher na gestação,2015,1,de 1 a 4 anos
3.1,1.2.1. Red por at à mulher na gestação,2016,0,de 1 a 4 anos
3.1,1.2.1. Red por at à mulher na gestação,2017,0,de 1 a 4 anos
3.1,1.2.1. Red por at à mulher na gestação,2018,0,de 1 a 4 anos
3.1,1.2.1. Red por at à mulher na gestação,2019,0,de 1 a 4 anos
3.1,1.2.1. Red por at à mulher na gestação,2020,0,de 1 a 4 anos
3.1,1.2.1. Red por at à mulher na gestação,2021,0,de 1 a 4 anos
3.1,1.2.1. Red por at à mulher na gestação,2022,0,de 1 a 4 anos
3.1,1.2.1. Red por at à mulher na gestação,2023,0,de 1 a 4 anos
3.1,1.2.1. Red por at à mulher na gestação,2024,0,de 1 a 4 anos
3.1,1.2.1. Red por at à mulher na gestação,2025,0,de 1 a 4 anos
3.1,1.2.2. Red por at à mulher no parto,2006,0,de 1 a 4 anos
3.1,1.2.2. Red por at à mulher no parto,2007,0,de 1 a 4 anos
3.1,1.2.2. Red por at à mulher no parto,2008,0,de 1 a 4 anos
3.1,1.2.2. Red por at à mulher no parto,2009,0,de 1 a 4 anos
3.1,1.2.2. Red por at à mulher no parto,2010,0,de 1 a 4 anos
3.1,1.2.2. Red por at à mulher no parto,2011,0,de 1 a 4 anos
3.1,1.2.2. Red por at à mulher no parto,2012,0,de 1 a 4 anos
3.1,1.2.2. Red por at à mulher no parto,2013,0,de 1 a 4 anos
3.1,1.2.2. Red por at à mulher no parto,2014,0,de 1 a 4 anos
3.1,1.2.2. Red por at à mulher no parto,2015,0,de 1 a 4 anos
3.1,1.2.2. Red por at à mulher no parto,2016,0,de 1 a 4 anos
3.1,1.2.2. Red por at à mulher no parto,2017,0,de 1 a 4 anos
3.1,1.2.2. Red por at à mulher no parto,2018,0,de 1 a 4 anos
3.1,1.2.2. Red por at à mulher no parto,2019,0,de 1 a 4 anos
3.1,1.2.2. Red por at à mulher no parto,2020,0,de 1 a 4 anos
3.1,1.2.2. Red por at à mulher no parto,2021,0,de 1 a 4 anos
3.1,1.2.2. Red por at à mulher no parto,2022,0,de 1 a 4 anos
3.1,1.2.2. Red por at à mulher no parto,2023,0,de 1 a 4 anos
3.1,1.2.2. Red por at à mulher no parto,2024,0,de 1 a 4 anos
3.1,1.2.2. Red por at à mulher no parto,2025,0,de 1 a 4 anos
3.1,1.2.3. Red por at ao recém-nascido,2006,0,de 1 a 4 anos
3.1,1.2.3. Red por at ao recém-nascido,2007,0,de 1 a 4 anos
3.1,1.2.3. Red por at ao recém-nascido,2008,0,de 1 a 4 anos
3.1,1.2.3. Red por at ao recém-nascido,2009,0,de 1 a 4 anos
3.1,1.2.3. Red por at ao recém-nascido,2010,0,de 1 a 4 anos
3.1,1.2.3. Red por at ao recém-nascido,2011,0,de 1 a 4 anos
3.1,1.2.3. Red por at ao recém-nascido,2012,0,de 1 a 4 anos
3.1,1.2.3. Red por at ao recém-nascido,2013,0,de 1 a 4 anos
3.1,1.2.3. Red por at ao recém-nascido,2014,0,de 1 a 4 anos
3.1,1.2.3. Red por at ao recém-nascido,2015,0,de 1 a 4 anos
3.1,1.2.3. Red por at ao recém-nascido,2016,0,de 1 a 4 anos
3.1,1.2.3. Red por at ao recém-nascido,2017,0,de 1 a 4 anos
3.1,1.2.3. Red por at ao recém-nascido,2018,0,de 1 a 4 anos
3.1,1.2.3. Red por at ao recém-nascido,2019,0,de 1 a 4 anos
3.1,1.2.3. Red por at ao recém-nascido,2020,0,de 1 a 4 anos
3.1,1.2.3. Red por at ao recém-nascido,2021,0,de 1 a 4 anos
3.1,1.2.3. Red por at ao recém-nascido,2022,0,de 1 a 4 anos
3.1,1.2.3. Red por at ao recém-nascido,2023,0,de 1 a 4 anos
3.1,1.2.3. Red por at ao recém-nascido,2024,0,de 1 a 4 anos
3.1,1.2.3. Red por at ao recém-nascido,2025,0,de 1 a 4 anos
3.1,1.3. Red por ações de diag e trat adequado,2006,9,de 1 a 4 anos
3.1,1.3. Red por ações de diag e trat adequado,2007,3,de 1 a 4 anos
3.1,1.3. Red por ações de diag e trat adequado,2008,12,de 1 a 4 anos
3.1,1.3. Red por ações de diag e trat adequado,2009,4,de 1 a 4 anos
3.1,1.3. Red por ações de diag e trat adequado,2010,12,de 1 a 4 anos
3.1,1.3. Red por ações de diag e trat adequado,2011,8,de 1 a 4 anos
3.1,1.3. Red por ações de diag e trat adequado,2012,6,de 1 a 4 anos
3.1,1.3. Red por ações de diag e trat adequado,2013,3,de 1 a 4 anos
3.1,1.3. Red por ações de diag e trat adequado,2014,4,de 1 a 4 anos
3.1,1.3. Red por ações de diag e trat adequado,2015,5,de 1 a 4 anos
3.1,1.3. Red por ações de diag e trat adequado,2016,9,de 1 a 4 anos
3.1,1.3. Red por ações de diag e trat adequado,2017,6,de 1 a 4 anos
3.1,1.3. Red por ações de diag e trat adequado,2018,10,de 1 a 4 anos
3.1,1.3. Red por ações de diag e trat adequado,2019,3,de 1 a 4 anos
3.1,1.3. Red por ações de diag e trat adequado,2020,3,de 1 a 4 anos
3.1,1.3. Red por ações de diag e trat adequado,2021,5,de 1 a 4 anos
3.1,1.3. Red por ações de diag e trat adequado,2022,2,de 1 a 4 anos
3.1,1.3. Red por ações de diag e trat adequado,2023,2,de 1 a 4 anos
3.1,1.3. Red por ações de diag e trat adequado,2024,1,de 1 a 4 anos
3.1,1.3. Red por ações de diag e trat adequado,2025,6,de 1 a 4 anos
3.1,1.4. Red por ações promoção vinc a atenção,2006,3,de 1 a 4 anos
3.1,1.4. Red por ações promoção vinc a atenção,2007,10,de 1 a 4 anos
3.1,1.4. Red por ações promoção vinc a atenção,2008,6,de 1 a 4 anos
3.1,1.4. Red por ações promoção vinc a atenção,2009,8,de 1 a 4 anos
3.1,1.4. Red por ações promoção vinc a atenção,2010,12,de 1 a 4 anos
3.1,1.4. Red por ações promoção vinc a atenção,2011,4,de 1 a 4 anos
3.1,1.4. Red por ações promoção vinc a atenção,2012,2,de 1 a 4 anos
3.1,1.4. Red por ações promoção vinc a atenção,2013,1,de 1 a 4 anos
3.1,1.4. Red por ações promoção vinc a atenção,2014,8,de 1 a 4 anos
3.1,1.4. Red por ações promoção vinc a atenção,2015,6,de 1 a 4 anos
3.1,1.4. Red por ações promoção vinc a atenção,2016,6,de 1 a 4 anos
3.1,1.4. Red por ações promoção vinc a atenção,2017,10,de 1 a 4 anos
3.1,1.4. Red por ações promoção vinc a atenção,2018,3,de 1 a 4 anos
3.1,1.4. Red por ações promoção vinc a atenção,2019,6,de 1 a 4 anos
3.1,1.4. Red por ações promoção vinc a atenção,2020,6,de 1 a 4 anos
3.1,1.4. Red por ações promoção vinc a atenção,2021,4,de 1 a 4 anos
3.1,1.4. Red por ações promoção vinc a atenção,2022,4,de 1 a 4 anos
3.1,1.4. Red por ações promoção vinc a atenção,2023,6,de 1 a 4 anos
3.1,1.4. Red por ações promoção vinc a atenção,2024,4,de 1 a 4 anos
3.1,1.4. Red por ações promoção vinc a atenção,2025,2,de 1 a 4 anos
3.1,2. Causas mal definidas,2006,3,de 1 a 4 anos
3.1,2. Causas mal definidas,2007,1,de 1 a 4 anos
3.1,2. Causas mal definidas,2008,2,de 1 a 4 anos
3.1,2. Causas mal definidas,2009,1,de 1 a 4 anos
3.1,2. Causas mal definidas,2010,0,de 1 a 4 anos
3.1,2. Causas mal definidas,2011,5,de 1 a 4 anos
3.1,2. Causas mal definidas,2012,2,de 1 a 4 anos
3.1,2. Causas mal definidas,2013,3,de 1 a 4 anos
3.1,2. Causas mal definidas,2014,1,de 1 a 4 anos
3.1,2. Causas mal definidas,2015,3,de 1 a 4 anos
3.1,2. Causas mal definidas,2016,1,de 1 a 4 anos
3.1,2. Causas mal definidas,2017,0,de 1 a 4 anos
3.1,2. Causas mal definidas,2018,0,de 1 a 4 anos
3.1,2. Causas mal definidas,2019,0,de 1 a 4 anos
3.1,2. Causas mal definidas,2020,1,de 1 a 4 anos
3.1,2. Causas mal definidas,2021,1,de 1 a 4 anos
3.1,2. Causas mal definidas,2022,2,de 1 a 4 anos
3.1,2. Causas mal definidas,2023,0,de 1 a 4 anos
3.1,2. Causas mal definidas,2024,0,de 1 a 4 anos
3.1,2. Causas mal definidas,2025,1,de 1 a 4 anos
3.1,3. Demais causas (não claramente evitáveis),2006,11,de 1 a 4 anos
3.1,3. Demais causas (não claramente evitáveis),2007,8,de 1 a 4 anos
3.1,3. Demais causas (não claramente evitáveis),2008,12,de 1 a 4 anos
3.1,3. Demais causas (não claramente evitáveis),2009,7,de 1 a 4 anos
3.1,3. Demais causas (não claramente evitáveis),2010,11,de 1 a 4 anos
3.1,3. Demais causas (não claramente evitáveis),2011,9,de 1 a 4 anos
3.1,3. Demais causas (não claramente evitáveis),2012,13,de 1 a 4 anos
3.1,3. Demais causas (não claramente evitáveis),2013,3,de 1 a 4 anos
3.1,3. Demais causas (não claramente evitáveis),2014,8,de 1 a 4 anos
3.1,3. Demais causas (não claramente evitáveis),2015,4,de 1 a 4 anos
3.1,3. Demais causas (não claramente evitáveis),2016,14,de 1 a 4 anos
3.1,3. Demais causas (não claramente evitáveis),2017,11,de 1 a 4 anos
3.1,3. Demais causas (não claramente evitáveis),2018,10,de 1 a 4 anos
3.1,3. Demais causas (não claramente evitáveis),2019,16,de 1 a 4 anos
3.1,3. Demais causas (não claramente evitáveis),2020,4,de 1 a 4 anos
3.1,3. Demais causas (não claramente evitáveis),2021,9,de 1 a 4 anos
3.1,3. Demais causas (não claramente evitáveis),2022,13,de 1 a 4 anos
3.1,3. Demais causas (não claramente evitáveis),2023,8,de 1 a 4 anos
3.1,3. Demais causas (não claramente evitáveis),2024,8,de 1 a 4 anos
3.1,3. Demais causas (não claramente evitáveis),2025,9,de 1 a 4 anos
3.2,1.1. Reduzível pelas ações de imunização,2006,0,de 1 a 4 anos
3.2,1.1. Reduzível pelas ações de imunização,2007,0,de 1 a 4 anos
3.2,1.1. Reduzível pelas ações de imunização,2008,0,de 1 a 4 anos
3.2,1.1. Reduzível pelas ações de imunização,2009,0,de 1 a 4 anos
3.2,1.1. Reduzível pelas ações de imunização,2010,0,de 1 a 4 anos
3.2,1.1. Reduzível pelas ações de imunização,2011,0,de 1 a 4 anos
3.2,1.1. Reduzível pelas ações de imunização,2012,0,de 1 a 4 anos
3.2,1.1. Reduzível pelas ações de imunização,2013,0,de 1 a 4 anos
3.2,1.1. Reduzível pelas ações de imunização,2014,1,de 1 a 4 anos
3.2,1.1. Reduzível pelas ações de imunização,2015,0,de 1 a 4 anos
3.2,1.1. Reduzível pelas ações de imunização,2016,0,de 1 a 4 anos
3.2,1.1. Reduzível pelas ações de imunização,2017,0,de 1 a 4 anos
3.2,1.1. Reduzível pelas ações de imunização,2018,0,de 1 a 4 anos
3.2,1.1. Reduzível pelas ações de imunização,2019,0,de 1 a 4 anos
3.2,1.1. Reduzível pelas ações de imunização,2020,0,de 1 a 4 anos
3.2,1.1. Reduzível pelas ações de imunização,2021,0,de 1 a 4 anos
3.2,1.1. Reduzível pelas ações de imunização,2022,1,de 1 a 4 anos
3.2,1.1. Reduzível pelas ações de imunização,2023,0,de 1 a 4 anos
3.2,1.1. Reduzível pelas ações de imunização,2024,0,de 1 a 4 anos
3.2,1.1. Reduzível pelas ações de imunização,2025,0,de 1 a 4 anos
3.2,1.2.1. Red por at à mulher na gestação,2006,1,de 1 a 4 anos
3.2,1.2.1. Red por at à mulher na gestação,2007,0,de 1 a 4 anos
3.2,1.2.1. Red por at à mulher na gestação,2008,0,de 1 a 4 anos
3.2,1.2.1. Red por at à mulher na gestação,2009,0,de 1 a 4 anos
3.2,1.2.1. Red por at à mulher na gestação,2010,0,de 1 a 4 anos
3.2,1.2.1. Red por at à mulher na gestação,2011,0,de 1 a 4 anos
3.2,1.2.1. Red por at à mulher na gestação,2012,0,de 1 a 4 anos
3.2,1.2.1. Red por at à mulher na gestação,2013,0,de 1 a 4 anos
3.2,1.2.1. Red por at à mulher na gestação,2014,0,de 1 a 4 anos
3.2,1.2.1. Red por at à mulher na gestação,2015,0,de 1 a 4 anos
3.2,1.2.1. Red por at à mulher na gestação,2016,0,de 1 a 4 anos
3.2,1.2.1. Red por at à mulher na gestação,2017,0,de 1 a 4 anos
3.2,1.2.1. Red por at à mulher na gestação,2018,0,de 1 a 4 anos
3.2,1.2.1. Red por at à mulher na gestação,2019,0,de 1 a 4 anos
3.2,1.2.1. Red por at à mulher na gestação,2020,1,de 1 a 4 anos
3.2,1.2.1. Red por at à mulher na gestação,2021,0,de 1 a 4 anos
3.2,1.2.1. Red por at à mulher na gestação,2022,0,de 1 a 4 anos
3.2,1.2.1. Red por at à mulher na gestação,2023,0,de 1 a 4 anos
3.2,1.2.1. Red por at à mulher na gestação,2024,0,de 1 a 4 anos
3.2,1.2.1. Red por at à mulher na gestação,2025,0,de 1 a 4 anos
3.2,1.2.2. Red por at à mulher no parto,2006,0,de 1 a 4 anos
3.2,1.2.2. Red por at à mulher no parto,2007,0,de 1 a 4 anos
3.2,1.2.2. Red por at à mulher no parto,2008,0,de 1 a 4 anos
3.2,1.2.2. Red por at à mulher no parto,2009,0,de 1 a 4 anos
3.2,1.2.2. Red por at à mulher no parto,2010,0,de 1 a 4 anos
3.2,1.2.2. Red por at à mulher no parto,2011,0,de 1 a 4 anos
3.2,1.2.2. Red por at à mulher no parto,2012,0,de 1 a 4 anos
3.2,1.2.2. Red por at à mulher no parto,2013,0,de 1 a 4 anos
3.2,1.2.2. Red por at à mulher no parto,2014,0,de 1 a 4 anos
3.2,1.2.2. Red por at à mulher no parto,2015,0,de 1 a 4 anos
3.2,1.2.2. Red por at à mulher no parto,2016,0,de 1 a 4 anos
3.2,1.2.2. Red por at à mulher no parto,2017,0,de 1 a 4 anos
3.2,1.2.2. Red por at à mulher no parto,2018,0,de 1 a 4 anos
3.2,1.2.2. Red por at à mulher no parto,2019,0,de 1 a 4 anos
3.2,1.2.2. Red por at à mulher no parto,2020,0,de 1 a 4 anos
3.2,1.2.2. Red por at à mulher no parto,2021,0,de 1 a 4 anos
3.2,1.2.2. Red por at à mulher no parto,2022,0,de 1 a 4 anos
3.2,1.2.2. Red por at à mulher no parto,2023,0,de 1 a 4 anos
3.2,1.2.2. Red por at à mulher no parto,2024,0,de 1 a 4 anos
3.2,1.2.2. Red por at à mulher no parto,2025,0,de 1 a 4 anos
3.2,1.2.3. Red por at ao recém-nascido,2006,0,de 1 a 4 anos
3.2,1.2.3. Red por at ao recém-nascido,2007,0,de 1 a 4 anos
3.2,1.2.3. Red por at ao recém-nascido,2008,0,de 1 a 4 anos
3.2,1.2.3. Red por at ao recém-nascido,2009,0,de 1 a 4 anos
3.2,1.2.3. Red por at ao recém-nascido,2010,0,de 1 a 4 anos
3.2,1.2.3. Red por at ao recém-nascido,2011,0,de 1 a 4 anos
3.2,1.2.3. Red por at ao recém-nascido,2012,0,de 1 a 4 anos
3.2,1.2.3. Red por at ao recém-nascido,2013,0,de 1 a 4 anos
3.2,1.2.3. Red por at ao recém-nascido,2014,0,de 1 a 4 anos
3.2,1.2.3. Red por at ao recém-nascido,2015,0,de 1 a 4 anos
3.2,1.2.3. Red por at ao recém-nascido,2016,0,de 1 a 4 anos
3.2,1.2.3. Red por at ao recém-nascido,2017,0,de 1 a 4 anos
3.2,1.2.3. Red por at ao recém-nascido,2018,0,de 1 a 4 anos
3.2,1.2.3. Red por at ao recém-nascido,2019,0,de 1 a 4 anos
3.2,1.2.3. Red por at ao recém-nascido,2020,0,de 1 a 4 anos
3.2,1.2.3. Red por at ao recém-nascido,2021,0,de 1 a 4 anos
3.2,1.2.3. Red por at ao recém-nascido,2022,0,de 1 a 4 anos
3.2,1.2.3. Red por at ao recém-nascido,2023,0,de 1 a 4 anos
3.2,1.2.3. Red por at ao recém-nascido,2024,0,de 1 a 4 anos
3.2,1.2.3. Red por at ao recém-nascido,2025,0,de 1 a 4 anos
3.2,1.3. Red por ações de diag e trat adequado,2006,7,de 1 a 4 anos
3.2,1.3. Red por ações de diag e trat adequado,2007,3,de 1 a 4 anos
3.2,1.3. Red por ações de diag e trat adequado,2008,3,de 1 a 4 anos
3.2,1.3. Red por ações de diag e trat adequado,2009,5,de 1 a 4 anos
3.2,1.3. Red por ações de diag e trat adequado,2010,3,de 1 a 4 anos
3.2,1.3. Red por ações de diag e trat adequado,2011,1,de 1 a 4 anos
3.2,1.3. Red por ações de diag e trat adequado,2012,8,de 1 a 4 anos
3.2,1.3. Red por ações de diag e trat adequado,2013,4,de 1 a 4 anos
3.2,1.3. Red por ações de diag e trat adequado,2014,6,de 1 a 4 anos
3.2,1.3. Red por ações de diag e trat adequado,2015,2,de 1 a 4 anos
3.2,1.3. Red por ações de diag e trat adequado,2016,5,de 1 a 4 anos
3.2,1.3. Red por ações de diag e trat adequado,2017,4,de 1 a 4 anos
3.2,1.3. Red por ações de diag e trat adequado,2018,2,de 1 a 4 anos
3.2,1.3. Red por ações de diag e trat adequado,2019,3,de 1 a 4 anos
3.2,1.3. Red por ações de diag e trat adequado,2020,0,de 1 a 4 anos
3.2,1.3. Red por ações de diag e trat adequado,2021,2,de 1 a 4 anos
3.2,1.3. Red por ações de diag e trat adequado,2022,4,de 1 a 4 anos
3.2,1.3. Red por ações de diag e trat adequado,2023,7,de 1 a 4 anos
3.2,1.3. Red por ações de diag e trat adequado,2024,2,de 1 a 4 anos
3.2,1.3. Red por ações de diag e trat adequado,2025,1,de 1 a 4 anos
3.2,1.4. Red por ações promoção vinc a atenção,2006,3,de 1 a 4 anos
3.2,1.4. Red por ações promoção vinc a atenção,2007,5,de 1 a 4 anos
3.2,1.4. Red por ações promoção vinc a atenção,2008,3,de 1 a 4 anos
3.2,1.4. Red por ações promoção vinc a atenção,2009,5,de 1 a 4 anos
3.2,1.4. Red por ações promoção vinc a atenção,2010,2,de 1 a 4 anos
3.2,1.4. Red por ações promoção vinc a atenção,2011,2,de 1 a 4 anos
3.2,1.4. Red por ações promoção vinc a atenção,2012,3,de 1 a 4 anos
3.2,1.4. Red por ações promoção vinc a atenção,2013,5,de 1 a 4 anos
3.2,1.4. Red por ações promoção vinc a atenção,2014,4,de 1 a 4 anos
3.2,1.4. Red por ações promoção vinc a atenção,2015,2,de 1 a 4 anos
3.2,1.4. Red por ações promoção vinc a atenção,2016,3,de 1 a 4 anos
3.2,1.4. Red por ações promoção vinc a atenção,2017,2,de 1 a 4 anos
3.2,1.4. Red por ações promoção vinc a atenção,2018,3,de 1 a 4 anos
3.2,1.4. Red por ações promoção vinc a atenção,2019,4,de 1 a 4 anos
3.2,1.4. Red por ações promoção vinc a atenção,2020,2,de 1 a 4 anos
3.2,1.4. Red por ações promoção vinc a atenção,2021,1,de 1 a 4 anos
3.2,1.4. Red por ações promoção vinc a atenção,2022,1,de 1 a 4 anos
3.2,1.4. Red por ações promoção vinc a atenção,2023,1,de 1 a 4 anos
3.2,1.4. Red por ações promoção vinc a atenção,2024,2,de 1 a 4 anos
3.2,1.4. Red por ações promoção vinc a atenção,2025,3,de 1 a 4 anos
3.2,2. Causas mal definidas,2006,2,de 1 a 4 anos
3.2,2. Causas mal definidas,2007,1,de 1 a 4 anos
3.2,2. Causas mal definidas,2008,0,de 1 a 4 anos
3.2,2. Causas mal definidas,2009,0,de 1 a 4 anos
3.2,2. Causas mal definidas,2010,2,de 1 a 4 anos
3.2,2. Causas mal definidas,2011,1,de 1 a 4 anos
3.2,2. Causas mal definidas,2012,1,de 1 a 4 anos
3.2,2. Causas mal definidas,2013,0,de 1 a 4 anos
3.2,2. Causas mal definidas,2014,0,de 1 a 4 anos
3.2,2. Causas mal definidas,2015,0,de 1 a 4 anos
3.2,2. Causas mal definidas,2016,2,de 1 a 4 anos
3.2,2. Causas mal definidas,2017,3,de 1 a 4 anos
3.2,2. Causas mal definidas,2018,1,de 1 a 4 anos
3.2,2. Causas mal definidas,2019,2,de 1 a 4 anos
3.2,2. Causas mal definidas,2020,0,de 1 a 4 anos
3.2,2. Causas mal definidas,2021,3,de 1 a 4 anos
3.2,2. Causas mal definidas,2022,4,de 1 a 4 anos
3.2,2. Causas mal definidas,2023,1,de 1 a 4 anos
3.2,2. Causas mal definidas,2024,0,de 1 a 4 anos
3.2,2. Causas mal definidas,2025,2,de 1 a 4 anos
3.2,3. Demais causas (não claramente evitáveis),2006,6,de 1 a 4 anos
3.2,3. Demais causas (não claramente evitáveis),2007,9,de 1 a 4 anos
3.2,3. Demais causas (não claramente evitáveis),2008,11,de 1 a 4 anos
3.2,3. Demais causas (não claramente evitáveis),2009,6,de 1 a 4 anos
3.2,3. Demais causas (não claramente evitáveis),2010,10,de 1 a 4 anos
3.2,3. Demais causas (não claramente evitáveis),2011,7,de 1 a 4 anos
3.2,3. Demais causas (não claramente evitáveis),2012,5,de 1 a 4 anos
3.2,3. Demais causas (não claramente evitáveis),2013,8,de 1 a 4 anos
3.2,3. Demais causas (não claramente evitáveis),2014,9,de 1 a 4 anos
3.2,3. Demais causas (não claramente evitáveis),2015,2,de 1 a 4 anos
3.2,3. Demais causas (não claramente evitáveis),2016,6,de 1 a 4 anos
3.2,3. Demais causas (não claramente evitáveis),2017,8,de 1 a 4 anos
3.2,3. Demais causas (não claramente evitáveis),2018,6,de 1 a 4 anos
3.2,3. Demais causas (não claramente evitáveis),2019,11,de 1 a 4 anos
3.2,3. Demais causas (não claramente evitáveis),2020,7,de 1 a 4 anos
3.2,3. Demais causas (não claramente evitáveis),2021,2,de 1 a 4 anos
3.2,3. Demais causas (não claramente evitáveis),2022,6,de 1 a 4 anos
3.2,3. Demais causas (não claramente evitáveis),2023,6,de 1 a 4 anos
3.2,3. Demais causas (não claramente evitáveis),2024,3,de 1 a 4 anos
3.2,3. Demais causas (não claramente evitáveis),2025,9,de 1 a 4 anos
3.3,1.1. Reduzível pelas ações de imunização,2006,0,de 1 a 4 anos
3.3,1.1. Reduzível pelas ações de imunização,2007,0,de 1 a 4 anos
3.3,1.1. Reduzível pelas ações de imunização,2008,0,de 1 a 4 anos
3.3,1.1. Reduzível pelas ações de imunização,2009,0,de 1 a 4 anos
3.3,1.1. Reduzível pelas ações de imunização,2010,0,de 1 a 4 anos
3.3,1.1. Reduzível pelas ações de imunização,2011,0,de 1 a 4 anos
3.3,1.1. Reduzível pelas ações de imunização,2012,0,de 1 a 4 anos
3.3,1.1. Reduzível pelas ações de imunização,2013,0,de 1 a 4 anos
3.3,1.1. Reduzível pelas ações de imunização,2014,0,de 1 a 4 anos
3.3,1.1. Reduzível pelas ações de imunização,2015,0,de 1 a 4 anos
3.3,1.1. Reduzível pelas ações de imunização,2016,0,de 1 a 4 anos
3.3,1.1. Reduzível pelas ações de imunização,2017,0,de 1 a 4 anos
3.3,1.1. Reduzível pelas ações de imunização,2018,1,de 1 a 4 anos
3.3,1.1. Reduzível pelas ações de imunização,2019,0,de 1 a 4 anos
3.3,1.1. Reduzível pelas ações de imunização,2020,0,de 1 a 4 anos
3.3,1.1. Reduzível pelas ações de imunização,2021,0,de 1 a 4 anos
3.3,1.1. Reduzível pelas ações de imunização,2022,0,de 1 a 4 anos
3.3,1.1. Reduzível pelas ações de imunização,2023,0,de 1 a 4 anos
3.3,1.1. Reduzível pelas ações de imunização,2024,0,de 1 a 4 anos
3.3,1.1. Reduzível pelas ações de imunização,2025,1,de 1 a 4 anos
3.3,1.2.1. Red por at à mulher na gestação,2006,0,de 1 a 4 anos
3.3,1.2.1. Red por at à mulher na gestação,2007,4,de 1 a 4 anos
3.3,1.2.1. Red por at à mulher na gestação,2008,0,de 1 a 4 anos
3.3,1.2.1. Red por at à mulher na gestação,2009,0,de 1 a 4 anos
3.3,1.2.1. Red por at à mulher na gestação,2010,1,de 1 a 4 anos
3.3,1.2.1. Red por at à mulher na gestação,2011,0,de 1 a 4 anos
3.3,1.2.1. Red por at à mulher na gestação,2012,0,de 1 a 4 anos
3.3,1.2.1. Red por at à mulher na gestação,2013,0,de 1 a 4 anos
3.3,1.2.1. Red por at à mulher na gestação,2014,0,de 1 a 4 anos
3.3,1.2.1. Red por at à mulher na gestação,2015,0,de 1 a 4 anos
3.3,1.2.1. Red por at à mulher na gestação,2016,0,de 1 a 4 anos
3.3,1.2.1. Red por at à mulher na gestação,2017,0,de 1 a 4 anos
3.3,1.2.1. Red por at à mulher na gestação,2018,0,de 1 a 4 anos
3.3,1.2.1. Red por at à mulher na gestação,2019,0,de 1 a 4 anos
3.3,1.2.1. Red por at à mulher na gestação,2020,0,de 1 a 4 anos
3.3,1.2.1. Red por at à mulher na gestação,2021,0,de 1 a 4 anos
3.3,1.2.1. Red por at à mulher na gestação,2022,0,de 1 a 4 anos
3.3,1.2.1. Red por at à mulher na gestação,2023,0,de 1 a 4 anos
3.3,1.2.1. Red por at à mulher na gestação,2024,0,de 1 a 4 anos
3.3,1.2.1. Red por at à mulher na gestação,2025,1,de 1 a 4 anos
3.3,1.2.2. Red por at à mulher no parto,2006,0,de 1 a 4 anos
3.3,1.2.2. Red por at à mulher no parto,2007,0,de 1 a 4 anos
3.3,1.2.2. Red por at à mulher no parto,2008,0,de 1 a 4 anos
3.3,1.2.2. Red por at à mulher no parto,2009,0,de 1 a 4 anos
3.3,1.2.2. Red por at à mulher no parto,2010,0,de 1 a 4 anos
3.3,1.2.2. Red por at à mulher no parto,2011,0,de 1 a 4 anos
3.3,1.2.2. Red por at à mulher no parto,2012,0,de 1 a 4 anos
3.3,1.2.2. Red por at à mulher no parto,2013,0,de 1 a 4 anos
3.3,1.2.2. Red por at à mulher no parto,2014,0,de 1 a 4 anos
3.3,1.2.2. Red por at à mulher no parto,2015,0,de 1 a 4 anos
3.3,1.2.2. Red por at à mulher no parto,2016,0,de 1 a 4 anos
3.3,1.2.2. Red por at à mulher no parto,2017,0,de 1 a 4 anos
3.3,1.2.2. Red por at à mulher no parto,2018,0,de 1 a 4 anos
3.3,1.2.2. Red por at à mulher no parto,2019,0,de 1 a 4 anos
3.3,1.2.2. Red por at à mulher no parto,2020,0,de 1 a 4 anos
3.3,1.2.2. Red por at à mulher no parto,2021,0,de 1 a 4 anos
3.3,1.2.2. Red por at à mulher no parto,2022,0,de 1 a 4 anos
3.3,1.2.2. Red por at à mulher no parto,2023,0,de 1 a 4 anos
3.3,1.2.2. Red por at à mulher no parto,2024,0,de 1 a 4 anos
3.3,1.2.2. Red por at à mulher no parto,2025,0,de 1 a 4 anos
3.3,1.2.3. Red por at ao recém-nascido,2006,0,de 1 a 4 anos
3.3,1.2.3. Red por at ao recém-nascido,2007,0,de 1 a 4 anos
3.3,1.2.3. Red por at ao recém-nascido,2008,0,de 1 a 4 anos
3.3,1.2.3. Red por at ao recém-nascido,2009,0,de 1 a 4 anos
3.3,1.2.3. Red por at ao recém-nascido,2010,0,de 1 a 4 anos
3.3,1.2.3. Red por at ao recém-nascido,2011,0,de 1 a 4 anos
3.3,1.2.3. Red por at ao recém-nascido,2012,0,de 1 a 4 anos
3.3,1.2.3. Red por at ao recém-nascido,2013,0,de 1 a 4 anos
3.3,1.2.3. Red por at ao recém-nascido,2014,0,de 1 a 4 anos
3.3,1.2.3. Red por at ao recém-nascido,2015,0,de 1 a 4 anos
3.3,1.2.3. Red por at ao recém-nascido,2016,0,de 1 a 4 anos
3.3,1.2.3. Red por at ao recém-nascido,2017,0,de 1 a 4 anos
3.3,1.2.3. Red por at ao recém-nascido,2018,0,de 1 a 4 anos
3.3,1.2.3. Red por at ao recém-nascido,2019,0,de 1 a 4 anos
3.3,1.2.3. Red por at ao recém-nascido,2020,0,de 1 a 4 anos
3.3,1.2.3. Red por at ao recém-nascido,2021,0,de 1 a 4 anos
3.3,1.2.3. Red por at ao recém-nascido,2022,0,de 1 a 4 anos
3.3,1.2.3. Red por at ao recém-nascido,2023,0,de 1 a 4 anos
3.3,1.2.3. Red por at ao recém-nascido,2024,0,de 1 a 4 anos
3.3,1.2.3. Red por at ao recém-nascido,2025,0,de 1 a 4 anos
3.3,1.3. Red por ações de diag e trat adequado,2006,7,de 1 a 4 anos
3.3,1.3. Red por ações de diag e trat adequado,2007,8,de 1 a 4 anos
3.3,1.3. Red por ações de diag e trat adequado,2008,5,de 1 a 4 anos
3.3,1.3. Red por ações de diag e trat adequado,2009,9,de 1 a 4 anos
3.3,1.3. Red por ações de diag e trat adequado,2010,12,de 1 a 4 anos
3.3,1.3. Red por ações de diag e trat adequado,2011,7,de 1 a 4 anos
3.3,1.3. Red por ações de diag e trat adequado,2012,7,de 1 a 4 anos
3.3,1.3. Red por ações de diag e trat adequado,2013,10,de 1 a 4 anos
3.3,1.3. Red por ações de diag e trat adequado,2014,5,de 1 a 4 anos
3.3,1.3. Red por ações de diag e trat adequado,2015,6,de 1 a 4 anos
3.3,1.3. Red por ações de diag e trat adequado,2016,8,de 1 a 4 anos
3.3,1.3. Red por ações de diag e trat adequado,2017,5,de 1 a 4 anos
3.3,1.3. Red por ações de diag e trat adequado,2018,1,de 1 a 4 anos
3.3,1.3. Red por ações de diag e trat adequado,2019,7,de 1 a 4 anos
3.3,1.3. Red por ações de diag e trat adequado,2020,5,de 1 a 4 anos
3.3,1.3. Red por ações de diag e trat adequado,2021,3,de 1 a 4 anos
3.3,1.3. Red por ações de diag e trat adequado,2022,4,de 1 a 4 anos
3.3,1.3. Red por ações de diag e trat adequado,2023,6,de 1 a 4 anos
3.3,1.3. Red por ações de diag e trat adequado,2024,3,de 1 a 4 anos
3.3,1.3. Red por ações de diag e trat adequado,2025,6,de 1 a 4 anos
3.3,1.4. Red por ações promoção vinc a atenção,2006,3,de 1 a 4 anos
3.3,1.4. Red por ações promoção vinc a atenção,2007,9,de 1 a 4 anos
3.3,1.4. Red por ações promoção vinc a atenção,2008,7,de 1 a 4 anos
3.3,1.4. Red por ações promoção vinc a atenção,2009,11,de 1 a 4 anos
3.3,1.4. Red por ações promoção vinc a atenção,2010,6,de 1 a 4 anos
3.3,1.4. Red por ações promoção vinc a atenção,2011,2,de 1 a 4 anos
3.3,1.4. Red por ações promoção vinc a atenção,2012,7,de 1 a 4 anos
3.3,1.4. Red por ações promoção vinc a atenção,2013,4,de 1 a 4 anos
3.3,1.4. Red por ações promoção vinc a atenção,2014,7,de 1 a 4 anos
3.3,1.4. Red por ações promoção vinc a atenção,2015,6,de 1 a 4 anos
3.3,1.4. Red por ações promoção vinc a atenção,2016,5,de 1 a 4 anos
3.3,1.4. Red por ações promoção vinc a atenção,2017,7,de 1 a 4 anos
3.3,1.4. Red por ações promoção vinc a atenção,2018,7,de 1 a 4 anos
3.3,1.4. Red por ações promoção vinc a atenção,2019,0,de 1 a 4 anos
3.3,1.4. Red por ações promoção vinc a atenção,2020,4,de 1 a 4 anos
3.3,1.4. Red por ações promoção vinc a atenção,2021,12,de 1 a 4 anos
3.3,1.4. Red por ações promoção vinc a atenção,2022,7,de 1 a 4 anos
3.3,1.4. Red por ações promoção vinc a atenção,2023,9,de 1 a 4 anos
3.3,1.4. Red por ações promoção vinc a atenção,2024,5,de 1 a 4 anos
3.3,1.4. Red por ações promoção vinc a atenção,2025,4,de 1 a 4 anos
3.3,2. Causas mal definidas,2006,6,de 1 a 4 anos
3.3,2. Causas mal definidas,2007,1,de 1 a 4 anos
3.3,2. Causas mal definidas,2008,4,de 1 a 4 anos
3.3,2. Causas mal definidas,2009,0,de 1 a 4 anos
3.3,2. Causas mal definidas,2010,4,de 1 a 4 anos
3.3,2. Causas mal definidas,2011,4,de 1 a 4 anos
3.3,2. Causas mal definidas,2012,4,de 1 a 4 anos
3.3,2. Causas mal definidas,2013,2,de 1 a 4 anos
3.3,2. Causas mal definidas,2014,1,de 1 a 4 anos
3.3,2. Causas mal definidas,2015,1,de 1 a 4 anos
3.3,2. Causas mal definidas,2016,2,de 1 a 4 anos
3.3,2. Causas mal definidas,2017,2,de 1 a 4 anos
3.3,2. Causas mal definidas,2018,1,de 1 a 4 anos
3.3,2. Causas mal definidas,2019,4,de 1 a 4 anos
3.3,2. Causas mal definidas,2020,0,de 1 a 4 anos
3.3,2. Causas mal definidas,2021,0,de 1 a 4 anos
3.3,2. Causas mal definidas,2022,4,de 1 a 4 anos
3.3,2. Causas mal definidas,2023,0,de 1 a 4 anos
3.3,2. Causas mal definidas,2024,0,de 1 a 4 anos
3.3,2. Causas mal definidas,2025,1,de 1 a 4 anos
3.3,3. Demais causas (não claramente evitáveis),2006,12,de 1 a 4 anos
3.3,3. Demais causas (não claramente evitáveis),2007,4,de 1 a 4 anos
3.3,3. Demais causas (não claramente evitáveis),2008,9,de 1 a 4 anos
3.3,3. Demais causas (não claramente evitáveis),2009,11,de 1 a 4 anos
3.3,3. Demais causas (não claramente evitáveis),2010,16,de 1 a 4 anos
3.3,3. Demais causas (não claramente evitáveis),2011,9,de 1 a 4 anos
3.3,3. Demais causas (não claramente evitáveis),2012,13,de 1 a 4 anos
3.3,3. Demais causas (não claramente evitáveis),2013,15,de 1 a 4 anos
3.3,3. Demais causas (não claramente evitáveis),2014,7,de 1 a 4 anos
3.3,3. Demais causas (não claramente evitáveis),2015,8,de 1 a 4 anos
3.3,3. Demais causas (não claramente evitáveis),2016,14,de 1 a 4 anos
3.3,3. Demais causas (não claramente evitáveis),2017,11,de 1 a 4 anos
3.3,3. Demais causas (não claramente evitáveis),2018,8,de 1 a 4 anos
3.3,3. Demais causas (não claramente evitáveis),2019,14,de 1 a 4 anos
3.3,3. Demais causas (não claramente evitáveis),2020,12,de 1 a 4 anos
3.3,3. Demais causas (não claramente evitáveis),2021,9,de 1 a 4 anos
3.3,3. Demais causas (não claramente evitáveis),2022,16,de 1 a 4 anos
3.3,3. Demais causas (não claramente evitáveis),2023,9,de 1 a 4 anos
3.3,3. Demais causas (não claramente evitáveis),2024,6,de 1 a 4 anos
3.3,3. Demais causas (não claramente evitáveis),2025,7,de 1 a 4 anos
4.0,1.1. Reduzível pelas ações de imunização,2006,0,de 1 a 4 anos
4.0,1.1. Reduzível pelas ações de imunização,2007,0,de 1 a 4 anos
4.0,1.1. Reduzível pelas ações de imunização,2008,0,de 1 a 4 anos
4.0,1.1. Reduzível pelas ações de imunização,2009,0,de 1 a 4 anos
4.0,1.1. Reduzível pelas ações de imunização,2010,1,de 1 a 4 anos
4.0,1.1. Reduzível pelas ações de imunização,2011,0,de 1 a 4 anos
4.0,1.1. Reduzível pelas ações de imunização,2012,0,de 1 a 4 anos
4.0,1.1. Reduzível pelas ações de imunização,2013,0,de 1 a 4 anos
4.0,1.1. Reduzível pelas ações de imunização,2014,1,de 1 a 4 anos
4.0,1.1. Reduzível pelas ações de imunização,2015,0,de 1 a 4 anos
4.0,1.1. Reduzível pelas ações de imunização,2016,0,de 1 a 4 anos
4.0,1.1. Reduzível pelas ações de imunização,2017,0,de 1 a 4 anos
4.0,1.1. Reduzível pelas ações de imunização,2018,0,de 1 a 4 anos
4.0,1.1. Reduzível pelas ações de imunização,2019,0,de 1 a 4 anos
4.0,1.1. Reduzível pelas ações de imunização,2020,0,de 1 a 4 anos
4.0,1.1. Reduzível pelas ações de imunização,2021,0,de 1 a 4 anos
4.0,1.1. Reduzível pelas ações de imunização,2022,0,de 1 a 4 anos
4.0,1.1. Reduzível pelas ações de imunização,2023,1,de 1 a 4 anos
4.0,1.1. Reduzível pelas ações de imunização,2024,0,de 1 a 4 anos
4.0,1.1. Reduzível pelas ações de imunização,2025,0,de 1 a 4 anos
4.0,1.2.1. Red por at à mulher na gestação,2006,0,de 1 a 4 anos
4.0,1.2.1. Red por at à mulher na gestação,2007,0,de 1 a 4 anos
4.0,1.2.1. Red por at à mulher na gestação,2008,0,de 1 a 4 anos
4.0,1.2.1. Red por at à mulher na gestação,2009,0,de 1 a 4 anos
4.0,1.2.1. Red por at à mulher na gestação,2010,0,de 1 a 4 anos
4.0,1.2.1. Red por at à mulher na gestação,2011,0,de 1 a 4 anos
4.0,1.2.1. Red por at à mulher na gestação,2012,0,de 1 a 4 anos
4.0,1.2.1. Red por at à mulher na gestação,2013,0,de 1 a 4 anos
4.0,1.2.1. Red por at à mulher na gestação,2014,0,de 1 a 4 anos
4.0,1.2.1. Red por at à mulher na gestação,2015,0,de 1 a 4 anos
4.0,1.2.1. Red por at à mulher na gestação,2016,0,de 1 a 4 anos
4.0,1.2.1. Red por at à mulher na gestação,2017,0,de 1 a 4 anos
4.0,1.2.1. Red por at à mulher na gestação,2018,0,de 1 a 4 anos
4.0,1.2.1. Red por at à mulher na gestação,2019,0,de 1 a 4 anos
4.0,1.2.1. Red por at à mulher na gestação,2020,0,de 1 a 4 anos
4.0,1.2.1. Red por at à mulher na gestação,2021,0,de 1 a 4 anos
4.0,1.2.1. Red por at à mulher na gestação,2022,0,de 1 a 4 anos
4.0,1.2.1. Red por at à mulher na gestação,2023,0,de 1 a 4 anos
4.0,1.2.1. Red por at à mulher na gestação,2024,0,de 1 a 4 anos
4.0,1.2.1. Red por at à mulher na gestação,2025,0,de 1 a 4 anos
4.0,1.2.2. Red por at à mulher no parto,2006,0,de 1 a 4 anos
4.0,1.2.2. Red por at à mulher no parto,2007,0,de 1 a 4 anos
4.0,1.2.2. Red por at à mulher no parto,2008,1,de 1 a 4 anos
4.0,1.2.2. Red por at à mulher no parto,2009,0,de 1 a 4 anos
4.0,1.2.2. Red por at à mulher no parto,2010,0,de 1 a 4 anos
4.0,1.2.2. Red por at à mulher no parto,2011,1,de 1 a 4 anos
4.0,1.2.2. Red por at à mulher no parto,2012,0,de 1 a 4 anos
4.0,1.2.2. Red por at à mulher no parto,2013,0,de 1 a 4 anos
4.0,1.2.2. Red por at à mulher no parto,2014,0,de 1 a 4 anos
4.0,1.2.2. Red por at à mulher no parto,2015,0,de 1 a 4 anos
4.0,1.2.2. Red por at à mulher no parto,2016,0,de 1 a 4 anos
4.0,1.2.2. Red por at à mulher no parto,2017,0,de 1 a 4 anos
4.0,1.2.2. Red por at à mulher no parto,2018,0,de 1 a 4 anos
4.0,1.2.2. Red por at à mulher no parto,2019,0,de 1 a 4 anos
4.0,1.2.2. Red por at à mulher no parto,2020,0,de 1 a 4 anos
4.0,1.2.2. Red por at à mulher no parto,2021,0,de 1 a 4 anos
4.0,1.2.2. Red por at à mulher no parto,2022,0,de 1 a 4 anos
4.0,1.2.2. Red por at à mulher no parto,2023,0,de 1 a 4 anos
4.0,1.2.2. Red por at à mulher no parto,2024,0,de 1 a 4 anos
4.0,1.2.2. Red por at à mulher no parto,2025,0,de 1 a 4 anos
4.0,1.2.3. Red por at ao recém-nascido,2006,1,de 1 a 4 anos
4.0,1.2.3. Red por at ao recém-nascido,2007,0,de 1 a 4 anos
4.0,1.2.3. Red por at ao recém-nascido,2008,0,de 1 a 4 anos
4.0,1.2.3. Red por at ao recém-nascido,2009,0,de 1 a 4 anos
4.0,1.2.3. Red por at ao recém-nascido,2010,0,de 1 a 4 anos
4.0,1.2.3. Red por at ao recém-nascido,2011,0,de 1 a 4 anos
4.0,1.2.3. Red por at ao recém-nascido,2012,0,de 1 a 4 anos
4.0,1.2.3. Red por at ao recém-nascido,2013,0,de 1 a 4 anos
4.0,1.2.3. Red por at ao recém-nascido,2014,0,de 1 a 4 anos
4.0,1.2.3. Red por at ao recém-nascido,2015,0,de 1 a 4 anos
4.0,1.2.3. Red por at ao recém-nascido,2016,0,de 1 a 4 anos
4.0,1.2.3. Red por at ao recém-nascido,2017,0,de 1 a 4 anos
4.0,1.2.3. Red por at ao recém-nascido,2018,0,de 1 a 4 anos
4.0,1.2.3. Red por at ao recém-nascido,2019,0,de 1 a 4 anos
4.0,1.2.3. Red por at ao recém-nascido,2020,0,de 1 a 4 anos
4.0,1.2.3. Red por at ao recém-nascido,2021,0,de 1 a 4 anos
4.0,1.2.3. Red por at ao recém-nascido,2022,0,de 1 a 4 anos
4.0,1.2.3. Red por at ao recém-nascido,2023,0,de 1 a 4 anos
4.0,1.2.3. Red por at ao recém-nascido,2024,0,de 1 a 4 anos
4.0,1.2.3. Red por at ao recém-nascido,2025,0,de 1 a 4 anos
4.0,1.3. Red por ações de diag e trat adequado,2006,12,de 1 a 4 anos
4.0,1.3. Red por ações de diag e trat adequado,2007,4,de 1 a 4 anos
4.0,1.3. Red por ações de diag e trat adequado,2008,6,de 1 a 4 anos
4.0,1.3. Red por ações de diag e trat adequado,2009,7,de 1 a 4 anos
4.0,1.3. Red por ações de diag e trat adequado,2010,8,de 1 a 4 anos
4.0,1.3. Red por ações de diag e trat adequado,2011,6,de 1 a 4 anos
4.0,1.3. Red por ações de diag e trat adequado,2012,6,de 1 a 4 anos
4.0,1.3. Red por ações de diag e trat adequado,2013,5,de 1 a 4 anos
4.0,1.3. Red por ações de diag e trat adequado,2014,3,de 1 a 4 anos
4.0,1.3. Red por ações de diag e trat adequado,2015,5,de 1 a 4 anos
4.0,1.3. Red por ações de diag e trat adequado,2016,5,de 1 a 4 anos
4.0,1.3. Red por ações de diag e trat adequado,2017,5,de 1 a 4 anos
4.0,1.3. Red por ações de diag e trat adequado,2018,1,de 1 a 4 anos
4.0,1.3. Red por ações de diag e trat adequado,2019,5,de 1 a 4 anos
4.0,1.3. Red por ações de diag e trat adequado,2020,2,de 1 a 4 anos
4.0,1.3. Red por ações de diag e trat adequado,2021,3,de 1 a 4 anos
4.0,1.3. Red por ações de diag e trat adequado,2022,9,de 1 a 4 anos
4.0,1.3. Red por ações de diag e trat adequado,2023,11,de 1 a 4 anos
4.0,1.3. Red por ações de diag e trat adequado,2024,8,de 1 a 4 anos
4.0,1.3. Red por ações de diag e trat adequado,2025,2,de 1 a 4 anos
4.0,1.4. Red por ações promoção vinc a atenção,2006,7,de 1 a 4 anos
4.0,1.4. Red por ações promoção vinc a atenção,2007,4,de 1 a 4 anos
4.0,1.4. Red por ações promoção vinc a atenção,2008,8,de 1 a 4 anos
4.0,1.4. Red por ações promoção vinc a atenção,2009,5,de 1 a 4 anos
4.0,1.4. Red por ações promoção vinc a atenção,2010,6,de 1 a 4 anos
4.0,1.4. Red por ações promoção vinc a atenção,2011,8,de 1 a 4 anos
4.0,1.4. Red por ações promoção vinc a atenção,2012,8,de 1 a 4 anos
4.0,1.4. Red por ações promoção vinc a atenção,2013,5,de 1 a 4 anos
4.0,1.4. Red por ações promoção vinc a atenção,2014,4,de 1 a 4 anos
4.0,1.4. Red por ações promoção vinc a atenção,2015,3,de 1 a 4 anos
4.0,1.4. Red por ações promoção vinc a atenção,2016,1,de 1 a 4 anos
4.0,1.4. Red por ações promoção vinc a atenção,2017,4,de 1 a 4 anos
4.0,1.4. Red por ações promoção vinc a atenção,2018,2,de 1 a 4 anos
4.0,1.4. Red por ações promoção vinc a atenção,2019,3,de 1 a 4 anos
4.0,1.4. Red por ações promoção vinc a atenção,2020,4,de 1 a 4 anos
4.0,1.4. Red por ações promoção vinc a atenção,2021,7,de 1 a 4 anos
4.0,1.4. Red por ações promoção vinc a atenção,2022,3,de 1 a 4 anos
4.0,1.4. Red por ações promoção vinc a atenção,2023,7,de 1 a 4 anos
4.0,1.4. Red por ações promoção vinc a atenção,2024,2,de 1 a 4 anos
4.0,1.4. Red por ações promoção vinc a atenção,2025,5,de 1 a 4 anos
4.0,2. Causas mal definidas,2006,5,de 1 a 4 anos
4.0,2. Causas mal definidas,2007,3,de 1 a 4 anos
4.0,2. Causas mal definidas,2008,1,de 1 a 4 anos
4.0,2. Causas mal definidas,2009,1,de 1 a 4 anos
4.0,2. Causas mal definidas,2010,4,de 1 a 4 anos
4.0,2. Causas mal definidas,2011,7,de 1 a 4 anos
4.0,2. Causas mal definidas,2012,3,de 1 a 4 anos
4.0,2. Causas mal definidas,2013,4,de 1 a 4 anos
4.0,2. Causas mal definidas,2014,3,de 1 a 4 anos
4.0,2. Causas mal definidas,2015,3,de 1 a 4 anos
4.0,2. Causas mal definidas,2016,2,de 1 a 4 anos
4.0,2. Causas mal definidas,2017,2,de 1 a 4 anos
4.0,2. Causas mal definidas,2018,0,de 1 a 4 anos
4.0,2. Causas mal definidas,2019,1,de 1 a 4 anos
4.0,2. Causas mal definidas,2020,1,de 1 a 4 anos
4.0,2. Causas mal definidas,2021,0,de 1 a 4 anos
4.0,2. Causas mal definidas,2022,2,de 1 a 4 anos
4.0,2. Causas mal definidas,2023,1,de 1 a 4 anos
4.0,2. Causas mal definidas,2024,0,de 1 a 4 anos
4.0,2. Causas mal definidas,2025,2,de 1 a 4 anos
4.0,3. Demais causas (não claramente evitáveis),2006,13,de 1 a 4 anos
4.0,3. Demais causas (não claramente evitáveis),2007,12,de 1 a 4 anos
4.0,3. Demais causas (não claramente evitáveis),2008,11,de 1 a 4 anos
4.0,3. Demais causas (não claramente evitáveis),2009,19,de 1 a 4 anos
4.0,3. Demais causas (não claramente evitáveis),2010,5,de 1 a 4 anos
4.0,3. Demais causas (não claramente evitáveis),2011,16,de 1 a 4 anos
4.0,3. Demais causas (não claramente evitáveis),2012,7,de 1 a 4 anos
4.0,3. Demais causas (não claramente evitáveis),2013,13,de 1 a 4 anos
4.0,3. Demais causas (não claramente evitáveis),2014,13,de 1 a 4 anos
4.0,3. Demais causas (não claramente evitáveis),2015,12,de 1 a 4 anos
4.0,3. Demais causas (não claramente evitáveis),2016,13,de 1 a 4 anos
4.0,3. Demais causas (não claramente evitáveis),2017,20,de 1 a 4 anos
4.0,3. Demais causas (não claramente evitáveis),2018,14,de 1 a 4 anos
4.0,3. Demais causas (não claramente evitáveis),2019,11,de 1 a 4 anos
4.0,3. Demais causas (não claramente evitáveis),2020,8,de 1 a 4 anos
4.0,3. Demais causas (não claramente evitáveis),2021,7,de 1 a 4 anos
4.0,3. Demais causas (não claramente evitáveis),2022,11,de 1 a 4 anos
4.0,3. Demais causas (não claramente evitáveis),2023,11,de 1 a 4 anos
4.0,3. Demais causas (não claramente evitáveis),2024,9,de 1 a 4 anos
4.0,3. Demais causas (não claramente evitáveis),2025,9,de 1 a 4 anos
5.1,1.1. Reduzível pelas ações de imunização,2006,0,de 1 a 4 anos
5.1,1.1. Reduzível pelas ações de imunização,2007,0,de 1 a 4 anos
5.1,1.1. Reduzível pelas ações de imunização,2008,0,de 1 a 4 anos
5.1,1.1. Reduzível pelas ações de imunização,2009,0,de 1 a 4 anos
5.1,1.1. Reduzível pelas ações de imunização,2010,0,de 1 a 4 anos
5.1,1.1. Reduzível pelas ações de imunização,2011,0,de 1 a 4 anos
5.1,1.1. Reduzível pelas ações de imunização,2012,0,de 1 a 4 anos
5.1,1.1. Reduzível pelas ações de imunização,2013,0,de 1 a 4 anos
5.1,1.1. Reduzível pelas ações de imunização,2014,0,de 1 a 4 anos
5.1,1.1. Reduzível pelas ações de imunização,2015,0,de 1 a 4 anos
5.1,1.1. Reduzível pelas ações de imunização,2016,0,de 1 a 4 anos
5.1,1.1. Reduzível pelas ações de imunização,2017,0,de 1 a 4 anos
5.1,1.1. Reduzível pelas ações de imunização,2018,0,de 1 a 4 anos
5.1,1.1. Reduzível pelas ações de imunização,2019,0,de 1 a 4 anos
5.1,1.1. Reduzível pelas ações de imunização,2020,0,de 1 a 4 anos
5.1,1.1. Reduzível pelas ações de imunização,2021,0,de 1 a 4 anos
5.1,1.1. Reduzível pelas ações de imunização,2022,0,de 1 a 4 anos
5.1,1.1. Reduzível pelas ações de imunização,2023,0,de 1 a 4 anos
5.1,1.1. Reduzível pelas ações de imunização,2024,0,de 1 a 4 anos
5.1,1.1. Reduzível pelas ações de imunização,2025,0,de 1 a 4 anos
5.1,1.2.1. Red por at à mulher na gestação,2006,1,de 1 a 4 anos
5.1,1.2.1. Red por at à mulher na gestação,2007,0,de 1 a 4 anos
5.1,1.2.1. Red por at à mulher na gestação,2008,0,de 1 a 4 anos
5.1,1.2.1. Red por at à mulher na gestação,2009,0,de 1 a 4 anos
5.1,1.2.1. Red por at à mulher na gestação,2010,0,de 1 a 4 anos
5.1,1.2.1. Red por at à mulher na gestação,2011,0,de 1 a 4 anos
5.1,1.2.1. Red por at à mulher na gestação,2012,0,de 1 a 4 anos
5.1,1.2.1. Red por at à mulher na gestação,2013,0,de 1 a 4 anos
5.1,1.2.1. Red por at à mulher na gestação,2014,0,de 1 a 4 anos
5.1,1.2.1. Red por at à mulher na gestação,2015,0,de 1 a 4 anos
5.1,1.2.1. Red por at à mulher na gestação,2016,0,de 1 a 4 anos
5.1,1.2.1. Red por at à mulher na gestação,2017,0,de 1 a 4 anos
5.1,1.2.1. Red por at à mulher na gestação,2018,0,de 1 a 4 anos
5.1,1.2.1. Red por at à mulher na gestação,2019,0,de 1 a 4 anos
5.1,1.2.1. Red por at à mulher na gestação,2020,0,de 1 a 4 anos
5.1,1.2.1. Red por at à mulher na gestação,2021,0,de 1 a 4 anos
5.1,1.2.1. Red por at à mulher na gestação,2022,0,de 1 a 4 anos
5.1,1.2.1. Red por at à mulher na gestação,2023,0,de 1 a 4 anos
5.1,1.2.1. Red por at à mulher na gestação,2024,0,de 1 a 4 anos
5.1,1.2.1. Red por at à mulher na gestação,2025,0,de 1 a 4 anos
5.1,1.2.2. Red por at à mulher no parto,2006,0,de 1 a 4 anos
5.1,1.2.2. Red por at à mulher no parto,2007,0,de 1 a 4 anos
5.1,1.2.2. Red por at à mulher no parto,2008,0,de 1 a 4 anos
5.1,1.2.2. Red por at à mulher no parto,2009,0,de 1 a 4 anos
5.1,1.2.2. Red por at à mulher no parto,2010,0,de 1 a 4 anos
5.1,1.2.2. Red por at à mulher no parto,2011,0,de 1 a 4 anos
5.1,1.2.2. Red por at à mulher no parto,2012,0,de 1 a 4 anos
5.1,1.2.2. Red por at à mulher no parto,2013,0,de 1 a 4 anos
5.1,1.2.2. Red por at à mulher no parto,2014,0,de 1 a 4 anos
5.1,1.2.2. Red por at à mulher no parto,2015,0,de 1 a 4 anos
5.1,1.2.2. Red por at à mulher no parto,2016,0,de 1 a 4 anos
5.1,1.2.2. Red por at à mulher no parto,2017,0,de 1 a 4 anos
5.1,1.2.2. Red por at à mulher no parto,2018,0,de 1 a 4 anos
5.1,1.2.2. Red por at à mulher no parto,2019,0,de 1 a 4 anos
5.1,1.2.2. Red por at à mulher no parto,2020,0,de 1 a 4 anos
5.1,1.2.2. Red por at à mulher no parto,2021,0,de 1 a 4 anos
5.1,1.2.2. Red por at à mulher no parto,2022,0,de 1 a 4 anos
5.1,1.2.2. Red por at à mulher no parto,2023,0,de 1 a 4 anos
5.1,1.2.2. Red por at à mulher no parto,2024,0,de 1 a 4 anos
5.1,1.2.2. Red por at à mulher no parto,2025,0,de 1 a 4 anos
5.1,1.2.3. Red por at ao recém-nascido,2006,1,de 1 a 4 anos
5.1,1.2.3. Red por at ao recém-nascido,2007,0,de 1 a 4 anos
5.1,1.2.3. Red por at ao recém-nascido,2008,0,de 1 a 4 anos
5.1,1.2.3. Red por at ao recém-nascido,2009,0,de 1 a 4 anos
5.1,1.2.3. Red por at ao recém-nascido,2010,0,de 1 a 4 anos
5.1,1.2.3. Red por at ao recém-nascido,2011,0,de 1 a 4 anos
5.1,1.2.3. Red por at ao recém-nascido,2012,0,de 1 a 4 anos
5.1,1.2.3. Red por at ao recém-nascido,2013,0,de 1 a 4 anos
5.1,1.2.3. Red por at ao recém-nascido,2014,0,de 1 a 4 anos
5.1,1.2.3. Red por at ao recém-nascido,2015,0,de 1 a 4 anos
5.1,1.2.3. Red por at ao recém-nascido,2016,0,de 1 a 4 anos
5.1,1.2.3. Red por at ao recém-nascido,2017,0,de 1 a 4 anos
5.1,1.2.3. Red por at ao recém-nascido,2018,0,de 1 a 4 anos
5.1,1.2.3. Red por at ao recém-nascido,2019,0,de 1 a 4 anos
5.1,1.2.3. Red por at ao recém-nascido,2020,0,de 1 a 4 anos
5.1,1.2.3. Red por at ao recém-nascido,2021,0,de 1 a 4 anos
5.1,1.2.3. Red por at ao recém-nascido,2022,0,de 1 a 4 anos
5.1,1.2.3. Red por at ao recém-nascido,2023,0,de 1 a 4 anos
5.1,1.2.3. Red por at ao recém-nascido,2024,0,de 1 a 4 anos
5.1,1.2.3. Red por at ao recém-nascido,2025,0,de 1 a 4 anos
5.1,1.3. Red por ações de diag e trat adequado,2006,5,de 1 a 4 anos
5.1,1.3. Red por ações de diag e trat adequado,2007,3,de 1 a 4 anos
5.1,1.3. Red por ações de diag e trat adequado,2008,3,de 1 a 4 anos
5.1,1.3. Red por ações de diag e trat adequado,2009,3,de 1 a 4 anos
5.1,1.3. Red por ações de diag e trat adequado,2010,4,de 1 a 4 anos
5.1,1.3. Red por ações de diag e trat adequado,2011,3,de 1 a 4 anos
5.1,1.3. Red por ações de diag e trat adequado,2012,3,de 1 a 4 anos
5.1,1.3. Red por ações de diag e trat adequado,2013,4,de 1 a 4 anos
5.1,1.3. Red por ações de diag e trat adequado,2014,4,de 1 a 4 anos
5.1,1.3. Red por ações de diag e trat adequado,2015,5,de 1 a 4 anos
5.1,1.3. Red por ações de diag e trat adequado,2016,10,de 1 a 4 anos
5.1,1.3. Red por ações de diag e trat adequado,2017,7,de 1 a 4 anos
5.1,1.3. Red por ações de diag e trat adequado,2018,6,de 1 a 4 anos
5.1,1.3. Red por ações de diag e trat adequado,2019,3,de 1 a 4 anos
5.1,1.3. Red por ações de diag e trat adequado,2020,4,de 1 a 4 anos
5.1,1.3. Red por ações de diag e trat adequado,2021,1,de 1 a 4 anos
5.1,1.3. Red por ações de diag e trat adequado,2022,3,de 1 a 4 anos
5.1,1.3. Red por ações de diag e trat adequado,2023,6,de 1 a 4 anos
5.1,1.3. Red por ações de diag e trat adequado,2024,5,de 1 a 4 anos
5.1,1.3. Red por ações de diag e trat adequado,2025,3,de 1 a 4 anos
5.1,1.4. Red por ações promoção vinc a atenção,2006,0,de 1 a 4 anos
5.1,1.4. Red por ações promoção vinc a atenção,2007,5,de 1 a 4 anos
5.1,1.4. Red por ações promoção vinc a atenção,2008,0,de 1 a 4 anos
5.1,1.4. Red por ações promoção vinc a atenção,2009,4,de 1 a 4 anos
5.1,1.4. Red por ações promoção vinc a atenção,2010,5,de 1 a 4 anos
5.1,1.4. Red por ações promoção vinc a atenção,2011,3,de 1 a 4 anos
5.1,1.4. Red por ações promoção vinc a atenção,2012,2,de 1 a 4 anos
5.1,1.4. Red por ações promoção vinc a atenção,2013,5,de 1 a 4 anos
5.1,1.4. Red por ações promoção vinc a atenção,2014,7,de 1 a 4 anos
5.1,1.4. Red por ações promoção vinc a atenção,2015,4,de 1 a 4 anos
5.1,1.4. Red por ações promoção vinc a atenção,2016,3,de 1 a 4 anos
5.1,1.4. Red por ações promoção vinc a atenção,2017,2,de 1 a 4 anos
5.1,1.4. Red por ações promoção vinc a atenção,2018,5,de 1 a 4 anos
5.1,1.4. Red por ações promoção vinc a atenção,2019,5,de 1 a 4 anos
5.1,1.4. Red por ações promoção vinc a atenção,2020,5,de 1 a 4 anos
5.1,1.4. Red por ações promoção vinc a atenção,2021,2,de 1 a 4 anos
5.1,1.4. Red por ações promoção vinc a atenção,2022,2,de 1 a 4 anos
5.1,1.4. Red por ações promoção vinc a atenção,2023,5,de 1 a 4 anos
5.1,1.4. Red por ações promoção vinc a atenção,2024,5,de 1 a 4 anos
5.1,1.4. Red por ações promoção vinc a atenção,2025,6,de 1 a 4 anos
5.1,2. Causas mal definidas,2006,5,de 1 a 4 anos
5.1,2. Causas mal definidas,2007,1,de 1 a 4 anos
5.1,2. Causas mal definidas,2008,0,de 1 a 4 anos
5.1,2. Causas mal definidas,2009,1,de 1 a 4 anos
5.1,2. Causas mal definidas,2010,1,de 1 a 4 anos
5.1,2. Causas mal definidas,2011,0,de 1 a 4 anos
5.1,2. Causas mal definidas,2012,1,de 1 a 4 anos
5.1,2. Causas mal definidas,2013,1,de 1 a 4 anos
5.1,2. Causas mal definidas,2014,1,de 1 a 4 anos
5.1,2. Causas mal definidas,2015,1,de 1 a 4 anos
5.1,2. Causas mal definidas,2016,2,de 1 a 4 anos
5.1,2. Causas mal definidas,2017,0,de 1 a 4 anos
5.1,2. Causas mal definidas,2018,1,de 1 a 4 anos
5.1,2. Causas mal definidas,2019,0,de 1 a 4 anos
5.1,2. Causas mal definidas,2020,1,de 1 a 4 anos
5.1,2. Causas mal definidas,2021,2,de 1 a 4 anos
5.1,2. Causas mal definidas,2022,1,de 1 a 4 anos
5.1,2. Causas mal definidas,2023,1,de 1 a 4 anos
5.1,2. Causas mal definidas,2024,0,de 1 a 4 anos
5.1,2. Causas mal definidas,2025,1,de 1 a 4 anos
5.1,3. Demais causas (não claramente evitáveis),2006,10,de 1 a 4 anos
5.1,3. Demais causas (não claramente evitáveis),2007,13,de 1 a 4 anos
5.1,3. Demais causas (não claramente evitáveis),2008,11,de 1 a 4 anos
5.1,3. Demais causas (não claramente evitáveis),2009,12,de 1 a 4 anos
5.1,3. Demais causas (não claramente evitáveis),2010,13,de 1 a 4 anos
5.1,3. Demais causas (não claramente evitáveis),2011,8,de 1 a 4 anos
5.1,3. Demais causas (não claramente evitáveis),2012,6,de 1 a 4 anos
5.1,3. Demais causas (não claramente evitáveis),2013,10,de 1 a 4 anos
5.1,3. Demais causas (não claramente evitáveis),2014,6,de 1 a 4 anos
5.1,3. Demais causas (não claramente evitáveis),2015,4,de 1 a 4 anos
5.1,3. Demais causas (não claramente evitáveis),2016,11,de 1 a 4 anos
5.1,3. Demais causas (não claramente evitáveis),2017,6,de 1 a 4 anos
5.1,3. Demais causas (não claramente evitáveis),2018,8,de 1 a 4 anos
5.1,3. Demais causas (não claramente evitáveis),2019,7,de 1 a 4 anos
5.1,3. Demais causas (não claramente evitáveis),2020,7,de 1 a 4 anos
5.1,3. Demais causas (não claramente evitáveis),2021,10,de 1 a 4 anos
5.1,3. Demais causas (não claramente evitáveis),2022,7,de 1 a 4 anos
5.1,3. Demais causas (não claramente evitáveis),2023,11,de 1 a 4 anos
5.1,3. Demais causas (não claramente evitáveis),2024,6,de 1 a 4 anos
5.1,3. Demais causas (não claramente evitáveis),2025,6,de 1 a 4 anos
5.2,1.1. Reduzível pelas ações de imunização,2006,0,de 1 a 4 anos
5.2,1.1. Reduzível pelas ações de imunização,2007,0,de 1 a 4 anos
5.2,1.1. Reduzível pelas ações de imunização,2008,0,de 1 a 4 anos
5.2,1.1. Reduzível pelas ações de imunização,2009,0,de 1 a 4 anos
5.2,1.1. Reduzível pelas ações de imunização,2010,0,de 1 a 4 anos
5.2,1.1. Reduzível pelas ações de imunização,2011,0,de 1 a 4 anos
5.2,1.1. Reduzível pelas ações de imunização,2012,0,de 1 a 4 anos
5.2,1.1. Reduzível pelas ações de imunização,2013,0,de 1 a 4 anos
5.2,1.1. Reduzível pelas ações de imunização,2014,0,de 1 a 4 anos
5.2,1.1. Reduzível pelas ações de imunização,2015,0,de 1 a 4 anos
5.2,1.1. Reduzível pelas ações de imunização,2016,0,de 1 a 4 anos
5.2,1.1. Reduzível pelas ações de imunização,2017,0,de 1 a 4 anos
5.2,1.1. Reduzível pelas ações de imunização,2018,0,de 1 a 4 anos
5.2,1.1. Reduzível pelas ações de imunização,2019,0,de 1 a 4 anos
5.2,1.1. Reduzível pelas ações de imunização,2020,0,de 1 a 4 anos
5.2,1.1. Reduzível pelas ações de imunização,2021,0,de 1 a 4 anos
5.2,1.1. Reduzível pelas ações de imunização,2022,0,de 1 a 4 anos
5.2,1.1. Reduzível pelas ações de imunização,2023,0,de 1 a 4 anos
5.2,1.1. Reduzível pelas ações de imunização,2024,0,de 1 a 4 anos
5.2,1.1. Reduzível pelas ações de imunização,2025,0,de 1 a 4 anos
5.2,1.2.1. Red por at à mulher na gestação,2006,0,de 1 a 4 anos
5.2,1.2.1. Red por at à mulher na gestação,2007,0,de 1 a 4 anos
5.2,1.2.1. Red por at à mulher na gestação,2008,0,de 1 a 4 anos
5.2,1.2.1. Red por at à mulher na gestação,2009,1,de 1 a 4 anos
5.2,1.2.1. Red por at à mulher na gestação,2010,0,de 1 a 4 anos
5.2,1.2.1. Red por at à mulher na gestação,2011,0,de 1 a 4 anos
5.2,1.2.1. Red por at à mulher na gestação,2012,1,de 1 a 4 anos
5.2,1.2.1. Red por at à mulher na gestação,2013,0,de 1 a 4 anos
5.2,1.2.1. Red por at à mulher na gestação,2014,0,de 1 a 4 anos
5.2,1.2.1. Red por at à mulher na gestação,2015,0,de 1 a 4 anos
5.2,1.2.1. Red por at à mulher na gestação,2016,0,de 1 a 4 anos
5.2,1.2.1. Red por at à mulher na gestação,2017,0,de 1 a 4 anos
5.2,1.2.1. Red por at à mulher na gestação,2018,0,de 1 a 4 anos
5.2,1.2.1. Red por at à mulher na gestação,2019,0,de 1 a 4 anos
5.2,1.2.1. Red por at à mulher na gestação,2020,0,de 1 a 4 anos
5.2,1.2.1. Red por at à mulher na gestação,2021,0,de 1 a 4 anos
5.2,1.2.1. Red por at à mulher na gestação,2022,0,de 1 a 4 anos
5.2,1.2.1. Red por at à mulher na gestação,2023,0,de 1 a 4 anos
5.2,1.2.1. Red por at à mulher na gestação,2024,0,de 1 a 4 anos
5.2,1.2.1. Red por at à mulher na gestação,2025,1,de 1 a 4 anos
5.2,1.2.2. Red por at à mulher no parto,2006,0,de 1 a 4 anos
5.2,1.2.2. Red por at à mulher no parto,2007,0,de 1 a 4 anos
5.2,1.2.2. Red por at à mulher no parto,2008,0,de 1 a 4 anos
5.2,1.2.2. Red por at à mulher no parto,2009,1,de 1 a 4 anos
5.2,1.2.2. Red por at à mulher no parto,2010,0,de 1 a 4 anos
5.2,1.2.2. Red por at à mulher no parto,2011,0,de 1 a 4 anos
5.2,1.2.2. Red por at à mulher no parto,2012,0,de 1 a 4 anos
5.2,1.2.2. Red por at à mulher no parto,2013,0,de 1 a 4 anos
5.2,1.2.2. Red por at à mulher no parto,2014,0,de 1 a 4 anos
5.2,1.2.2. Red por at à mulher no parto,2015,0,de 1 a 4 anos
5.2,1.2.2. Red por at à mulher no parto,2016,0,de 1 a 4 anos
5.2,1.2.2. Red por at à mulher no parto,2017,0,de 1 a 4 anos
5.2,1.2.2. Red por at à mulher no parto,2018,1,de 1 a 4 anos
5.2,1.2.2. Red por at à mulher no parto,2019,0,de 1 a 4 anos
5.2,1.2.2. Red por at à mulher no parto,2020,0,de 1 a 4 anos
5.2,1.2.2. Red por at à mulher no parto,2021,0,de 1 a 4 anos
5.2,1.2.2. Red por at à mulher no parto,2022,0,de 1 a 4 anos
5.2,1.2.2. Red por at à mulher no parto,2023,0,de 1 a 4 anos
5.2,1.2.2. Red por at à mulher no parto,2024,0,de 1 a 4 anos
5.2,1.2.2. Red por at à mulher no parto,2025,0,de 1 a 4 anos
5.2,1.2.3. Red por at ao recém-nascido,2006,0,de 1 a 4 anos
5.2,1.2.3. Red por at ao recém-nascido,2007,0,de 1 a 4 anos
5.2,1.2.3. Red por at ao recém-nascido,2008,0,de 1 a 4 anos
5.2,1.2.3. Red por at ao recém-nascido,2009,0,de 1 a 4 anos
5.2,1.2.3. Red por at ao recém-nascido,2010,0,de 1 a 4 anos
5.2,1.2.3. Red por at ao recém-nascido,2011,0,de 1 a 4 anos
5.2,1.2.3. Red por at ao recém-nascido,2012,0,de 1 a 4 anos
5.2,1.2.3. Red por at ao recém-nascido,2013,0,de 1 a 4 anos
5.2,1.2.3. Red por at ao recém-nascido,2014,0,de 1 a 4 anos
5.2,1.2.3. Red por at ao recém-nascido,2015,0,de 1 a 4 anos
5.2,1.2.3. Red por at ao recém-nascido,2016,0,de 1 a 4 anos
5.2,1.2.3. Red por at ao recém-nascido,2017,0,de 1 a 4 anos
5.2,1.2.3. Red por at ao recém-nascido,2018,0,de 1 a 4 anos
5.2,1.2.3. Red por at ao recém-nascido,2019,0,de 1 a 4 anos
5.2,1.2.3. Red por at ao recém-nascido,2020,0,de 1 a 4 anos
5.2,1.2.3. Red por at ao recém-nascido,2021,0,de 1 a 4 anos
5.2,1.2.3. Red por at ao recém-nascido,2022,0,de 1 a 4 anos
5.2,1.2.3. Red por at ao recém-nascido,2023,0,de 1 a 4 anos
5.2,1.2.3. Red por at ao recém-nascido,2024,0,de 1 a 4 anos
5.2,1.2.3. Red por at ao recém-nascido,2025,0,de 1 a 4 anos
5.2,1.3. Red por ações de diag e trat adequado,2006,4,de 1 a 4 anos
5.2,1.3. Red por ações de diag e trat adequado,2007,7,de 1 a 4 anos
5.2,1.3. Red por ações de diag e trat adequado,2008,8,de 1 a 4 anos
5.2,1.3. Red por ações de diag e trat adequado,2009,4,de 1 a 4 anos
5.2,1.3. Red por ações de diag e trat adequado,2010,11,de 1 a 4 anos
5.2,1.3. Red por ações de diag e trat adequado,2011,5,de 1 a 4 anos
5.2,1.3. Red por ações de diag e trat adequado,2012,8,de 1 a 4 anos
5.2,1.3. Red por ações de diag e trat adequado,2013,6,de 1 a 4 anos
5.2,1.3. Red por ações de diag e trat adequado,2014,4,de 1 a 4 anos
5.2,1.3. Red por ações de diag e trat adequado,2015,9,de 1 a 4 anos
5.2,1.3. Red por ações de diag e trat adequado,2016,5,de 1 a 4 anos
5.2,1.3. Red por ações de diag e trat adequado,2017,8,de 1 a 4 anos
5.2,1.3. Red por ações de diag e trat adequado,2018,5,de 1 a 4 anos
5.2,1.3. Red por ações de diag e trat adequado,2019,6,de 1 a 4 anos
5.2,1.3. Red por ações de diag e trat adequado,2020,6,de 1 a 4 anos
5.2,1.3. Red por ações de diag e trat adequado,2021,5,de 1 a 4 anos
5.2,1.3. Red por ações de diag e trat adequado,2022,5,de 1 a 4 anos
5.2,1.3. Red por ações de diag e trat adequado,2023,11,de 1 a 4 anos
5.2,1.3. Red por ações de diag e trat adequado,2024,5,de 1 a 4 anos
5.2,1.3. Red por ações de diag e trat adequado,2025,3,de 1 a 4 anos
5.2,1.4. Red por ações promoção vinc a atenção,2006,4,de 1 a 4 anos
5.2,1.4. Red por ações promoção vinc a atenção,2007,4,de 1 a 4 anos
5.2,1.4. Red por ações promoção vinc a atenção,2008,7,de 1 a 4 anos
5.2,1.4. Red por ações promoção vinc a atenção,2009,7,de 1 a 4 anos
5.2,1.4. Red por ações promoção vinc a atenção,2010,5,de 1 a 4 anos
5.2,1.4. Red por ações promoção vinc a atenção,2011,3,de 1 a 4 anos
5.2,1.4. Red por ações promoção vinc a atenção,2012,6,de 1 a 4 anos
5.2,1.4. Red por ações promoção vinc a atenção,2013,4,de 1 a 4 anos
5.2,1.4. Red por ações promoção vinc a atenção,2014,7,de 1 a 4 anos
5.2,1.4. Red por ações promoção vinc a atenção,2015,8,de 1 a 4 anos
5.2,1.4. Red por ações promoção vinc a atenção,2016,2,de 1 a 4 anos
5.2,1.4. Red por ações promoção vinc a atenção,2017,5,de 1 a 4 anos
5.2,1.4. Red por ações promoção vinc a atenção,2018,4,de 1 a 4 anos
5.2,1.4. Red por ações promoção vinc a atenção,2019,4,de 1 a 4 anos
5.2,1.4. Red por ações promoção vinc a atenção,2020,4,de 1 a 4 anos
5.2,1.4. Red por ações promoção vinc a atenção,2021,6,de 1 a 4 anos
5.2,1.4. Red por ações promoção vinc a atenção,2022,4,de 1 a 4 anos
5.2,1.4. Red por ações promoção vinc a atenção,2023,8,de 1 a 4 anos
5.2,1.4. Red por ações promoção vinc a atenção,2024,2,de 1 a 4 anos
5.2,1.4. Red por ações promoção vinc a atenção,2025,3,de 1 a 4 anos
5.2,2. Causas mal definidas,2006,5,de 1 a 4 anos
5.2,2. Causas mal definidas,2007,4,de 1 a 4 anos
5.2,2. Causas mal definidas,2008,4,de 1 a 4 anos
5.2,2. Causas mal definidas,2009,0,de 1 a 4 anos
5.2,2. Causas mal definidas,2010,2,de 1 a 4 anos
5.2,2. Causas mal definidas,2011,0,de 1 a 4 anos
5.2,2. Causas mal definidas,2012,1,de 1 a 4 anos
5.2,2. Causas mal definidas,2013,0,de 1 a 4 anos
5.2,2. Causas mal definidas,2014,1,de 1 a 4 anos
5.2,2. Causas mal definidas,2015,0,de 1 a 4 anos
5.2,2. Causas mal definidas,2016,1,de 1 a 4 anos
5.2,2. Causas mal definidas,2017,0,de 1 a 4 anos
5.2,2. Causas mal definidas,2018,0,de 1 a 4 anos
5.2,2. Causas mal definidas,2019,1,de 1 a 4 anos
5.2,2. Causas mal definidas,2020,2,de 1 a 4 anos
5.2,2. Causas mal definidas,2021,1,de 1 a 4 anos
5.2,2. Causas mal definidas,2022,0,de 1 a 4 anos
5.2,2. Causas mal definidas,2023,2,de 1 a 4 anos
5.2,2. Causas mal definidas,2024,2,de 1 a 4 anos
5.2,2. Causas mal definidas,2025,0,de 1 a 4 anos
5.2,3. Demais causas (não claramente evitáveis),2006,11,de 1 a 4 anos
5.2,3. Demais causas (não claramente evitáveis),2007,14,de 1 a 4 anos
5.2,3. Demais causas (não claramente evitáveis),2008,6,de 1 a 4 anos
5.2,3. Demais causas (não claramente evitáveis),2009,13,de 1 a 4 anos
5.2,3. Demais causas (não claramente evitáveis),2010,5,de 1 a 4 anos
5.2,3. Demais causas (não claramente evitáveis),2011,10,de 1 a 4 anos
5.2,3. Demais causas (não claramente evitáveis),2012,12,de 1 a 4 anos
5.2,3. Demais causas (não claramente evitáveis),2013,8,de 1 a 4 anos
5.2,3. Demais causas (não claramente evitáveis),2014,11,de 1 a 4 anos
5.2,3. Demais causas (não claramente evitáveis),2015,11,de 1 a 4 anos
5.2,3. Demais causas (não claramente evitáveis),2016,14,de 1 a 4 anos
5.2,3. Demais causas (não claramente evitáveis),2017,13,de 1 a 4 anos
5.2,3. Demais causas (não claramente evitáveis),2018,8,de 1 a 4 anos
5.2,3. Demais causas (não claramente evitáveis),2019,10,de 1 a 4 anos
5.2,3. Demais causas (não claramente evitáveis),2020,13,de 1 a 4 anos
5.2,3. Demais causas (não claramente evitáveis),2021,9,de 1 a 4 anos
5.2,3. Demais causas (não claramente evitáveis),2022,12,de 1 a 4 anos
5.2,3. Demais causas (não claramente evitáveis),2023,9,de 1 a 4 anos
5.2,3. Demais causas (não claramente evitáveis),2024,10,de 1 a 4 anos
5.2,3. Demais causas (não claramente evitáveis),2025,8,de 1 a 4 anos
5.3,1.1. Reduzível pelas ações de imunização,2006,0,de 1 a 4 anos
5.3,1.1. Reduzível pelas ações de imunização,2007,0,de 1 a 4 anos
5.3,1.1. Reduzível pelas ações de imunização,2008,0,de 1 a 4 anos
5.3,1.1. Reduzível pelas ações de imunização,2009,0,de 1 a 4 anos
5.3,1.1. Reduzível pelas ações de imunização,2010,0,de 1 a 4 anos
5.3,1.1. Reduzível pelas ações de imunização,2011,0,de 1 a 4 anos
5.3,1.1. Reduzível pelas ações de imunização,2012,0,de 1 a 4 anos
5.3,1.1. Reduzível pelas ações de imunização,2013,0,de 1 a 4 anos
5.3,1.1. Reduzível pelas ações de imunização,2014,0,de 1 a 4 anos
5.3,1.1. Reduzível pelas ações de imunização,2015,0,de 1 a 4 anos
5.3,1.1. Reduzível pelas ações de imunização,2016,0,de 1 a 4 anos
5.3,1.1. Reduzível pelas ações de imunização,2017,0,de 1 a 4 anos
5.3,1.1. Reduzível pelas ações de imunização,2018,0,de 1 a 4 anos
5.3,1.1. Reduzível pelas ações de imunização,2019,0,de 1 a 4 anos
5.3,1.1. Reduzível pelas ações de imunização,2020,0,de 1 a 4 anos
5.3,1.1. Reduzível pelas ações de imunização,2021,0,de 1 a 4 anos
5.3,1.1. Reduzível pelas ações de imunização,2022,0,de 1 a 4 anos
5.3,1.1. Reduzível pelas ações de imunização,2023,0,de 1 a 4 anos
5.3,1.1. Reduzível pelas ações de imunização,2024,0,de 1 a 4 anos
5.3,1.1. Reduzível pelas ações de imunização,2025,0,de 1 a 4 anos
5.3,1.2.1. Red por at à mulher na gestação,2006,1,de 1 a 4 anos
5.3,1.2.1. Red por at à mulher na gestação,2007,0,de 1 a 4 anos
5.3,1.2.1. Red por at à mulher na gestação,2008,1,de 1 a 4 anos
5.3,1.2.1. Red por at à mulher na gestação,2009,0,de 1 a 4 anos
5.3,1.2.1. Red por at à mulher na gestação,2010,0,de 1 a 4 anos
5.3,1.2.1. Red por at à mulher na gestação,2011,0,de 1 a 4 anos
5.3,1.2.1. Red por at à mulher na gestação,2012,0,de 1 a 4 anos
5.3,1.2.1. Red por at à mulher na gestação,2013,0,de 1 a 4 anos
5.3,1.2.1. Red por at à mulher na gestação,2014,0,de 1 a 4 anos
5.3,1.2.1. Red por at à mulher na gestação,2015,0,de 1 a 4 anos
5.3,1.2.1. Red por at à mulher na gestação,2016,0,de 1 a 4 anos
5.3,1.2.1. Red por at à mulher na gestação,2017,1,de 1 a 4 anos
5.3,1.2.1. Red por at à mulher na gestação,2018,0,de 1 a 4 anos
5.3,1.2.1. Red por at à mulher na gestação,2019,0,de 1 a 4 anos
5.3,1.2.1. Red por at à mulher na gestação,2020,0,de 1 a 4 anos
5.3,1.2.1. Red por at à mulher na gestação,2021,0,de 1 a 4 anos
5.3,1.2.1. Red por at à mulher na gestação,2022,0,de 1 a 4 anos
5.3,1.2.1. Red por at à mulher na gestação,2023,0,de 1 a 4 anos
5.3,1.2.1. Red por at à mulher na gestação,2024,0,de 1 a 4 anos
5.3,1.2.1. Red por at à mulher na gestação,2025,0,de 1 a 4 anos
5.3,1.2.2. Red por at à mulher no parto,2006,0,de 1 a 4 anos
5.3,1.2.2. Red por at à mulher no parto,2007,0,de 1 a 4 anos
5.3,1.2.2. Red por at à mulher no parto,2008,0,de 1 a 4 anos
5.3,1.2.2. Red por at à mulher no parto,2009,0,de 1 a 4 anos
5.3,1.2.2. Red por at à mulher no parto,2010,0,de 1 a 4 anos
5.3,1.2.2. Red por at à mulher no parto,2011,0,de 1 a 4 anos
5.3,1.2.2. Red por at à mulher no parto,2012,0,de 1 a 4 anos
5.3,1.2.2. Red por at à mulher no parto,2013,0,de 1 a 4 anos
5.3,1.2.2. Red por at à mulher no parto,2014,0,de 1 a 4 anos
5.3,1.2.2. Red por at à mulher no parto,2015,0,de 1 a 4 anos
5.3,1.2.2. Red por at à mulher no parto,2016,0,de 1 a 4 anos
5.3,1.2.2. Red por at à mulher no parto,2017,0,de 1 a 4 anos
5.3,1.2.2. Red por at à mulher no parto,2018,0,de 1 a 4 anos
5.3,1.2.2. Red por at à mulher no parto,2019,0,de 1 a 4 anos
5.3,1.2.2. Red por at à mulher no parto,2020,0,de 1 a 4 anos
5.3,1.2.2. Red por at à mulher no parto,2021,0,de 1 a 4 anos
5.3,1.2.2. Red por at à mulher no parto,2022,0,de 1 a 4 anos
5.3,1.2.2. Red por at à mulher no parto,2023,0,de 1 a 4 anos
5.3,1.2.2. Red por at à mulher no parto,2024,0,de 1 a 4 anos
5.3,1.2.2. Red por at à mulher no parto,2025,0,de 1 a 4 anos
5.3,1.2.3. Red por at ao recém-nascido,2006,0,de 1 a 4 anos
5.3,1.2.3. Red por at ao recém-nascido,2007,0,de 1 a 4 anos
5.3,1.2.3. Red por at ao recém-nascido,2008,0,de 1 a 4 anos
5.3,1.2.3. Red por at ao recém-nascido,2009,0,de 1 a 4 anos
5.3,1.2.3. Red por at ao recém-nascido,2010,0,de 1 a 4 anos
5.3,1.2.3. Red por at ao recém-nascido,2011,0,de 1 a 4 anos
5.3,1.2.3. Red por at ao recém-nascido,2012,0,de 1 a 4 anos
5.3,1.2.3. Red por at ao recém-nascido,2013,0,de 1 a 4 anos
5.3,1.2.3. Red por at ao recém-nascido,2014,0,de 1 a 4 anos
5.3,1.2.3. Red por at ao recém-nascido,2015,0,de 1 a 4 anos
5.3,1.2.3. Red por at ao recém-nascido,2016,0,de 1 a 4 anos
5.3,1.2.3. Red por at ao recém-nascido,2017,0,de 1 a 4 anos
5.3,1.2.3. Red por at ao recém-nascido,2018,0,de 1 a 4 anos
5.3,1.2.3. Red por at ao recém-nascido,2019,0,de 1 a 4 anos
5.3,1.2.3. Red por at ao recém-nascido,2020,0,de 1 a 4 anos
5.3,1.2.3. Red por at ao recém-nascido,2021,0,de 1 a 4 anos
5.3,1.2.3. Red por at ao recém-nascido,2022,0,de 1 a 4 anos
5.3,1.2.3. Red por at ao recém-nascido,2023,0,de 1 a 4 anos
5.3,1.2.3. Red por at ao recém-nascido,2024,0,de 1 a 4 anos
5.3,1.2.3. Red por at ao recém-nascido,2025,0,de 1 a 4 anos
5.3,1.3. Red por ações de diag e trat adequado,2006,5,de 1 a 4 anos
5.3,1.3. Red por ações de diag e trat adequado,2007,2,de 1 a 4 anos
5.3,1.3. Red por ações de diag e trat adequado,2008,5,de 1 a 4 anos
5.3,1.3. Red por ações de diag e trat adequado,2009,4,de 1 a 4 anos
5.3,1.3. Red por ações de diag e trat adequado,2010,2,de 1 a 4 anos
5.3,1.3. Red por ações de diag e trat adequado,2011,4,de 1 a 4 anos
5.3,1.3. Red por ações de diag e trat adequado,2012,2,de 1 a 4 anos
5.3,1.3. Red por ações de diag e trat adequado,2013,3,de 1 a 4 anos
5.3,1.3. Red por ações de diag e trat adequado,2014,3,de 1 a 4 anos
5.3,1.3. Red por ações de diag e trat adequado,2015,1,de 1 a 4 anos
5.3,1.3. Red por ações de diag e trat adequado,2016,6,de 1 a 4 anos
5.3,1.3. Red por ações de diag e trat adequado,2017,2,de 1 a 4 anos
5.3,1.3. Red por ações de diag e trat adequado,2018,7,de 1 a 4 anos
5.3,1.3. Red por ações de diag e trat adequado,2019,5,de 1 a 4 anos
5.3,1.3. Red por ações de diag e trat adequado,2020,1,de 1 a 4 anos
5.3,1.3. Red por ações de diag e trat adequado,2021,6,de 1 a 4 anos
5.3,1.3. Red por ações de diag e trat adequado,2022,6,de 1 a 4 anos
5.3,1.3. Red por ações de diag e trat adequado,2023,3,de 1 a 4 anos
5.3,1.3. Red por ações de diag e trat adequado,2024,4,de 1 a 4 anos
5.3,1.3. Red por ações de diag e trat adequado,2025,4,de 1 a 4 anos
5.3,1.4. Red por ações promoção vinc a atenção,2006,4,de 1 a 4 anos
5.3,1.4. Red por ações promoção vinc a atenção,2007,7,de 1 a 4 anos
5.3,1.4. Red por ações promoção vinc a atenção,2008,2,de 1 a 4 anos
5.3,1.4. Red por ações promoção vinc a atenção,2009,3,de 1 a 4 anos
5.3,1.4. Red por ações promoção vinc a atenção,2010,3,de 1 a 4 anos
5.3,1.4. Red por ações promoção vinc a atenção,2011,4,de 1 a 4 anos
5.3,1.4. Red por ações promoção vinc a atenção,2012,8,de 1 a 4 anos
5.3,1.4. Red por ações promoção vinc a atenção,2013,4,de 1 a 4 anos
5.3,1.4. Red por ações promoção vinc a atenção,2014,1,de 1 a 4 anos
5.3,1.4. Red por ações promoção vinc a atenção,2015,6,de 1 a 4 anos
5.3,1.4. Red por ações promoção vinc a atenção,2016,2,de 1 a 4 anos
5.3,1.4. Red por ações promoção vinc a atenção,2017,5,de 1 a 4 anos
5.3,1.4. Red por ações promoção vinc a atenção,2018,3,de 1 a 4 anos
5.3,1.4. Red por ações promoção vinc a atenção,2019,3,de 1 a 4 anos
5.3,1.4. Red por ações promoção vinc a atenção,2020,3,de 1 a 4 anos
5.3,1.4. Red por ações promoção vinc a atenção,2021,2,de 1 a 4 anos
5.3,1.4. Red por ações promoção vinc a atenção,2022,4,de 1 a 4 anos
5.3,1.4. Red por ações promoção vinc a atenção,2023,4,de 1 a 4 anos
5.3,1.4. Red por ações promoção vinc a atenção,2024,3,de 1 a 4 anos
5.3,1.4. Red por ações promoção vinc a atenção,2025,6,de 1 a 4 anos
5.3,2. Causas mal definidas,2006,8,de 1 a 4 anos
5.3,2. Causas mal definidas,2007,3,de 1 a 4 anos
5.3,2. Causas mal definidas,2008,3,de 1 a 4 anos
5.3,2. Causas mal definidas,2009,3,de 1 a 4 anos
5.3,2. Causas mal definidas,2010,1,de 1 a 4 anos
5.3,2. Causas mal definidas,2011,0,de 1 a 4 anos
5.3,2. Causas mal definidas,2012,1,de 1 a 4 anos
5.3,2. Causas mal definidas,2013,2,de 1 a 4 anos
5.3,2. Causas mal definidas,2014,1,de 1 a 4 anos
5.3,2. Causas mal definidas,2015,1,de 1 a 4 anos
5.3,2. Causas mal definidas,2016,1,de 1 a 4 anos
5.3,2. Causas mal definidas,2017,1,de 1 a 4 anos
5.3,2. Causas mal definidas,2018,1,de 1 a 4 anos
5.3,2. Causas mal definidas,2019,2,de 1 a 4 anos
5.3,2. Causas mal definidas,2020,0,de 1 a 4 anos
5.3,2. Causas mal definidas,2021,0,de 1 a 4 anos
5.3,2. Causas mal definidas,2022,0,de 1 a 4 anos
5.3,2. Causas mal definidas,2023,0,de 1 a 4 anos
5.3,2. Causas mal definidas,2024,0,de 1 a 4 anos
5.3,2. Causas mal definidas,2025,0,de 1 a 4 anos
5.3,3. Demais causas (não claramente evitáveis),2006,7,de 1 a 4 anos
5.3,3. Demais causas (não claramente evitáveis),2007,5,de 1 a 4 anos
5.3,3. Demais causas (não claramente evitáveis),2008,6,de 1 a 4 anos
5.3,3. Demais causas (não claramente evitáveis),2009,8,de 1 a 4 anos
5.3,3. Demais causas (não claramente evitáveis),2010,3,de 1 a 4 anos
5.3,3. Demais causas (não claramente evitáveis),2011,6,de 1 a 4 anos
5.3,3. Demais causas (não claramente evitáveis),2012,7,de 1 a 4 anos
5.3,3. Demais causas (não claramente evitáveis),2013,9,de 1 a 4 anos
5.3,3. Demais causas (não claramente evitáveis),2014,8,de 1 a 4 anos
5.3,3. Demais causas (não claramente evitáveis),2015,5,de 1 a 4 anos
5.3,3. Demais causas (não claramente evitáveis),2016,6,de 1 a 4 anos
5.3,3. Demais causas (não claramente evitáveis),2017,9,de 1 a 4 anos
5.3,3. Demais causas (não claramente evitáveis),2018,10,de 1 a 4 anos
5.3,3. Demais causas (não claramente evitáveis),2019,6,de 1 a 4 anos
5.3,3. Demais causas (não claramente evitáveis),2020,4,de 1 a 4 anos
5.3,3. Demais causas (não claramente evitáveis),2021,4,de 1 a 4 anos
5.3,3. Demais causas (não claramente evitáveis),2022,3,de 1 a 4 anos
5.3,3. Demais causas (não claramente evitáveis),2023,6,de 1 a 4 anos
5.3,3. Demais causas (não claramente evitáveis),2024,6,de 1 a 4 anos
5.3,3. Demais causas (não claramente evitáveis),2025,6,de 1 a 4 anos
1.0,1.1. Reduzível pelas ações de imunização,2006,0,menores de 5 anos
1.0,1.1. Reduzível pelas ações de imunização,2007,0,menores de 5 anos
1.0,1.1. Reduzível pelas ações de imunização,2008,0,menores de 5 anos
1.0,1.1. Reduzível pelas ações de imunização,2009,0,menores de 5 anos
1.0,1.1. Reduzível pelas ações de imunização,2010,0,menores de 5 anos
1.0,1.1. Reduzível pelas ações de imunização,2011,0,menores de 5 anos
1.0,1.1. Reduzível pelas ações de imunização,2012,0,menores de 5 anos
1.0,1.1. Reduzível pelas ações de imunização,2013,0,menores de 5 anos
1.0,1.1. Reduzível pelas ações de imunização,2014,0,menores de 5 anos
1.0,1.1. Reduzível pelas ações de imunização,2015,1,menores de 5 anos
1.0,1.1. Reduzível pelas ações de imunização,2016,0,menores de 5 anos
1.0,1.1. Reduzível pelas ações de imunização,2017,1,menores de 5 anos
1.0,1.1. Reduzível pelas ações de imunização,2018,0,menores de 5 anos
1.0,1.1. Reduzível pelas ações de imunização,2019,0,menores de 5 anos
1.0,1.1. Reduzível pelas ações de imunização,2020,0,menores de 5 anos
1.0,1.1. Reduzível pelas ações de imunização,2021,0,menores de 5 anos
1.0,1.1. Reduzível pelas ações de imunização,2022,1,menores de 5 anos
1.0,1.1. Reduzível pelas ações de imunização,2023,0,menores de 5 anos
1.0,1.1. Reduzível pelas ações de imunização,2024,0,menores de 5 anos
1.0,1.1. Reduzível pelas ações de imunização,2025,0,menores de 5 anos
1.0,1.2.1. Red por at à mulher na gestação,2006,28,menores de 5 anos
1.0,1.2.1. Red por at à mulher na gestação,2007,25,menores de 5 anos
1.0,1.2.1. Red por at à mulher na gestação,2008,18,menores de 5 anos
1.0,1.2.1. Red por at à mulher na gestação,2009,28,menores de 5 anos
1.0,1.2.1. Red por at à mulher na gestação,2010,23,menores de 5 anos
1.0,1.2.1. Red por at à mulher na gestação,2011,19,menores de 5 anos
1.0,1.2.1. Red por at à mulher na gestação,2012,22,menores de 5 anos
1.0,1.2.1. Red por at à mulher na gestação,2013,17,menores de 5 anos
1.0,1.2.1. Red por at à mulher na gestação,2014,19,menores de 5 anos
1.0,1.2.1. Red por at à mulher na gestação,2015,24,menores de 5 anos
1.0,1.2.1. Red por at à mulher na gestação,2016,13,menores de 5 anos
1.0,1.2.1. Red por at à mulher na gestação,2017,19,menores de 5 anos
1.0,1.2.1. Red por at à mulher na gestação,2018,13,menores de 5 anos
1.0,1.2.1. Red por at à mulher na gestação,2019,13,menores de 5 anos
1.0,1.2.1. Red por at à mulher na gestação,2020,17,menores de 5 anos
1.0,1.2.1. Red por at à mulher na gestação,2021,12,menores de 5 anos
1.0,1.2.1. Red por at à mulher na gestação,2022,20,menores de 5 anos
1.0,1.2.1. Red por at à mulher na gestação,2023,7,menores de 5 anos
1.0,1.2.1. Red por at à mulher na gestação,2024,16,menores de 5 anos
1.0,1.2.1. Red por at à mulher na gestação,2025,13,menores de 5 anos
1.0,1.2.2. Red por at à mulher no parto,2006,4,menores de 5 anos
1.0,1.2.2. Red por at à mulher no parto,2007,2,menores de 5 anos
1.0,1.2.2. Red por at à mulher no parto,2008,10,menores de 5 anos
1.0,1.2.2. Red por at à mulher no parto,2009,8,menores de 5 anos
1.0,1.2.2. Red por at à mulher no parto,2010,6,menores de 5 anos
1.0,1.2.2. Red por at à mulher no parto,2011,4,menores de 5 anos
1.0,1.2.2. Red por at à mulher no parto,2012,3,menores de 5 anos
1.0,1.2.2. Red por at à mulher no parto,2013,6,menores de 5 anos
1.0,1.2.2. Red por at à mulher no parto,2014,0,menores de 5 anos
1.0,1.2.2. Red por at à mulher no parto,2015,6,menores de 5 anos
1.0,1.2.2. Red por at à mulher no parto,2016,6,menores de 5 anos
1.0,1.2.2. Red por at à mulher no parto,2017,12,menores de 5 anos
1.0,1.2.2. Red por at à mulher no parto,2018,6,menores de 5 anos
1.0,1.2.2. Red por at à mulher no parto,2019,6,menores de 5 anos
1.0,1.2.2. Red por at à mulher no parto,2020,3,menores de 5 anos
1.0,1.2.2. Red por at à mulher no parto,2021,6,menores de 5 anos
1.0,1.2.2. Red por at à mulher no parto,2022,4,menores de 5 anos
1.0,1.2.2. Red por at à mulher no parto,2023,7,menores de 5 anos
1.0,1.2.2. Red por at à mulher no parto,2024,8,menores de 5 anos
1.0,1.2.2. Red por at à mulher no parto,2025,8,menores de 5 anos
1.0,1.2.3. Red por at ao recém-nascido,2006,9,menores de 5 anos
1.0,1.2.3. Red por at ao recém-nascido,2007,8,menores de 5 anos
1.0,1.2.3. Red por at ao recém-nascido,2008,9,menores de 5 anos
1.0,1.2.3. Red por at ao recém-nascido,2009,8,menores de 5 anos
1.0,1.2.3. Red por at ao recém-nascido,2010,2,menores de 5 anos
1.0,1.2.3. Red por at ao recém-nascido,2011,5,menores de 5 anos
1.0,1.2.3. Red por at ao recém-nascido,2012,9,menores de 5 anos
1.0,1.2.3. Red por at ao recém-nascido,2013,9,menores de 5 anos
1.0,1.2.3. Red por at ao recém-nascido,2014,8,menores de 5 anos
1.0,1.2.3. Red por at ao recém-nascido,2015,8,menores de 5 anos
1.0,1.2.3. Red por at ao recém-nascido,2016,4,menores de 5 anos
1.0,1.2.3. Red por at ao recém-nascido,2017,2,menores de 5 anos
1.0,1.2.3. Red por at ao recém-nascido,2018,3,menores de 5 anos
1.0,1.2.3. Red por at ao recém-nascido,2019,4,menores de 5 anos
1.0,1.2.3. Red por at ao recém-nascido,2020,4,menores de 5 anos
1.0,1.2.3. Red por at ao recém-nascido,2021,8,menores de 5 anos
1.0,1.2.3. Red por at ao recém-nascido,2022,5,menores de 5 anos
1.0,1.2.3. Red por at ao recém-nascido,2023,6,menores de 5 anos
1.0,1.2.3. Red por at ao recém-nascido,2024,1,menores de 5 anos
1.0,1.2.3. Red por at ao recém-nascido,2025,1,menores de 5 anos
1.0,1.3. Red por ações de diag e trat adequado,2006,11,menores de 5 anos
1.0,1.3. Red por ações de diag e trat adequado,2007,9,menores de 5 anos
1.0,1.3. Red por ações de diag e trat adequado,2008,9,menores de 5 anos
1.0,1.3. Red por ações de diag e trat adequado,2009,17,menores de 5 anos
1.0,1.3. Red por ações de diag e trat adequado,2010,10,menores de 5 anos
1.0,1.3. Red por ações de diag e trat adequado,2011,10,menores de 5 anos
1.0,1.3. Red por ações de diag e trat adequado,2012,4,menores de 5 anos
1.0,1.3. Red por ações de diag e trat adequado,2013,9,menores de 5 anos
1.0,1.3. Red por ações de diag e trat adequado,2014,4,menores de 5 anos
1.0,1.3. Red por ações de diag e trat adequado,2015,10,menores de 5 anos
1.0,1.3. Red por ações de diag e trat adequado,2016,8,menores de 5 anos
1.0,1.3. Red por ações de diag e trat adequado,2017,3,menores de 5 anos
1.0,1.3. Red por ações de diag e trat adequado,2018,6,menores de 5 anos
1.0,1.3. Red por ações de diag e trat adequado,2019,8,menores de 5 anos
1.0,1.3. Red por ações de diag e trat adequado,2020,3,menores de 5 anos
1.0,1.3. Red por ações de diag e trat adequado,2021,6,menores de 5 anos
1.0,1.3. Red por ações de diag e trat adequado,2022,2,menores de 5 anos
1.0,1.3. Red por ações de diag e trat adequado,2023,3,menores de 5 anos
1.0,1.3. Red por ações de diag e trat adequado,2024,4,menores de 5 anos
1.0,1.3. Red por ações de diag e trat adequado,2025,2,menores de 5 anos
1.0,1.4. Red por ações promoção vinc a atenção,2006,12,menores de 5 anos
1.0,1.4. Red por ações promoção vinc a atenção,2007,7,menores de 5 anos
1.0,1.4. Red por ações promoção vinc a atenção,2008,8,menores de 5 anos
1.0,1.4. Red por ações promoção vinc a atenção,2009,6,menores de 5 anos
1.0,1.4. Red por ações promoção vinc a atenção,2010,9,menores de 5 anos
1.0,1.4. Red por ações promoção vinc a atenção,2011,3,menores de 5 anos
1.0,1.4. Red por ações promoção vinc a atenção,2012,7,menores de 5 anos
1.0,1.4. Red por ações promoção vinc a atenção,2013,8,menores de 5 anos
1.0,1.4. Red por ações promoção vinc a atenção,2014,9,menores de 5 anos
1.0,1.4. Red por ações promoção vinc a atenção,2015,4,menores de 5 anos
1.0,1.4. Red por ações promoção vinc a atenção,2016,7,menores de 5 anos
1.0,1.4. Red por ações promoção vinc a atenção,2017,6,menores de 5 anos
1.0,1.4. Red por ações promoção vinc a atenção,2018,2,menores de 5 anos
1.0,1.4. Red por ações promoção vinc a atenção,2019,2,menores de 5 anos
1.0,1.4. Red por ações promoção vinc a atenção,2020,2,menores de 5 anos
1.0,1.4. Red por ações promoção vinc a atenção,2021,4,menores de 5 anos
1.0,1.4. Red por ações promoção vinc a atenção,2022,2,menores de 5 anos
1.0,1.4. Red por ações promoção vinc a atenção,2023,4,menores de 5 anos
1.0,1.4. Red por ações promoção vinc a atenção,2024,6,menores de 5 anos
1.0,1.4. Red por ações promoção vinc a atenção,2025,4,menores de 5 anos
1.0,2. Causas mal definidas,2006,3,menores de 5 anos
1.0,2. Causas mal definidas,2007,5,menores de 5 anos
1.0,2. Causas mal definidas,2008,5,menores de 5 anos
1.0,2. Causas mal definidas,2009,3,menores de 5 anos
1.0,2. Causas mal definidas,2010,9,menores de 5 anos
1.0,2. Causas mal definidas,2011,6,menores de 5 anos
1.0,2. Causas mal definidas,2012,3,menores de 5 anos
1.0,2. Causas mal definidas,2013,2,menores de 5 anos
1.0,2. Causas mal definidas,2014,1,menores de 5 anos
1.0,2. Causas mal definidas,2015,2,menores de 5 anos
1.0,2. Causas mal definidas,2016,2,menores de 5 anos
1.0,2. Causas mal definidas,2017,1,menores de 5 anos
1.0,2. Causas mal definidas,2018,0,menores de 5 anos
1.0,2. Causas mal definidas,2019,2,menores de 5 anos
1.0,2. Causas mal definidas,2020,0,menores de 5 anos
1.0,2. Causas mal definidas,2021,1,menores de 5 anos
1.0,2. Causas mal definidas,2022,3,menores de 5 anos
1.0,2. Causas mal definidas,2023,0,menores de 5 anos
1.0,2. Causas mal definidas,2024,2,menores de 5 anos
1.0,2. Causas mal definidas,2025,0,menores de 5 anos
1.0,3. Demais causas (não claramente evitáveis),2006,30,menores de 5 anos
1.0,3. Demais causas (não claramente evitáveis),2007,28,menores de 5 anos
1.0,3. Demais causas (não claramente evitáveis),2008,24,menores de 5 anos
1.0,3. Demais causas (não claramente evitáveis),2009,27,menores de 5 anos
1.0,3. Demais causas (não claramente evitáveis),2010,21,menores de 5 anos
1.0,3. Demais causas (não claramente evitáveis),2011,26,menores de 5 anos
1.0,3. Demais causas (não claramente evitáveis),2012,15,menores de 5 anos
1.0,3. Demais causas (não claramente evitáveis),2013,22,menores de 5 anos
1.0,3. Demais causas (não claramente evitáveis),2014,16,menores de 5 anos
1.0,3. Demais causas (não claramente evitáveis),2015,20,menores de 5 anos
1.0,3. Demais causas (não claramente evitáveis),2016,12,menores de 5 anos
1.0,3. Demais causas (não claramente evitáveis),2017,14,menores de 5 anos
1.0,3. Demais causas (não claramente evitáveis),2018,17,menores de 5 anos
1.0,3. Demais causas (não claramente evitáveis),2019,26,menores de 5 anos
1.0,3. Demais causas (não claramente evitáveis),2020,12,menores de 5 anos
1.0,3. Demais causas (não claramente evitáveis),2021,16,menores de 5 anos
1.0,3. Demais causas (não claramente evitáveis),2022,16,menores de 5 anos
1.0,3. Demais causas (não claramente evitáveis),2023,14,menores de 5 anos
1.0,3. Demais causas (não claramente evitáveis),2024,5,menores de 5 anos
1.0,3. Demais causas (não claramente evitáveis),2025,15,menores de 5 anos
2.1,1.1. Reduzível pelas ações de imunização,2006,0,menores de 5 anos
2.1,1.1. Reduzível pelas ações de imunização,2007,0,menores de 5 anos
2.1,1.1. Reduzível pelas ações de imunização,2008,0,menores de 5 anos
2.1,1.1. Reduzível pelas ações de imunização,2009,0,menores de 5 anos
2.1,1.1. Reduzível pelas ações de imunização,2010,0,menores de 5 anos
2.1,1.1. Reduzível pelas ações de imunização,2011,0,menores de 5 anos
2.1,1.1. Reduzível pelas ações de imunização,2012,0,menores de 5 anos
2.1,1.1. Reduzível pelas ações de imunização,2013,0,menores de 5 anos
2.1,1.1. Reduzível pelas ações de imunização,2014,1,menores de 5 anos
2.1,1.1. Reduzível pelas ações de imunização,2015,0,menores de 5 anos
2.1,1.1. Reduzível pelas ações de imunização,2016,0,menores de 5 anos
2.1,1.1. Reduzível pelas ações de imunização,2017,0,menores de 5 anos
2.1,1.1. Reduzível pelas ações de imunização,2018,0,menores de 5 anos
2.1,1.1. Reduzível pelas ações de imunização,2019,1,menores de 5 anos
2.1,1.1. Reduzível pelas ações de imunização,2020,0,menores de 5 anos
2.1,1.1. Reduzível pelas ações de imunização,2021,0,menores de 5 anos
2.1,1.1. Reduzível pelas ações de imunização,2022,1,menores de 5 anos
2.1,1.1. Reduzível pelas ações de imunização,2023,0,menores de 5 anos
2.1,1.1. Reduzível pelas ações de imunização,2024,0,menores de 5 anos
2.1,1.1. Reduzível pelas ações de imunização,2025,0,menores de 5 anos
2.1,1.2.1. Red por at à mulher na gestação,2006,15,menores de 5 anos
2.1,1.2.1. Red por at à mulher na gestação,2007,16,menores de 5 anos
2.1,1.2.1. Red por at à mulher na gestação,2008,20,menores de 5 anos
2.1,1.2.1. Red por at à mulher na gestação,2009,26,menores de 5 anos
2.1,1.2.1. Red por at à mulher na gestação,2010,22,menores de 5 anos
2.1,1.2.1. Red por at à mulher na gestação,2011,29,menores de 5 anos
2.1,1.2.1. Red por at à mulher na gestação,2012,11,menores de 5 anos
2.1,1.2.1. Red por at à mulher na gestação,2013,19,menores de 5 anos
2.1,1.2.1. Red por at à mulher na gestação,2014,25,menores de 5 anos
2.1,1.2.1. Red por at à mulher na gestação,2015,13,menores de 5 anos
2.1,1.2.1. Red por at à mulher na gestação,2016,18,menores de 5 anos
2.1,1.2.1. Red por at à mulher na gestação,2017,15,menores de 5 anos
2.1,1.2.1. Red por at à mulher na gestação,2018,11,menores de 5 anos
2.1,1.2.1. Red por at à mulher na gestação,2019,12,menores de 5 anos
2.1,1.2.1. Red por at à mulher na gestação,2020,19,menores de 5 anos
2.1,1.2.1. Red por at à mulher na gestação,2021,18,menores de 5 anos
2.1,1.2.1. Red por at à mulher na gestação,2022,6,menores de 5 anos
2.1,1.2.1. Red por at à mulher na gestação,2023,10,menores de 5 anos
2.1,1.2.1. Red por at à mulher na gestação,2024,10,menores de 5 anos
2.1,1.2.1. Red por at à mulher na gestação,2025,7,menores de 5 anos
2.1,1.2.2. Red por at à mulher no parto,2006,9,menores de 5 anos
2.1,1.2.2. Red por at à mulher no parto,2007,8,menores de 5 anos
2.1,1.2.2. Red por at à mulher no parto,2008,6,menores de 5 anos
2.1,1.2.2. Red por at à mulher no parto,2009,3,menores de 5 anos
2.1,1.2.2. Red por at à mulher no parto,2010,3,menores de 5 anos
2.1,1.2.2. Red por at à mulher no parto,2011,6,menores de 5 anos
2.1,1.2.2. Red por at à mulher no parto,2012,2,menores de 5 anos
2.1,1.2.2. Red por at à mulher no parto,2013,3,menores de 5 anos
2.1,1.2.2. Red por at à mulher no parto,2014,2,menores de 5 anos
2.1,1.2.2. Red por at à mulher no parto,2015,4,menores de 5 anos
2.1,1.2.2. Red por at à mulher no parto,2016,3,menores de 5 anos
2.1,1.2.2. Red por at à mulher no parto,2017,2,menores de 5 anos
2.1,1.2.2. Red por at à mulher no parto,2018,4,menores de 5 anos
2.1,1.2.2. Red por at à mulher no parto,2019,4,menores de 5 anos
2.1,1.2.2. Red por at à mulher no parto,2020,7,menores de 5 anos
2.1,1.2.2. Red por at à mulher no parto,2021,2,menores de 5 anos
2.1,1.2.2. Red por at à mulher no parto,2022,3,menores de 5 anos
2.1,1.2.2. Red por at à mulher no parto,2023,1,menores de 5 anos
2.1,1.2.2. Red por at à mulher no parto,2024,5,menores de 5 anos
2.1,1.2.2. Red por at à mulher no parto,2025,1,menores de 5 anos
2.1,1.2.3. Red por at ao recém-nascido,2006,11,menores de 5 anos
2.1,1.2.3. Red por at ao recém-nascido,2007,6,menores de 5 anos
2.1,1.2.3. Red por at ao recém-nascido,2008,5,menores de 5 anos
2.1,1.2.3. Red por at ao recém-nascido,2009,9,menores de 5 anos
2.1,1.2.3. Red por at ao recém-nascido,2010,6,menores de 5 anos
2.1,1.2.3. Red por at ao recém-nascido,2011,5,menores de 5 anos
2.1,1.2.3. Red por at ao recém-nascido,2012,6,menores de 5 anos
2.1,1.2.3. Red por at ao recém-nascido,2013,9,menores de 5 anos
2.1,1.2.3. Red por at ao recém-nascido,2014,11,menores de 5 anos
2.1,1.2.3. Red por at ao recém-nascido,2015,3,menores de 5 anos
2.1,1.2.3. Red por at ao recém-nascido,2016,5,menores de 5 anos
2.1,1.2.3. Red por at ao recém-nascido,2017,3,menores de 5 anos
2.1,1.2.3. Red por at ao recém-nascido,2018,7,menores de 5 anos
2.1,1.2.3. Red por at ao recém-nascido,2019,5,menores de 5 anos
2.1,1.2.3. Red por at ao recém-nascido,2020,1,menores de 5 anos
2.1,1.2.3. Red por at ao recém-nascido,2021,2,menores de 5 anos
2.1,1.2.3. Red por at ao recém-nascido,2022,9,menores de 5 anos
2.1,1.2.3. Red por at ao recém-nascido,2023,4,menores de 5 anos
2.1,1.2.3. Red por at ao recém-nascido,2024,1,menores de 5 anos
2.1,1.2.3. Red por at ao recém-nascido,2025,1,menores de 5 anos
2.1,1.3. Red por ações de diag e trat adequado,2006,3,menores de 5 anos
2.1,1.3. Red por ações de diag e trat adequado,2007,5,menores de 5 anos
2.1,1.3. Red por ações de diag e trat adequado,2008,4,menores de 5 anos
2.1,1.3. Red por ações de diag e trat adequado,2009,3,menores de 5 anos
2.1,1.3. Red por ações de diag e trat adequado,2010,13,menores de 5 anos
2.1,1.3. Red por ações de diag e trat adequado,2011,3,menores de 5 anos
2.1,1.3. Red por ações de diag e trat adequado,2012,6,menores de 5 anos
2.1,1.3. Red por ações de diag e trat adequado,2013,7,menores de 5 anos
2.1,1.3. Red por ações de diag e trat adequado,2014,0,menores de 5 anos
2.1,1.3. Red por ações de diag e trat adequado,2015,4,menores de 5 anos
2.1,1.3. Red por ações de diag e trat adequado,2016,4,menores de 5 anos
2.1,1.3. Red por ações de diag e trat adequado,2017,4,menores de 5 anos
2.1,1.3. Red por ações de diag e trat adequado,2018,6,menores de 5 anos
2.1,1.3. Red por ações de diag e trat adequado,2019,4,menores de 5 anos
2.1,1.3. Red por ações de diag e trat adequado,2020,1,menores de 5 anos
2.1,1.3. Red por ações de diag e trat adequado,2021,2,menores de 5 anos
2.1,1.3. Red por ações de diag e trat adequado,2022,1,menores de 5 anos
2.1,1.3. Red por ações de diag e trat adequado,2023,4,menores de 5 anos
2.1,1.3. Red por ações de diag e trat adequado,2024,6,menores de 5 anos
2.1,1.3. Red por ações de diag e trat adequado,2025,5,menores de 5 anos
2.1,1.4. Red por ações promoção vinc a atenção,2006,5,menores de 5 anos
2.1,1.4. Red por ações promoção vinc a atenção,2007,4,menores de 5 anos
2.1,1.4. Red por ações promoção vinc a atenção,2008,3,menores de 5 anos
2.1,1.4. Red por ações promoção vinc a atenção,2009,2,menores de 5 anos
2.1,1.4. Red por ações promoção vinc a atenção,2010,6,menores de 5 anos
2.1,1.4. Red por ações promoção vinc a atenção,2011,1,menores de 5 anos
2.1,1.4. Red por ações promoção vinc a atenção,2012,2,menores de 5 anos
2.1,1.4. Red por ações promoção vinc a atenção,2013,4,menores de 5 anos
2.1,1.4. Red por ações promoção vinc a atenção,2014,5,menores de 5 anos
2.1,1.4. Red por ações promoção vinc a atenção,2015,4,menores de 5 anos
2.1,1.4. Red por ações promoção vinc a atenção,2016,2,menores de 5 anos
2.1,1.4. Red por ações promoção vinc a atenção,2017,5,menores de 5 anos
2.1,1.4. Red por ações promoção vinc a atenção,2018,5,menores de 5 anos
2.1,1.4. Red por ações promoção vinc a atenção,2019,2,menores de 5 anos
2.1,1.4. Red por ações promoção vinc a atenção,2020,4,menores de 5 anos
2.1,1.4. Red por ações promoção vinc a atenção,2021,7,menores de 5 anos
2.1,1.4. Red por ações promoção vinc a atenção,2022,2,menores de 5 anos
2.1,1.4. Red por ações promoção vinc a atenção,2023,3,menores de 5 anos
2.1,1.4. Red por ações promoção vinc a atenção,2024,3,menores de 5 anos
2.1,1.4. Red por ações promoção vinc a atenção,2025,0,menores de 5 anos
2.1,2. Causas mal definidas,2006,3,menores de 5 anos
2.1,2. Causas mal definidas,2007,1,menores de 5 anos
2.1,2. Causas mal definidas,2008,3,menores de 5 anos
2.1,2. Causas mal definidas,2009,2,menores de 5 anos
2.1,2. Causas mal definidas,2010,1,menores de 5 anos
2.1,2. Causas mal definidas,2011,5,menores de 5 anos
2.1,2. Causas mal definidas,2012,2,menores de 5 anos
2.1,2. Causas mal definidas,2013,1,menores de 5 anos
2.1,2. Causas mal definidas,2014,3,menores de 5 anos
2.1,2. Causas mal definidas,2015,3,menores de 5 anos
2.1,2. Causas mal definidas,2016,1,menores de 5 anos
2.1,2. Causas mal definidas,2017,2,menores de 5 anos
2.1,2. Causas mal definidas,2018,0,menores de 5 anos
2.1,2. Causas mal definidas,2019,2,menores de 5 anos
2.1,2. Causas mal definidas,2020,0,menores de 5 anos
2.1,2. Causas mal definidas,2021,2,menores de 5 anos
2.1,2. Causas mal definidas,2022,3,menores de 5 anos
2.1,2. Causas mal definidas,2023,1,menores de 5 anos
2.1,2. Causas mal definidas,2024,1,menores de 5 anos
2.1,2. Causas mal definidas,2025,4,menores de 5 anos
2.1,3. Demais causas (não claramente evitáveis),2006,23,menores de 5 anos
2.1,3. Demais causas (não claramente evitáveis),2007,27,menores de 5 anos
2.1,3. Demais causas (não claramente evitáveis),2008,28,menores de 5 anos
2.1,3. Demais causas (não claramente evitáveis),2009,14,menores de 5 anos
2.1,3. Demais causas (não claramente evitáveis),2010,21,menores de 5 anos
2.1,3. Demais causas (não claramente evitáveis),2011,18,menores de 5 anos
2.1,3. Demais causas (não claramente evitáveis),2012,18,menores de 5 anos
2.1,3. Demais causas (não claramente evitáveis),2013,25,menores de 5 anos
2.1,3. Demais causas (não claramente evitáveis),2014,16,menores de 5 anos
2.1,3. Demais causas (não claramente evitáveis),2015,29,menores de 5 anos
2.1,3. Demais causas (não claramente evitáveis),2016,23,menores de 5 anos
2.1,3. Demais causas (não claramente evitáveis),2017,23,menores de 5 anos
2.1,3. Demais causas (não claramente evitáveis),2018,23,menores de 5 anos
2.1,3. Demais causas (não claramente evitáveis),2019,22,menores de 5 anos
2.1,3. Demais causas (não claramente evitáveis),2020,17,menores de 5 anos
2.1,3. Demais causas (não claramente evitáveis),2021,16,menores de 5 anos
2.1,3. Demais causas (não claramente evitáveis),2022,10,menores de 5 anos
2.1,3. Demais causas (não claramente evitáveis),2023,16,menores de 5 anos
2.1,3. Demais causas (não claramente evitáveis),2024,18,menores de 5 anos
2.1,3. Demais causas (não claramente evitáveis),2025,17,menores de 5 anos
2.2,1.1. Reduzível pelas ações de imunização,2006,0,menores de 5 anos
2.2,1.1. Reduzível pelas ações de imunização,2007,0,menores de 5 anos
2.2,1.1. Reduzível pelas ações de imunização,2008,0,menores de 5 anos
2.2,1.1. Reduzível pelas ações de imunização,2009,0,menores de 5 anos
2.2,1.1. Reduzível pelas ações de imunização,2010,0,menores de 5 anos
2.2,1.1. Reduzível pelas ações de imunização,2011,0,menores de 5 anos
2.2,1.1. Reduzível pelas ações de imunização,2012,0,menores de 5 anos
2.2,1.1. Reduzível pelas ações de imunização,2013,0,menores de 5 anos
2.2,1.1. Reduzível pelas ações de imunização,2014,0,menores de 5 anos
2.2,1.1. Reduzível pelas ações de imunização,2015,1,menores de 5 anos
2.2,1.1. Reduzível pelas ações de imunização,2016,0,menores de 5 anos
2.2,1.1. Reduzível pelas ações de imunização,2017,0,menores de 5 anos
2.2,1.1. Reduzível pelas ações de imunização,2018,0,menores de 5 anos
2.2,1.1. Reduzível pelas ações de imunização,2019,0,menores de 5 anos
2.2,1.1. Reduzível pelas ações de imunização,2020,0,menores de 5 anos
2.2,1.1. Reduzível pelas ações de imunização,2021,0,menores de 5 anos
2.2,1.1. Reduzível pelas ações de imunização,2022,0,menores de 5 anos
2.2,1.1. Reduzível pelas ações de imunização,2023,0,menores de 5 anos
2.2,1.1. Reduzível pelas ações de imunização,2024,0,menores de 5 anos
2.2,1.1. Reduzível pelas ações de imunização,2025,0,menores de 5 anos
2.2,1.2.1. Red por at à mulher na gestação,2006,14,menores de 5 anos
2.2,1.2.1. Red por at à mulher na gestação,2007,11,menores de 5 anos
2.2,1.2.1. Red por at à mulher na gestação,2008,13,menores de 5 anos
2.2,1.2.1. Red por at à mulher na gestação,2009,12,menores de 5 anos
2.2,1.2.1. Red por at à mulher na gestação,2010,10,menores de 5 anos
2.2,1.2.1. Red por at à mulher na gestação,2011,10,menores de 5 anos
2.2,1.2.1. Red por at à mulher na gestação,2012,11,menores de 5 anos
2.2,1.2.1. Red por at à mulher na gestação,2013,13,menores de 5 anos
2.2,1.2.1. Red por at à mulher na gestação,2014,7,menores de 5 anos
2.2,1.2.1. Red por at à mulher na gestação,2015,9,menores de 5 anos
2.2,1.2.1. Red por at à mulher na gestação,2016,9,menores de 5 anos
2.2,1.2.1. Red por at à mulher na gestação,2017,14,menores de 5 anos
2.2,1.2.1. Red por at à mulher na gestação,2018,13,menores de 5 anos
2.2,1.2.1. Red por at à mulher na gestação,2019,10,menores de 5 anos
2.2,1.2.1. Red por at à mulher na gestação,2020,8,menores de 5 anos
2.2,1.2.1. Red por at à mulher na gestação,2021,8,menores de 5 anos
2.2,1.2.1. Red por at à mulher na gestação,2022,11,menores de 5 anos
2.2,1.2.1. Red por at à mulher na gestação,2023,6,menores de 5 anos
2.2,1.2.1. Red por at à mulher na gestação,2024,14,menores de 5 anos
2.2,1.2.1. Red por at à mulher na gestação,2025,3,menores de 5 anos
2.2,1.2.2. Red por at à mulher no parto,2006,5,menores de 5 anos
2.2,1.2.2. Red por at à mulher no parto,2007,5,menores de 5 anos
2.2,1.2.2. Red por at à mulher no parto,2008,3,menores de 5 anos
2.2,1.2.2. Red por at à mulher no parto,2009,4,menores de 5 anos
2.2,1.2.2. Red por at à mulher no parto,2010,4,menores de 5 anos
2.2,1.2.2. Red por at à mulher no parto,2011,3,menores de 5 anos
2.2,1.2.2. Red por at à mulher no parto,2012,3,menores de 5 anos
2.2,1.2.2. Red por at à mulher no parto,2013,2,menores de 5 anos
2.2,1.2.2. Red por at à mulher no parto,2014,2,menores de 5 anos
2.2,1.2.2. Red por at à mulher no parto,2015,4,menores de 5 anos
2.2,1.2.2. Red por at à mulher no parto,2016,2,menores de 5 anos
2.2,1.2.2. Red por at à mulher no parto,2017,2,menores de 5 anos
2.2,1.2.2. Red por at à mulher no parto,2018,2,menores de 5 anos
2.2,1.2.2. Red por at à mulher no parto,2019,3,menores de 5 anos
2.2,1.2.2. Red por at à mulher no parto,2020,2,menores de 5 anos
2.2,1.2.2. Red por at à mulher no parto,2021,2,menores de 5 anos
2.2,1.2.2. Red por at à mulher no parto,2022,2,menores de 5 anos
2.2,1.2.2. Red por at à mulher no parto,2023,6,menores de 5 anos
2.2,1.2.2. Red por at à mulher no parto,2024,0,menores de 5 anos
2.2,1.2.2. Red por at à mulher no parto,2025,3,menores de 5 anos
2.2,1.2.3. Red por at ao recém-nascido,2006,4,menores de 5 anos
2.2,1.2.3. Red por at ao recém-nascido,2007,8,menores de 5 anos
2.2,1.2.3. Red por at ao recém-nascido,2008,4,menores de 5 anos
2.2,1.2.3. Red por at ao recém-nascido,2009,6,menores de 5 anos
2.2,1.2.3. Red por at ao recém-nascido,2010,2,menores de 5 anos
2.2,1.2.3. Red por at ao recém-nascido,2011,1,menores de 5 anos
2.2,1.2.3. Red por at ao recém-nascido,2012,1,menores de 5 anos
2.2,1.2.3. Red por at ao recém-nascido,2013,1,menores de 5 anos
2.2,1.2.3. Red por at ao recém-nascido,2014,1,menores de 5 anos
2.2,1.2.3. Red por at ao recém-nascido,2015,1,menores de 5 anos
2.2,1.2.3. Red por at ao recém-nascido,2016,2,menores de 5 anos
2.2,1.2.3. Red por at ao recém-nascido,2017,5,menores de 5 anos
2.2,1.2.3. Red por at ao recém-nascido,2018,3,menores de 5 anos
2.2,1.2.3. Red por at ao recém-nascido,2019,4,menores de 5 anos
2.2,1.2.3. Red por at ao recém-nascido,2020,4,menores de 5 anos
2.2,1.2.3. Red por at ao recém-nascido,2021,2,menores de 5 anos
2.2,1.2.3. Red por at ao recém-nascido,2022,1,menores de 5 anos
2.2,1.2.3. Red por at ao recém-nascido,2023,2,menores de 5 anos
2.2,1.2.3. Red por at ao recém-nascido,2024,1,menores de 5 anos
2.2,1.2.3. Red por at ao recém-nascido,2025,2,menores de 5 anos
2.2,1.3. Red por ações de diag e trat adequado,2006,5,menores de 5 anos
2.2,1.3. Red por ações de diag e trat adequado,2007,9,menores de 5 anos
2.2,1.3. Red por ações de diag e trat adequado,2008,6,menores de 5 anos
2.2,1.3. Red por ações de diag e trat adequado,2009,6,menores de 5 anos
2.2,1.3. Red por ações de diag e trat adequado,2010,2,menores de 5 anos
2.2,1.3. Red por ações de diag e trat adequado,2011,1,menores de 5 anos
2.2,1.3. Red por ações de diag e trat adequado,2012,4,menores de 5 anos
2.2,1.3. Red por ações de diag e trat adequado,2013,4,menores de 5 anos
2.2,1.3. Red por ações de diag e trat adequado,2014,1,menores de 5 anos
2.2,1.3. Red por ações de diag e trat adequado,2015,4,menores de 5 anos
2.2,1.3. Red por ações de diag e trat adequado,2016,4,menores de 5 anos
2.2,1.3. Red por ações de diag e trat adequado,2017,1,menores de 5 anos
2.2,1.3. Red por ações de diag e trat adequado,2018,4,menores de 5 anos
2.2,1.3. Red por ações de diag e trat adequado,2019,2,menores de 5 anos
2.2,1.3. Red por ações de diag e trat adequado,2020,1,menores de 5 anos
2.2,1.3. Red por ações de diag e trat adequado,2021,2,menores de 5 anos
2.2,1.3. Red por ações de diag e trat adequado,2022,1,menores de 5 anos
2.2,1.3. Red por ações de diag e trat adequado,2023,4,menores de 5 anos
2.2,1.3. Red por ações de diag e trat adequado,2024,3,menores de 5 anos
2.2,1.3. Red por ações de diag e trat adequado,2025,2,menores de 5 anos
2.2,1.4. Red por ações promoção vinc a atenção,2006,3,menores de 5 anos
2.2,1.4. Red por ações promoção vinc a atenção,2007,5,menores de 5 anos
2.2,1.4. Red por ações promoção vinc a atenção,2008,4,menores de 5 anos
2.2,1.4. Red por ações promoção vinc a atenção,2009,3,menores de 5 anos
2.2,1.4. Red por ações promoção vinc a atenção,2010,3,menores de 5 anos
2.2,1.4. Red por ações promoção vinc a atenção,2011,5,menores de 5 anos
2.2,1.4. Red por ações promoção vinc a atenção,2012,1,menores de 5 anos
2.2,1.4. Red por ações promoção vinc a atenção,2013,3,menores de 5 anos
2.2,1.4. Red por ações promoção vinc a atenção,2014,1,menores de 5 anos
2.2,1.4. Red por ações promoção vinc a atenção,2015,2,menores de 5 anos
2.2,1.4. Red por ações promoção vinc a atenção,2016,3,menores de 5 anos
2.2,1.4. Red por ações promoção vinc a atenção,2017,3,menores de 5 anos
2.2,1.4. Red por ações promoção vinc a atenção,2018,2,menores de 5 anos
2.2,1.4. Red por ações promoção vinc a atenção,2019,1,menores de 5 anos
2.2,1.4. Red por ações promoção vinc a atenção,2020,2,menores de 5 anos
2.2,1.4. Red por ações promoção vinc a atenção,2021,4,menores de 5 anos
2.2,1.4. Red por ações promoção vinc a atenção,2022,4,menores de 5 anos
2.2,1.4. Red por ações promoção vinc a atenção,2023,3,menores de 5 anos
2.2,1.4. Red por ações promoção vinc a atenção,2024,1,menores de 5 anos
2.2,1.4. Red por ações promoção vinc a atenção,2025,5,menores de 5 anos
2.2,2. Causas mal definidas,2006,2,menores de 5 anos
2.2,2. Causas mal definidas,2007,4,menores de 5 anos
2.2,2. Causas mal definidas,2008,1,menores de 5 anos
2.2,2. Causas mal definidas,2009,2,menores de 5 anos
2.2,2. Causas mal definidas,2010,4,menores de 5 anos
2.2,2. Causas mal definidas,2011,1,menores de 5 anos
2.2,2. Causas mal definidas,2012,1,menores de 5 anos
2.2,2. Causas mal definidas,2013,1,menores de 5 anos
2.2,2. Causas mal definidas,2014,1,menores de 5 anos
2.2,2. Causas mal definidas,2015,1,menores de 5 anos
2.2,2. Causas mal definidas,2016,1,menores de 5 anos
2.2,2. Causas mal definidas,2017,1,menores de 5 anos
2.2,2. Causas mal definidas,2018,2,menores de 5 anos
2.2,2. Causas mal definidas,2019,2,menores de 5 anos
2.2,2. Causas mal definidas,2020,1,menores de 5 anos
2.2,2. Causas mal definidas,2021,1,menores de 5 anos
2.2,2. Causas mal definidas,2022,1,menores de 5 anos
2.2,2. Causas mal definidas,2023,0,menores de 5 anos
2.2,2. Causas mal definidas,2024,0,menores de 5 anos
2.2,2. Causas mal definidas,2025,0,menores de 5 anos
2.2,3. Demais causas (não claramente evitáveis),2006,14,menores de 5 anos
2.2,3. Demais causas (não claramente evitáveis),2007,18,menores de 5 anos
2.2,3. Demais causas (não claramente evitáveis),2008,16,menores de 5 anos
2.2,3. Demais causas (não claramente evitáveis),2009,19,menores de 5 anos
2.2,3. Demais causas (não claramente evitáveis),2010,14,menores de 5 anos
2.2,3. Demais causas (não claramente evitáveis),2011,18,menores de 5 anos
2.2,3. Demais causas (não claramente evitáveis),2012,18,menores de 5 anos
2.2,3. Demais causas (não claramente evitáveis),2013,16,menores de 5 anos
2.2,3. Demais causas (não claramente evitáveis),2014,16,menores de 5 anos
2.2,3. Demais causas (não claramente evitáveis),2015,17,menores de 5 anos
2.2,3. Demais causas (não claramente evitáveis),2016,14,menores de 5 anos
2.2,3. Demais causas (não claramente evitáveis),2017,14,menores de 5 anos
2.2,3. Demais causas (não claramente evitáveis),2018,19,menores de 5 anos
2.2,3. Demais causas (não claramente evitáveis),2019,6,menores de 5 anos
2.2,3. Demais causas (não claramente evitáveis),2020,12,menores de 5 anos
2.2,3. Demais causas (não claramente evitáveis),2021,10,menores de 5 anos
2.2,3. Demais causas (não claramente evitáveis),2022,7,menores de 5 anos
2.2,3. Demais causas (não claramente evitáveis),2023,5,menores de 5 anos
2.2,3. Demais causas (não claramente evitáveis),2024,6,menores de 5 anos
2.2,3. Demais causas (não claramente evitáveis),2025,5,menores de 5 anos
3.1,1.1. Reduzível pelas ações de imunização,2006,0,menores de 5 anos
3.1,1.1. Reduzível pelas ações de imunização,2007,1,menores de 5 anos
3.1,1.1. Reduzível pelas ações de imunização,2008,1,menores de 5 anos
3.1,1.1. Reduzível pelas ações de imunização,2009,0,menores de 5 anos
3.1,1.1. Reduzível pelas ações de imunização,2010,1,menores de 5 anos
3.1,1.1. Reduzível pelas ações de imunização,2011,2,menores de 5 anos
3.1,1.1. Reduzível pelas ações de imunização,2012,0,menores de 5 anos
3.1,1.1. Reduzível pelas ações de imunização,2013,0,menores de 5 anos
3.1,1.1. Reduzível pelas ações de imunização,2014,2,menores de 5 anos
3.1,1.1. Reduzível pelas ações de imunização,2015,1,menores de 5 anos
3.1,1.1. Reduzível pelas ações de imunização,2016,0,menores de 5 anos
3.1,1.1. Reduzível pelas ações de imunização,2017,1,menores de 5 anos
3.1,1.1. Reduzível pelas ações de imunização,2018,0,menores de 5 anos
3.1,1.1. Reduzível pelas ações de imunização,2019,0,menores de 5 anos
3.1,1.1. Reduzível pelas ações de imunização,2020,1,menores de 5 anos
3.1,1.1. Reduzível pelas ações de imunização,2021,0,menores de 5 anos
3.1,1.1. Reduzível pelas ações de imunização,2022,0,menores de 5 anos
3.1,1.1. Reduzível pelas ações de imunização,2023,0,menores de 5 anos
3.1,1.1. Reduzível pelas ações de imunização,2024,0,menores de 5 anos
3.1,1.1. Reduzível pelas ações de imunização,2025,0,menores de 5 anos
3.1,1.2.1. Red por at à mulher na gestação,2006,35,menores de 5 anos
3.1,1.2.1. Red por at à mulher na gestação,2007,39,menores de 5 anos
3.1,1.2.1. Red por at à mulher na gestação,2008,46,menores de 5 anos
3.1,1.2.1. Red por at à mulher na gestação,2009,52,menores de 5 anos
3.1,1.2.1. Red por at à mulher na gestação,2010,47,menores de 5 anos
3.1,1.2.1. Red por at à mulher na gestação,2011,40,menores de 5 anos
3.1,1.2.1. Red por at à mulher na gestação,2012,49,menores de 5 anos
3.1,1.2.1. Red por at à mulher na gestação,2013,58,menores de 5 anos
3.1,1.2.1. Red por at à mulher na gestação,2014,39,menores de 5 anos
3.1,1.2.1. Red por at à mulher na gestação,2015,68,menores de 5 anos
3.1,1.2.1. Red por at à mulher na gestação,2016,68,menores de 5 anos
3.1,1.2.1. Red por at à mulher na gestação,2017,44,menores de 5 anos
3.1,1.2.1. Red por at à mulher na gestação,2018,56,menores de 5 anos
3.1,1.2.1. Red por at à mulher na gestação,2019,40,menores de 5 anos
3.1,1.2.1. Red por at à mulher na gestação,2020,51,menores de 5 anos
3.1,1.2.1. Red por at à mulher na gestação,2021,22,menores de 5 anos
3.1,1.2.1. Red por at à mulher na gestação,2022,32,menores de 5 anos
3.1,1.2.1. Red por at à mulher na gestação,2023,38,menores de 5 anos
3.1,1.2.1. Red por at à mulher na gestação,2024,33,menores de 5 anos
3.1,1.2.1. Red por at à mulher na gestação,2025,28,menores de 5 anos
3.1,1.2.2. Red por at à mulher no parto,2006,12,menores de 5 anos
3.1,1.2.2. Red por at à mulher no parto,2007,13,menores de 5 anos
3.1,1.2.2. Red por at à mulher no parto,2008,16,menores de 5 anos
3.1,1.2.2. Red por at à mulher no parto,2009,15,menores de 5 anos
3.1,1.2.2. Red por at à mulher no parto,2010,7,menores de 5 anos
3.1,1.2.2. Red por at à mulher no parto,2011,13,menores de 5 anos
3.1,1.2.2. Red por at à mulher no parto,2012,9,menores de 5 anos
3.1,1.2.2. Red por at à mulher no parto,2013,17,menores de 5 anos
3.1,1.2.2. Red por at à mulher no parto,2014,9,menores de 5 anos
3.1,1.2.2. Red por at à mulher no parto,2015,16,menores de 5 anos
3.1,1.2.2. Red por at à mulher no parto,2016,13,menores de 5 anos
3.1,1.2.2. Red por at à mulher no parto,2017,15,menores de 5 anos
3.1,1.2.2. Red por at à mulher no parto,2018,9,menores de 5 anos
3.1,1.2.2. Red por at à mulher no parto,2019,18,menores de 5 anos
3.1,1.2.2. Red por at à mulher no parto,2020,15,menores de 5 anos
3.1,1.2.2. Red por at à mulher no parto,2021,12,menores de 5 anos
3.1,1.2.2. Red por at à mulher no parto,2022,12,menores de 5 anos
3.1,1.2.2. Red por at à mulher no parto,2023,8,menores de 5 anos
3.1,1.2.2. Red por at à mulher no parto,2024,10,menores de 5 anos
3.1,1.2.2. Red por at à mulher no parto,2025,8,menores de 5 anos
3.1,1.2.3. Red por at ao recém-nascido,2006,26,menores de 5 anos
3.1,1.2.3. Red por at ao recém-nascido,2007,23,menores de 5 anos
3.1,1.2.3. Red por at ao recém-nascido,2008,22,menores de 5 anos
3.1,1.2.3. Red por at ao recém-nascido,2009,24,menores de 5 anos
3.1,1.2.3. Red por at ao recém-nascido,2010,13,menores de 5 anos
3.1,1.2.3. Red por at ao recém-nascido,2011,9,menores de 5 anos
3.1,1.2.3. Red por at ao recém-nascido,2012,7,menores de 5 anos
3.1,1.2.3. Red por at ao recém-nascido,2013,14,menores de 5 anos
3.1,1.2.3. Red por at ao recém-nascido,2014,16,menores de 5 anos
3.1,1.2.3. Red por at ao recém-nascido,2015,16,menores de 5 anos
3.1,1.2.3. Red por at ao recém-nascido,2016,17,menores de 5 anos
3.1,1.2.3. Red por at ao recém-nascido,2017,15,menores de 5 anos
3.1,1.2.3. Red por at ao recém-nascido,2018,8,menores de 5 anos
3.1,1.2.3. Red por at ao recém-nascido,2019,13,menores de 5 anos
3.1,1.2.3. Red por at ao recém-nascido,2020,9,menores de 5 anos
3.1,1.2.3. Red por at ao recém-nascido,2021,17,menores de 5 anos
3.1,1.2.3. Red por at ao recém-nascido,2022,18,menores de 5 anos
3.1,1.2.3. Red por at ao recém-nascido,2023,14,menores de 5 anos
3.1,1.2.3. Red por at ao recém-nascido,2024,7,menores de 5 anos
3.1,1.2.3. Red por at ao recém-nascido,2025,8,menores de 5 anos
3.1,1.3. Red por ações de diag e trat adequado,2006,23,menores de 5 anos
3.1,1.3. Red por ações de diag e trat adequado,2007,29,menores de 5 anos
3.1,1.3. Red por ações de diag e trat adequado,2008,21,menores de 5 anos
3.1,1.3. Red por ações de diag e trat adequado,2009,17,menores de 5 anos
3.1,1.3. Red por ações de diag e trat adequado,2010,24,menores de 5 anos
3.1,1.3. Red por ações de diag e trat adequado,2011,22,menores de 5 anos
3.1,1.3. Red por ações de diag e trat adequado,2012,24,menores de 5 anos
3.1,1.3. Red por ações de diag e trat adequado,2013,24,menores de 5 anos
3.1,1.3. Red por ações de diag e trat adequado,2014,15,menores de 5 anos
3.1,1.3. Red por ações de diag e trat adequado,2015,12,menores de 5 anos
3.1,1.3. Red por ações de diag e trat adequado,2016,23,menores de 5 anos
3.1,1.3. Red por ações de diag e trat adequado,2017,20,menores de 5 anos
3.1,1.3. Red por ações de diag e trat adequado,2018,25,menores de 5 anos
3.1,1.3. Red por ações de diag e trat adequado,2019,16,menores de 5 anos
3.1,1.3. Red por ações de diag e trat adequado,2020,7,menores de 5 anos
3.1,1.3. Red por ações de diag e trat adequado,2021,12,menores de 5 anos
3.1,1.3. Red por ações de diag e trat adequado,2022,8,menores de 5 anos
3.1,1.3. Red por ações de diag e trat adequado,2023,16,menores de 5 anos
3.1,1.3. Red por ações de diag e trat adequado,2024,14,menores de 5 anos
3.1,1.3. Red por ações de diag e trat adequado,2025,16,menores de 5 anos
3.1,1.4. Red por ações promoção vinc a atenção,2006,9,menores de 5 anos
3.1,1.4. Red por ações promoção vinc a atenção,2007,19,menores de 5 anos
3.1,1.4. Red por ações promoção vinc a atenção,2008,19,menores de 5 anos
3.1,1.4. Red por ações promoção vinc a atenção,2009,16,menores de 5 anos
3.1,1.4. Red por ações promoção vinc a atenção,2010,21,menores de 5 anos
3.1,1.4. Red por ações promoção vinc a atenção,2011,16,menores de 5 anos
3.1,1.4. Red por ações promoção vinc a atenção,2012,16,menores de 5 anos
3.1,1.4. Red por ações promoção vinc a atenção,2013,9,menores de 5 anos
3.1,1.4. Red por ações promoção vinc a atenção,2014,15,menores de 5 anos
3.1,1.4. Red por ações promoção vinc a atenção,2015,13,menores de 5 anos
3.1,1.4. Red por ações promoção vinc a atenção,2016,18,menores de 5 anos
3.1,1.4. Red por ações promoção vinc a atenção,2017,21,menores de 5 anos
3.1,1.4. Red por ações promoção vinc a atenção,2018,14,menores de 5 anos
3.1,1.4. Red por ações promoção vinc a atenção,2019,13,menores de 5 anos
3.1,1.4. Red por ações promoção vinc a atenção,2020,17,menores de 5 anos
3.1,1.4. Red por ações promoção vinc a atenção,2021,15,menores de 5 anos
3.1,1.4. Red por ações promoção vinc a atenção,2022,10,menores de 5 anos
3.1,1.4. Red por ações promoção vinc a atenção,2023,21,menores de 5 anos
3.1,1.4. Red por ações promoção vinc a atenção,2024,20,menores de 5 anos
3.1,1.4. Red por ações promoção vinc a atenção,2025,12,menores de 5 anos
3.1,2. Causas mal definidas,2006,12,menores de 5 anos
3.1,2. Causas mal definidas,2007,8,menores de 5 anos
3.1,2. Causas mal definidas,2008,8,menores de 5 anos
3.1,2. Causas mal definidas,2009,7,menores de 5 anos
3.1,2. Causas mal definidas,2010,13,menores de 5 anos
3.1,2. Causas mal definidas,2011,14,menores de 5 anos
3.1,2. Causas mal definidas,2012,15,menores de 5 anos
3.1,2. Causas mal definidas,2013,11,menores de 5 anos
3.1,2. Causas mal definidas,2014,8,menores de 5 anos
3.1,2. Causas mal definidas,2015,9,menores de 5 anos
3.1,2. Causas mal definidas,2016,6,menores de 5 anos
3.1,2. Causas mal definidas,2017,5,menores de 5 anos
3.1,2. Causas mal definidas,2018,8,menores de 5 anos
3.1,2. Causas mal definidas,2019,4,menores de 5 anos
3.1,2. Causas mal definidas,2020,6,menores de 5 anos
3.1,2. Causas mal definidas,2021,3,menores de 5 anos
3.1,2. Causas mal definidas,2022,5,menores de 5 anos
3.1,2. Causas mal definidas,2023,3,menores de 5 anos
3.1,2. Causas mal definidas,2024,3,menores de 5 anos
3.1,2. Causas mal definidas,2025,4,menores de 5 anos
3.1,3. Demais causas (não claramente evitáveis),2006,43,menores de 5 anos
3.1,3. Demais causas (não claramente evitáveis),2007,45,menores de 5 anos
3.1,3. Demais causas (não claramente evitáveis),2008,64,menores de 5 anos
3.1,3. Demais causas (não claramente evitáveis),2009,48,menores de 5 anos
3.1,3. Demais causas (não claramente evitáveis),2010,42,menores de 5 anos
3.1,3. Demais causas (não claramente evitáveis),2011,54,menores de 5 anos
3.1,3. Demais causas (não claramente evitáveis),2012,58,menores de 5 anos
3.1,3. Demais causas (não claramente evitáveis),2013,42,menores de 5 anos
3.1,3. Demais causas (não claramente evitáveis),2014,54,menores de 5 anos
3.1,3. Demais causas (não claramente evitáveis),2015,41,menores de 5 anos
3.1,3. Demais causas (não claramente evitáveis),2016,53,menores de 5 anos
3.1,3. Demais causas (não claramente evitáveis),2017,44,menores de 5 anos
3.1,3. Demais causas (não claramente evitáveis),2018,46,menores de 5 anos
3.1,3. Demais causas (não claramente evitáveis),2019,52,menores de 5 anos
3.1,3. Demais causas (não claramente evitáveis),2020,42,menores de 5 anos
3.1,3. Demais causas (não claramente evitáveis),2021,35,menores de 5 anos
3.1,3. Demais causas (não claramente evitáveis),2022,54,menores de 5 anos
3.1,3. Demais causas (não claramente evitáveis),2023,44,menores de 5 anos
3.1,3. Demais causas (não claramente evitáveis),2024,39,menores de 5 anos
3.1,3. Demais causas (não claramente evitáveis),2025,39,menores de 5 anos
3.2,1.1. Reduzível pelas ações de imunização,2006,0,menores de 5 anos
3.2,1.1. Reduzível pelas ações de imunização,2007,0,menores de 5 anos
3.2,1.1. Reduzível pelas ações de imunização,2008,1,menores de 5 anos
3.2,1.1. Reduzível pelas ações de imunização,2009,0,menores de 5 anos
3.2,1.1. Reduzível pelas ações de imunização,2010,1,menores de 5 anos
3.2,1.1. Reduzível pelas ações de imunização,2011,0,menores de 5 anos
3.2,1.1. Reduzível pelas ações de imunização,2012,0,menores de 5 anos
3.2,1.1. Reduzível pelas ações de imunização,2013,0,menores de 5 anos
3.2,1.1. Reduzível pelas ações de imunização,2014,1,menores de 5 anos
3.2,1.1. Reduzível pelas ações de imunização,2015,0,menores de 5 anos
3.2,1.1. Reduzível pelas ações de imunização,2016,1,menores de 5 anos
3.2,1.1. Reduzível pelas ações de imunização,2017,0,menores de 5 anos
3.2,1.1. Reduzível pelas ações de imunização,2018,0,menores de 5 anos
3.2,1.1. Reduzível pelas ações de imunização,2019,0,menores de 5 anos
3.2,1.1. Reduzível pelas ações de imunização,2020,0,menores de 5 anos
3.2,1.1. Reduzível pelas ações de imunização,2021,0,menores de 5 anos
3.2,1.1. Reduzível pelas ações de imunização,2022,1,menores de 5 anos
3.2,1.1. Reduzível pelas ações de imunização,2023,0,menores de 5 anos
3.2,1.1. Reduzível pelas ações de imunização,2024,0,menores de 5 anos
3.2,1.1. Reduzível pelas ações de imunização,2025,0,menores de 5 anos
3.2,1.2.1. Red por at à mulher na gestação,2006,27,menores de 5 anos
3.2,1.2.1. Red por at à mulher na gestação,2007,24,menores de 5 anos
3.2,1.2.1. Red por at à mulher na gestação,2008,19,menores de 5 anos
3.2,1.2.1. Red por at à mulher na gestação,2009,30,menores de 5 anos
3.2,1.2.1. Red por at à mulher na gestação,2010,25,menores de 5 anos
3.2,1.2.1. Red por at à mulher na gestação,2011,25,menores de 5 anos
3.2,1.2.1. Red por at à mulher na gestação,2012,28,menores de 5 anos
3.2,1.2.1. Red por at à mulher na gestação,2013,27,menores de 5 anos
3.2,1.2.1. Red por at à mulher na gestação,2014,24,menores de 5 anos
3.2,1.2.1. Red por at à mulher na gestação,2015,25,menores de 5 anos
3.2,1.2.1. Red por at à mulher na gestação,2016,21,menores de 5 anos
3.2,1.2.1. Red por at à mulher na gestação,2017,19,menores de 5 anos
3.2,1.2.1. Red por at à mulher na gestação,2018,20,menores de 5 anos
3.2,1.2.1. Red por at à mulher na gestação,2019,22,menores de 5 anos
3.2,1.2.1. Red por at à mulher na gestação,2020,19,menores de 5 anos
3.2,1.2.1. Red por at à mulher na gestação,2021,17,menores de 5 anos
3.2,1.2.1. Red por at à mulher na gestação,2022,12,menores de 5 anos
3.2,1.2.1. Red por at à mulher na gestação,2023,14,menores de 5 anos
3.2,1.2.1. Red por at à mulher na gestação,2024,20,menores de 5 anos
3.2,1.2.1. Red por at à mulher na gestação,2025,24,menores de 5 anos
3.2,1.2.2. Red por at à mulher no parto,2006,6,menores de 5 anos
3.2,1.2.2. Red por at à mulher no parto,2007,13,menores de 5 anos
3.2,1.2.2. Red por at à mulher no parto,2008,9,menores de 5 anos
3.2,1.2.2. Red por at à mulher no parto,2009,10,menores de 5 anos
3.2,1.2.2. Red por at à mulher no parto,2010,6,menores de 5 anos
3.2,1.2.2. Red por at à mulher no parto,2011,5,menores de 5 anos
3.2,1.2.2. Red por at à mulher no parto,2012,4,menores de 5 anos
3.2,1.2.2. Red por at à mulher no parto,2013,8,menores de 5 anos
3.2,1.2.2. Red por at à mulher no parto,2014,6,menores de 5 anos
3.2,1.2.2. Red por at à mulher no parto,2015,5,menores de 5 anos
3.2,1.2.2. Red por at à mulher no parto,2016,6,menores de 5 anos
3.2,1.2.2. Red por at à mulher no parto,2017,9,menores de 5 anos
3.2,1.2.2. Red por at à mulher no parto,2018,9,menores de 5 anos
3.2,1.2.2. Red por at à mulher no parto,2019,7,menores de 5 anos
3.2,1.2.2. Red por at à mulher no parto,2020,7,menores de 5 anos
3.2,1.2.2. Red por at à mulher no parto,2021,11,menores de 5 anos
3.2,1.2.2. Red por at à mulher no parto,2022,6,menores de 5 anos
3.2,1.2.2. Red por at à mulher no parto,2023,5,menores de 5 anos
3.2,1.2.2. Red por at à mulher no parto,2024,4,menores de 5 anos
3.2,1.2.2. Red por at à mulher no parto,2025,6,menores de 5 anos
3.2,1.2.3. Red por at ao recém-nascido,2006,13,menores de 5 anos
3.2,1.2.3. Red por at ao recém-nascido,2007,9,menores de 5 anos
3.2,1.2.3. Red por at ao recém-nascido,2008,16,menores de 5 anos
3.2,1.2.3. Red por at ao recém-nascido,2009,13,menores de 5 anos
3.2,1.2.3. Red por at ao recém-nascido,2010,12,menores de 5 anos
3.2,1.2.3. Red por at ao recém-nascido,2011,13,menores de 5 anos
3.2,1.2.3. Red por at ao recém-nascido,2012,9,menores de 5 anos
3.2,1.2.3. Red por at ao recém-nascido,2013,6,menores de 5 anos
3.2,1.2.3. Red por at ao recém-nascido,2014,8,menores de 5 anos
3.2,1.2.3. Red por at ao recém-nascido,2015,11,menores de 5 anos
3.2,1.2.3. Red por at ao recém-nascido,2016,12,menores de 5 anos
3.2,1.2.3. Red por at ao recém-nascido,2017,11,menores de 5 anos
3.2,1.2.3. Red por at ao recém-nascido,2018,5,menores de 5 anos
3.2,1.2.3. Red por at ao recém-nascido,2019,7,menores de 5 anos
3.2,1.2.3. Red por at ao recém-nascido,2020,9,menores de 5 anos
3.2,1.2.3. Red por at ao recém-nascido,2021,9,menores de 5 anos
3.2,1.2.3. Red por at ao recém-nascido,2022,9,menores de 5 anos
3.2,1.2.3. Red por at ao recém-nascido,2023,13,menores de 5 anos
3.2,1.2.3. Red por at ao recém-nascido,2024,4,menores de 5 anos
3.2,1.2.3. Red por at ao recém-nascido,2025,2,menores de 5 anos
3.2,1.3. Red por ações de diag e trat adequado,2006,19,menores de 5 anos
3.2,1.3. Red por ações de diag e trat adequado,2007,13,menores de 5 anos
3.2,1.3. Red por ações de diag e trat adequado,2008,15,menores de 5 anos
3.2,1.3. Red por ações de diag e trat adequado,2009,12,menores de 5 anos
3.2,1.3. Red por ações de diag e trat adequado,2010,10,menores de 5 anos
3.2,1.3. Red por ações de diag e trat adequado,2011,6,menores de 5 anos
3.2,1.3. Red por ações de diag e trat adequado,2012,12,menores de 5 anos
3.2,1.3. Red por ações de diag e trat adequado,2013,14,menores de 5 anos
3.2,1.3. Red por ações de diag e trat adequado,2014,12,menores de 5 anos
3.2,1.3. Red por ações de diag e trat adequado,2015,10,menores de 5 anos
3.2,1.3. Red por ações de diag e trat adequado,2016,15,menores de 5 anos
3.2,1.3. Red por ações de diag e trat adequado,2017,11,menores de 5 anos
3.2,1.3. Red por ações de diag e trat adequado,2018,6,menores de 5 anos
3.2,1.3. Red por ações de diag e trat adequado,2019,6,menores de 5 anos
3.2,1.3. Red por ações de diag e trat adequado,2020,4,menores de 5 anos
3.2,1.3. Red por ações de diag e trat adequado,2021,6,menores de 5 anos
3.2,1.3. Red por ações de diag e trat adequado,2022,9,menores de 5 anos
3.2,1.3. Red por ações de diag e trat adequado,2023,10,menores de 5 anos
3.2,1.3. Red por ações de diag e trat adequado,2024,2,menores de 5 anos
3.2,1.3. Red por ações de diag e trat adequado,2025,1,menores de 5 anos
3.2,1.4. Red por ações promoção vinc a atenção,2006,14,menores de 5 anos
3.2,1.4. Red por ações promoção vinc a atenção,2007,13,menores de 5 anos
3.2,1.4. Red por ações promoção vinc a atenção,2008,8,menores de 5 anos
3.2,1.4. Red por ações promoção vinc a atenção,2009,13,menores de 5 anos
3.2,1.4. Red por ações promoção vinc a atenção,2010,7,menores de 5 anos
3.2,1.4. Red por ações promoção vinc a atenção,2011,9,menores de 5 anos
3.2,1.4. Red por ações promoção vinc a atenção,2012,11,menores de 5 anos
3.2,1.4. Red por ações promoção vinc a atenção,2013,7,menores de 5 anos
3.2,1.4. Red por ações promoção vinc a atenção,2014,9,menores de 5 anos
3.2,1.4. Red por ações promoção vinc a atenção,2015,5,menores de 5 anos
3.2,1.4. Red por ações promoção vinc a atenção,2016,10,menores de 5 anos
3.2,1.4. Red por ações promoção vinc a atenção,2017,3,menores de 5 anos
3.2,1.4. Red por ações promoção vinc a atenção,2018,6,menores de 5 anos
3.2,1.4. Red por ações promoção vinc a atenção,2019,7,menores de 5 anos
3.2,1.4. Red por ações promoção vinc a atenção,2020,3,menores de 5 anos
3.2,1.4. Red por ações promoção vinc a atenção,2021,5,menores de 5 anos
3.2,1.4. Red por ações promoção vinc a atenção,2022,5,menores de 5 anos
3.2,1.4. Red por ações promoção vinc a atenção,2023,3,menores de 5 anos
3.2,1.4. Red por ações promoção vinc a atenção,2024,6,menores de 5 anos
3.2,1.4. Red por ações promoção vinc a atenção,2025,5,menores de 5 anos
3.2,2. Causas mal definidas,2006,5,menores de 5 anos
3.2,2. Causas mal definidas,2007,8,menores de 5 anos
3.2,2. Causas mal definidas,2008,5,menores de 5 anos
3.2,2. Causas mal definidas,2009,4,menores de 5 anos
3.2,2. Causas mal definidas,2010,6,menores de 5 anos
3.2,2. Causas mal definidas,2011,4,menores de 5 anos
3.2,2. Causas mal definidas,2012,5,menores de 5 anos
3.2,2. Causas mal definidas,2013,4,menores de 5 anos
3.2,2. Causas mal definidas,2014,7,menores de 5 anos
3.2,2. Causas mal definidas,2015,1,menores de 5 anos
3.2,2. Causas mal definidas,2016,4,menores de 5 anos
3.2,2. Causas mal definidas,2017,6,menores de 5 anos
3.2,2. Causas mal definidas,2018,5,menores de 5 anos
3.2,2. Causas mal definidas,2019,5,menores de 5 anos
3.2,2. Causas mal definidas,2020,0,menores de 5 anos
3.2,2. Causas mal definidas,2021,3,menores de 5 anos
3.2,2. Causas mal definidas,2022,4,menores de 5 anos
3.2,2. Causas mal definidas,2023,2,menores de 5 anos
3.2,2. Causas mal definidas,2024,0,menores de 5 anos
3.2,2. Causas mal definidas,2025,2,menores de 5 anos
3.2,3. Demais causas (não claramente evitáveis),2006,28,menores de 5 anos
3.2,3. Demais causas (não claramente evitáveis),2007,36,menores de 5 anos
3.2,3. Demais causas (não claramente evitáveis),2008,31,menores de 5 anos
3.2,3. Demais causas (não claramente evitáveis),2009,40,menores de 5 anos
3.2,3. Demais causas (não claramente evitáveis),2010,36,menores de 5 anos
3.2,3. Demais causas (não claramente evitáveis),2011,37,menores de 5 anos
3.2,3. Demais causas (não claramente evitáveis),2012,30,menores de 5 anos
3.2,3. Demais causas (não claramente evitáveis),2013,36,menores de 5 anos
3.2,3. Demais causas (não claramente evitáveis),2014,33,menores de 5 anos
3.2,3. Demais causas (não claramente evitáveis),2015,35,menores de 5 anos
3.2,3. Demais causas (não claramente evitáveis),2016,25,menores de 5 anos
3.2,3. Demais causas (não claramente evitáveis),2017,34,menores de 5 anos
3.2,3. Demais causas (não claramente evitáveis),2018,25,menores de 5 anos
3.2,3. Demais causas (não claramente evitáveis),2019,32,menores de 5 anos
3.2,3. Demais causas (não claramente evitáveis),2020,25,menores de 5 anos
3.2,3. Demais causas (não claramente evitáveis),2021,16,menores de 5 anos
3.2,3. Demais causas (não claramente evitáveis),2022,20,menores de 5 anos
3.2,3. Demais causas (não claramente evitáveis),2023,23,menores de 5 anos
3.2,3. Demais causas (não claramente evitáveis),2024,24,menores de 5 anos
3.2,3. Demais causas (não claramente evitáveis),2025,27,menores de 5 anos
3.3,1.1. Reduzível pelas ações de imunização,2006,1,menores de 5 anos
3.3,1.1. Reduzível pelas ações de imunização,2007,0,menores de 5 anos
3.3,1.1. Reduzível pelas ações de imunização,2008,0,menores de 5 anos
3.3,1.1. Reduzível pelas ações de imunização,2009,0,menores de 5 anos
3.3,1.1. Reduzível pelas ações de imunização,2010,1,menores de 5 anos
3.3,1.1. Reduzível pelas ações de imunização,2011,1,menores de 5 anos
3.3,1.1. Reduzível pelas ações de imunização,2012,0,menores de 5 anos
3.3,1.1. Reduzível pelas ações de imunização,2013,0,menores de 5 anos
3.3,1.1. Reduzível pelas ações de imunização,2014,0,menores de 5 anos
3.3,1.1. Reduzível pelas ações de imunização,2015,1,menores de 5 anos
3.3,1.1. Reduzível pelas ações de imunização,2016,0,menores de 5 anos
3.3,1.1. Reduzível pelas ações de imunização,2017,0,menores de 5 anos
3.3,1.1. Reduzível pelas ações de imunização,2018,1,menores de 5 anos
3.3,1.1. Reduzível pelas ações de imunização,2019,0,menores de 5 anos
3.3,1.1. Reduzível pelas ações de imunização,2020,0,menores de 5 anos
3.3,1.1. Reduzível pelas ações de imunização,2021,0,menores de 5 anos
3.3,1.1. Reduzível pelas ações de imunização,2022,0,menores de 5 anos
3.3,1.1. Reduzível pelas ações de imunização,2023,0,menores de 5 anos
3.3,1.1. Reduzível pelas ações de imunização,2024,0,menores de 5 anos
3.3,1.1. Reduzível pelas ações de imunização,2025,1,menores de 5 anos
3.3,1.2.1. Red por at à mulher na gestação,2006,45,menores de 5 anos
3.3,1.2.1. Red por at à mulher na gestação,2007,54,menores de 5 anos
3.3,1.2.1. Red por at à mulher na gestação,2008,53,menores de 5 anos
3.3,1.2.1. Red por at à mulher na gestação,2009,58,menores de 5 anos
3.3,1.2.1. Red por at à mulher na gestação,2010,57,menores de 5 anos
3.3,1.2.1. Red por at à mulher na gestação,2011,53,menores de 5 anos
3.3,1.2.1. Red por at à mulher na gestação,2012,71,menores de 5 anos
3.3,1.2.1. Red por at à mulher na gestação,2013,84,menores de 5 anos
3.3,1.2.1. Red por at à mulher na gestação,2014,67,menores de 5 anos
3.3,1.2.1. Red por at à mulher na gestação,2015,62,menores de 5 anos
3.3,1.2.1. Red por at à mulher na gestação,2016,45,menores de 5 anos
3.3,1.2.1. Red por at à mulher na gestação,2017,54,menores de 5 anos
3.3,1.2.1. Red por at à mulher na gestação,2018,64,menores de 5 anos
3.3,1.2.1. Red por at à mulher na gestação,2019,57,menores de 5 anos
3.3,1.2.1. Red por at à mulher na gestação,2020,45,menores de 5 anos
3.3,1.2.1. Red por at à mulher na gestação,2021,43,menores de 5 anos
3.3,1.2.1. Red por at à mulher na gestação,2022,29,menores de 5 anos
3.3,1.2.1. Red por at à mulher na gestação,2023,33,menores de 5 anos
3.3,1.2.1. Red por at à mulher na gestação,2024,24,menores de 5 anos
3.3,1.2.1. Red por at à mulher na gestação,2025,40,menores de 5 anos
3.3,1.2.2. Red por at à mulher no parto,2006,10,menores de 5 anos
3.3,1.2.2. Red por at à mulher no parto,2007,20,menores de 5 anos
3.3,1.2.2. Red por at à mulher no parto,2008,17,menores de 5 anos
3.3,1.2.2. Red por at à mulher no parto,2009,17,menores de 5 anos
3.3,1.2.2. Red por at à mulher no parto,2010,14,menores de 5 anos
3.3,1.2.2. Red por at à mulher no parto,2011,13,menores de 5 anos
3.3,1.2.2. Red por at à mulher no parto,2012,15,menores de 5 anos
3.3,1.2.2. Red por at à mulher no parto,2013,8,menores de 5 anos
3.3,1.2.2. Red por at à mulher no parto,2014,5,menores de 5 anos
3.3,1.2.2. Red por at à mulher no parto,2015,21,menores de 5 anos
3.3,1.2.2. Red por at à mulher no parto,2016,8,menores de 5 anos
3.3,1.2.2. Red por at à mulher no parto,2017,13,menores de 5 anos
3.3,1.2.2. Red por at à mulher no parto,2018,24,menores de 5 anos
3.3,1.2.2. Red por at à mulher no parto,2019,12,menores de 5 anos
3.3,1.2.2. Red por at à mulher no parto,2020,7,menores de 5 anos
3.3,1.2.2. Red por at à mulher no parto,2021,9,menores de 5 anos
3.3,1.2.2. Red por at à mulher no parto,2022,13,menores de 5 anos
3.3,1.2.2. Red por at à mulher no parto,2023,17,menores de 5 anos
3.3,1.2.2. Red por at à mulher no parto,2024,6,menores de 5 anos
3.3,1.2.2. Red por at à mulher no parto,2025,10,menores de 5 anos
3.3,1.2.3. Red por at ao recém-nascido,2006,36,menores de 5 anos
3.3,1.2.3. Red por at ao recém-nascido,2007,23,menores de 5 anos
3.3,1.2.3. Red por at ao recém-nascido,2008,25,menores de 5 anos
3.3,1.2.3. Red por at ao recém-nascido,2009,22,menores de 5 anos
3.3,1.2.3. Red por at ao recém-nascido,2010,25,menores de 5 anos
3.3,1.2.3. Red por at ao recém-nascido,2011,19,menores de 5 anos
3.3,1.2.3. Red por at ao recém-nascido,2012,13,menores de 5 anos
3.3,1.2.3. Red por at ao recém-nascido,2013,19,menores de 5 anos
3.3,1.2.3. Red por at ao recém-nascido,2014,23,menores de 5 anos
3.3,1.2.3. Red por at ao recém-nascido,2015,27,menores de 5 anos
3.3,1.2.3. Red por at ao recém-nascido,2016,20,menores de 5 anos
3.3,1.2.3. Red por at ao recém-nascido,2017,19,menores de 5 anos
3.3,1.2.3. Red por at ao recém-nascido,2018,22,menores de 5 anos
3.3,1.2.3. Red por at ao recém-nascido,2019,23,menores de 5 anos
3.3,1.2.3. Red por at ao recém-nascido,2020,18,menores de 5 anos
3.3,1.2.3. Red por at ao recém-nascido,2021,20,menores de 5 anos
3.3,1.2.3. Red por at ao recém-nascido,2022,21,menores de 5 anos
3.3,1.2.3. Red por at ao recém-nascido,2023,14,menores de 5 anos
3.3,1.2.3. Red por at ao recém-nascido,2024,7,menores de 5 anos
3.3,1.2.3. Red por at ao recém-nascido,2025,16,menores de 5 anos
3.3,1.3. Red por ações de diag e trat adequado,2006,29,menores de 5 anos
3.3,1.3. Red por ações de diag e trat adequado,2007,24,menores de 5 anos
3.3,1.3. Red por ações de diag e trat adequado,2008,30,menores de 5 anos
3.3,1.3. Red por ações de diag e trat adequado,2009,28,menores de 5 anos
3.3,1.3. Red por ações de diag e trat adequado,2010,23,menores de 5 anos
3.3,1.3. Red por ações de diag e trat adequado,2011,27,menores de 5 anos
3.3,1.3. Red por ações de diag e trat adequado,2012,24,menores de 5 anos
3.3,1.3. Red por ações de diag e trat adequado,2013,28,menores de 5 anos
3.3,1.3. Red por ações de diag e trat adequado,2014,20,menores de 5 anos
3.3,1.3. Red por ações de diag e trat adequado,2015,20,menores de 5 anos
3.3,1.3. Red por ações de diag e trat adequado,2016,23,menores de 5 anos
3.3,1.3. Red por ações de diag e trat adequado,2017,14,menores de 5 anos
3.3,1.3. Red por ações de diag e trat adequado,2018,14,menores de 5 anos
3.3,1.3. Red por ações de diag e trat adequado,2019,23,menores de 5 anos
3.3,1.3. Red por ações de diag e trat adequado,2020,10,menores de 5 anos
3.3,1.3. Red por ações de diag e trat adequado,2021,17,menores de 5 anos
3.3,1.3. Red por ações de diag e trat adequado,2022,21,menores de 5 anos
3.3,1.3. Red por ações de diag e trat adequado,2023,23,menores de 5 anos
3.3,1.3. Red por ações de diag e trat adequado,2024,14,menores de 5 anos
3.3,1.3. Red por ações de diag e trat adequado,2025,18,menores de 5 anos
3.3,1.4. Red por ações promoção vinc a atenção,2006,9,menores de 5 anos
3.3,1.4. Red por ações promoção vinc a atenção,2007,16,menores de 5 anos
3.3,1.4. Red por ações promoção vinc a atenção,2008,20,menores de 5 anos
3.3,1.4. Red por ações promoção vinc a atenção,2009,19,menores de 5 anos
3.3,1.4. Red por ações promoção vinc a atenção,2010,14,menores de 5 anos
3.3,1.4. Red por ações promoção vinc a atenção,2011,9,menores de 5 anos
3.3,1.4. Red por ações promoção vinc a atenção,2012,13,menores de 5 anos
3.3,1.4. Red por ações promoção vinc a atenção,2013,14,menores de 5 anos
3.3,1.4. Red por ações promoção vinc a atenção,2014,13,menores de 5 anos
3.3,1.4. Red por ações promoção vinc a atenção,2015,16,menores de 5 anos
3.3,1.4. Red por ações promoção vinc a atenção,2016,12,menores de 5 anos
3.3,1.4. Red por ações promoção vinc a atenção,2017,19,menores de 5 anos
3.3,1.4. Red por ações promoção vinc a atenção,2018,19,menores de 5 anos
3.3,1.4. Red por ações promoção vinc a atenção,2019,8,menores de 5 anos
3.3,1.4. Red por ações promoção vinc a atenção,2020,14,menores de 5 anos
3.3,1.4. Red por ações promoção vinc a atenção,2021,27,menores de 5 anos
3.3,1.4. Red por ações promoção vinc a atenção,2022,17,menores de 5 anos
3.3,1.4. Red por ações promoção vinc a atenção,2023,19,menores de 5 anos
3.3,1.4. Red por ações promoção vinc a atenção,2024,12,menores de 5 anos
3.3,1.4. Red por ações promoção vinc a atenção,2025,11,menores de 5 anos
3.3,2. Causas mal definidas,2006,17,menores de 5 anos
3.3,2. Causas mal definidas,2007,11,menores de 5 anos
3.3,2. Causas mal definidas,2008,6,menores de 5 anos
3.3,2. Causas mal definidas,2009,2,menores de 5 anos
3.3,2. Causas mal definidas,2010,17,menores de 5 anos
3.3,2. Causas mal definidas,2011,8,menores de 5 anos
3.3,2. Causas mal definidas,2012,14,menores de 5 anos
3.3,2. Causas mal definidas,2013,10,menores de 5 anos
3.3,2. Causas mal definidas,2014,8,menores de 5 anos
3.3,2. Causas mal definidas,2015,8,menores de 5 anos
3.3,2. Causas mal definidas,2016,9,menores de 5 anos
3.3,2. Causas mal definidas,2017,7,menores de 5 anos
3.3,2. Causas mal definidas,2018,3,menores de 5 anos
3.3,2. Causas mal definidas,2019,9,menores de 5 anos
3.3,2. Causas mal definidas,2020,5,menores de 5 anos
3.3,2. Causas mal definidas,2021,2,menores de 5 anos
3.3,2. Causas mal definidas,2022,6,menores de 5 anos
3.3,2. Causas mal definidas,2023,3,menores de 5 anos
3.3,2. Causas mal definidas,2024,1,menores de 5 anos
3.3,2. Causas mal definidas,2025,3,menores de 5 anos
3.3,3. Demais causas (não claramente evitáveis),2006,50,menores de 5 anos
3.3,3. Demais causas (não claramente evitáveis),2007,41,menores de 5 anos
3.3,3. Demais causas (não claramente evitáveis),2008,67,menores de 5 anos
3.3,3. Demais causas (não claramente evitáveis),2009,57,menores de 5 anos
3.3,3. Demais causas (não claramente evitáveis),2010,82,menores de 5 anos
3.3,3. Demais causas (não claramente evitáveis),2011,52,menores de 5 anos
3.3,3. Demais causas (não claramente evitáveis),2012,57,menores de 5 anos
3.3,3. Demais causas (não claramente evitáveis),2013,61,menores de 5 anos
3.3,3. Demais causas (não claramente evitáveis),2014,51,menores de 5 anos
3.3,3. Demais causas (não claramente evitáveis),2015,53,menores de 5 anos
3.3,3. Demais causas (não claramente evitáveis),2016,58,menores de 5 anos
3.3,3. Demais causas (não claramente evitáveis),2017,53,menores de 5 anos
3.3,3. Demais causas (não claramente evitáveis),2018,49,menores de 5 anos
3.3,3. Demais causas (não claramente evitáveis),2019,66,menores de 5 anos
3.3,3. Demais causas (não claramente evitáveis),2020,32,menores de 5 anos
3.3,3. Demais causas (não claramente evitáveis),2021,46,menores de 5 anos
3.3,3. Demais causas (não claramente evitáveis),2022,57,menores de 5 anos
3.3,3. Demais causas (não claramente evitáveis),2023,48,menores de 5 anos
3.3,3. Demais causas (não claramente evitáveis),2024,45,menores de 5 anos
3.3,3. Demais causas (não claramente evitáveis),2025,32,menores de 5 anos
4.0,1.1. Reduzível pelas ações de imunização,2006,0,menores de 5 anos
4.0,1.1. Reduzível pelas ações de imunização,2007,1,menores de 5 anos
4.0,1.1. Reduzível pelas ações de imunização,2008,1,menores de 5 anos
4.0,1.1. Reduzível pelas ações de imunização,2009,0,menores de 5 anos
4.0,1.1. Reduzível pelas ações de imunização,2010,1,menores de 5 anos
4.0,1.1. Reduzível pelas ações de imunização,2011,0,menores de 5 anos
4.0,1.1. Reduzível pelas ações de imunização,2012,4,menores de 5 anos
4.0,1.1. Reduzível pelas ações de imunização,2013,0,menores de 5 anos
4.0,1.1. Reduzível pelas ações de imunização,2014,1,menores de 5 anos
4.0,1.1. Reduzível pelas ações de imunização,2015,0,menores de 5 anos
4.0,1.1. Reduzível pelas ações de imunização,2016,0,menores de 5 anos
4.0,1.1. Reduzível pelas ações de imunização,2017,0,menores de 5 anos
4.0,1.1. Reduzível pelas ações de imunização,2018,0,menores de 5 anos
4.0,1.1. Reduzível pelas ações de imunização,2019,1,menores de 5 anos
4.0,1.1. Reduzível pelas ações de imunização,2020,0,menores de 5 anos
4.0,1.1. Reduzível pelas ações de imunização,2021,1,menores de 5 anos
4.0,1.1. Reduzível pelas ações de imunização,2022,0,menores de 5 anos
4.0,1.1. Reduzível pelas ações de imunização,2023,1,menores de 5 anos
4.0,1.1. Reduzível pelas ações de imunização,2024,0,menores de 5 anos
4.0,1.1. Reduzível pelas ações de imunização,2025,0,menores de 5 anos
4.0,1.2.1. Red por at à mulher na gestação,2006,42,menores de 5 anos
4.0,1.2.1. Red por at à mulher na gestação,2007,26,menores de 5 anos
4.0,1.2.1. Red por at à mulher na gestação,2008,42,menores de 5 anos
4.0,1.2.1. Red por at à mulher na gestação,2009,47,menores de 5 anos
4.0,1.2.1. Red por at à mulher na gestação,2010,62,menores de 5 anos
4.0,1.2.1. Red por at à mulher na gestação,2011,45,menores de 5 anos
4.0,1.2.1. Red por at à mulher na gestação,2012,56,menores de 5 anos
4.0,1.2.1. Red por at à mulher na gestação,2013,50,menores de 5 anos
4.0,1.2.1. Red por at à mulher na gestação,2014,49,menores de 5 anos
4.0,1.2.1. Red por at à mulher na gestação,2015,53,menores de 5 anos
4.0,1.2.1. Red por at à mulher na gestação,2016,63,menores de 5 anos
4.0,1.2.1. Red por at à mulher na gestação,2017,53,menores de 5 anos
4.0,1.2.1. Red por at à mulher na gestação,2018,52,menores de 5 anos
4.0,1.2.1. Red por at à mulher na gestação,2019,47,menores de 5 anos
4.0,1.2.1. Red por at à mulher na gestação,2020,42,menores de 5 anos
4.0,1.2.1. Red por at à mulher na gestação,2021,43,menores de 5 anos
4.0,1.2.1. Red por at à mulher na gestação,2022,35,menores de 5 anos
4.0,1.2.1. Red por at à mulher na gestação,2023,42,menores de 5 anos
4.0,1.2.1. Red por at à mulher na gestação,2024,45,menores de 5 anos
4.0,1.2.1. Red por at à mulher na gestação,2025,47,menores de 5 anos
4.0,1.2.2. Red por at à mulher no parto,2006,7,menores de 5 anos
4.0,1.2.2. Red por at à mulher no parto,2007,11,menores de 5 anos
4.0,1.2.2. Red por at à mulher no parto,2008,15,menores de 5 anos
4.0,1.2.2. Red por at à mulher no parto,2009,20,menores de 5 anos
4.0,1.2.2. Red por at à mulher no parto,2010,18,menores de 5 anos
4.0,1.2.2. Red por at à mulher no parto,2011,16,menores de 5 anos
4.0,1.2.2. Red por at à mulher no parto,2012,8,menores de 5 anos
4.0,1.2.2. Red por at à mulher no parto,2013,10,menores de 5 anos
4.0,1.2.2. Red por at à mulher no parto,2014,15,menores de 5 anos
4.0,1.2.2. Red por at à mulher no parto,2015,11,menores de 5 anos
4.0,1.2.2. Red por at à mulher no parto,2016,9,menores de 5 anos
4.0,1.2.2. Red por at à mulher no parto,2017,8,menores de 5 anos
4.0,1.2.2. Red por at à mulher no parto,2018,14,menores de 5 anos
4.0,1.2.2. Red por at à mulher no parto,2019,11,menores de 5 anos
4.0,1.2.2. Red por at à mulher no parto,2020,14,menores de 5 anos
4.0,1.2.2. Red por at à mulher no parto,2021,10,menores de 5 anos
4.0,1.2.2. Red por at à mulher no parto,2022,9,menores de 5 anos
4.0,1.2.2. Red por at à mulher no parto,2023,13,menores de 5 anos
4.0,1.2.2. Red por at à mulher no parto,2024,8,menores de 5 anos
4.0,1.2.2. Red por at à mulher no parto,2025,10,menores de 5 anos
4.0,1.2.3. Red por at ao recém-nascido,2006,25,menores de 5 anos
4.0,1.2.3. Red por at ao recém-nascido,2007,19,menores de 5 anos
4.0,1.2.3. Red por at ao recém-nascido,2008,20,menores de 5 anos
4.0,1.2.3. Red por at ao recém-nascido,2009,19,menores de 5 anos
4.0,1.2.3. Red por at ao recém-nascido,2010,22,menores de 5 anos
4.0,1.2.3. Red por at ao recém-nascido,2011,10,menores de 5 anos
4.0,1.2.3. Red por at ao recém-nascido,2012,15,menores de 5 anos
4.0,1.2.3. Red por at ao recém-nascido,2013,11,menores de 5 anos
4.0,1.2.3. Red por at ao recém-nascido,2014,14,menores de 5 anos
4.0,1.2.3. Red por at ao recém-nascido,2015,20,menores de 5 anos
4.0,1.2.3. Red por at ao recém-nascido,2016,17,menores de 5 anos
4.0,1.2.3. Red por at ao recém-nascido,2017,13,menores de 5 anos
4.0,1.2.3. Red por at ao recém-nascido,2018,17,menores de 5 anos
4.0,1.2.3. Red por at ao recém-nascido,2019,11,menores de 5 anos
4.0,1.2.3. Red por at ao recém-nascido,2020,10,menores de 5 anos
4.0,1.2.3. Red por at ao recém-nascido,2021,10,menores de 5 anos
4.0,1.2.3. Red por at ao recém-nascido,2022,15,menores de 5 anos
4.0,1.2.3. Red por at ao recém-nascido,2023,10,menores de 5 anos
4.0,1.2.3. Red por at ao recém-nascido,2024,6,menores de 5 anos
4.0,1.2.3. Red por at ao recém-nascido,2025,11,menores de 5 anos
4.0,1.3. Red por ações de diag e trat adequado,2006,20,menores de 5 anos
4.0,1.3. Red por ações de diag e trat adequado,2007,26,menores de 5 anos
4.0,1.3. Red por ações de diag e trat adequado,2008,15,menores de 5 anos
4.0,1.3. Red por ações de diag e trat adequado,2009,14,menores de 5 anos
4.0,1.3. Red por ações de diag e trat adequado,2010,12,menores de 5 anos
4.0,1.3. Red por ações de diag e trat adequado,2011,26,menores de 5 anos
4.0,1.3. Red por ações de diag e trat adequado,2012,19,menores de 5 anos
4.0,1.3. Red por ações de diag e trat adequado,2013,15,menores de 5 anos
4.0,1.3. Red por ações de diag e trat adequado,2014,13,menores de 5 anos
4.0,1.3. Red por ações de diag e trat adequado,2015,19,menores de 5 anos
4.0,1.3. Red por ações de diag e trat adequado,2016,16,menores de 5 anos
4.0,1.3. Red por ações de diag e trat adequado,2017,17,menores de 5 anos
4.0,1.3. Red por ações de diag e trat adequado,2018,13,menores de 5 anos
4.0,1.3. Red por ações de diag e trat adequado,2019,14,menores de 5 anos
4.0,1.3. Red por ações de diag e trat adequado,2020,8,menores de 5 anos
4.0,1.3. Red por ações de diag e trat adequado,2021,10,menores de 5 anos
4.0,1.3. Red por ações de diag e trat adequado,2022,18,menores de 5 anos
4.0,1.3. Red por ações de diag e trat adequado,2023,19,menores de 5 anos
4.0,1.3. Red por ações de diag e trat adequado,2024,14,menores de 5 anos
4.0,1.3. Red por ações de diag e trat adequado,2025,9,menores de 5 anos
4.0,1.4. Red por ações promoção vinc a atenção,2006,15,menores de 5 anos
4.0,1.4. Red por ações promoção vinc a atenção,2007,10,menores de 5 anos
4.0,1.4. Red por ações promoção vinc a atenção,2008,17,menores de 5 anos
4.0,1.4. Red por ações promoção vinc a atenção,2009,15,menores de 5 anos
4.0,1.4. Red por ações promoção vinc a atenção,2010,17,menores de 5 anos
4.0,1.4. Red por ações promoção vinc a atenção,2011,16,menores de 5 anos
4.0,1.4. Red por ações promoção vinc a atenção,2012,18,menores de 5 anos
4.0,1.4. Red por ações promoção vinc a atenção,2013,7,menores de 5 anos
4.0,1.4. Red por ações promoção vinc a atenção,2014,9,menores de 5 anos
4.0,1.4. Red por ações promoção vinc a atenção,2015,11,menores de 5 anos
4.0,1.4. Red por ações promoção vinc a atenção,2016,11,menores de 5 anos
4.0,1.4. Red por ações promoção vinc a atenção,2017,12,menores de 5 anos
4.0,1.4. Red por ações promoção vinc a atenção,2018,9,menores de 5 anos
4.0,1.4. Red por ações promoção vinc a atenção,2019,10,menores de 5 anos
4.0,1.4. Red por ações promoção vinc a atenção,2020,16,menores de 5 anos
4.0,1.4. Red por ações promoção vinc a atenção,2021,21,menores de 5 anos
4.0,1.4. Red por ações promoção vinc a atenção,2022,13,menores de 5 anos
4.0,1.4. Red por ações promoção vinc a atenção,2023,12,menores de 5 anos
4.0,1.4. Red por ações promoção vinc a atenção,2024,8,menores de 5 anos
4.0,1.4. Red por ações promoção vinc a atenção,2025,19,menores de 5 anos
4.0,2. Causas mal definidas,2006,13,menores de 5 anos
4.0,2. Causas mal definidas,2007,7,menores de 5 anos
4.0,2. Causas mal definidas,2008,10,menores de 5 anos
4.0,2. Causas mal definidas,2009,10,menores de 5 anos
4.0,2. Causas mal definidas,2010,9,menores de 5 anos
4.0,2. Causas mal definidas,2011,15,menores de 5 anos
4.0,2. Causas mal definidas,2012,9,menores de 5 anos
4.0,2. Causas mal definidas,2013,12,menores de 5 anos
4.0,2. Causas mal definidas,2014,10,menores de 5 anos
4.0,2. Causas mal definidas,2015,12,menores de 5 anos
4.0,2. Causas mal definidas,2016,12,menores de 5 anos
4.0,2. Causas mal definidas,2017,15,menores de 5 anos
4.0,2. Causas mal definidas,2018,5,menores de 5 anos
4.0,2. Causas mal definidas,2019,5,menores de 5 anos
4.0,2. Causas mal definidas,2020,5,menores de 5 anos
4.0,2. Causas mal definidas,2021,5,menores de 5 anos
4.0,2. Causas mal definidas,2022,5,menores de 5 anos
4.0,2. Causas mal definidas,2023,2,menores de 5 anos
4.0,2. Causas mal definidas,2024,5,menores de 5 anos
4.0,2. Causas mal definidas,2025,6,menores de 5 anos
4.0,3. Demais causas (não claramente evitáveis),2006,44,menores de 5 anos
4.0,3. Demais causas (não claramente evitáveis),2007,53,menores de 5 anos
4.0,3. Demais causas (não claramente evitáveis),2008,42,menores de 5 anos
4.0,3. Demais causas (não claramente evitáveis),2009,56,menores de 5 anos
4.0,3. Demais causas (não claramente evitáveis),2010,55,menores de 5 anos
4.0,3. Demais causas (não claramente evitáveis),2011,52,menores de 5 anos
4.0,3. Demais causas (não claramente evitáveis),2012,59,menores de 5 anos
4.0,3. Demais causas (não claramente evitáveis),2013,62,menores de 5 anos
4.0,3. Demais causas (não claramente evitáveis),2014,62,menores de 5 anos
4.0,3. Demais causas (não claramente evitáveis),2015,59,menores de 5 anos
4.0,3. Demais causas (não claramente evitáveis),2016,56,menores de 5 anos
4.0,3. Demais causas (não claramente evitáveis),2017,66,menores de 5 anos
4.0,3. Demais causas (não claramente evitáveis),2018,46,menores de 5 anos
4.0,3. Demais causas (não claramente evitáveis),2019,47,menores de 5 anos
4.0,3. Demais causas (não claramente evitáveis),2020,49,menores de 5 anos
4.0,3. Demais causas (não claramente evitáveis),2021,41,menores de 5 anos
4.0,3. Demais causas (não claramente evitáveis),2022,46,menores de 5 anos
4.0,3. Demais causas (não claramente evitáveis),2023,57,menores de 5 anos
4.0,3. Demais causas (não claramente evitáveis),2024,39,menores de 5 anos
4.0,3. Demais causas (não claramente evitáveis),2025,48,menores de 5 anos
5.1,1.1. Reduzível pelas ações de imunização,2006,0,menores de 5 anos
5.1,1.1. Reduzível pelas ações de imunização,2007,0,menores de 5 anos
5.1,1.1. Reduzível pelas ações de imunização,2008,0,menores de 5 anos
5.1,1.1. Reduzível pelas ações de imunização,2009,1,menores de 5 anos
5.1,1.1. Reduzível pelas ações de imunização,2010,0,menores de 5 anos
5.1,1.1. Reduzível pelas ações de imunização,2011,0,menores de 5 anos
5.1,1.1. Reduzível pelas ações de imunização,2012,0,menores de 5 anos
5.1,1.1. Reduzível pelas ações de imunização,2013,0,menores de 5 anos
5.1,1.1. Reduzível pelas ações de imunização,2014,0,menores de 5 anos
5.1,1.1. Reduzível pelas ações de imunização,2015,0,menores de 5 anos
5.1,1.1. Reduzível pelas ações de imunização,2016,0,menores de 5 anos
5.1,1.1. Reduzível pelas ações de imunização,2017,0,menores de 5 anos
5.1,1.1. Reduzível pelas ações de imunização,2018,0,menores de 5 anos
5.1,1.1. Reduzível pelas ações de imunização,2019,0,menores de 5 anos
5.1,1.1. Reduzível pelas ações de imunização,2020,0,menores de 5 anos
5.1,1.1. Reduzível pelas ações de imunização,2021,0,menores de 5 anos
5.1,1.1. Reduzível pelas ações de imunização,2022,0,menores de 5 anos
5.1,1.1. Reduzível pelas ações de imunização,2023,0,menores de 5 anos
5.1,1.1. Reduzível pelas ações de imunização,2024,0,menores de 5 anos
5.1,1.1. Reduzível pelas ações de imunização,2025,0,menores de 5 anos
5.1,1.2.1. Red por at à mulher na gestação,2006,52,menores de 5 anos
5.1,1.2.1. Red por at à mulher na gestação,2007,39,menores de 5 anos
5.1,1.2.1. Red por at à mulher na gestação,2008,40,menores de 5 anos
5.1,1.2.1. Red por at à mulher na gestação,2009,46,menores de 5 anos
5.1,1.2.1. Red por at à mulher na gestação,2010,45,menores de 5 anos
5.1,1.2.1. Red por at à mulher na gestação,2011,50,menores de 5 anos
5.1,1.2.1. Red por at à mulher na gestação,2012,59,menores de 5 anos
5.1,1.2.1. Red por at à mulher na gestação,2013,42,menores de 5 anos
5.1,1.2.1. Red por at à mulher na gestação,2014,31,menores de 5 anos
5.1,1.2.1. Red por at à mulher na gestação,2015,34,menores de 5 anos
5.1,1.2.1. Red por at à mulher na gestação,2016,29,menores de 5 anos
5.1,1.2.1. Red por at à mulher na gestação,2017,28,menores de 5 anos
5.1,1.2.1. Red por at à mulher na gestação,2018,25,menores de 5 anos
5.1,1.2.1. Red por at à mulher na gestação,2019,21,menores de 5 anos
5.1,1.2.1. Red por at à mulher na gestação,2020,33,menores de 5 anos
5.1,1.2.1. Red por at à mulher na gestação,2021,30,menores de 5 anos
5.1,1.2.1. Red por at à mulher na gestação,2022,21,menores de 5 anos
5.1,1.2.1. Red por at à mulher na gestação,2023,30,menores de 5 anos
5.1,1.2.1. Red por at à mulher na gestação,2024,33,menores de 5 anos
5.1,1.2.1. Red por at à mulher na gestação,2025,31,menores de 5 anos
5.1,1.2.2. Red por at à mulher no parto,2006,11,menores de 5 anos
5.1,1.2.2. Red por at à mulher no parto,2007,9,menores de 5 anos
5.1,1.2.2. Red por at à mulher no parto,2008,14,menores de 5 anos
5.1,1.2.2. Red por at à mulher no parto,2009,11,menores de 5 anos
5.1,1.2.2. Red por at à mulher no parto,2010,13,menores de 5 anos
5.1,1.2.2. Red por at à mulher no parto,2011,7,menores de 5 anos
5.1,1.2.2. Red por at à mulher no parto,2012,17,menores de 5 anos
5.1,1.2.2. Red por at à mulher no parto,2013,12,menores de 5 anos
5.1,1.2.2. Red por at à mulher no parto,2014,11,menores de 5 anos
5.1,1.2.2. Red por at à mulher no parto,2015,6,menores de 5 anos
5.1,1.2.2. Red por at à mulher no parto,2016,5,menores de 5 anos
5.1,1.2.2. Red por at à mulher no parto,2017,7,menores de 5 anos
5.1,1.2.2. Red por at à mulher no parto,2018,6,menores de 5 anos
5.1,1.2.2. Red por at à mulher no parto,2019,14,menores de 5 anos
5.1,1.2.2. Red por at à mulher no parto,2020,9,menores de 5 anos
5.1,1.2.2. Red por at à mulher no parto,2021,10,menores de 5 anos
5.1,1.2.2. Red por at à mulher no parto,2022,4,menores de 5 anos
5.1,1.2.2. Red por at à mulher no parto,2023,2,menores de 5 anos
5.1,1.2.2. Red por at à mulher no parto,2024,0,menores de 5 anos
5.1,1.2.2. Red por at à mulher no parto,2025,4,menores de 5 anos
5.1,1.2.3. Red por at ao recém-nascido,2006,31,menores de 5 anos
5.1,1.2.3. Red por at ao recém-nascido,2007,21,menores de 5 anos
5.1,1.2.3. Red por at ao recém-nascido,2008,19,menores de 5 anos
5.1,1.2.3. Red por at ao recém-nascido,2009,23,menores de 5 anos
5.1,1.2.3. Red por at ao recém-nascido,2010,13,menores de 5 anos
5.1,1.2.3. Red por at ao recém-nascido,2011,18,menores de 5 anos
5.1,1.2.3. Red por at ao recém-nascido,2012,24,menores de 5 anos
5.1,1.2.3. Red por at ao recém-nascido,2013,28,menores de 5 anos
5.1,1.2.3. Red por at ao recém-nascido,2014,17,menores de 5 anos
5.1,1.2.3. Red por at ao recém-nascido,2015,23,menores de 5 anos
5.1,1.2.3. Red por at ao recém-nascido,2016,25,menores de 5 anos
5.1,1.2.3. Red por at ao recém-nascido,2017,20,menores de 5 anos
5.1,1.2.3. Red por at ao recém-nascido,2018,15,menores de 5 anos
5.1,1.2.3. Red por at ao recém-nascido,2019,17,menores de 5 anos
5.1,1.2.3. Red por at ao recém-nascido,2020,17,menores de 5 anos
5.1,1.2.3. Red por at ao recém-nascido,2021,18,menores de 5 anos
5.1,1.2.3. Red por at ao recém-nascido,2022,7,menores de 5 anos
5.1,1.2.3. Red por at ao recém-nascido,2023,6,menores de 5 anos
5.1,1.2.3. Red por at ao recém-nascido,2024,4,menores de 5 anos
5.1,1.2.3. Red por at ao recém-nascido,2025,2,menores de 5 anos
5.1,1.3. Red por ações de diag e trat adequado,2006,17,menores de 5 anos
5.1,1.3. Red por ações de diag e trat adequado,2007,12,menores de 5 anos
5.1,1.3. Red por ações de diag e trat adequado,2008,7,menores de 5 anos
5.1,1.3. Red por ações de diag e trat adequado,2009,20,menores de 5 anos
5.1,1.3. Red por ações de diag e trat adequado,2010,12,menores de 5 anos
5.1,1.3. Red por ações de diag e trat adequado,2011,17,menores de 5 anos
5.1,1.3. Red por ações de diag e trat adequado,2012,13,menores de 5 anos
5.1,1.3. Red por ações de diag e trat adequado,2013,17,menores de 5 anos
5.1,1.3. Red por ações de diag e trat adequado,2014,11,menores de 5 anos
5.1,1.3. Red por ações de diag e trat adequado,2015,20,menores de 5 anos
5.1,1.3. Red por ações de diag e trat adequado,2016,16,menores de 5 anos
5.1,1.3. Red por ações de diag e trat adequado,2017,14,menores de 5 anos
5.1,1.3. Red por ações de diag e trat adequado,2018,14,menores de 5 anos
5.1,1.3. Red por ações de diag e trat adequado,2019,18,menores de 5 anos
5.1,1.3. Red por ações de diag e trat adequado,2020,10,menores de 5 anos
5.1,1.3. Red por ações de diag e trat adequado,2021,4,menores de 5 anos
5.1,1.3. Red por ações de diag e trat adequado,2022,9,menores de 5 anos
5.1,1.3. Red por ações de diag e trat adequado,2023,17,menores de 5 anos
5.1,1.3. Red por ações de diag e trat adequado,2024,13,menores de 5 anos
5.1,1.3. Red por ações de diag e trat adequado,2025,9,menores de 5 anos
5.1,1.4. Red por ações promoção vinc a atenção,2006,6,menores de 5 anos
5.1,1.4. Red por ações promoção vinc a atenção,2007,8,menores de 5 anos
5.1,1.4. Red por ações promoção vinc a atenção,2008,12,menores de 5 anos
5.1,1.4. Red por ações promoção vinc a atenção,2009,15,menores de 5 anos
5.1,1.4. Red por ações promoção vinc a atenção,2010,16,menores de 5 anos
5.1,1.4. Red por ações promoção vinc a atenção,2011,13,menores de 5 anos
5.1,1.4. Red por ações promoção vinc a atenção,2012,15,menores de 5 anos
5.1,1.4. Red por ações promoção vinc a atenção,2013,14,menores de 5 anos
5.1,1.4. Red por ações promoção vinc a atenção,2014,14,menores de 5 anos
5.1,1.4. Red por ações promoção vinc a atenção,2015,21,menores de 5 anos
5.1,1.4. Red por ações promoção vinc a atenção,2016,14,menores de 5 anos
5.1,1.4. Red por ações promoção vinc a atenção,2017,7,menores de 5 anos
5.1,1.4. Red por ações promoção vinc a atenção,2018,11,menores de 5 anos
5.1,1.4. Red por ações promoção vinc a atenção,2019,13,menores de 5 anos
5.1,1.4. Red por ações promoção vinc a atenção,2020,10,menores de 5 anos
5.1,1.4. Red por ações promoção vinc a atenção,2021,7,menores de 5 anos
5.1,1.4. Red por ações promoção vinc a atenção,2022,7,menores de 5 anos
5.1,1.4. Red por ações promoção vinc a atenção,2023,12,menores de 5 anos
5.1,1.4. Red por ações promoção vinc a atenção,2024,15,menores de 5 anos
5.1,1.4. Red por ações promoção vinc a atenção,2025,11,menores de 5 anos
5.1,2. Causas mal definidas,2006,13,menores de 5 anos
5.1,2. Causas mal definidas,2007,4,menores de 5 anos
5.1,2. Causas mal definidas,2008,3,menores de 5 anos
5.1,2. Causas mal definidas,2009,2,menores de 5 anos
5.1,2. Causas mal definidas,2010,2,menores de 5 anos
5.1,2. Causas mal definidas,2011,4,menores de 5 anos
5.1,2. Causas mal definidas,2012,1,menores de 5 anos
5.1,2. Causas mal definidas,2013,3,menores de 5 anos
5.1,2. Causas mal definidas,2014,2,menores de 5 anos
5.1,2. Causas mal definidas,2015,3,menores de 5 anos
5.1,2. Causas mal definidas,2016,4,menores de 5 anos
5.1,2. Causas mal definidas,2017,1,menores de 5 anos
5.1,2. Causas mal definidas,2018,3,menores de 5 anos
5.1,2. Causas mal definidas,2019,0,menores de 5 anos
5.1,2. Causas mal definidas,2020,7,menores de 5 anos
5.1,2. Causas mal definidas,2021,6,menores de 5 anos
5.1,2. Causas mal definidas,2022,2,menores de 5 anos
5.1,2. Causas mal definidas,2023,2,menores de 5 anos
5.1,2. Causas mal definidas,2024,0,menores de 5 anos
5.1,2. Causas mal definidas,2025,2,menores de 5 anos
5.1,3. Demais causas (não claramente evitáveis),2006,48,menores de 5 anos
5.1,3. Demais causas (não claramente evitáveis),2007,52,menores de 5 anos
5.1,3. Demais causas (não claramente evitáveis),2008,41,menores de 5 anos
5.1,3. Demais causas (não claramente evitáveis),2009,43,menores de 5 anos
5.1,3. Demais causas (não claramente evitáveis),2010,54,menores de 5 anos
5.1,3. Demais causas (não claramente evitáveis),2011,55,menores de 5 anos
5.1,3. Demais causas (não claramente evitáveis),2012,47,menores de 5 anos
5.1,3. Demais causas (não claramente evitáveis),2013,41,menores de 5 anos
5.1,3. Demais causas (não claramente evitáveis),2014,44,menores de 5 anos
5.1,3. Demais causas (não claramente evitáveis),2015,36,menores de 5 anos
5.1,3. Demais causas (não claramente evitáveis),2016,48,menores de 5 anos
5.1,3. Demais causas (não claramente evitáveis),2017,35,menores de 5 anos
5.1,3. Demais causas (não claramente evitáveis),2018,42,menores de 5 anos
5.1,3. Demais causas (não claramente evitáveis),2019,31,menores de 5 anos
5.1,3. Demais causas (não claramente evitáveis),2020,40,menores de 5 anos
5.1,3. Demais causas (não claramente evitáveis),2021,41,menores de 5 anos
5.1,3. Demais causas (não claramente evitáveis),2022,24,menores de 5 anos
5.1,3. Demais causas (não claramente evitáveis),2023,26,menores de 5 anos
5.1,3. Demais causas (não claramente evitáveis),2024,31,menores de 5 anos
5.1,3. Demais causas (não claramente evitáveis),2025,29,menores de 5 anos
5.2,1.1. Reduzível pelas ações de imunização,2006,0,menores de 5 anos
5.2,1.1. Reduzível pelas ações de imunização,2007,1,menores de 5 anos
5.2,1.1. Reduzível pelas ações de imunização,2008,0,menores de 5 anos
5.2,1.1. Reduzível pelas ações de imunização,2009,0,menores de 5 anos
5.2,1.1. Reduzível pelas ações de imunização,2010,0,menores de 5 anos
5.2,1.1. Reduzível pelas ações de imunização,2011,0,menores de 5 anos
5.2,1.1. Reduzível pelas ações de imunização,2012,0,menores de 5 anos
5.2,1.1. Reduzível pelas ações de imunização,2013,0,menores de 5 anos
5.2,1.1. Reduzível pelas ações de imunização,2014,0,menores de 5 anos
5.2,1.1. Reduzível pelas ações de imunização,2015,0,menores de 5 anos
5.2,1.1. Reduzível pelas ações de imunização,2016,0,menores de 5 anos
5.2,1.1. Reduzível pelas ações de imunização,2017,1,menores de 5 anos
5.2,1.1. Reduzível pelas ações de imunização,2018,0,menores de 5 anos
5.2,1.1. Reduzível pelas ações de imunização,2019,0,menores de 5 anos
5.2,1.1. Reduzível pelas ações de imunização,2020,0,menores de 5 anos
5.2,1.1. Reduzível pelas ações de imunização,2021,0,menores de 5 anos
5.2,1.1. Reduzível pelas ações de imunização,2022,0,menores de 5 anos
5.2,1.1. Reduzível pelas ações de imunização,2023,0,menores de 5 anos
5.2,1.1. Reduzível pelas ações de imunização,2024,0,menores de 5 anos
5.2,1.1. Reduzível pelas ações de imunização,2025,0,menores de 5 anos
5.2,1.2.1. Red por at à mulher na gestação,2006,44,menores de 5 anos
5.2,1.2.1. Red por at à mulher na gestação,2007,41,menores de 5 anos
5.2,1.2.1. Red por at à mulher na gestação,2008,26,menores de 5 anos
5.2,1.2.1. Red por at à mulher na gestação,2009,42,menores de 5 anos
5.2,1.2.1. Red por at à mulher na gestação,2010,40,menores de 5 anos
5.2,1.2.1. Red por at à mulher na gestação,2011,36,menores de 5 anos
5.2,1.2.1. Red por at à mulher na gestação,2012,34,menores de 5 anos
5.2,1.2.1. Red por at à mulher na gestação,2013,44,menores de 5 anos
5.2,1.2.1. Red por at à mulher na gestação,2014,41,menores de 5 anos
5.2,1.2.1. Red por at à mulher na gestação,2015,34,menores de 5 anos
5.2,1.2.1. Red por at à mulher na gestação,2016,45,menores de 5 anos
5.2,1.2.1. Red por at à mulher na gestação,2017,29,menores de 5 anos
5.2,1.2.1. Red por at à mulher na gestação,2018,44,menores de 5 anos
5.2,1.2.1. Red por at à mulher na gestação,2019,27,menores de 5 anos
5.2,1.2.1. Red por at à mulher na gestação,2020,45,menores de 5 anos
5.2,1.2.1. Red por at à mulher na gestação,2021,29,menores de 5 anos
5.2,1.2.1. Red por at à mulher na gestação,2022,33,menores de 5 anos
5.2,1.2.1. Red por at à mulher na gestação,2023,31,menores de 5 anos
5.2,1.2.1. Red por at à mulher na gestação,2024,24,menores de 5 anos
5.2,1.2.1. Red por at à mulher na gestação,2025,41,menores de 5 anos
5.2,1.2.2. Red por at à mulher no parto,2006,10,menores de 5 anos
5.2,1.2.2. Red por at à mulher no parto,2007,17,menores de 5 anos
5.2,1.2.2. Red por at à mulher no parto,2008,17,menores de 5 anos
5.2,1.2.2. Red por at à mulher no parto,2009,12,menores de 5 anos
5.2,1.2.2. Red por at à mulher no parto,2010,10,menores de 5 anos
5.2,1.2.2. Red por at à mulher no parto,2011,9,menores de 5 anos
5.2,1.2.2. Red por at à mulher no parto,2012,7,menores de 5 anos
5.2,1.2.2. Red por at à mulher no parto,2013,7,menores de 5 anos
5.2,1.2.2. Red por at à mulher no parto,2014,16,menores de 5 anos
5.2,1.2.2. Red por at à mulher no parto,2015,11,menores de 5 anos
5.2,1.2.2. Red por at à mulher no parto,2016,10,menores de 5 anos
5.2,1.2.2. Red por at à mulher no parto,2017,14,menores de 5 anos
5.2,1.2.2. Red por at à mulher no parto,2018,11,menores de 5 anos
5.2,1.2.2. Red por at à mulher no parto,2019,17,menores de 5 anos
5.2,1.2.2. Red por at à mulher no parto,2020,17,menores de 5 anos
5.2,1.2.2. Red por at à mulher no parto,2021,16,menores de 5 anos
5.2,1.2.2. Red por at à mulher no parto,2022,14,menores de 5 anos
5.2,1.2.2. Red por at à mulher no parto,2023,11,menores de 5 anos
5.2,1.2.2. Red por at à mulher no parto,2024,6,menores de 5 anos
5.2,1.2.2. Red por at à mulher no parto,2025,7,menores de 5 anos
5.2,1.2.3. Red por at ao recém-nascido,2006,26,menores de 5 anos
5.2,1.2.3. Red por at ao recém-nascido,2007,22,menores de 5 anos
5.2,1.2.3. Red por at ao recém-nascido,2008,32,menores de 5 anos
5.2,1.2.3. Red por at ao recém-nascido,2009,20,menores de 5 anos
5.2,1.2.3. Red por at ao recém-nascido,2010,21,menores de 5 anos
5.2,1.2.3. Red por at ao recém-nascido,2011,28,menores de 5 anos
5.2,1.2.3. Red por at ao recém-nascido,2012,25,menores de 5 anos
5.2,1.2.3. Red por at ao recém-nascido,2013,15,menores de 5 anos
5.2,1.2.3. Red por at ao recém-nascido,2014,20,menores de 5 anos
5.2,1.2.3. Red por at ao recém-nascido,2015,17,menores de 5 anos
5.2,1.2.3. Red por at ao recém-nascido,2016,22,menores de 5 anos
5.2,1.2.3. Red por at ao recém-nascido,2017,21,menores de 5 anos
5.2,1.2.3. Red por at ao recém-nascido,2018,14,menores de 5 anos
5.2,1.2.3. Red por at ao recém-nascido,2019,24,menores de 5 anos
5.2,1.2.3. Red por at ao recém-nascido,2020,23,menores de 5 anos
5.2,1.2.3. Red por at ao recém-nascido,2021,25,menores de 5 anos
5.2,1.2.3. Red por at ao recém-nascido,2022,12,menores de 5 anos
5.2,1.2.3. Red por at ao recém-nascido,2023,11,menores de 5 anos
5.2,1.2.3. Red por at ao recém-nascido,2024,11,menores de 5 anos
5.2,1.2.3. Red por at ao recém-nascido,2025,6,menores de 5 anos
5.2,1.3. Red por ações de diag e trat adequado,2006,13,menores de 5 anos
5.2,1.3. Red por ações de diag e trat adequado,2007,17,menores de 5 anos
5.2,1.3. Red por ações de diag e trat adequado,2008,24,menores de 5 anos
5.2,1.3. Red por ações de diag e trat adequado,2009,16,menores de 5 anos
5.2,1.3. Red por ações de diag e trat adequado,2010,24,menores de 5 anos
5.2,1.3. Red por ações de diag e trat adequado,2011,18,menores de 5 anos
5.2,1.3. Red por ações de diag e trat adequado,2012,19,menores de 5 anos
5.2,1.3. Red por ações de diag e trat adequado,2013,18,menores de 5 anos
5.2,1.3. Red por ações de diag e trat adequado,2014,11,menores de 5 anos
5.2,1.3. Red por ações de diag e trat adequado,2015,21,menores de 5 anos
5.2,1.3. Red por ações de diag e trat adequado,2016,13,menores de 5 anos
5.2,1.3. Red por ações de diag e trat adequado,2017,19,menores de 5 anos
5.2,1.3. Red por ações de diag e trat adequado,2018,16,menores de 5 anos
5.2,1.3. Red por ações de diag e trat adequado,2019,16,menores de 5 anos
5.2,1.3. Red por ações de diag e trat adequado,2020,13,menores de 5 anos
5.2,1.3. Red por ações de diag e trat adequado,2021,10,menores de 5 anos
5.2,1.3. Red por ações de diag e trat adequado,2022,15,menores de 5 anos
5.2,1.3. Red por ações de diag e trat adequado,2023,23,menores de 5 anos
5.2,1.3. Red por ações de diag e trat adequado,2024,10,menores de 5 anos
5.2,1.3. Red por ações de diag e trat adequado,2025,7,menores de 5 anos
5.2,1.4. Red por ações promoção vinc a atenção,2006,11,menores de 5 anos
5.2,1.4. Red por ações promoção vinc a atenção,2007,8,menores de 5 anos
5.2,1.4. Red por ações promoção vinc a atenção,2008,14,menores de 5 anos
5.2,1.4. Red por ações promoção vinc a atenção,2009,12,menores de 5 anos
5.2,1.4. Red por ações promoção vinc a atenção,2010,12,menores de 5 anos
5.2,1.4. Red por ações promoção vinc a atenção,2011,12,menores de 5 anos
5.2,1.4. Red por ações promoção vinc a atenção,2012,18,menores de 5 anos
5.2,1.4. Red por ações promoção vinc a atenção,2013,12,menores de 5 anos
5.2,1.4. Red por ações promoção vinc a atenção,2014,14,menores de 5 anos
5.2,1.4. Red por ações promoção vinc a atenção,2015,19,menores de 5 anos
5.2,1.4. Red por ações promoção vinc a atenção,2016,7,menores de 5 anos
5.2,1.4. Red por ações promoção vinc a atenção,2017,15,menores de 5 anos
5.2,1.4. Red por ações promoção vinc a atenção,2018,10,menores de 5 anos
5.2,1.4. Red por ações promoção vinc a atenção,2019,12,menores de 5 anos
5.2,1.4. Red por ações promoção vinc a atenção,2020,8,menores de 5 anos
5.2,1.4. Red por ações promoção vinc a atenção,2021,12,menores de 5 anos
5.2,1.4. Red por ações promoção vinc a atenção,2022,13,menores de 5 anos
5.2,1.4. Red por ações promoção vinc a atenção,2023,11,menores de 5 anos
5.2,1.4. Red por ações promoção vinc a atenção,2024,7,menores de 5 anos
5.2,1.4. Red por ações promoção vinc a atenção,2025,13,menores de 5 anos
5.2,2. Causas mal definidas,2006,13,menores de 5 anos
5.2,2. Causas mal definidas,2007,9,menores de 5 anos
5.2,2. Causas mal definidas,2008,10,menores de 5 anos
5.2,2. Causas mal definidas,2009,6,menores de 5 anos
5.2,2. Causas mal definidas,2010,8,menores de 5 anos
5.2,2. Causas mal definidas,2011,5,menores de 5 anos
5.2,2. Causas mal definidas,2012,3,menores de 5 anos
5.2,2. Causas mal definidas,2013,2,menores de 5 anos
5.2,2. Causas mal definidas,2014,1,menores de 5 anos
5.2,2. Causas mal definidas,2015,1,menores de 5 anos
5.2,2. Causas mal definidas,2016,3,menores de 5 anos
5.2,2. Causas mal definidas,2017,1,menores de 5 anos
5.2,2. Causas mal definidas,2018,1,menores de 5 anos
5.2,2. Causas mal definidas,2019,3,menores de 5 anos
5.2,2. Causas mal definidas,2020,5,menores de 5 anos
5.2,2. Causas mal definidas,2021,7,menores de 5 anos
5.2,2. Causas mal definidas,2022,0,menores de 5 anos
5.2,2. Causas mal definidas,2023,2,menores de 5 anos
5.2,2. Causas mal definidas,2024,7,menores de 5 anos
5.2,2. Causas mal definidas,2025,0,menores de 5 anos
5.2,3. Demais causas (não claramente evitáveis),2006,54,menores de 5 anos
5.2,3. Demais causas (não claramente evitáveis),2007,50,menores de 5 anos
5.2,3. Demais causas (não claramente evitáveis),2008,44,menores de 5 anos
5.2,3. Demais causas (não claramente evitáveis),2009,43,menores de 5 anos
5.2,3. Demais causas (não claramente evitáveis),2010,35,menores de 5 anos
5.2,3. Demais causas (não claramente evitáveis),2011,48,menores de 5 anos
5.2,3. Demais causas (não claramente evitáveis),2012,45,menores de 5 anos
5.2,3. Demais causas (não claramente evitáveis),2013,43,menores de 5 anos
5.2,3. Demais causas (não claramente evitáveis),2014,50,menores de 5 anos
5.2,3. Demais causas (não claramente evitáveis),2015,40,menores de 5 anos
5.2,3. Demais causas (não claramente evitáveis),2016,51,menores de 5 anos
5.2,3. Demais causas (não claramente evitáveis),2017,55,menores de 5 anos
5.2,3. Demais causas (não claramente evitáveis),2018,46,menores de 5 anos
5.2,3. Demais causas (não claramente evitáveis),2019,46,menores de 5 anos
5.2,3. Demais causas (não claramente evitáveis),2020,52,menores de 5 anos
5.2,3. Demais causas (não claramente evitáveis),2021,35,menores de 5 anos
5.2,3. Demais causas (não claramente evitáveis),2022,48,menores de 5 anos
5.2,3. Demais causas (não claramente evitáveis),2023,37,menores de 5 anos
5.2,3. Demais causas (não claramente evitáveis),2024,42,menores de 5 anos
5.2,3. Demais causas (não claramente evitáveis),2025,41,menores de 5 anos
5.3,1.1. Reduzível pelas ações de imunização,2006,0,menores de 5 anos
5.3,1.1. Reduzível pelas ações de imunização,2007,0,menores de 5 anos
5.3,1.1. Reduzível pelas ações de imunização,2008,0,menores de 5 anos
5.3,1.1. Reduzível pelas ações de imunização,2009,0,menores de 5 anos
5.3,1.1. Reduzível pelas ações de imunização,2010,0,menores de 5 anos
5.3,1.1. Reduzível pelas ações de imunização,2011,1,menores de 5 anos
5.3,1.1. Reduzível pelas ações de imunização,2012,1,menores de 5 anos
5.3,1.1. Reduzível pelas ações de imunização,2013,0,menores de 5 anos
5.3,1.1. Reduzível pelas ações de imunização,2014,0,menores de 5 anos
5.3,1.1. Reduzível pelas ações de imunização,2015,2,menores de 5 anos
5.3,1.1. Reduzível pelas ações de imunização,2016,0,menores de 5 anos
5.3,1.1. Reduzível pelas ações de imunização,2017,0,menores de 5 anos
5.3,1.1. Reduzível pelas ações de imunização,2018,0,menores de 5 anos
5.3,1.1. Reduzível pelas ações de imunização,2019,0,menores de 5 anos
5.3,1.1. Reduzível pelas ações de imunização,2020,0,menores de 5 anos
5.3,1.1. Reduzível pelas ações de imunização,2021,0,menores de 5 anos
5.3,1.1. Reduzível pelas ações de imunização,2022,1,menores de 5 anos
5.3,1.1. Reduzível pelas ações de imunização,2023,0,menores de 5 anos
5.3,1.1. Reduzível pelas ações de imunização,2024,0,menores de 5 anos
5.3,1.1. Reduzível pelas ações de imunização,2025,1,menores de 5 anos
5.3,1.2.1. Red por at à mulher na gestação,2006,16,menores de 5 anos
5.3,1.2.1. Red por at à mulher na gestação,2007,20,menores de 5 anos
5.3,1.2.1. Red por at à mulher na gestação,2008,27,menores de 5 anos
5.3,1.2.1. Red por at à mulher na gestação,2009,24,menores de 5 anos
5.3,1.2.1. Red por at à mulher na gestação,2010,18,menores de 5 anos
5.3,1.2.1. Red por at à mulher na gestação,2011,24,menores de 5 anos
5.3,1.2.1. Red por at à mulher na gestação,2012,24,menores de 5 anos
5.3,1.2.1. Red por at à mulher na gestação,2013,35,menores de 5 anos
5.3,1.2.1. Red por at à mulher na gestação,2014,21,menores de 5 anos
5.3,1.2.1. Red por at à mulher na gestação,2015,30,menores de 5 anos
5.3,1.2.1. Red por at à mulher na gestação,2016,28,menores de 5 anos
5.3,1.2.1. Red por at à mulher na gestação,2017,13,menores de 5 anos
5.3,1.2.1. Red por at à mulher na gestação,2018,14,menores de 5 anos
5.3,1.2.1. Red por at à mulher na gestação,2019,22,menores de 5 anos
5.3,1.2.1. Red por at à mulher na gestação,2020,25,menores de 5 anos
5.3,1.2.1. Red por at à mulher na gestação,2021,30,menores de 5 anos
5.3,1.2.1. Red por at à mulher na gestação,2022,20,menores de 5 anos
5.3,1.2.1. Red por at à mulher na gestação,2023,16,menores de 5 anos
5.3,1.2.1. Red por at à mulher na gestação,2024,21,menores de 5 anos
5.3,1.2.1. Red por at à mulher na gestação,2025,32,menores de 5 anos
5.3,1.2.2. Red por at à mulher no parto,2006,4,menores de 5 anos
5.3,1.2.2. Red por at à mulher no parto,2007,12,menores de 5 anos
5.3,1.2.2. Red por at à mulher no parto,2008,5,menores de 5 anos
5.3,1.2.2. Red por at à mulher no parto,2009,8,menores de 5 anos
5.3,1.2.2. Red por at à mulher no parto,2010,5,menores de 5 anos
5.3,1.2.2. Red por at à mulher no parto,2011,7,menores de 5 anos
5.3,1.2.2. Red por at à mulher no parto,2012,14,menores de 5 anos
5.3,1.2.2. Red por at à mulher no parto,2013,8,menores de 5 anos
5.3,1.2.2. Red por at à mulher no parto,2014,11,menores de 5 anos
5.3,1.2.2. Red por at à mulher no parto,2015,10,menores de 5 anos
5.3,1.2.2. Red por at à mulher no parto,2016,14,menores de 5 anos
5.3,1.2.2. Red por at à mulher no parto,2017,3,menores de 5 anos
5.3,1.2.2. Red por at à mulher no parto,2018,15,menores de 5 anos
5.3,1.2.2. Red por at à mulher no parto,2019,11,menores de 5 anos
5.3,1.2.2. Red por at à mulher no parto,2020,9,menores de 5 anos
5.3,1.2.2. Red por at à mulher no parto,2021,9,menores de 5 anos
5.3,1.2.2. Red por at à mulher no parto,2022,3,menores de 5 anos
5.3,1.2.2. Red por at à mulher no parto,2023,4,menores de 5 anos
5.3,1.2.2. Red por at à mulher no parto,2024,6,menores de 5 anos
5.3,1.2.2. Red por at à mulher no parto,2025,10,menores de 5 anos
5.3,1.2.3. Red por at ao recém-nascido,2006,17,menores de 5 anos
5.3,1.2.3. Red por at ao recém-nascido,2007,9,menores de 5 anos
5.3,1.2.3. Red por at ao recém-nascido,2008,18,menores de 5 anos
5.3,1.2.3. Red por at ao recém-nascido,2009,17,menores de 5 anos
5.3,1.2.3. Red por at ao recém-nascido,2010,16,menores de 5 anos
5.3,1.2.3. Red por at ao recém-nascido,2011,12,menores de 5 anos
5.3,1.2.3. Red por at ao recém-nascido,2012,17,menores de 5 anos
5.3,1.2.3. Red por at ao recém-nascido,2013,28,menores de 5 anos
5.3,1.2.3. Red por at ao recém-nascido,2014,24,menores de 5 anos
5.3,1.2.3. Red por at ao recém-nascido,2015,37,menores de 5 anos
5.3,1.2.3. Red por at ao recém-nascido,2016,33,menores de 5 anos
5.3,1.2.3. Red por at ao recém-nascido,2017,23,menores de 5 anos
5.3,1.2.3. Red por at ao recém-nascido,2018,21,menores de 5 anos
5.3,1.2.3. Red por at ao recém-nascido,2019,19,menores de 5 anos
5.3,1.2.3. Red por at ao recém-nascido,2020,13,menores de 5 anos
5.3,1.2.3. Red por at ao recém-nascido,2021,17,menores de 5 anos
5.3,1.2.3. Red por at ao recém-nascido,2022,7,menores de 5 anos
5.3,1.2.3. Red por at ao recém-nascido,2023,15,menores de 5 anos
5.3,1.2.3. Red por at ao recém-nascido,2024,12,menores de 5 anos
5.3,1.2.3. Red por at ao recém-nascido,2025,6,menores de 5 anos
5.3,1.3. Red por ações de diag e trat adequado,2006,17,menores de 5 anos
5.3,1.3. Red por ações de diag e trat adequado,2007,12,menores de 5 anos
5.3,1.3. Red por ações de diag e trat adequado,2008,14,menores de 5 anos
5.3,1.3. Red por ações de diag e trat adequado,2009,18,menores de 5 anos
5.3,1.3. Red por ações de diag e trat adequado,2010,12,menores de 5 anos
5.3,1.3. Red por ações de diag e trat adequado,2011,17,menores de 5 anos
5.3,1.3. Red por ações de diag e trat adequado,2012,18,menores de 5 anos
5.3,1.3. Red por ações de diag e trat adequado,2013,14,menores de 5 anos
5.3,1.3. Red por ações de diag e trat adequado,2014,18,menores de 5 anos
5.3,1.3. Red por ações de diag e trat adequado,2015,7,menores de 5 anos
5.3,1.3. Red por ações de diag e trat adequado,2016,18,menores de 5 anos
5.3,1.3. Red por ações de diag e trat adequado,2017,9,menores de 5 anos
5.3,1.3. Red por ações de diag e trat adequado,2018,14,menores de 5 anos
5.3,1.3. Red por ações de diag e trat adequado,2019,7,menores de 5 anos
5.3,1.3. Red por ações de diag e trat adequado,2020,7,menores de 5 anos
5.3,1.3. Red por ações de diag e trat adequado,2021,8,menores de 5 anos
5.3,1.3. Red por ações de diag e trat adequado,2022,13,menores de 5 anos
5.3,1.3. Red por ações de diag e trat adequado,2023,10,menores de 5 anos
5.3,1.3. Red por ações de diag e trat adequado,2024,11,menores de 5 anos
5.3,1.3. Red por ações de diag e trat adequado,2025,6,menores de 5 anos
5.3,1.4. Red por ações promoção vinc a atenção,2006,13,menores de 5 anos
5.3,1.4. Red por ações promoção vinc a atenção,2007,16,menores de 5 anos
5.3,1.4. Red por ações promoção vinc a atenção,2008,7,menores de 5 anos
5.3,1.4. Red por ações promoção vinc a atenção,2009,17,menores de 5 anos
5.3,1.4. Red por ações promoção vinc a atenção,2010,14,menores de 5 anos
5.3,1.4. Red por ações promoção vinc a atenção,2011,15,menores de 5 anos
5.3,1.4. Red por ações promoção vinc a atenção,2012,17,menores de 5 anos
5.3,1.4. Red por ações promoção vinc a atenção,2013,10,menores de 5 anos
5.3,1.4. Red por ações promoção vinc a atenção,2014,14,menores de 5 anos
5.3,1.4. Red por ações promoção vinc a atenção,2015,14,menores de 5 anos
5.3,1.4. Red por ações promoção vinc a atenção,2016,16,menores de 5 anos
5.3,1.4. Red por ações promoção vinc a atenção,2017,12,menores de 5 anos
5.3,1.4. Red por ações promoção vinc a atenção,2018,11,menores de 5 anos
5.3,1.4. Red por ações promoção vinc a atenção,2019,17,menores de 5 anos
5.3,1.4. Red por ações promoção vinc a atenção,2020,11,menores de 5 anos
5.3,1.4. Red por ações promoção vinc a atenção,2021,5,menores de 5 anos
5.3,1.4. Red por ações promoção vinc a atenção,2022,11,menores de 5 anos
5.3,1.4. Red por ações promoção vinc a atenção,2023,8,menores de 5 anos
5.3,1.4. Red por ações promoção vinc a atenção,2024,7,menores de 5 anos
5.3,1.4. Red por ações promoção vinc a atenção,2025,12,menores de 5 anos
5.3,2. Causas mal definidas,2006,16,menores de 5 anos
5.3,2. Causas mal definidas,2007,10,menores de 5 anos
5.3,2. Causas mal definidas,2008,9,menores de 5 anos
5.3,2. Causas mal definidas,2009,10,menores de 5 anos
5.3,2. Causas mal definidas,2010,3,menores de 5 anos
5.3,2. Causas mal definidas,2011,3,menores de 5 anos
5.3,2. Causas mal definidas,2012,1,menores de 5 anos
5.3,2. Causas mal definidas,2013,6,menores de 5 anos
5.3,2. Causas mal definidas,2014,2,menores de 5 anos
5.3,2. Causas mal definidas,2015,3,menores de 5 anos
5.3,2. Causas mal definidas,2016,2,menores de 5 anos
5.3,2. Causas mal definidas,2017,1,menores de 5 anos
5.3,2. Causas mal definidas,2018,3,menores de 5 anos
5.3,2. Causas mal definidas,2019,4,menores de 5 anos
5.3,2. Causas mal definidas,2020,3,menores de 5 anos
5.3,2. Causas mal definidas,2021,4,menores de 5 anos
5.3,2. Causas mal definidas,2022,1,menores de 5 anos
5.3,2. Causas mal definidas,2023,0,menores de 5 anos
5.3,2. Causas mal definidas,2024,0,menores de 5 anos
5.3,2. Causas mal definidas,2025,1,menores de 5 anos
5.3,3. Demais causas (não claramente evitáveis),2006,31,menores de 5 anos
5.3,3. Demais causas (não claramente evitáveis),2007,34,menores de 5 anos
5.3,3. Demais causas (não claramente evitáveis),2008,30,menores de 5 anos
5.3,3. Demais causas (não claramente evitáveis),2009,34,menores de 5 anos
5.3,3. Demais causas (não claramente evitáveis),2010,25,menores de 5 anos
5.3,3. Demais causas (não claramente evitáveis),2011,30,menores de 5 anos
5.3,3. Demais causas (não claramente evitáveis),2012,31,menores de 5 anos
5.3,3. Demais causas (não claramente evitáveis),2013,27,menores de 5 anos
5.3,3. Demais causas (não claramente evitáveis),2014,34,menores de 5 anos
5.3,3. Demais causas (não claramente evitáveis),2015,23,menores de 5 anos
5.3,3. Demais causas (não claramente evitáveis),2016,38,menores de 5 anos
5.3,3. Demais causas (não claramente evitáveis),2017,29,menores de 5 anos
5.3,3. Demais causas (não claramente evitáveis),2018,38,menores de 5 anos
5.3,3. Demais causas (não claramente evitáveis),2019,31,menores de 5 anos
5.3,3. Demais causas (não claramente evitáveis),2020,35,menores de 5 anos
5.3,3. Demais causas (não claramente evitáveis),2021,26,menores de 5 anos
5.3,3. Demais causas (não claramente evitáveis),2022,33,menores de 5 anos
5.3,3. Demais causas (não claramente evitáveis),2023,30,menores de 5 anos
5.3,3. Demais causas (não claramente evitáveis),2024,28,menores de 5 anos
5.3,3. Demais causas (não claramente evitáveis),2025,24,menores de 5 anos
