bairro,ano,obitos precoces,codigo,nascidos vivos,taxa_mortalidade_precoce
SAUDE,2006,1,001,131,7.633587786259541
GAMBOA,2006,0,002,92,0.0
SANTO CRISTO,2006,1,003,209,4.784688995215311
CAJU,2006,7,004,354,19.77401129943503
CENTRO,2006,4,005,532,7.518796992481203
CATUMBI,2006,3,006,270,11.11111111111111
RIO COMPRIDO,2006,6,007,621,9.66183574879227
CIDADE NOVA,2006,1,008,57,17.543859649122805
ESTACIO,2006,4,009,264,15.151515151515152
SAO CRISTOVAO,2006,3,010,768,3.90625
MANGUEIRA,2006,3,011,299,10.033444816053512
BENFICA,2006,7,012,610,11.475409836065573
PAQUETA,2006,0,013,32,0.0
SANTA TERESA,2006,3,014,449,6.6815144766147
FLAMENGO,2006,1,015,405,2.4691358024691357
GLORIA,2006,0,016,158,0.0
LARANJEIRAS,2006,1,017,428,2.336448598130841
CATETE,2006,2,018,214,9.345794392523365
COSME VELHO,2006,1,019,96,10.416666666666666
BOTAFOGO,2006,2,020,758,2.638522427440633
HUMAITA,2006,0,021,106,0.0
URCA,2006,1,022,73,13.698630136986301
LEME,2006,2,023,143,13.986013986013987
COPACABANA,2006,7,024,1167,5.998286203941731
IPANEMA,2006,1,025,312,3.205128205128205
LEBLON,2006,1,026,368,2.717391304347826
LAGOA,2006,2,027,196,10.204081632653061
JARDIM BOTANICO,2006,1,028,186,5.376344086021506
GAVEA,2006,0,029,258,0.0
VIDIGAL,2006,2,030,207,9.66183574879227
SAO CONRADO,2006,3,031,114,26.31578947368421
PRACA DA BANDEIRA,2006,1,032,88,11.363636363636363
TIJUCA,2006,9,033,1626,5.535055350553505
ALTO DA BOA VISTA,2006,1,034,115,8.695652173913043
MARACANA,2006,2,035,202,9.900990099009901
VILA ISABEL,2006,5,036,782,6.39386189258312
ANDARAI,2006,2,037,334,5.9880239520958085
GRAJAU,2006,0,038,412,0.0
MANGUINHOS,2006,2,039,523,3.8240917782026767
BONSUCESSO,2006,7,040,733,9.549795361527966
RAMOS,2006,1,041,1078,0.9276437847866419
OLARIA,2006,5,042,634,7.886435331230284
PENHA,2006,5,043,1206,4.1459369817578775
PENHA CIRCULAR,2006,0,044,340,0.0
BRAS DE PINA,2006,8,045,566,14.134275618374557
CORDOVIL,2006,5,046,635,7.874015748031496
PARADA DE LUCAS,2006,3,047,314,9.554140127388534
VIGARIO GERAL,2006,4,048,424,9.433962264150942
JARDIM AMERICA,2006,7,049,504,13.888888888888888
HIGIENOPOLIS,2006,1,050,191,5.235602094240838
JACARE,2006,2,051,361,5.54016620498615
MARIA DA GRACA,2006,0,052,70,0.0
DEL CASTILHO,2006,0,053,264,0.0
INHAUMA,2006,8,054,861,9.291521486643438
ENGENHO DA RAINHA,2006,2,055,288,6.944444444444444
TOMAS COELHO,2006,2,056,282,7.092198581560283
SAO FRANCISCO XAVIER,2006,1,057,61,16.393442622950822
ROCHA,2006,0,058,98,0.0
RIACHUELO,2006,0,059,141,0.0
SAMPAIO,2006,2,060,126,15.873015873015872
ENGENHO NOVO,2006,4,061,589,6.791171477079796
LINS DE VASCONCELOS,2006,2,062,431,4.640371229698376
MEIER,2006,3,063,616,4.87012987012987
TODOS OS SANTOS,2006,1,064,140,7.142857142857142
CACHAMBI,2006,3,065,409,7.334963325183374
ENGENHO DE DENTRO,2006,3,066,551,5.44464609800363
AGUA SANTA,2006,0,067,88,0.0
ENCANTADO,2006,1,068,132,7.575757575757576
PIEDADE,2006,4,069,585,6.837606837606837
ABOLICAO,2006,4,070,169,23.668639053254438
PILARES,2006,0,071,353,0.0
VILA KOSMOS,2006,0,072,109,0.0
VICENTE DE CARVALHO,2006,2,073,359,5.571030640668524
VILA DA PENHA,2006,4,074,527,7.590132827324478
VISTA ALEGRE,2006,0,075,219,0.0
IRAJA,2006,6,076,1217,4.930156121610517
COLEGIO,2006,3,077,396,7.575757575757576
CAMPINHO,2006,3,078,205,14.634146341463415
QUINTINO BOCAIUVA,2006,3,079,336,8.928571428571429
CAVALCANTE,2006,1,080,237,4.219409282700422
ENGENHEIRO LEAL,2006,0,081,42,0.0
CASCADURA,2006,2,082,414,4.830917874396135
MADUREIRA,2006,9,083,901,9.988901220865706
VAZ LOBO,2006,6,084,271,22.14022140221402
TURIACU,2006,0,085,161,0.0
ROCHA MIRANDA,2006,2,086,595,3.361344537815126
HONORIO GURGEL,2006,2,087,331,6.042296072507553
OSWALDO CRUZ,2006,4,088,335,11.940298507462687
BENTO RIBEIRO,2006,4,089,558,7.168458781362007
MARECHAL HERMES,2006,0,090,521,0.0
RIBEIRA,2006,0,091,41,0.0
CACUIA,2006,1,093,138,7.246376811594203
PITANGUEIRAS,2006,0,094,81,0.0
PRAIA DA BANDEIRA,2006,0,095,61,0.0
COCOTA,2006,1,096,93,10.752688172043012
BANCARIOS,2006,1,097,191,5.235602094240838
FREGUESIA-ILHA,2006,2,098,461,4.3383947939262475
JARDIM GUANABARA,2006,0,099,275,0.0
JARDIM CARIOCA,2006,2,100,303,6.600660066006601
TAUA,2006,1,101,254,3.937007874015748
MONERO,2006,0,102,35,0.0
PORTUGUESA,2006,0,103,181,0.0
GALEAO,2006,0,104,275,0.0
CIDADE UNIVERSITARIA,2006,0,105,11,0.0
GUADALUPE,2006,4,106,714,5.602240896358543
ANCHIETA,2006,3,107,1072,2.798507462686567
PARQUE ANCHIETA,2006,2,108,179,11.1731843575419
RICARDO ALBUQUERQUE,2006,3,109,349,8.595988538681949
COELHO NETO,2006,1,110,388,2.577319587628866
ACARI,2006,4,111,421,9.501187648456057
BARROS FILHO,2006,1,112,213,4.694835680751174
COSTA BARROS,2006,1,113,755,1.3245033112582782
PAVUNA,2006,12,114,1116,10.752688172043012
JACAREPAGUA,2006,20,115,2126,9.40733772342427
ANIL,2006,2,116,432,4.62962962962963
GARDENIA AZUL,2006,2,117,364,5.4945054945054945
CIDADE DE DEUS,2006,2,118,662,3.0211480362537766
CURICICA,2006,1,119,819,1.221001221001221
FREGUESIA-JPA,2006,3,120,656,4.573170731707317
PECHINCHA,2006,2,121,411,4.866180048661801
TAQUARA,2006,11,122,1489,7.387508394895903
TANQUE,2006,3,123,369,8.130081300813009
PRACA SECA,2006,3,124,681,4.405286343612335
VILA VALQUEIRE,2006,1,125,424,2.3584905660377355
JOA,2006,0,126,9,0.0
ITANHANGA,2006,0,127,350,0.0
BARRA DA TIJUCA,2006,4,128,1374,2.911208151382824
CAMORIM,2006,0,129,64,0.0
VARGEM PEQUENA,2006,1,130,222,4.504504504504505
VARGEM GRANDE,2006,1,131,239,4.184100418410042
RECREIO BANDEIRANTES,2006,6,132,895,6.70391061452514
DEODORO,2006,2,134,190,10.526315789473683
VILA MILITAR,2006,0,135,37,0.0
CAMPO DOS AFONSOS,2006,0,136,6,0.0
JARDIM SULACAP,2006,4,137,222,18.01801801801802
MAGALHAES BASTOS,2006,3,138,406,7.389162561576354
REALENGO,2006,25,139,2306,10.841283607979184
PADRE MIGUEL,2006,12,140,1055,11.374407582938389
BANGU,2006,33,141,3290,10.030395136778116
SENADOR CAMARA,2006,13,142,1170,11.11111111111111
SANTISSIMO,2006,7,143,813,8.610086100861007
CAMPO GRANDE,2006,47,144,5640,8.333333333333334
SENADOR VASCONCELOS,2006,0,145,218,0.0
INHOAIBA,2006,2,146,599,3.33889816360601
COSMOS,2006,6,147,678,8.849557522123893
PACIENCIA,2006,13,148,1215,10.699588477366255
SANTA CRUZ,2006,14,149,3433,4.07806583163414
SEPETIBA,2006,4,150,818,4.88997555012225
GUARATIBA,2006,5,151,946,5.2854122621564485
BARRA DE GUARATIBA,2006,1,152,68,14.705882352941176
PEDRA DE GUARATIBA,2006,5,153,662,7.552870090634442
ROCINHA,2006,9,154,1196,7.525083612040134
JACAREZINHO,2006,3,155,246,12.195121951219512
COMPLEXO DO ALEMAO,2006,3,156,162,18.51851851851852
COMPLEXO DA MARE,2006,3,157,1795,1.671309192200557
PARQUE COLUMBIA,2006,0,158,0,
VASCO DA GAMA,2006,0,159,0,
GERICINo,2006,0,160,0,
LAPA,2006,0,161,0,
VILA KENNEDY,2006,0,162,0,
ILHA DE GUARATIBA,2006,0,164,0,
BARRA OLIMPICA,2006,0,165,0,
ILHA DO GOVERNADOR - IGNORADO,2006,1,998,91,10.989010989010989
IGNORADO BAIRRO-MRJ,2006,2,999,633,3.1595576619273302
,2006,179,,10563,16.945943387295276
SAUDE,2007,1,001,133,7.518796992481203
GAMBOA,2007,1,002,99,10.101010101010102
SANTO CRISTO,2007,1,003,217,4.608294930875576
CAJU,2007,5,004,380,13.157894736842104
CENTRO,2007,3,005,487,6.160164271047228
CATUMBI,2007,1,006,216,4.62962962962963
RIO COMPRIDO,2007,3,007,601,4.9916805324459235
CIDADE NOVA,2007,1,008,78,12.82051282051282
ESTACIO,2007,0,009,282,0.0
SAO CRISTOVAO,2007,5,010,718,6.963788300835654
MANGUEIRA,2007,1,011,290,3.4482758620689653
BENFICA,2007,3,012,651,4.608294930875576
PAQUETA,2007,2,013,31,64.51612903225806
SANTA TERESA,2007,5,014,455,10.989010989010989
FLAMENGO,2007,1,015,436,2.293577981651376
GLORIA,2007,2,016,168,11.904761904761903
LARANJEIRAS,2007,2,017,375,5.333333333333333
CATETE,2007,0,018,190,0.0
COSME VELHO,2007,0,019,91,0.0
BOTAFOGO,2007,2,020,769,2.6007802340702213
HUMAITA,2007,0,021,141,0.0
URCA,2007,0,022,63,0.0
LEME,2007,0,023,128,0.0
COPACABANA,2007,3,024,1143,2.6246719160104988
IPANEMA,2007,1,025,300,3.3333333333333335
LEBLON,2007,1,026,358,2.793296089385475
LAGOA,2007,2,027,151,13.245033112582782
JARDIM BOTANICO,2007,0,028,181,0.0
GAVEA,2007,1,029,252,3.968253968253968
VIDIGAL,2007,2,030,242,8.264462809917356
SAO CONRADO,2007,1,031,100,10.0
PRACA DA BANDEIRA,2007,0,032,107,0.0
TIJUCA,2007,9,033,1618,5.562422744128554
ALTO DA BOA VISTA,2007,1,034,121,8.264462809917356
MARACANA,2007,2,035,208,9.615384615384617
VILA ISABEL,2007,6,036,757,7.926023778071334
ANDARAI,2007,2,037,345,5.797101449275362
GRAJAU,2007,3,038,416,7.211538461538462
MANGUINHOS,2007,4,039,506,7.905138339920948
BONSUCESSO,2007,13,040,960,13.541666666666668
RAMOS,2007,7,041,1109,6.311992786293959
OLARIA,2007,1,042,647,1.5455950540958268
PENHA,2007,6,043,1154,5.199306759098787
PENHA CIRCULAR,2007,0,044,361,0.0
BRAS DE PINA,2007,3,045,601,4.9916805324459235
CORDOVIL,2007,4,046,602,6.644518272425249
PARADA DE LUCAS,2007,1,047,298,3.3557046979865772
VIGARIO GERAL,2007,5,048,458,10.91703056768559
JARDIM AMERICA,2007,4,049,495,8.080808080808081
HIGIENOPOLIS,2007,0,050,166,0.0
JACARE,2007,1,051,346,2.890173410404624
MARIA DA GRACA,2007,0,052,85,0.0
DEL CASTILHO,2007,0,053,298,0.0
INHAUMA,2007,8,054,984,8.130081300813009
ENGENHO DA RAINHA,2007,0,055,274,0.0
TOMAS COELHO,2007,2,056,266,7.518796992481203
SAO FRANCISCO XAVIER,2007,0,057,59,0.0
ROCHA,2007,0,058,92,0.0
RIACHUELO,2007,1,059,120,8.333333333333334
SAMPAIO,2007,0,060,158,0.0
ENGENHO NOVO,2007,1,061,643,1.5552099533437014
LINS DE VASCONCELOS,2007,5,062,523,9.560229445506693
MEIER,2007,4,063,606,6.600660066006601
TODOS OS SANTOS,2007,0,064,149,0.0
CACHAMBI,2007,7,065,399,17.543859649122805
ENGENHO DE DENTRO,2007,2,066,561,3.5650623885918002
AGUA SANTA,2007,0,067,101,0.0
ENCANTADO,2007,2,068,159,12.578616352201259
PIEDADE,2007,1,069,494,2.0242914979757085
ABOLICAO,2007,2,070,153,13.071895424836601
PILARES,2007,4,071,368,10.869565217391305
VILA KOSMOS,2007,2,072,103,19.41747572815534
VICENTE DE CARVALHO,2007,1,073,340,2.941176470588235
VILA DA PENHA,2007,1,074,541,1.8484288354898337
VISTA ALEGRE,2007,4,075,191,20.942408376963353
IRAJA,2007,16,076,1194,13.40033500837521
COLEGIO,2007,1,077,429,2.331002331002331
CAMPINHO,2007,2,078,196,10.204081632653061
QUINTINO BOCAIUVA,2007,1,079,303,3.3003300330033003
CAVALCANTE,2007,3,080,200,15.0
ENGENHEIRO LEAL,2007,0,081,37,0.0
CASCADURA,2007,3,082,417,7.194244604316547
MADUREIRA,2007,6,083,808,7.425742574257425
VAZ LOBO,2007,0,084,266,0.0
TURIACU,2007,0,085,161,0.0
ROCHA MIRANDA,2007,3,086,589,5.093378607809847
HONORIO GURGEL,2007,1,087,318,3.1446540880503147
OSWALDO CRUZ,2007,2,088,374,5.347593582887701
BENTO RIBEIRO,2007,2,089,554,3.6101083032490977
MARECHAL HERMES,2007,4,090,577,6.932409012131715
RIBEIRA,2007,0,091,39,0.0
CACUIA,2007,0,093,149,0.0
PITANGUEIRAS,2007,1,094,122,8.196721311475411
PRAIA DA BANDEIRA,2007,0,095,51,0.0
COCOTA,2007,1,096,91,10.989010989010989
BANCARIOS,2007,1,097,197,5.076142131979695
FREGUESIA-ILHA,2007,2,098,198,10.101010101010102
JARDIM GUANABARA,2007,1,099,227,4.405286343612335
JARDIM CARIOCA,2007,1,100,383,2.6109660574412534
TAUA,2007,1,101,278,3.5971223021582737
MONERO,2007,1,102,39,25.64102564102564
PORTUGUESA,2007,2,103,204,9.803921568627452
GALEAO,2007,0,104,341,0.0
CIDADE UNIVERSITARIA,2007,0,105,15,0.0
GUADALUPE,2007,5,106,700,7.142857142857142
ANCHIETA,2007,6,107,1041,5.763688760806916
PARQUE ANCHIETA,2007,0,108,173,0.0
RICARDO ALBUQUERQUE,2007,2,109,349,5.730659025787966
COELHO NETO,2007,1,110,357,2.8011204481792715
ACARI,2007,1,111,387,2.5839793281653747
BARROS FILHO,2007,0,112,200,0.0
COSTA BARROS,2007,6,113,690,8.695652173913043
PAVUNA,2007,8,114,1090,7.339449541284404
JACAREPAGUA,2007,15,115,1808,8.29646017699115
ANIL,2007,3,116,513,5.847953216374268
GARDENIA AZUL,2007,2,117,413,4.842615012106537
CIDADE DE DEUS,2007,4,118,711,5.625879043600563
CURICICA,2007,2,119,855,2.3391812865497075
FREGUESIA-JPA,2007,0,120,626,0.0
PECHINCHA,2007,1,121,410,2.4390243902439024
TAQUARA,2007,5,122,1511,3.309066843150232
TANQUE,2007,1,123,392,2.5510204081632653
PRACA SECA,2007,2,124,755,2.6490066225165565
VILA VALQUEIRE,2007,4,125,451,8.869179600886918
JOA,2007,0,126,2,0.0
ITANHANGA,2007,4,127,418,9.569377990430622
BARRA DA TIJUCA,2007,7,128,1352,5.177514792899409
CAMORIM,2007,1,129,68,14.705882352941176
VARGEM PEQUENA,2007,1,130,276,3.6231884057971016
VARGEM GRANDE,2007,2,131,264,7.575757575757576
RECREIO BANDEIRANTES,2007,5,132,992,5.040322580645161
DEODORO,2007,4,134,192,20.833333333333332
VILA MILITAR,2007,0,135,28,0.0
CAMPO DOS AFONSOS,2007,0,136,9,0.0
JARDIM SULACAP,2007,2,137,216,9.25925925925926
MAGALHAES BASTOS,2007,2,138,390,5.128205128205129
REALENGO,2007,17,139,2281,7.452871547566856
PADRE MIGUEL,2007,6,140,939,6.3897763578274756
BANGU,2007,25,141,3256,7.678132678132679
SENADOR CAMARA,2007,6,142,1248,4.807692307692308
SANTISSIMO,2007,7,143,822,8.51581508515815
CAMPO GRANDE,2007,41,144,5378,7.623651915210115
SENADOR VASCONCELOS,2007,3,145,228,13.157894736842104
INHOAIBA,2007,3,146,701,4.279600570613409
COSMOS,2007,3,147,753,3.9840637450199203
PACIENCIA,2007,6,148,1216,4.934210526315789
SANTA CRUZ,2007,22,149,3518,6.2535531552018195
SEPETIBA,2007,4,150,876,4.5662100456621
GUARATIBA,2007,8,151,1108,7.220216606498195
BARRA DE GUARATIBA,2007,0,152,72,0.0
PEDRA DE GUARATIBA,2007,2,153,609,3.284072249589491
ROCINHA,2007,5,154,1123,4.452359750667854
JACAREZINHO,2007,6,155,321,18.69158878504673
COMPLEXO DO ALEMAO,2007,0,156,71,0.0
COMPLEXO DA MARE,2007,9,157,1530,5.88235294117647
PARQUE COLUMBIA,2007,0,158,0,
VASCO DA GAMA,2007,0,159,0,
GERICINo,2007,0,160,0,
LAPA,2007,0,161,0,
VILA KENNEDY,2007,0,162,0,
ILHA DE GUARATIBA,2007,0,164,0,
BARRA OLIMPICA,2007,0,165,0,
ILHA DO GOVERNADOR - IGNORADO,2007,4,998,159,25.157232704402517
IGNORADO BAIRRO-MRJ,2007,12,999,607,19.769357495881383
,2007,167,,9863,16.93196796106661
SAUDE,2008,0,001,111,0.0
GAMBOA,2008,2,002,120,16.666666666666668
SANTO CRISTO,2008,2,003,207,9.66183574879227
CAJU,2008,2,004,399,5.012531328320802
CENTRO,2008,3,005,475,6.315789473684211
CATUMBI,2008,2,006,238,8.403361344537815
RIO COMPRIDO,2008,4,007,566,7.067137809187279
CIDADE NOVA,2008,1,008,71,14.084507042253522
ESTACIO,2008,0,009,278,0.0
SAO CRISTOVAO,2008,7,010,722,9.69529085872576
MANGUEIRA,2008,2,011,343,5.830903790087463
BENFICA,2008,4,012,609,6.568144499178982
PAQUETA,2008,0,013,37,0.0
SANTA TERESA,2008,2,014,456,4.385964912280701
FLAMENGO,2008,1,015,387,2.5839793281653747
GLORIA,2008,0,016,143,0.0
LARANJEIRAS,2008,1,017,414,2.4154589371980677
CATETE,2008,0,018,186,0.0
COSME VELHO,2008,0,019,87,0.0
BOTAFOGO,2008,3,020,763,3.931847968545216
HUMAITA,2008,0,021,116,0.0
URCA,2008,1,022,49,20.408163265306122
LEME,2008,0,023,119,0.0
COPACABANA,2008,3,024,1193,2.5146689019279127
IPANEMA,2008,0,025,319,0.0
LEBLON,2008,2,026,377,5.305039787798409
LAGOA,2008,0,027,188,0.0
JARDIM BOTANICO,2008,0,028,205,0.0
GAVEA,2008,0,029,257,0.0
VIDIGAL,2008,1,030,224,4.464285714285714
SAO CONRADO,2008,0,031,96,0.0
PRACA DA BANDEIRA,2008,0,032,90,0.0
TIJUCA,2008,5,033,1664,3.0048076923076925
ALTO DA BOA VISTA,2008,0,034,117,0.0
MARACANA,2008,1,035,206,4.854368932038835
VILA ISABEL,2008,4,036,776,5.154639175257732
ANDARAI,2008,2,037,344,5.813953488372093
GRAJAU,2008,0,038,376,0.0
MANGUINHOS,2008,4,039,486,8.23045267489712
BONSUCESSO,2008,7,040,975,7.17948717948718
RAMOS,2008,5,041,912,5.482456140350877
OLARIA,2008,3,042,630,4.761904761904763
PENHA,2008,11,043,1127,9.760425909494232
PENHA CIRCULAR,2008,2,044,370,5.405405405405405
BRAS DE PINA,2008,4,045,582,6.8728522336769755
CORDOVIL,2008,4,046,625,6.4
PARADA DE LUCAS,2008,3,047,288,10.416666666666666
VIGARIO GERAL,2008,2,048,434,4.608294930875576
JARDIM AMERICA,2008,7,049,517,13.539651837524179
HIGIENOPOLIS,2008,0,050,160,0.0
JACARE,2008,0,051,345,0.0
MARIA DA GRACA,2008,1,052,89,11.235955056179774
DEL CASTILHO,2008,2,053,238,8.403361344537815
INHAUMA,2008,4,054,938,4.264392324093817
ENGENHO DA RAINHA,2008,1,055,319,3.134796238244514
TOMAS COELHO,2008,1,056,273,3.663003663003663
SAO FRANCISCO XAVIER,2008,1,057,47,21.27659574468085
ROCHA,2008,1,058,81,12.345679012345679
RIACHUELO,2008,0,059,126,0.0
SAMPAIO,2008,2,060,136,14.705882352941176
ENGENHO NOVO,2008,2,061,597,3.3500837520938025
LINS DE VASCONCELOS,2008,2,062,559,3.5778175313059033
MEIER,2008,2,063,550,3.6363636363636362
TODOS OS SANTOS,2008,0,064,147,0.0
CACHAMBI,2008,1,065,370,2.7027027027027026
ENGENHO DE DENTRO,2008,2,066,550,3.6363636363636362
AGUA SANTA,2008,1,067,115,8.695652173913043
ENCANTADO,2008,1,068,137,7.299270072992701
PIEDADE,2008,1,069,546,1.8315018315018314
ABOLICAO,2008,1,070,166,6.024096385542169
PILARES,2008,5,071,296,16.89189189189189
VILA KOSMOS,2008,0,072,93,0.0
VICENTE DE CARVALHO,2008,2,073,325,6.153846153846154
VILA DA PENHA,2008,1,074,460,2.1739130434782608
VISTA ALEGRE,2008,1,075,192,5.208333333333333
IRAJA,2008,7,076,1129,6.200177147918512
COLEGIO,2008,4,077,397,10.075566750629722
CAMPINHO,2008,1,078,223,4.484304932735426
QUINTINO BOCAIUVA,2008,2,079,309,6.472491909385114
CAVALCANTE,2008,3,080,215,13.953488372093023
ENGENHEIRO LEAL,2008,0,081,41,0.0
CASCADURA,2008,2,082,400,5.0
MADUREIRA,2008,6,083,821,7.3081607795371495
VAZ LOBO,2008,1,084,269,3.717472118959108
TURIACU,2008,2,085,147,13.605442176870747
ROCHA MIRANDA,2008,3,086,607,4.942339373970346
HONORIO GURGEL,2008,0,087,339,0.0
OSWALDO CRUZ,2008,2,088,341,5.865102639296188
BENTO RIBEIRO,2008,7,089,539,12.987012987012989
MARECHAL HERMES,2008,6,090,568,10.56338028169014
RIBEIRA,2008,0,091,28,0.0
CACUIA,2008,0,093,146,0.0
PITANGUEIRAS,2008,0,094,108,0.0
PRAIA DA BANDEIRA,2008,0,095,50,0.0
COCOTA,2008,0,096,104,0.0
BANCARIOS,2008,1,097,239,4.184100418410042
FREGUESIA-ILHA,2008,1,098,219,4.5662100456621
JARDIM GUANABARA,2008,1,099,250,4.0
JARDIM CARIOCA,2008,2,100,340,5.88235294117647
TAUA,2008,1,101,272,3.676470588235294
MONERO,2008,0,102,56,0.0
PORTUGUESA,2008,0,103,202,0.0
GALEAO,2008,1,104,363,2.7548209366391188
CIDADE UNIVERSITARIA,2008,1,105,23,43.47826086956522
GUADALUPE,2008,9,106,672,13.392857142857142
ANCHIETA,2008,8,107,1014,7.889546351084813
PARQUE ANCHIETA,2008,0,108,214,0.0
RICARDO ALBUQUERQUE,2008,1,109,268,3.7313432835820897
COELHO NETO,2008,3,110,379,7.9155672823219
ACARI,2008,7,111,409,17.114914425427873
BARROS FILHO,2008,2,112,211,9.47867298578199
COSTA BARROS,2008,6,113,705,8.51063829787234
PAVUNA,2008,5,114,1092,4.578754578754579
JACAREPAGUA,2008,13,115,1766,7.361268403171008
ANIL,2008,2,116,398,5.025125628140704
GARDENIA AZUL,2008,5,117,457,10.940919037199125
CIDADE DE DEUS,2008,4,118,734,5.449591280653951
CURICICA,2008,8,119,890,8.98876404494382
FREGUESIA-JPA,2008,2,120,682,2.932551319648094
PECHINCHA,2008,1,121,447,2.237136465324385
TAQUARA,2008,6,122,1685,3.5608308605341246
TANQUE,2008,2,123,467,4.282655246252677
PRACA SECA,2008,5,124,807,6.195786864931847
VILA VALQUEIRE,2008,6,125,422,14.218009478672984
JOA,2008,0,126,9,0.0
ITANHANGA,2008,2,127,390,5.128205128205129
BARRA DA TIJUCA,2008,4,128,1563,2.5591810620601407
CAMORIM,2008,1,129,58,17.241379310344826
VARGEM PEQUENA,2008,0,130,287,0.0
VARGEM GRANDE,2008,0,131,232,0.0
RECREIO BANDEIRANTES,2008,7,132,1093,6.404391582799634
DEODORO,2008,0,134,191,0.0
VILA MILITAR,2008,0,135,38,0.0
CAMPO DOS AFONSOS,2008,0,136,11,0.0
JARDIM SULACAP,2008,0,137,189,0.0
MAGALHAES BASTOS,2008,1,138,373,2.680965147453083
REALENGO,2008,23,139,2216,10.379061371841155
PADRE MIGUEL,2008,6,140,895,6.70391061452514
BANGU,2008,21,141,3124,6.722151088348271
SENADOR CAMARA,2008,13,142,1300,10.0
SANTISSIMO,2008,3,143,808,3.7128712871287126
CAMPO GRANDE,2008,28,144,5553,5.042319466954799
SENADOR VASCONCELOS,2008,2,145,218,9.174311926605505
INHOAIBA,2008,2,146,667,2.998500749625187
COSMOS,2008,9,147,754,11.936339522546419
PACIENCIA,2008,6,148,1329,4.514672686230248
SANTA CRUZ,2008,20,149,3525,5.673758865248227
SEPETIBA,2008,7,150,826,8.474576271186441
GUARATIBA,2008,14,151,1203,11.637572734829593
BARRA DE GUARATIBA,2008,1,152,86,11.627906976744185
PEDRA DE GUARATIBA,2008,2,153,576,3.472222222222222
ROCINHA,2008,9,154,1152,7.8125
JACAREZINHO,2008,3,155,286,10.48951048951049
COMPLEXO DO ALEMAO,2008,3,156,252,11.904761904761903
COMPLEXO DA MARE,2008,10,157,1620,6.172839506172839
PARQUE COLUMBIA,2008,0,158,0,
VASCO DA GAMA,2008,0,159,0,
GERICINo,2008,0,160,0,
LAPA,2008,0,161,0,
VILA KENNEDY,2008,0,162,0,
ILHA DE GUARATIBA,2008,0,164,0,
BARRA OLIMPICA,2008,0,165,0,
ILHA DO GOVERNADOR - IGNORADO,2008,2,998,160,12.5
IGNORADO BAIRRO-MRJ,2008,0,999,544,0.0
,2008,171,,10023,17.06076025142173
SAUDE,2009,2,001,118,16.949152542372882
GAMBOA,2009,0,002,128,0.0
SANTO CRISTO,2009,2,003,214,9.345794392523365
CAJU,2009,2,004,444,4.504504504504505
CENTRO,2009,5,005,474,10.548523206751055
CATUMBI,2009,2,006,251,7.968127490039841
RIO COMPRIDO,2009,3,007,623,4.815409309791332
CIDADE NOVA,2009,0,008,92,0.0
ESTACIO,2009,1,009,302,3.3112582781456954
SAO CRISTOVAO,2009,9,010,711,12.658227848101266
MANGUEIRA,2009,3,011,341,8.797653958944283
BENFICA,2009,4,012,630,6.349206349206349
PAQUETA,2009,0,013,31,0.0
SANTA TERESA,2009,5,014,460,10.869565217391305
FLAMENGO,2009,1,015,381,2.6246719160104988
GLORIA,2009,2,016,153,13.071895424836601
LARANJEIRAS,2009,1,017,390,2.5641025641025643
CATETE,2009,1,018,193,5.181347150259067
COSME VELHO,2009,0,019,97,0.0
BOTAFOGO,2009,2,020,797,2.509410288582183
HUMAITA,2009,1,021,120,8.333333333333334
URCA,2009,0,022,44,0.0
LEME,2009,0,023,111,0.0
COPACABANA,2009,8,024,1164,6.8728522336769755
IPANEMA,2009,2,025,354,5.649717514124294
LEBLON,2009,0,026,355,0.0
LAGOA,2009,1,027,196,5.1020408163265305
JARDIM BOTANICO,2009,0,028,181,0.0
GAVEA,2009,0,029,277,0.0
VIDIGAL,2009,0,030,225,0.0
SAO CONRADO,2009,0,031,111,0.0
PRACA DA BANDEIRA,2009,0,032,98,0.0
TIJUCA,2009,10,033,1593,6.277463904582548
ALTO DA BOA VISTA,2009,1,034,112,8.928571428571429
MARACANA,2009,1,035,221,4.524886877828055
VILA ISABEL,2009,5,036,783,6.385696040868455
ANDARAI,2009,2,037,344,5.813953488372093
GRAJAU,2009,0,038,399,0.0
MANGUINHOS,2009,4,039,563,7.104795737122558
BONSUCESSO,2009,4,040,444,9.00900900900901
RAMOS,2009,4,041,758,5.277044854881266
OLARIA,2009,7,042,670,10.447761194029852
PENHA,2009,5,043,1209,4.1356492969396195
PENHA CIRCULAR,2009,1,044,330,3.0303030303030303
BRAS DE PINA,2009,5,045,556,8.992805755395683
CORDOVIL,2009,5,046,594,8.417508417508417
PARADA DE LUCAS,2009,1,047,312,3.205128205128205
VIGARIO GERAL,2009,2,048,426,4.694835680751174
JARDIM AMERICA,2009,5,049,515,9.70873786407767
HIGIENOPOLIS,2009,0,050,151,0.0
JACARE,2009,0,051,341,0.0
MARIA DA GRACA,2009,0,052,84,0.0
DEL CASTILHO,2009,2,053,257,7.782101167315175
INHAUMA,2009,9,054,968,9.297520661157025
ENGENHO DA RAINHA,2009,2,055,309,6.472491909385114
TOMAS COELHO,2009,2,056,260,7.6923076923076925
SAO FRANCISCO XAVIER,2009,0,057,69,0.0
ROCHA,2009,0,058,92,0.0
RIACHUELO,2009,0,059,141,0.0
SAMPAIO,2009,0,060,118,0.0
ENGENHO NOVO,2009,3,061,608,4.934210526315789
LINS DE VASCONCELOS,2009,6,062,531,11.299435028248588
MEIER,2009,6,063,581,10.327022375215147
TODOS OS SANTOS,2009,1,064,141,7.092198581560283
CACHAMBI,2009,2,065,367,5.449591280653951
ENGENHO DE DENTRO,2009,3,066,535,5.607476635514018
AGUA SANTA,2009,0,067,82,0.0
ENCANTADO,2009,0,068,134,0.0
PIEDADE,2009,2,069,520,3.8461538461538463
ABOLICAO,2009,0,070,178,0.0
PILARES,2009,1,071,373,2.680965147453083
VILA KOSMOS,2009,0,072,98,0.0
VICENTE DE CARVALHO,2009,2,073,287,6.968641114982578
VILA DA PENHA,2009,2,074,486,4.11522633744856
VISTA ALEGRE,2009,0,075,190,0.0
IRAJA,2009,5,076,1135,4.405286343612335
COLEGIO,2009,2,077,424,4.716981132075471
CAMPINHO,2009,0,078,203,0.0
QUINTINO BOCAIUVA,2009,2,079,299,6.688963210702341
CAVALCANTE,2009,2,080,220,9.09090909090909
ENGENHEIRO LEAL,2009,0,081,48,0.0
CASCADURA,2009,3,082,471,6.369426751592357
MADUREIRA,2009,7,083,795,8.80503144654088
VAZ LOBO,2009,0,084,267,0.0
TURIACU,2009,3,085,168,17.857142857142858
ROCHA MIRANDA,2009,7,086,607,11.532125205930807
HONORIO GURGEL,2009,6,087,333,18.01801801801802
OSWALDO CRUZ,2009,4,088,368,10.869565217391305
BENTO RIBEIRO,2009,0,089,551,0.0
MARECHAL HERMES,2009,3,090,589,5.093378607809847
RIBEIRA,2009,0,091,29,0.0
CACUIA,2009,3,093,181,16.574585635359114
PITANGUEIRAS,2009,2,094,106,18.867924528301884
PRAIA DA BANDEIRA,2009,1,095,62,16.129032258064516
COCOTA,2009,0,096,112,0.0
BANCARIOS,2009,0,097,192,0.0
FREGUESIA-ILHA,2009,2,098,282,7.092198581560283
JARDIM GUANABARA,2009,3,099,253,11.857707509881422
JARDIM CARIOCA,2009,1,100,388,2.577319587628866
TAUA,2009,2,101,279,7.168458781362007
MONERO,2009,1,102,48,20.833333333333332
PORTUGUESA,2009,0,103,163,0.0
GALEAO,2009,3,104,340,8.823529411764707
CIDADE UNIVERSITARIA,2009,0,105,11,0.0
GUADALUPE,2009,5,106,725,6.896551724137931
ANCHIETA,2009,7,107,994,7.042253521126761
PARQUE ANCHIETA,2009,2,108,217,9.216589861751151
RICARDO ALBUQUERQUE,2009,3,109,346,8.670520231213873
COELHO NETO,2009,1,110,405,2.4691358024691357
ACARI,2009,3,111,597,5.025125628140704
BARROS FILHO,2009,2,112,201,9.950248756218905
COSTA BARROS,2009,7,113,661,10.59001512859304
PAVUNA,2009,7,114,1219,5.742411812961444
JACAREPAGUA,2009,15,115,1342,11.177347242921014
ANIL,2009,6,116,492,12.195121951219512
GARDENIA AZUL,2009,3,117,530,5.660377358490566
CIDADE DE DEUS,2009,3,118,808,3.7128712871287126
CURICICA,2009,5,119,982,5.091649694501019
FREGUESIA-JPA,2009,2,120,832,2.403846153846154
PECHINCHA,2009,1,121,489,2.044989775051125
TAQUARA,2009,9,122,1734,5.190311418685121
TANQUE,2009,1,123,510,1.9607843137254901
PRACA SECA,2009,12,124,865,13.872832369942197
VILA VALQUEIRE,2009,0,125,479,0.0
JOA,2009,0,126,13,0.0
ITANHANGA,2009,3,127,659,4.552352048558422
BARRA DA TIJUCA,2009,6,128,1679,3.5735556879094696
CAMORIM,2009,1,129,57,17.543859649122805
VARGEM PEQUENA,2009,0,130,345,0.0
VARGEM GRANDE,2009,1,131,292,3.4246575342465753
RECREIO BANDEIRANTES,2009,3,132,1134,2.6455026455026456
DEODORO,2009,1,134,180,5.555555555555555
VILA MILITAR,2009,0,135,33,0.0
CAMPO DOS AFONSOS,2009,0,136,8,0.0
JARDIM SULACAP,2009,0,137,208,0.0
MAGALHAES BASTOS,2009,2,138,388,5.154639175257732
REALENGO,2009,15,139,2265,6.622516556291391
PADRE MIGUEL,2009,6,140,980,6.122448979591836
BANGU,2009,33,141,3217,10.258004351880633
SENADOR CAMARA,2009,8,142,1273,6.284367635506678
SANTISSIMO,2009,7,143,789,8.871989860583017
CAMPO GRANDE,2009,33,144,5428,6.079587324981577
SENADOR VASCONCELOS,2009,0,145,244,0.0
INHOAIBA,2009,6,146,693,8.658008658008658
COSMOS,2009,8,147,752,10.638297872340425
PACIENCIA,2009,12,148,1324,9.06344410876133
SANTA CRUZ,2009,29,149,3837,7.557988011467292
SEPETIBA,2009,2,150,809,2.472187886279357
GUARATIBA,2009,8,151,1145,6.986899563318778
BARRA DE GUARATIBA,2009,0,152,94,0.0
PEDRA DE GUARATIBA,2009,1,153,579,1.7271157167530224
ROCINHA,2009,9,154,1221,7.371007371007371
JACAREZINHO,2009,4,155,278,14.388489208633095
COMPLEXO DO ALEMAO,2009,5,156,509,9.823182711198427
COMPLEXO DA MARE,2009,13,157,2050,6.341463414634147
PARQUE COLUMBIA,2009,0,158,0,
VASCO DA GAMA,2009,0,159,0,
GERICINo,2009,0,160,0,
LAPA,2009,0,161,0,
VILA KENNEDY,2009,0,162,0,
ILHA DE GUARATIBA,2009,0,164,0,
BARRA OLIMPICA,2009,0,165,0,
ILHA DO GOVERNADOR - IGNORADO,2009,2,998,84,23.809523809523807
IGNORADO BAIRRO-MRJ,2009,3,999,477,6.289308176100629
,2009,184,,10346,17.784651072878408
SAUDE,2010,1,001,86,11.627906976744185
GAMBOA,2010,1,002,158,6.329113924050633
SANTO CRISTO,2010,1,003,225,4.444444444444445
CAJU,2010,2,004,368,5.434782608695652
CENTRO,2010,3,005,461,6.507592190889371
CATUMBI,2010,1,006,246,4.065040650406504
RIO COMPRIDO,2010,3,007,645,4.651162790697675
CIDADE NOVA,2010,0,008,105,0.0
ESTACIO,2010,3,009,304,9.868421052631579
SAO CRISTOVAO,2010,7,010,731,9.575923392612859
MANGUEIRA,2010,4,011,302,13.245033112582782
BENFICA,2010,5,012,564,8.865248226950355
PAQUETA,2010,0,013,35,0.0
SANTA TERESA,2010,2,014,487,4.106776180698152
FLAMENGO,2010,1,015,404,2.4752475247524752
GLORIA,2010,0,016,152,0.0
LARANJEIRAS,2010,0,017,383,0.0
CATETE,2010,0,018,227,0.0
COSME VELHO,2010,3,019,127,23.62204724409449
BOTAFOGO,2010,1,020,867,1.1534025374855825
HUMAITA,2010,1,021,155,6.451612903225806
URCA,2010,0,022,78,0.0
LEME,2010,2,023,140,14.285714285714285
COPACABANA,2010,8,024,1230,6.504065040650406
IPANEMA,2010,1,025,347,2.881844380403458
LEBLON,2010,2,026,412,4.854368932038835
LAGOA,2010,0,027,185,0.0
JARDIM BOTANICO,2010,0,028,285,0.0
GAVEA,2010,2,029,282,7.092198581560283
VIDIGAL,2010,0,030,255,0.0
SAO CONRADO,2010,1,031,138,7.246376811594203
PRACA DA BANDEIRA,2010,2,032,137,14.598540145985401
TIJUCA,2010,5,033,1594,3.136762860727729
ALTO DA BOA VISTA,2010,0,034,132,0.0
MARACANA,2010,1,035,224,4.464285714285714
VILA ISABEL,2010,5,036,792,6.313131313131313
ANDARAI,2010,0,037,355,0.0
GRAJAU,2010,0,038,372,0.0
MANGUINHOS,2010,4,039,486,8.23045267489712
BONSUCESSO,2010,5,040,584,8.561643835616438
RAMOS,2010,4,041,903,4.4296788482834994
OLARIA,2010,2,042,608,3.289473684210526
PENHA,2010,5,043,1097,4.557885141294439
PENHA CIRCULAR,2010,4,044,346,11.560693641618496
BRAS DE PINA,2010,4,045,544,7.352941176470588
CORDOVIL,2010,6,046,582,10.309278350515465
PARADA DE LUCAS,2010,1,047,297,3.3670033670033668
VIGARIO GERAL,2010,4,048,384,10.416666666666666
JARDIM AMERICA,2010,4,049,474,8.438818565400844
HIGIENOPOLIS,2010,0,050,187,0.0
JACARE,2010,2,051,394,5.076142131979695
MARIA DA GRACA,2010,1,052,113,8.849557522123893
DEL CASTILHO,2010,2,053,240,8.333333333333334
INHAUMA,2010,2,054,926,2.1598272138228944
ENGENHO DA RAINHA,2010,0,055,280,0.0
TOMAS COELHO,2010,5,056,275,18.18181818181818
SAO FRANCISCO XAVIER,2010,0,057,52,0.0
ROCHA,2010,0,058,98,0.0
RIACHUELO,2010,0,059,125,0.0
SAMPAIO,2010,2,060,126,15.873015873015872
ENGENHO NOVO,2010,4,061,673,5.943536404160475
LINS DE VASCONCELOS,2010,3,062,506,5.928853754940711
MEIER,2010,5,063,585,8.547008547008549
TODOS OS SANTOS,2010,0,064,158,0.0
CACHAMBI,2010,3,065,380,7.894736842105264
ENGENHO DE DENTRO,2010,2,066,538,3.717472118959108
AGUA SANTA,2010,0,067,81,0.0
ENCANTADO,2010,1,068,149,6.7114093959731544
PIEDADE,2010,2,069,484,4.132231404958678
ABOLICAO,2010,1,070,147,6.802721088435374
PILARES,2010,3,071,343,8.746355685131196
VILA KOSMOS,2010,0,072,81,0.0
VICENTE DE CARVALHO,2010,3,073,326,9.202453987730062
VILA DA PENHA,2010,2,074,502,3.9840637450199203
VISTA ALEGRE,2010,0,075,199,0.0
IRAJA,2010,13,076,1094,11.882998171846435
COLEGIO,2010,4,077,410,9.75609756097561
CAMPINHO,2010,3,078,193,15.544041450777202
QUINTINO BOCAIUVA,2010,1,079,337,2.967359050445104
CAVALCANTE,2010,2,080,228,8.771929824561402
ENGENHEIRO LEAL,2010,1,081,49,20.408163265306122
CASCADURA,2010,6,082,426,14.084507042253522
MADUREIRA,2010,5,083,792,6.313131313131313
VAZ LOBO,2010,2,084,249,8.032128514056224
TURIACU,2010,2,085,158,12.658227848101266
ROCHA MIRANDA,2010,3,086,558,5.376344086021506
HONORIO GURGEL,2010,2,087,289,6.920415224913495
OSWALDO CRUZ,2010,2,088,346,5.780346820809248
BENTO RIBEIRO,2010,1,089,497,2.012072434607646
MARECHAL HERMES,2010,4,090,557,7.1813285457809695
RIBEIRA,2010,0,091,36,0.0
CACUIA,2010,0,093,141,0.0
PITANGUEIRAS,2010,1,094,118,8.474576271186441
PRAIA DA BANDEIRA,2010,0,095,51,0.0
COCOTA,2010,0,096,89,0.0
BANCARIOS,2010,0,097,222,0.0
FREGUESIA-ILHA,2010,1,098,249,4.016064257028112
JARDIM GUANABARA,2010,1,099,257,3.8910505836575875
JARDIM CARIOCA,2010,1,100,352,2.840909090909091
TAUA,2010,0,101,294,0.0
MONERO,2010,0,102,47,0.0
PORTUGUESA,2010,1,103,188,5.319148936170213
GALEAO,2010,4,104,336,11.904761904761903
CIDADE UNIVERSITARIA,2010,0,105,18,0.0
GUADALUPE,2010,5,106,629,7.949125596184419
ANCHIETA,2010,10,107,942,10.615711252653927
PARQUE ANCHIETA,2010,0,108,188,0.0
RICARDO ALBUQUERQUE,2010,0,109,358,0.0
COELHO NETO,2010,0,110,394,0.0
ACARI,2010,10,111,502,19.9203187250996
BARROS FILHO,2010,1,112,172,5.813953488372093
COSTA BARROS,2010,2,113,678,2.949852507374631
PAVUNA,2010,10,114,1141,8.76424189307625
JACAREPAGUA,2010,11,115,1838,5.984766050054406
ANIL,2010,1,116,478,2.092050209205021
GARDENIA AZUL,2010,7,117,530,13.20754716981132
CIDADE DE DEUS,2010,8,118,794,10.075566750629722
CURICICA,2010,6,119,872,6.8807339449541285
FREGUESIA-JPA,2010,7,120,763,9.174311926605505
PECHINCHA,2010,2,121,499,4.008016032064128
TAQUARA,2010,8,122,1649,4.851425106124925
TANQUE,2010,4,123,523,7.648183556405353
PRACA SECA,2010,6,124,815,7.361963190184049
VILA VALQUEIRE,2010,1,125,430,2.3255813953488373
JOA,2010,0,126,9,0.0
ITANHANGA,2010,5,127,485,10.309278350515465
BARRA DA TIJUCA,2010,4,128,1618,2.472187886279357
CAMORIM,2010,0,129,75,0.0
VARGEM PEQUENA,2010,2,130,282,7.092198581560283
VARGEM GRANDE,2010,1,131,277,3.6101083032490977
RECREIO BANDEIRANTES,2010,2,132,1133,1.76522506619594
DEODORO,2010,2,134,184,10.869565217391305
VILA MILITAR,2010,0,135,40,0.0
CAMPO DOS AFONSOS,2010,0,136,6,0.0
JARDIM SULACAP,2010,1,137,186,5.376344086021506
MAGALHAES BASTOS,2010,4,138,358,11.1731843575419
REALENGO,2010,14,139,2272,6.161971830985915
PADRE MIGUEL,2010,4,140,955,4.188481675392671
BANGU,2010,38,141,3280,11.585365853658537
SENADOR CAMARA,2010,11,142,1262,8.716323296354993
SANTISSIMO,2010,2,143,802,2.493765586034913
CAMPO GRANDE,2010,39,144,5107,7.636577246915998
SENADOR VASCONCELOS,2010,3,145,252,11.904761904761903
INHOAIBA,2010,3,146,719,4.172461752433936
COSMOS,2010,6,147,824,7.281553398058253
PACIENCIA,2010,9,148,1320,6.8181818181818175
SANTA CRUZ,2010,23,149,3643,6.313477902827341
SEPETIBA,2010,3,150,809,3.708281829419036
GUARATIBA,2010,8,151,1172,6.825938566552901
BARRA DE GUARATIBA,2010,0,152,63,0.0
PEDRA DE GUARATIBA,2010,7,153,594,11.784511784511785
ROCINHA,2010,7,154,1203,5.818786367414797
JACAREZINHO,2010,1,155,274,3.6496350364963503
COMPLEXO DO ALEMAO,2010,1,156,283,3.5335689045936394
COMPLEXO DA MARE,2010,7,157,1780,3.9325842696629216
PARQUE COLUMBIA,2010,0,158,0,
VASCO DA GAMA,2010,0,159,0,
GERICINo,2010,0,160,0,
LAPA,2010,0,161,0,
VILA KENNEDY,2010,0,162,0,
ILHA DE GUARATIBA,2010,0,164,0,
BARRA OLIMPICA,2010,0,165,0,
ILHA DO GOVERNADOR - IGNORADO,2010,1,998,102,9.803921568627452
IGNORADO BAIRRO-MRJ,2010,4,999,648,6.172839506172839
,2010,162,,8718,18.582243633860976
SAUDE,2011,0,001,66,0.0
GAMBOA,2011,0,002,146,0.0
SANTO CRISTO,2011,1,003,244,4.0983606557377055
CAJU,2011,1,004,439,2.277904328018223
CENTRO,2011,0,005,516,0.0
CATUMBI,2011,4,006,282,14.184397163120567
RIO COMPRIDO,2011,4,007,634,6.309148264984227
CIDADE NOVA,2011,0,008,94,0.0
ESTACIO,2011,2,009,311,6.430868167202572
SAO CRISTOVAO,2011,5,010,706,7.0821529745042495
MANGUEIRA,2011,2,011,353,5.6657223796034
BENFICA,2011,4,012,369,10.840108401084011
PAQUETA,2011,1,013,48,20.833333333333332
SANTA TERESA,2011,1,014,472,2.1186440677966103
FLAMENGO,2011,2,015,402,4.975124378109452
GLORIA,2011,0,016,146,0.0
LARANJEIRAS,2011,0,017,384,0.0
CATETE,2011,2,018,229,8.73362445414847
COSME VELHO,2011,1,019,92,10.869565217391305
BOTAFOGO,2011,2,020,838,2.3866348448687353
HUMAITA,2011,2,021,153,13.071895424836601
URCA,2011,0,022,60,0.0
LEME,2011,2,023,120,16.666666666666668
COPACABANA,2011,2,024,1205,1.6597510373443982
IPANEMA,2011,2,025,333,6.006006006006006
LEBLON,2011,0,026,382,0.0
LAGOA,2011,0,027,209,0.0
JARDIM BOTANICO,2011,1,028,225,4.444444444444445
GAVEA,2011,0,029,243,0.0
VIDIGAL,2011,1,030,224,4.464285714285714
SAO CONRADO,2011,0,031,107,0.0
PRACA DA BANDEIRA,2011,1,032,95,10.526315789473683
TIJUCA,2011,5,033,1650,3.0303030303030303
ALTO DA BOA VISTA,2011,0,034,122,0.0
MARACANA,2011,1,035,226,4.424778761061947
VILA ISABEL,2011,7,036,733,9.549795361527966
ANDARAI,2011,1,037,310,3.225806451612903
GRAJAU,2011,2,038,385,5.194805194805195
MANGUINHOS,2011,2,039,295,6.779661016949152
BONSUCESSO,2011,4,040,406,9.852216748768473
RAMOS,2011,3,041,880,3.4090909090909087
OLARIA,2011,1,042,622,1.607717041800643
PENHA,2011,7,043,1116,6.272401433691757
PENHA CIRCULAR,2011,4,044,369,10.840108401084011
BRAS DE PINA,2011,2,045,552,3.6231884057971016
CORDOVIL,2011,2,046,586,3.4129692832764507
PARADA DE LUCAS,2011,2,047,287,6.968641114982578
VIGARIO GERAL,2011,3,048,462,6.493506493506494
JARDIM AMERICA,2011,3,049,504,5.952380952380952
HIGIENOPOLIS,2011,1,050,182,5.4945054945054945
JACARE,2011,2,051,486,4.11522633744856
MARIA DA GRACA,2011,0,052,71,0.0
DEL CASTILHO,2011,2,053,266,7.518796992481203
INHAUMA,2011,5,054,1002,4.990019960079841
ENGENHO DA RAINHA,2011,1,055,297,3.3670033670033668
TOMAS COELHO,2011,2,056,273,7.326007326007326
SAO FRANCISCO XAVIER,2011,1,057,64,15.625
ROCHA,2011,1,058,79,12.658227848101266
RIACHUELO,2011,0,059,131,0.0
SAMPAIO,2011,0,060,149,0.0
ENGENHO NOVO,2011,6,061,663,9.04977375565611
LINS DE VASCONCELOS,2011,2,062,481,4.158004158004158
MEIER,2011,3,063,577,5.199306759098787
TODOS OS SANTOS,2011,2,064,140,14.285714285714285
CACHAMBI,2011,2,065,360,5.555555555555555
ENGENHO DE DENTRO,2011,5,066,531,9.416195856873822
AGUA SANTA,2011,0,067,83,0.0
ENCANTADO,2011,1,068,152,6.578947368421052
PIEDADE,2011,2,069,528,3.787878787878788
ABOLICAO,2011,1,070,144,6.944444444444444
PILARES,2011,3,071,325,9.230769230769232
VILA KOSMOS,2011,0,072,105,0.0
VICENTE DE CARVALHO,2011,2,073,312,6.41025641025641
VILA DA PENHA,2011,3,074,439,6.83371298405467
VISTA ALEGRE,2011,0,075,189,0.0
IRAJA,2011,11,076,1191,9.235936188077247
COLEGIO,2011,1,077,427,2.34192037470726
CAMPINHO,2011,1,078,195,5.128205128205129
QUINTINO BOCAIUVA,2011,1,079,342,2.923976608187134
CAVALCANTE,2011,1,080,203,4.926108374384237
ENGENHEIRO LEAL,2011,1,081,42,23.809523809523807
CASCADURA,2011,1,082,430,2.3255813953488373
MADUREIRA,2011,6,083,888,6.756756756756757
VAZ LOBO,2011,1,084,231,4.329004329004329
TURIACU,2011,0,085,194,0.0
ROCHA MIRANDA,2011,2,086,551,3.629764065335753
HONORIO GURGEL,2011,2,087,339,5.899705014749262
OSWALDO CRUZ,2011,1,088,313,3.1948881789137378
BENTO RIBEIRO,2011,3,089,534,5.617977528089887
MARECHAL HERMES,2011,6,090,576,10.416666666666666
RIBEIRA,2011,0,091,34,0.0
CACUIA,2011,0,093,159,0.0
PITANGUEIRAS,2011,0,094,124,0.0
PRAIA DA BANDEIRA,2011,0,095,66,0.0
COCOTA,2011,0,096,108,0.0
BANCARIOS,2011,1,097,233,4.291845493562231
FREGUESIA-ILHA,2011,1,098,349,2.865329512893983
JARDIM GUANABARA,2011,4,099,303,13.201320132013201
JARDIM CARIOCA,2011,1,100,361,2.770083102493075
TAUA,2011,3,101,266,11.278195488721805
MONERO,2011,0,102,44,0.0
PORTUGUESA,2011,0,103,187,0.0
GALEAO,2011,1,104,348,2.8735632183908044
CIDADE UNIVERSITARIA,2011,0,105,24,0.0
GUADALUPE,2011,0,106,673,0.0
ANCHIETA,2011,10,107,1024,9.765625
PARQUE ANCHIETA,2011,1,108,172,5.813953488372093
RICARDO ALBUQUERQUE,2011,3,109,351,8.547008547008549
COELHO NETO,2011,4,110,401,9.975062344139651
ACARI,2011,2,111,463,4.319654427645789
BARROS FILHO,2011,2,112,184,10.869565217391305
COSTA BARROS,2011,5,113,683,7.320644216691069
PAVUNA,2011,7,114,1117,6.266786034019696
JACAREPAGUA,2011,8,115,1903,4.20388859695218
ANIL,2011,0,116,491,0.0
GARDENIA AZUL,2011,6,117,618,9.70873786407767
CIDADE DE DEUS,2011,6,118,877,6.841505131128849
CURICICA,2011,2,119,837,2.389486260454002
FREGUESIA-JPA,2011,4,120,878,4.555808656036446
PECHINCHA,2011,4,121,495,8.080808080808081
TAQUARA,2011,5,122,1696,2.94811320754717
TANQUE,2011,2,123,569,3.51493848857645
PRACA SECA,2011,2,124,860,2.3255813953488373
VILA VALQUEIRE,2011,0,125,422,0.0
JOA,2011,1,126,6,166.66666666666666
ITANHANGA,2011,1,127,549,1.8214936247723132
BARRA DA TIJUCA,2011,4,128,1733,2.308136180034622
CAMORIM,2011,0,129,77,0.0
VARGEM PEQUENA,2011,5,130,382,13.089005235602095
VARGEM GRANDE,2011,2,131,304,6.578947368421052
RECREIO BANDEIRANTES,2011,7,132,1318,5.311077389984826
DEODORO,2011,3,134,159,18.867924528301884
VILA MILITAR,2011,0,135,31,0.0
CAMPO DOS AFONSOS,2011,0,136,5,0.0
JARDIM SULACAP,2011,4,137,195,20.512820512820515
MAGALHAES BASTOS,2011,3,138,387,7.751937984496124
REALENGO,2011,19,139,2328,8.16151202749141
PADRE MIGUEL,2011,6,140,1032,5.813953488372093
BANGU,2011,22,141,3512,6.264236902050114
SENADOR CAMARA,2011,15,142,1401,10.70663811563169
SANTISSIMO,2011,3,143,819,3.663003663003663
CAMPO GRANDE,2011,32,144,5195,6.159769008662175
SENADOR VASCONCELOS,2011,2,145,315,6.349206349206349
INHOAIBA,2011,5,146,792,6.313131313131313
COSMOS,2011,5,147,1041,4.803073967339097
PACIENCIA,2011,14,148,1460,9.589041095890412
SANTA CRUZ,2011,22,149,3622,6.073992269464385
SEPETIBA,2011,8,150,779,10.269576379974325
GUARATIBA,2011,10,151,1386,7.215007215007215
BARRA DE GUARATIBA,2011,1,152,72,13.888888888888888
PEDRA DE GUARATIBA,2011,4,153,570,7.017543859649123
ROCINHA,2011,10,154,1224,8.169934640522877
JACAREZINHO,2011,2,155,240,8.333333333333334
COMPLEXO DO ALEMAO,2011,1,156,381,2.6246719160104988
COMPLEXO DA MARE,2011,11,157,2513,4.3772383605252685
PARQUE COLUMBIA,2011,0,158,4,0.0
VASCO DA GAMA,2011,0,159,0,
GERICINo,2011,0,160,0,
LAPA,2011,0,161,0,
VILA KENNEDY,2011,0,162,0,
ILHA DE GUARATIBA,2011,0,164,0,
BARRA OLIMPICA,2011,0,165,0,
ILHA DO GOVERNADOR - IGNORADO,2011,3,998,26,115.38461538461539
IGNORADO BAIRRO-MRJ,2011,1,999,387,2.5839793281653747
,2011,148,,0,inf
SAUDE,2012,1,001,56,17.857142857142858
GAMBOA,2012,1,002,167,5.9880239520958085
SANTO CRISTO,2012,4,003,226,17.699115044247787
CAJU,2012,0,004,410,0.0
CENTRO,2012,0,005,440,0.0
CATUMBI,2012,0,006,259,0.0
RIO COMPRIDO,2012,3,007,568,5.28169014084507
CIDADE NOVA,2012,1,008,81,12.345679012345679
ESTACIO,2012,1,009,247,4.048582995951417
SAO CRISTOVAO,2012,5,010,706,7.0821529745042495
MANGUEIRA,2012,4,011,338,11.834319526627219
BENFICA,2012,3,012,425,7.058823529411765
PAQUETA,2012,2,013,32,62.5
SANTA TERESA,2012,1,014,490,2.0408163265306123
FLAMENGO,2012,1,015,415,2.4096385542168677
GLORIA,2012,0,016,140,0.0
LARANJEIRAS,2012,3,017,357,8.403361344537815
CATETE,2012,1,018,212,4.716981132075471
COSME VELHO,2012,0,019,106,0.0
BOTAFOGO,2012,0,020,796,0.0
HUMAITA,2012,0,021,130,0.0
URCA,2012,0,022,41,0.0
LEME,2012,1,023,115,8.695652173913043
COPACABANA,2012,1,024,1188,0.8417508417508417
IPANEMA,2012,0,025,320,0.0
LEBLON,2012,0,026,387,0.0
LAGOA,2012,1,027,185,5.405405405405405
JARDIM BOTANICO,2012,0,028,217,0.0
GAVEA,2012,0,029,228,0.0
VIDIGAL,2012,3,030,234,12.82051282051282
SAO CONRADO,2012,0,031,114,0.0
PRACA DA BANDEIRA,2012,1,032,84,11.904761904761903
TIJUCA,2012,3,033,1678,1.7878426698450536
ALTO DA BOA VISTA,2012,0,034,108,0.0
MARACANA,2012,0,035,189,0.0
VILA ISABEL,2012,6,036,734,8.174386920980925
ANDARAI,2012,1,037,341,2.932551319648094
GRAJAU,2012,2,038,369,5.420054200542006
MANGUINHOS,2012,5,039,325,15.384615384615385
BONSUCESSO,2012,4,040,489,8.1799591002045
RAMOS,2012,3,041,776,3.865979381443299
OLARIA,2012,0,042,616,0.0
PENHA,2012,8,043,1072,7.462686567164179
PENHA CIRCULAR,2012,1,044,397,2.5188916876574305
BRAS DE PINA,2012,4,045,551,7.259528130671506
CORDOVIL,2012,3,046,560,5.357142857142857
PARADA DE LUCAS,2012,1,047,282,3.5460992907801416
VIGARIO GERAL,2012,3,048,374,8.02139037433155
JARDIM AMERICA,2012,2,049,449,4.4543429844097995
HIGIENOPOLIS,2012,3,050,187,16.0427807486631
JACARE,2012,1,051,381,2.6246719160104988
MARIA DA GRACA,2012,0,052,88,0.0
DEL CASTILHO,2012,1,053,308,3.246753246753247
INHAUMA,2012,3,054,926,3.239740820734341
ENGENHO DA RAINHA,2012,0,055,321,0.0
TOMAS COELHO,2012,1,056,268,3.7313432835820897
SAO FRANCISCO XAVIER,2012,0,057,59,0.0
ROCHA,2012,1,058,73,13.698630136986301
RIACHUELO,2012,1,059,142,7.042253521126761
SAMPAIO,2012,2,060,152,13.157894736842104
ENGENHO NOVO,2012,3,061,677,4.431314623338257
LINS DE VASCONCELOS,2012,4,062,488,8.196721311475411
MEIER,2012,2,063,509,3.929273084479371
TODOS OS SANTOS,2012,2,064,171,11.695906432748536
CACHAMBI,2012,4,065,378,10.582010582010582
ENGENHO DE DENTRO,2012,1,066,548,1.8248175182481752
AGUA SANTA,2012,1,067,81,12.345679012345679
ENCANTADO,2012,1,068,142,7.042253521126761
PIEDADE,2012,6,069,515,11.650485436893204
ABOLICAO,2012,0,070,125,0.0
PILARES,2012,4,071,354,11.299435028248588
VILA KOSMOS,2012,0,072,107,0.0
VICENTE DE CARVALHO,2012,4,073,331,12.084592145015106
VILA DA PENHA,2012,0,074,463,0.0
VISTA ALEGRE,2012,2,075,144,13.888888888888888
IRAJA,2012,10,076,1172,8.532423208191126
COLEGIO,2012,2,077,441,4.535147392290249
CAMPINHO,2012,0,078,210,0.0
QUINTINO BOCAIUVA,2012,0,079,334,0.0
CAVALCANTE,2012,0,080,217,0.0
ENGENHEIRO LEAL,2012,0,081,80,0.0
CASCADURA,2012,1,082,435,2.2988505747126435
MADUREIRA,2012,5,083,890,5.617977528089887
VAZ LOBO,2012,0,084,219,0.0
TURIACU,2012,5,085,175,28.57142857142857
ROCHA MIRANDA,2012,4,086,545,7.339449541284404
HONORIO GURGEL,2012,1,087,306,3.2679738562091503
OSWALDO CRUZ,2012,0,088,331,0.0
BENTO RIBEIRO,2012,7,089,541,12.939001848428836
MARECHAL HERMES,2012,4,090,505,7.920792079207921
RIBEIRA,2012,0,091,31,0.0
CACUIA,2012,1,093,134,7.462686567164179
PITANGUEIRAS,2012,0,094,123,0.0
PRAIA DA BANDEIRA,2012,0,095,50,0.0
COCOTA,2012,2,096,117,17.094017094017097
BANCARIOS,2012,2,097,226,8.849557522123893
FREGUESIA-ILHA,2012,2,098,273,7.326007326007326
JARDIM GUANABARA,2012,0,099,258,0.0
JARDIM CARIOCA,2012,3,100,364,8.241758241758243
TAUA,2012,3,101,290,10.344827586206897
MONERO,2012,0,102,43,0.0
PORTUGUESA,2012,1,103,244,4.0983606557377055
GALEAO,2012,1,104,373,2.680965147453083
CIDADE UNIVERSITARIA,2012,0,105,26,0.0
GUADALUPE,2012,5,106,712,7.022471910112359
ANCHIETA,2012,14,107,970,14.43298969072165
PARQUE ANCHIETA,2012,0,108,220,0.0
RICARDO ALBUQUERQUE,2012,3,109,337,8.902077151335313
COELHO NETO,2012,4,110,409,9.7799511002445
ACARI,2012,3,111,464,6.4655172413793105
BARROS FILHO,2012,1,112,168,5.952380952380952
COSTA BARROS,2012,6,113,735,8.16326530612245
PAVUNA,2012,4,114,1187,3.369839932603201
JACAREPAGUA,2012,18,115,2334,7.712082262210797
ANIL,2012,7,116,468,14.957264957264957
GARDENIA AZUL,2012,3,117,609,4.926108374384237
CIDADE DE DEUS,2012,4,118,843,4.744958481613287
CURICICA,2012,9,119,956,9.414225941422595
FREGUESIA-JPA,2012,7,120,760,9.210526315789473
PECHINCHA,2012,1,121,526,1.9011406844106464
TAQUARA,2012,7,122,1626,4.305043050430504
TANQUE,2012,6,123,595,10.08403361344538
PRACA SECA,2012,4,124,826,4.842615012106537
VILA VALQUEIRE,2012,0,125,439,0.0
JOA,2012,0,126,15,0.0
ITANHANGA,2012,3,127,565,5.3097345132743365
BARRA DA TIJUCA,2012,1,128,1756,0.5694760820045558
CAMORIM,2012,0,129,72,0.0
VARGEM PEQUENA,2012,2,130,348,5.747126436781609
VARGEM GRANDE,2012,2,131,305,6.557377049180328
RECREIO BANDEIRANTES,2012,2,132,1343,1.4892032762472078
DEODORO,2012,5,134,195,25.64102564102564
VILA MILITAR,2012,0,135,57,0.0
CAMPO DOS AFONSOS,2012,0,136,22,0.0
JARDIM SULACAP,2012,1,137,194,5.154639175257732
MAGALHAES BASTOS,2012,3,138,356,8.426966292134832
REALENGO,2012,16,139,2333,6.858122588941277
PADRE MIGUEL,2012,9,140,960,9.375
BANGU,2012,31,141,3489,8.885067354542848
SENADOR CAMARA,2012,9,142,1414,6.364922206506365
SANTISSIMO,2012,4,143,826,4.842615012106537
CAMPO GRANDE,2012,36,144,5339,6.742835737029406
SENADOR VASCONCELOS,2012,4,145,318,12.578616352201259
INHOAIBA,2012,3,146,809,3.708281829419036
COSMOS,2012,1,147,988,1.0121457489878543
PACIENCIA,2012,9,148,1513,5.948446794448116
SANTA CRUZ,2012,34,149,3927,8.658008658008658
SEPETIBA,2012,7,150,825,8.484848484848486
GUARATIBA,2012,5,151,1524,3.2808398950131235
BARRA DE GUARATIBA,2012,0,152,81,0.0
PEDRA DE GUARATIBA,2012,2,153,607,3.2948929159802307
ROCINHA,2012,11,154,1220,9.01639344262295
JACAREZINHO,2012,1,155,263,3.802281368821293
COMPLEXO DO ALEMAO,2012,2,156,422,4.739336492890995
COMPLEXO DA MARE,2012,3,157,2449,1.2249897917517354
PARQUE COLUMBIA,2012,0,158,0,
VASCO DA GAMA,2012,0,159,1,0.0
GERICINo,2012,0,160,0,
LAPA,2012,0,161,0,
VILA KENNEDY,2012,0,162,0,
ILHA DE GUARATIBA,2012,0,164,0,
BARRA OLIMPICA,2012,0,165,0,
ILHA DO GOVERNADOR - IGNORADO,2012,1,998,80,12.5
IGNORADO BAIRRO-MRJ,2012,4,999,279,14.336917562724015
,2012,144,,0,inf
SAUDE,2013,0,001,58,0.0
GAMBOA,2013,0,002,182,0.0
SANTO CRISTO,2013,1,003,196,5.1020408163265305
CAJU,2013,4,004,412,9.70873786407767
CENTRO,2013,6,005,464,12.931034482758621
CATUMBI,2013,1,006,249,4.016064257028112
RIO COMPRIDO,2013,5,007,602,8.305647840531561
CIDADE NOVA,2013,0,008,86,0.0
ESTACIO,2013,1,009,236,4.237288135593221
SAO CRISTOVAO,2013,1,010,693,1.443001443001443
MANGUEIRA,2013,0,011,340,0.0
BENFICA,2013,6,012,476,12.605042016806722
PAQUETA,2013,0,013,26,0.0
SANTA TERESA,2013,0,014,473,0.0
FLAMENGO,2013,2,015,433,4.618937644341801
GLORIA,2013,0,016,123,0.0
LARANJEIRAS,2013,1,017,411,2.4330900243309004
CATETE,2013,0,018,189,0.0
COSME VELHO,2013,0,019,78,0.0
BOTAFOGO,2013,3,020,827,3.6275695284159615
HUMAITA,2013,0,021,132,0.0
URCA,2013,1,022,52,19.230769230769234
LEME,2013,2,023,131,15.267175572519083
COPACABANA,2013,2,024,1132,1.7667844522968197
IPANEMA,2013,1,025,340,2.941176470588235
LEBLON,2013,2,026,402,4.975124378109452
LAGOA,2013,0,027,189,0.0
JARDIM BOTANICO,2013,1,028,208,4.807692307692308
GAVEA,2013,0,029,251,0.0
VIDIGAL,2013,1,030,259,3.8610038610038613
SAO CONRADO,2013,0,031,127,0.0
PRACA DA BANDEIRA,2013,0,032,132,0.0
TIJUCA,2013,9,033,1578,5.7034220532319395
ALTO DA BOA VISTA,2013,1,034,118,8.474576271186441
MARACANA,2013,0,035,191,0.0
VILA ISABEL,2013,7,036,747,9.370816599732263
ANDARAI,2013,2,037,377,5.305039787798409
GRAJAU,2013,2,038,383,5.221932114882507
MANGUINHOS,2013,2,039,315,6.349206349206349
BONSUCESSO,2013,2,040,264,7.575757575757576
RAMOS,2013,1,041,438,2.28310502283105
OLARIA,2013,10,042,650,15.384615384615385
PENHA,2013,4,043,1043,3.835091083413231
PENHA CIRCULAR,2013,2,044,451,4.434589800443459
BRAS DE PINA,2013,9,045,631,14.263074484944534
CORDOVIL,2013,3,046,650,4.615384615384616
PARADA DE LUCAS,2013,2,047,312,6.41025641025641
VIGARIO GERAL,2013,3,048,416,7.211538461538462
JARDIM AMERICA,2013,2,049,436,4.587155963302752
HIGIENOPOLIS,2013,1,050,192,5.208333333333333
JACARE,2013,3,051,420,7.142857142857142
MARIA DA GRACA,2013,0,052,101,0.0
DEL CASTILHO,2013,0,053,310,0.0
INHAUMA,2013,4,054,916,4.366812227074235
ENGENHO DA RAINHA,2013,1,055,299,3.3444816053511706
TOMAS COELHO,2013,2,056,259,7.722007722007723
SAO FRANCISCO XAVIER,2013,0,057,61,0.0
ROCHA,2013,1,058,123,8.130081300813009
RIACHUELO,2013,0,059,108,0.0
SAMPAIO,2013,3,060,157,19.108280254777068
ENGENHO NOVO,2013,3,061,667,4.497751124437781
LINS DE VASCONCELOS,2013,5,062,485,10.309278350515465
MEIER,2013,0,063,545,0.0
TODOS OS SANTOS,2013,0,064,156,0.0
CACHAMBI,2013,1,065,427,2.34192037470726
ENGENHO DE DENTRO,2013,4,066,546,7.326007326007326
AGUA SANTA,2013,0,067,85,0.0
ENCANTADO,2013,2,068,141,14.184397163120567
PIEDADE,2013,6,069,515,11.650485436893204
ABOLICAO,2013,0,070,135,0.0
PILARES,2013,1,071,352,2.840909090909091
VILA KOSMOS,2013,1,072,116,8.620689655172413
VICENTE DE CARVALHO,2013,4,073,335,11.940298507462687
VILA DA PENHA,2013,3,074,515,5.825242718446602
VISTA ALEGRE,2013,1,075,162,6.172839506172839
IRAJA,2013,8,076,1147,6.974716652136007
COLEGIO,2013,3,077,433,6.928406466512702
CAMPINHO,2013,0,078,219,0.0
QUINTINO BOCAIUVA,2013,2,079,385,5.194805194805195
CAVALCANTE,2013,1,080,211,4.739336492890995
ENGENHEIRO LEAL,2013,1,081,45,22.22222222222222
CASCADURA,2013,4,082,448,8.928571428571429
MADUREIRA,2013,5,083,740,6.756756756756757
VAZ LOBO,2013,2,084,234,8.547008547008549
TURIACU,2013,1,085,171,5.847953216374268
ROCHA MIRANDA,2013,2,086,593,3.372681281618887
HONORIO GURGEL,2013,1,087,313,3.1948881789137378
OSWALDO CRUZ,2013,1,088,355,2.8169014084507045
BENTO RIBEIRO,2013,5,089,511,9.784735812133071
MARECHAL HERMES,2013,7,090,567,12.345679012345679
RIBEIRA,2013,0,091,34,0.0
CACUIA,2013,0,093,145,0.0
PITANGUEIRAS,2013,0,094,128,0.0
PRAIA DA BANDEIRA,2013,0,095,43,0.0
COCOTA,2013,0,096,87,0.0
BANCARIOS,2013,2,097,218,9.174311926605505
FREGUESIA-ILHA,2013,1,098,219,4.5662100456621
JARDIM GUANABARA,2013,0,099,242,0.0
JARDIM CARIOCA,2013,1,100,369,2.710027100271003
TAUA,2013,1,101,321,3.115264797507788
MONERO,2013,0,102,60,0.0
PORTUGUESA,2013,2,103,232,8.620689655172413
GALEAO,2013,3,104,422,7.109004739336492
CIDADE UNIVERSITARIA,2013,0,105,12,0.0
GUADALUPE,2013,6,106,719,8.344923504867872
ANCHIETA,2013,12,107,1090,11.009174311926607
PARQUE ANCHIETA,2013,2,108,232,8.620689655172413
RICARDO ALBUQUERQUE,2013,4,109,373,10.723860589812332
COELHO NETO,2013,0,110,397,0.0
ACARI,2013,6,111,498,12.048192771084338
BARROS FILHO,2013,1,112,173,5.780346820809248
COSTA BARROS,2013,11,113,748,14.705882352941176
PAVUNA,2013,10,114,1153,8.673026886383347
JACAREPAGUA,2013,14,115,2277,6.148440931049627
ANIL,2013,1,116,496,2.0161290322580645
GARDENIA AZUL,2013,4,117,630,6.349206349206349
CIDADE DE DEUS,2013,2,118,829,2.4125452352231602
CURICICA,2013,6,119,926,6.479481641468682
FREGUESIA-JPA,2013,6,120,844,7.109004739336492
PECHINCHA,2013,2,121,479,4.17536534446764
TAQUARA,2013,9,122,1758,5.1194539249146755
TANQUE,2013,3,123,622,4.82315112540193
PRACA SECA,2013,2,124,826,2.4213075060532687
VILA VALQUEIRE,2013,5,125,412,12.135922330097086
JOA,2013,0,126,8,0.0
ITANHANGA,2013,5,127,578,8.650519031141869
BARRA DA TIJUCA,2013,7,128,1730,4.0462427745664735
CAMORIM,2013,0,129,77,0.0
VARGEM PEQUENA,2013,3,130,294,10.204081632653061
VARGEM GRANDE,2013,0,131,316,0.0
RECREIO BANDEIRANTES,2013,2,132,1346,1.4858841010401187
DEODORO,2013,0,134,207,0.0
VILA MILITAR,2013,2,135,58,34.48275862068965
CAMPO DOS AFONSOS,2013,0,136,16,0.0
JARDIM SULACAP,2013,1,137,270,3.7037037037037037
MAGALHAES BASTOS,2013,2,138,310,6.451612903225806
REALENGO,2013,25,139,2359,10.597710894446799
PADRE MIGUEL,2013,5,140,962,5.197505197505198
BANGU,2013,24,141,3891,6.168080185042405
SENADOR CAMARA,2013,14,142,1414,9.900990099009901
SANTISSIMO,2013,4,143,790,5.063291139240507
CAMPO GRANDE,2013,23,144,5244,4.385964912280701
SENADOR VASCONCELOS,2013,3,145,308,9.74025974025974
INHOAIBA,2013,7,146,880,7.954545454545454
COSMOS,2013,4,147,1122,3.5650623885918002
PACIENCIA,2013,9,148,1491,6.036217303822937
SANTA CRUZ,2013,41,149,3992,10.270541082164328
SEPETIBA,2013,3,150,922,3.2537960954446854
GUARATIBA,2013,9,151,1650,5.454545454545455
BARRA DE GUARATIBA,2013,0,152,78,0.0
PEDRA DE GUARATIBA,2013,2,153,616,3.246753246753247
ROCINHA,2013,11,154,1161,9.474590869939707
JACAREZINHO,2013,3,155,283,10.60070671378092
COMPLEXO DO ALEMAO,2013,7,156,845,8.284023668639053
COMPLEXO DA MARE,2013,9,157,2659,3.384731101918014
PARQUE COLUMBIA,2013,0,158,17,0.0
VASCO DA GAMA,2013,0,159,13,0.0
GERICINo,2013,0,160,0,
LAPA,2013,0,161,0,
VILA KENNEDY,2013,0,162,0,
ILHA DE GUARATIBA,2013,0,164,0,
BARRA OLIMPICA,2013,0,165,0,
ILHA DO GOVERNADOR - IGNORADO,2013,0,998,9,0.0
IGNORADO BAIRRO-MRJ,2013,1,999,50,20.0
,2013,115,,0,inf
SAUDE,2014,0,001,71,0.0
GAMBOA,2014,1,002,164,6.097560975609756
SANTO CRISTO,2014,0,003,249,0.0
CAJU,2014,0,004,448,0.0
CENTRO,2014,4,005,425,9.411764705882351
CATUMBI,2014,5,006,276,18.115942028985508
RIO COMPRIDO,2014,5,007,624,8.012820512820513
CIDADE NOVA,2014,1,008,56,17.857142857142858
ESTACIO,2014,1,009,301,3.3222591362126246
SAO CRISTOVAO,2014,3,010,724,4.143646408839778
MANGUEIRA,2014,2,011,321,6.230529595015576
BENFICA,2014,1,012,484,2.066115702479339
PAQUETA,2014,0,013,32,0.0
SANTA TERESA,2014,2,014,471,4.246284501061571
FLAMENGO,2014,2,015,416,4.807692307692308
GLORIA,2014,1,016,174,5.747126436781609
LARANJEIRAS,2014,1,017,406,2.4630541871921183
CATETE,2014,0,018,220,0.0
COSME VELHO,2014,0,019,103,0.0
BOTAFOGO,2014,3,020,839,3.575685339690107
HUMAITA,2014,0,021,117,0.0
URCA,2014,0,022,46,0.0
LEME,2014,1,023,134,7.462686567164179
COPACABANA,2014,4,024,1212,3.3003300330033003
IPANEMA,2014,1,025,379,2.638522427440633
LEBLON,2014,3,026,406,7.389162561576354
LAGOA,2014,0,027,184,0.0
JARDIM BOTANICO,2014,2,028,190,10.526315789473683
GAVEA,2014,0,029,265,0.0
VIDIGAL,2014,2,030,261,7.662835249042145
SAO CONRADO,2014,0,031,98,0.0
PRACA DA BANDEIRA,2014,1,032,98,10.204081632653061
TIJUCA,2014,4,033,1661,2.408187838651415
ALTO DA BOA VISTA,2014,0,034,147,0.0
MARACANA,2014,0,035,205,0.0
VILA ISABEL,2014,3,036,760,3.947368421052632
ANDARAI,2014,0,037,348,0.0
GRAJAU,2014,2,038,388,5.154639175257732
MANGUINHOS,2014,2,039,356,5.617977528089887
BONSUCESSO,2014,5,040,347,14.40922190201729
RAMOS,2014,4,041,587,6.814310051107325
OLARIA,2014,1,042,637,1.5698587127158556
PENHA,2014,3,043,951,3.1545741324921135
PENHA CIRCULAR,2014,4,044,427,9.36768149882904
BRAS DE PINA,2014,1,045,656,1.524390243902439
CORDOVIL,2014,4,046,613,6.525285481239805
PARADA DE LUCAS,2014,2,047,349,5.730659025787966
VIGARIO GERAL,2014,3,048,476,6.302521008403361
JARDIM AMERICA,2014,3,049,511,5.870841487279844
HIGIENOPOLIS,2014,0,050,165,0.0
JACARE,2014,0,051,418,0.0
MARIA DA GRACA,2014,0,052,75,0.0
DEL CASTILHO,2014,0,053,293,0.0
INHAUMA,2014,5,054,969,5.159958720330238
ENGENHO DA RAINHA,2014,2,055,343,5.830903790087463
TOMAS COELHO,2014,3,056,269,11.152416356877323
SAO FRANCISCO XAVIER,2014,0,057,71,0.0
ROCHA,2014,1,058,127,7.874015748031496
RIACHUELO,2014,2,059,131,15.267175572519083
SAMPAIO,2014,1,060,131,7.633587786259541
ENGENHO NOVO,2014,1,061,661,1.5128593040847202
LINS DE VASCONCELOS,2014,4,062,523,7.648183556405353
MEIER,2014,2,063,548,3.6496350364963503
TODOS OS SANTOS,2014,2,064,180,11.11111111111111
CACHAMBI,2014,1,065,422,2.3696682464454977
ENGENHO DE DENTRO,2014,2,066,592,3.3783783783783785
AGUA SANTA,2014,0,067,93,0.0
ENCANTADO,2014,0,068,137,0.0
PIEDADE,2014,1,069,579,1.7271157167530224
ABOLICAO,2014,0,070,148,0.0
PILARES,2014,2,071,376,5.319148936170213
VILA KOSMOS,2014,1,072,118,8.474576271186441
VICENTE DE CARVALHO,2014,3,073,336,8.928571428571429
VILA DA PENHA,2014,1,074,426,2.347417840375587
VISTA ALEGRE,2014,4,075,157,25.477707006369428
IRAJA,2014,5,076,1227,4.074979625101874
COLEGIO,2014,9,077,451,19.955654101995563
CAMPINHO,2014,0,078,213,0.0
QUINTINO BOCAIUVA,2014,0,079,386,0.0
CAVALCANTE,2014,0,080,227,0.0
ENGENHEIRO LEAL,2014,0,081,49,0.0
CASCADURA,2014,1,082,416,2.403846153846154
MADUREIRA,2014,3,083,765,3.9215686274509802
VAZ LOBO,2014,3,084,230,13.043478260869565
TURIACU,2014,3,085,171,17.543859649122805
ROCHA MIRANDA,2014,7,086,590,11.864406779661017
HONORIO GURGEL,2014,2,087,301,6.644518272425249
OSWALDO CRUZ,2014,2,088,355,5.633802816901409
BENTO RIBEIRO,2014,4,089,486,8.23045267489712
MARECHAL HERMES,2014,1,090,560,1.7857142857142856
RIBEIRA,2014,0,091,37,0.0
CACUIA,2014,0,093,141,0.0
PITANGUEIRAS,2014,0,094,150,0.0
PRAIA DA BANDEIRA,2014,0,095,50,0.0
COCOTA,2014,1,096,96,10.416666666666666
BANCARIOS,2014,1,097,205,4.878048780487805
FREGUESIA-ILHA,2014,1,098,226,4.424778761061947
JARDIM GUANABARA,2014,1,099,261,3.8314176245210727
JARDIM CARIOCA,2014,0,100,374,0.0
TAUA,2014,0,101,336,0.0
MONERO,2014,0,102,48,0.0
PORTUGUESA,2014,2,103,233,8.583690987124463
GALEAO,2014,3,104,395,7.594936708860759
CIDADE UNIVERSITARIA,2014,0,105,20,0.0
GUADALUPE,2014,4,106,693,5.772005772005772
ANCHIETA,2014,6,107,1107,5.420054200542006
PARQUE ANCHIETA,2014,0,108,226,0.0
RICARDO ALBUQUERQUE,2014,2,109,369,5.420054200542006
COELHO NETO,2014,6,110,453,13.245033112582782
ACARI,2014,7,111,493,14.198782961460447
BARROS FILHO,2014,3,112,243,12.345679012345679
COSTA BARROS,2014,9,113,733,12.278308321964529
PAVUNA,2014,9,114,1209,7.444168734491315
JACAREPAGUA,2014,11,115,2822,3.8979447200566972
ANIL,2014,3,116,458,6.550218340611353
GARDENIA AZUL,2014,4,117,671,5.961251862891207
CIDADE DE DEUS,2014,7,118,868,8.064516129032258
CURICICA,2014,3,119,839,3.575685339690107
FREGUESIA-JPA,2014,4,120,922,4.3383947939262475
PECHINCHA,2014,1,121,553,1.8083182640144664
TAQUARA,2014,10,122,1758,5.688282138794084
TANQUE,2014,2,123,608,3.289473684210526
PRACA SECA,2014,3,124,841,3.5671819262782405
VILA VALQUEIRE,2014,2,125,445,4.49438202247191
JOA,2014,0,126,7,0.0
ITANHANGA,2014,6,127,631,9.508716323296355
BARRA DA TIJUCA,2014,6,128,1671,3.5906642728904847
CAMORIM,2014,1,129,77,12.987012987012989
VARGEM PEQUENA,2014,1,130,339,2.949852507374631
VARGEM GRANDE,2014,1,131,281,3.558718861209964
RECREIO BANDEIRANTES,2014,2,132,1357,1.4738393515106853
DEODORO,2014,2,134,173,11.560693641618496
VILA MILITAR,2014,0,135,71,0.0
CAMPO DOS AFONSOS,2014,0,136,15,0.0
JARDIM SULACAP,2014,1,137,267,3.745318352059925
MAGALHAES BASTOS,2014,1,138,300,3.3333333333333335
REALENGO,2014,11,139,2429,4.528612597776863
PADRE MIGUEL,2014,3,140,983,3.051881993896236
BANGU,2014,27,141,3866,6.9839627521986545
SENADOR CAMARA,2014,7,142,1354,5.1698670605613
SANTISSIMO,2014,5,143,872,5.73394495412844
CAMPO GRANDE,2014,32,144,5465,5.85544373284538
SENADOR VASCONCELOS,2014,0,145,343,0.0
INHOAIBA,2014,7,146,972,7.20164609053498
COSMOS,2014,12,147,1194,10.050251256281408
PACIENCIA,2014,11,148,1570,7.006369426751593
SANTA CRUZ,2014,32,149,3995,8.010012515644556
SEPETIBA,2014,8,150,803,9.962640099626402
GUARATIBA,2014,10,151,1932,5.175983436853002
BARRA DE GUARATIBA,2014,0,152,82,0.0
PEDRA DE GUARATIBA,2014,2,153,504,3.968253968253968
ROCINHA,2014,10,154,1174,8.517887563884157
JACAREZINHO,2014,0,155,272,0.0
COMPLEXO DO ALEMAO,2014,4,156,765,5.228758169934641
COMPLEXO DA MARE,2014,13,157,2579,5.040713454827452
PARQUE COLUMBIA,2014,0,158,21,0.0
VASCO DA GAMA,2014,0,159,23,0.0
GERICINo,2014,0,160,1,0.0
LAPA,2014,0,161,0,
VILA KENNEDY,2014,0,162,0,
ILHA DE GUARATIBA,2014,0,164,0,
BARRA OLIMPICA,2014,0,165,0,
ILHA DO GOVERNADOR - IGNORADO,2014,0,998,6,0.0
IGNORADO BAIRRO-MRJ,2014,2,999,126,15.873015873015872
,2014,135,,0,inf
SAUDE,2015,1,001,60,16.666666666666668
GAMBOA,2015,4,002,200,20.0
SANTO CRISTO,2015,0,003,209,0.0
CAJU,2015,0,004,430,0.0
CENTRO,2015,2,005,404,4.9504950495049505
CATUMBI,2015,4,006,269,14.869888475836431
RIO COMPRIDO,2015,2,007,589,3.395585738539898
CIDADE NOVA,2015,0,008,79,0.0
ESTACIO,2015,1,009,293,3.4129692832764507
SAO CRISTOVAO,2015,3,010,644,4.658385093167702
MANGUEIRA,2015,4,011,304,13.157894736842104
BENFICA,2015,4,012,532,7.518796992481203
PAQUETA,2015,1,013,39,25.64102564102564
SANTA TERESA,2015,8,014,523,15.296367112810707
FLAMENGO,2015,1,015,406,2.4630541871921183
GLORIA,2015,0,016,138,0.0
LARANJEIRAS,2015,2,017,440,4.545454545454545
CATETE,2015,1,018,217,4.608294930875576
COSME VELHO,2015,0,019,97,0.0
BOTAFOGO,2015,4,020,878,4.555808656036446
HUMAITA,2015,0,021,151,0.0
URCA,2015,0,022,61,0.0
LEME,2015,2,023,131,15.267175572519083
COPACABANA,2015,7,024,1158,6.044905008635579
IPANEMA,2015,2,025,335,5.970149253731344
LEBLON,2015,3,026,408,7.352941176470588
LAGOA,2015,0,027,191,0.0
JARDIM BOTANICO,2015,0,028,191,0.0
GAVEA,2015,0,029,283,0.0
VIDIGAL,2015,2,030,242,8.264462809917356
SAO CONRADO,2015,0,031,98,0.0
PRACA DA BANDEIRA,2015,1,032,87,11.494252873563218
TIJUCA,2015,4,033,1601,2.4984384759525295
ALTO DA BOA VISTA,2015,0,034,131,0.0
MARACANA,2015,0,035,229,0.0
VILA ISABEL,2015,4,036,789,5.069708491761723
ANDARAI,2015,1,037,415,2.4096385542168677
GRAJAU,2015,2,038,395,5.063291139240507
MANGUINHOS,2015,4,039,452,8.849557522123893
BONSUCESSO,2015,3,040,509,5.893909626719057
RAMOS,2015,2,041,667,2.998500749625187
OLARIA,2015,6,042,595,10.08403361344538
PENHA,2015,1,043,892,1.1210762331838564
PENHA CIRCULAR,2015,6,044,545,11.009174311926607
BRAS DE PINA,2015,4,045,628,6.369426751592357
CORDOVIL,2015,2,046,621,3.2206119162640903
PARADA DE LUCAS,2015,2,047,335,5.970149253731344
VIGARIO GERAL,2015,2,048,471,4.246284501061571
JARDIM AMERICA,2015,1,049,455,2.197802197802198
HIGIENOPOLIS,2015,1,050,171,5.847953216374268
JACARE,2015,0,051,383,0.0
MARIA DA GRACA,2015,1,052,102,9.803921568627452
DEL CASTILHO,2015,1,053,308,3.246753246753247
INHAUMA,2015,7,054,824,8.495145631067961
ENGENHO DA RAINHA,2015,0,055,366,0.0
TOMAS COELHO,2015,0,056,304,0.0
SAO FRANCISCO XAVIER,2015,0,057,79,0.0
ROCHA,2015,1,058,155,6.451612903225806
RIACHUELO,2015,2,059,132,15.151515151515152
SAMPAIO,2015,2,060,151,13.245033112582782
ENGENHO NOVO,2015,3,061,578,5.190311418685121
LINS DE VASCONCELOS,2015,1,062,504,1.984126984126984
MEIER,2015,2,063,474,4.219409282700422
TODOS OS SANTOS,2015,0,064,177,0.0
CACHAMBI,2015,0,065,371,0.0
ENGENHO DE DENTRO,2015,3,066,610,4.918032786885246
AGUA SANTA,2015,1,067,83,12.048192771084338
ENCANTADO,2015,1,068,136,7.352941176470588
PIEDADE,2015,3,069,592,5.0675675675675675
ABOLICAO,2015,0,070,135,0.0
PILARES,2015,2,071,322,6.211180124223602
VILA KOSMOS,2015,1,072,130,7.6923076923076925
VICENTE DE CARVALHO,2015,1,073,348,2.8735632183908044
VILA DA PENHA,2015,0,074,286,0.0
VISTA ALEGRE,2015,1,075,93,10.752688172043012
IRAJA,2015,10,076,1181,8.46740050804403
COLEGIO,2015,1,077,439,2.277904328018223
CAMPINHO,2015,1,078,157,6.369426751592357
QUINTINO BOCAIUVA,2015,0,079,406,0.0
CAVALCANTE,2015,1,080,268,3.7313432835820897
ENGENHEIRO LEAL,2015,0,081,86,0.0
CASCADURA,2015,3,082,450,6.666666666666667
MADUREIRA,2015,3,083,739,4.059539918809201
VAZ LOBO,2015,0,084,243,0.0
TURIACU,2015,2,085,190,10.526315789473683
ROCHA MIRANDA,2015,6,086,581,10.327022375215147
HONORIO GURGEL,2015,2,087,336,5.952380952380952
OSWALDO CRUZ,2015,2,088,403,4.962779156327543
BENTO RIBEIRO,2015,6,089,499,12.024048096192384
MARECHAL HERMES,2015,3,090,570,5.263157894736842
RIBEIRA,2015,0,091,35,0.0
CACUIA,2015,2,093,154,12.987012987012989
PITANGUEIRAS,2015,0,094,149,0.0
PRAIA DA BANDEIRA,2015,0,095,64,0.0
COCOTA,2015,1,096,106,9.433962264150942
BANCARIOS,2015,1,097,226,4.424778761061947
FREGUESIA-ILHA,2015,0,098,218,0.0
JARDIM GUANABARA,2015,2,099,239,8.368200836820083
JARDIM CARIOCA,2015,1,100,347,2.881844380403458
TAUA,2015,2,101,361,5.54016620498615
MONERO,2015,0,102,48,0.0
PORTUGUESA,2015,0,103,218,0.0
GALEAO,2015,3,104,387,7.751937984496124
CIDADE UNIVERSITARIA,2015,1,105,24,41.666666666666664
GUADALUPE,2015,3,106,658,4.559270516717325
ANCHIETA,2015,6,107,1054,5.692599620493358
PARQUE ANCHIETA,2015,5,108,270,18.51851851851852
RICARDO ALBUQUERQUE,2015,1,109,377,2.6525198938992043
COELHO NETO,2015,3,110,457,6.564551422319474
ACARI,2015,12,111,564,21.27659574468085
BARROS FILHO,2015,4,112,269,14.869888475836431
COSTA BARROS,2015,9,113,694,12.968299711815563
PAVUNA,2015,14,114,1222,11.456628477905074
JACAREPAGUA,2015,15,115,3084,4.863813229571985
ANIL,2015,3,116,431,6.960556844547564
GARDENIA AZUL,2015,2,117,686,2.9154518950437316
CIDADE DE DEUS,2015,4,118,890,4.49438202247191
CURICICA,2015,1,119,776,1.288659793814433
FREGUESIA-JPA,2015,7,120,924,7.575757575757576
PECHINCHA,2015,0,121,570,0.0
TAQUARA,2015,12,122,1718,6.984866123399302
TANQUE,2015,1,123,596,1.6778523489932886
PRACA SECA,2015,7,124,933,7.502679528403001
VILA VALQUEIRE,2015,2,125,421,4.750593824228028
JOA,2015,0,126,11,0.0
ITANHANGA,2015,7,127,702,9.971509971509972
BARRA DA TIJUCA,2015,5,128,1568,3.188775510204082
CAMORIM,2015,0,129,76,0.0
VARGEM PEQUENA,2015,0,130,380,0.0
VARGEM GRANDE,2015,1,131,297,3.3670033670033668
RECREIO BANDEIRANTES,2015,7,132,1369,5.113221329437546
DEODORO,2015,3,134,199,15.07537688442211
VILA MILITAR,2015,1,135,111,9.00900900900901
CAMPO DOS AFONSOS,2015,0,136,21,0.0
JARDIM SULACAP,2015,0,137,270,0.0
MAGALHAES BASTOS,2015,1,138,299,3.3444816053511706
REALENGO,2015,14,139,2404,5.8236272878535775
PADRE MIGUEL,2015,2,140,901,2.2197558268590454
BANGU,2015,17,141,3736,4.550321199143468
SENADOR CAMARA,2015,13,142,1475,8.813559322033898
SANTISSIMO,2015,6,143,845,7.100591715976331
CAMPO GRANDE,2015,31,144,5363,5.780346820809248
SENADOR VASCONCELOS,2015,1,145,401,2.493765586034913
INHOAIBA,2015,5,146,1004,4.9800796812749
COSMOS,2015,3,147,1268,2.365930599369085
PACIENCIA,2015,12,148,1665,7.207207207207207
SANTA CRUZ,2015,39,149,4171,9.350275713258211
SEPETIBA,2015,9,150,885,10.169491525423728
GUARATIBA,2015,6,151,2077,2.888781896966779
BARRA DE GUARATIBA,2015,0,152,75,0.0
PEDRA DE GUARATIBA,2015,3,153,413,7.263922518159807
ROCINHA,2015,1,154,1132,0.8833922261484098
JACAREZINHO,2015,5,155,312,16.025641025641026
COMPLEXO DO ALEMAO,2015,7,156,843,8.30367734282325
COMPLEXO DA MARE,2015,16,157,2419,6.614303431169905
PARQUE COLUMBIA,2015,0,158,60,0.0
VASCO DA GAMA,2015,1,159,81,12.345679012345679
GERICINo,2015,0,160,1,0.0
LAPA,2015,0,161,0,
VILA KENNEDY,2015,0,162,0,
ILHA DE GUARATIBA,2015,0,164,0,
BARRA OLIMPICA,2015,0,165,0,
ILHA DO GOVERNADOR - IGNORADO,2015,0,998,34,0.0
IGNORADO BAIRRO-MRJ,2015,1,999,55,18.18181818181818
,2015,122,,0,inf
SAUDE,2016,0,001,38,0.0
GAMBOA,2016,0,002,171,0.0
SANTO CRISTO,2016,1,003,199,5.025125628140704
CAJU,2016,5,004,460,10.869565217391305
CENTRO,2016,3,005,393,7.633587786259541
CATUMBI,2016,0,006,242,0.0
RIO COMPRIDO,2016,0,007,543,0.0
CIDADE NOVA,2016,0,008,72,0.0
ESTACIO,2016,0,009,245,0.0
SAO CRISTOVAO,2016,3,010,591,5.076142131979695
MANGUEIRA,2016,0,011,278,0.0
BENFICA,2016,1,012,484,2.066115702479339
PAQUETA,2016,1,013,36,27.777777777777775
SANTA TERESA,2016,2,014,466,4.291845493562231
FLAMENGO,2016,0,015,340,0.0
GLORIA,2016,0,016,106,0.0
LARANJEIRAS,2016,0,017,358,0.0
CATETE,2016,0,018,172,0.0
COSME VELHO,2016,1,019,93,10.752688172043012
BOTAFOGO,2016,3,020,775,3.870967741935484
HUMAITA,2016,1,021,146,6.8493150684931505
URCA,2016,0,022,43,0.0
LEME,2016,2,023,132,15.151515151515152
COPACABANA,2016,3,024,1038,2.890173410404624
IPANEMA,2016,3,025,259,11.583011583011583
LEBLON,2016,1,026,339,2.949852507374631
LAGOA,2016,1,027,121,8.264462809917356
JARDIM BOTANICO,2016,0,028,154,0.0
GAVEA,2016,1,029,265,3.7735849056603774
VIDIGAL,2016,2,030,207,9.66183574879227
SAO CONRADO,2016,0,031,79,0.0
PRACA DA BANDEIRA,2016,1,032,117,8.547008547008549
TIJUCA,2016,4,033,1531,2.612671456564337
ALTO DA BOA VISTA,2016,1,034,148,6.756756756756757
MARACANA,2016,0,035,177,0.0
VILA ISABEL,2016,3,036,672,4.464285714285714
ANDARAI,2016,1,037,313,3.1948881789137378
GRAJAU,2016,1,038,326,3.067484662576687
MANGUINHOS,2016,6,039,494,12.145748987854251
BONSUCESSO,2016,1,040,1157,0.8643042350907519
RAMOS,2016,2,041,760,2.631578947368421
OLARIA,2016,6,042,554,10.830324909747292
PENHA,2016,6,043,920,6.521739130434782
PENHA CIRCULAR,2016,4,044,435,9.195402298850574
BRAS DE PINA,2016,2,045,612,3.2679738562091503
CORDOVIL,2016,1,046,605,1.6528925619834711
PARADA DE LUCAS,2016,2,047,322,6.211180124223602
VIGARIO GERAL,2016,4,048,419,9.546539379474941
JARDIM AMERICA,2016,2,049,411,4.866180048661801
HIGIENOPOLIS,2016,2,050,164,12.195121951219512
JACARE,2016,1,051,321,3.115264797507788
MARIA DA GRACA,2016,0,052,66,0.0
DEL CASTILHO,2016,1,053,290,3.4482758620689653
INHAUMA,2016,2,054,749,2.67022696929239
ENGENHO DA RAINHA,2016,2,055,354,5.649717514124294
TOMAS COELHO,2016,1,056,244,4.0983606557377055
SAO FRANCISCO XAVIER,2016,0,057,95,0.0
ROCHA,2016,0,058,180,0.0
RIACHUELO,2016,0,059,123,0.0
SAMPAIO,2016,0,060,131,0.0
ENGENHO NOVO,2016,3,061,553,5.424954792043399
LINS DE VASCONCELOS,2016,1,062,422,2.3696682464454977
MEIER,2016,1,063,429,2.331002331002331
TODOS OS SANTOS,2016,0,064,150,0.0
CACHAMBI,2016,2,065,377,5.305039787798409
ENGENHO DE DENTRO,2016,5,066,597,8.375209380234505
AGUA SANTA,2016,0,067,96,0.0
ENCANTADO,2016,0,068,142,0.0
PIEDADE,2016,3,069,495,6.0606060606060606
ABOLICAO,2016,0,070,122,0.0
PILARES,2016,4,071,330,12.121212121212121
VILA KOSMOS,2016,2,072,122,16.393442622950822
VICENTE DE CARVALHO,2016,1,073,309,3.236245954692557
VILA DA PENHA,2016,0,074,237,0.0
VISTA ALEGRE,2016,1,075,120,8.333333333333334
IRAJA,2016,2,076,1081,1.8501387604070305
COLEGIO,2016,2,077,424,4.716981132075471
CAMPINHO,2016,1,078,170,5.88235294117647
QUINTINO BOCAIUVA,2016,2,079,362,5.524861878453039
CAVALCANTE,2016,3,080,219,13.698630136986301
ENGENHEIRO LEAL,2016,2,081,70,28.57142857142857
CASCADURA,2016,2,082,393,5.089058524173028
MADUREIRA,2016,3,083,687,4.366812227074235
VAZ LOBO,2016,2,084,234,8.547008547008549
TURIACU,2016,1,085,151,6.622516556291391
ROCHA MIRANDA,2016,5,086,565,8.849557522123893
HONORIO GURGEL,2016,2,087,310,6.451612903225806
OSWALDO CRUZ,2016,0,088,358,0.0
BENTO RIBEIRO,2016,5,089,493,10.141987829614605
MARECHAL HERMES,2016,4,090,512,7.8125
RIBEIRA,2016,0,091,27,0.0
CACUIA,2016,0,093,134,0.0
PITANGUEIRAS,2016,1,094,156,6.41025641025641
PRAIA DA BANDEIRA,2016,1,095,41,24.390243902439025
COCOTA,2016,0,096,68,0.0
BANCARIOS,2016,0,097,190,0.0
FREGUESIA-ILHA,2016,0,098,280,0.0
JARDIM GUANABARA,2016,0,099,211,0.0
JARDIM CARIOCA,2016,5,100,271,18.45018450184502
TAUA,2016,3,101,220,13.636363636363635
MONERO,2016,0,102,39,0.0
PORTUGUESA,2016,0,103,166,0.0
GALEAO,2016,3,104,337,8.902077151335313
CIDADE UNIVERSITARIA,2016,0,105,25,0.0
GUADALUPE,2016,2,106,585,3.4188034188034186
ANCHIETA,2016,7,107,1010,6.930693069306931
PARQUE ANCHIETA,2016,2,108,180,11.11111111111111
RICARDO ALBUQUERQUE,2016,1,109,337,2.967359050445104
COELHO NETO,2016,2,110,403,4.962779156327543
ACARI,2016,4,111,498,8.032128514056224
BARROS FILHO,2016,2,112,270,7.407407407407407
COSTA BARROS,2016,5,113,670,7.462686567164179
PAVUNA,2016,2,114,1123,1.7809439002671414
JACAREPAGUA,2016,18,115,2663,6.759294029290274
ANIL,2016,1,116,421,2.375296912114014
GARDENIA AZUL,2016,2,117,593,3.372681281618887
CIDADE DE DEUS,2016,5,118,829,6.031363088057901
CURICICA,2016,3,119,842,3.5629453681710217
FREGUESIA-JPA,2016,7,120,817,8.567931456548347
PECHINCHA,2016,1,121,453,2.207505518763797
TAQUARA,2016,8,122,1644,4.866180048661801
TANQUE,2016,6,123,535,11.214953271028037
PRACA SECA,2016,7,124,848,8.254716981132075
VILA VALQUEIRE,2016,4,125,352,11.363636363636363
JOA,2016,0,126,7,0.0
ITANHANGA,2016,8,127,662,12.084592145015106
BARRA DA TIJUCA,2016,2,128,1398,1.4306151645207439
CAMORIM,2016,0,129,84,0.0
VARGEM PEQUENA,2016,3,130,418,7.177033492822967
VARGEM GRANDE,2016,2,131,325,6.153846153846154
RECREIO BANDEIRANTES,2016,4,132,1299,3.079291762894534
DEODORO,2016,1,134,209,4.784688995215311
VILA MILITAR,2016,0,135,90,0.0
CAMPO DOS AFONSOS,2016,0,136,28,0.0
JARDIM SULACAP,2016,1,137,206,4.854368932038835
MAGALHAES BASTOS,2016,4,138,266,15.037593984962406
REALENGO,2016,14,139,2241,6.247211066488175
PADRE MIGUEL,2016,4,140,864,4.62962962962963
BANGU,2016,28,141,3404,8.225616921269095
SENADOR CAMARA,2016,5,142,1405,3.558718861209964
SANTISSIMO,2016,6,143,690,8.695652173913043
CAMPO GRANDE,2016,32,144,5048,6.3391442155309035
SENADOR VASCONCELOS,2016,1,145,330,3.0303030303030303
INHOAIBA,2016,11,146,985,11.167512690355329
COSMOS,2016,5,147,1199,4.170141784820684
PACIENCIA,2016,16,148,1571,10.184595798854232
SANTA CRUZ,2016,41,149,3676,11.153427638737758
SEPETIBA,2016,11,150,838,13.126491646778042
GUARATIBA,2016,21,151,1936,10.847107438016529
BARRA DE GUARATIBA,2016,0,152,60,0.0
PEDRA DE GUARATIBA,2016,1,153,516,1.937984496124031
ROCINHA,2016,6,154,1061,5.655042412818096
JACAREZINHO,2016,1,155,321,3.115264797507788
COMPLEXO DO ALEMAO,2016,12,156,680,17.647058823529413
COMPLEXO DA MARE,2016,21,157,1275,16.47058823529412
PARQUE COLUMBIA,2016,3,158,48,62.5
VASCO DA GAMA,2016,1,159,66,15.151515151515152
GERICINo,2016,0,160,1,0.0
LAPA,2016,0,161,0,
VILA KENNEDY,2016,0,162,0,
ILHA DE GUARATIBA,2016,0,164,0,
BARRA OLIMPICA,2016,0,165,0,
ILHA DO GOVERNADOR - IGNORADO,2016,0,998,242,0.0
IGNORADO BAIRRO-MRJ,2016,1,999,74,13.513513513513514
,2016,121,,0,inf
SAUDE,2017,0,001,52,0.0
GAMBOA,2017,0,002,166,0.0
SANTO CRISTO,2017,0,003,193,0.0
CAJU,2017,4,004,454,8.81057268722467
CENTRO,2017,1,005,361,2.770083102493075
CATUMBI,2017,1,006,198,5.050505050505051
RIO COMPRIDO,2017,3,007,549,5.46448087431694
CIDADE NOVA,2017,0,008,74,0.0
ESTACIO,2017,0,009,275,0.0
SAO CRISTOVAO,2017,3,010,474,6.329113924050633
MANGUEIRA,2017,4,011,322,12.422360248447204
BENFICA,2017,4,012,530,7.547169811320755
PAQUETA,2017,0,013,41,0.0
SANTA TERESA,2017,4,014,410,9.75609756097561
FLAMENGO,2017,0,015,349,0.0
GLORIA,2017,0,016,86,0.0
LARANJEIRAS,2017,2,017,401,4.987531172069826
CATETE,2017,0,018,251,0.0
COSME VELHO,2017,0,019,107,0.0
BOTAFOGO,2017,1,020,754,1.3262599469496021
HUMAITA,2017,0,021,115,0.0
URCA,2017,0,022,57,0.0
LEME,2017,0,023,132,0.0
COPACABANA,2017,5,024,1095,4.5662100456621
IPANEMA,2017,1,025,292,3.4246575342465753
LEBLON,2017,0,026,353,0.0
LAGOA,2017,1,027,193,5.181347150259067
JARDIM BOTANICO,2017,0,028,184,0.0
GAVEA,2017,3,029,145,20.689655172413794
VIDIGAL,2017,1,030,211,4.739336492890995
SAO CONRADO,2017,0,031,79,0.0
PRACA DA BANDEIRA,2017,1,032,93,10.752688172043012
TIJUCA,2017,8,033,1345,5.947955390334572
ALTO DA BOA VISTA,2017,2,034,109,18.34862385321101
MARACANA,2017,1,035,204,4.901960784313726
VILA ISABEL,2017,4,036,669,5.9790732436472345
ANDARAI,2017,0,037,372,0.0
GRAJAU,2017,1,038,342,2.923976608187134
MANGUINHOS,2017,4,039,484,8.264462809917356
BONSUCESSO,2017,3,040,583,5.145797598627787
RAMOS,2017,1,041,554,1.8050541516245489
OLARIA,2017,1,042,630,1.5873015873015872
PENHA,2017,6,043,903,6.644518272425249
PENHA CIRCULAR,2017,3,044,570,5.263157894736842
BRAS DE PINA,2017,4,045,607,6.589785831960461
CORDOVIL,2017,6,046,548,10.948905109489052
PARADA DE LUCAS,2017,0,047,316,0.0
VIGARIO GERAL,2017,7,048,530,13.20754716981132
JARDIM AMERICA,2017,2,049,396,5.050505050505051
HIGIENOPOLIS,2017,0,050,142,0.0
JACARE,2017,2,051,336,5.952380952380952
MARIA DA GRACA,2017,0,052,99,0.0
DEL CASTILHO,2017,2,053,282,7.092198581560283
INHAUMA,2017,3,054,691,4.341534008683069
ENGENHO DA RAINHA,2017,1,055,338,2.9585798816568047
TOMAS COELHO,2017,1,056,250,4.0
SAO FRANCISCO XAVIER,2017,1,057,81,12.345679012345679
ROCHA,2017,1,058,176,5.681818181818182
RIACHUELO,2017,0,059,92,0.0
SAMPAIO,2017,0,060,143,0.0
ENGENHO NOVO,2017,3,061,554,5.415162454873646
LINS DE VASCONCELOS,2017,4,062,457,8.752735229759299
MEIER,2017,1,063,395,2.5316455696202533
TODOS OS SANTOS,2017,0,064,194,0.0
CACHAMBI,2017,0,065,374,0.0
ENGENHO DE DENTRO,2017,9,066,599,15.025041736227045
AGUA SANTA,2017,0,067,69,0.0
ENCANTADO,2017,0,068,133,0.0
PIEDADE,2017,1,069,537,1.86219739292365
ABOLICAO,2017,1,070,118,8.474576271186441
PILARES,2017,1,071,311,3.215434083601286
VILA KOSMOS,2017,3,072,124,24.193548387096772
VICENTE DE CARVALHO,2017,0,073,360,0.0
VILA DA PENHA,2017,0,074,240,0.0
VISTA ALEGRE,2017,1,075,99,10.101010101010102
IRAJA,2017,4,076,1002,3.992015968063872
COLEGIO,2017,2,077,435,4.597701149425287
CAMPINHO,2017,0,078,164,0.0
QUINTINO BOCAIUVA,2017,1,079,353,2.8328611898017
CAVALCANTE,2017,1,080,213,4.694835680751174
ENGENHEIRO LEAL,2017,1,081,65,15.384615384615385
CASCADURA,2017,3,082,446,6.72645739910314
MADUREIRA,2017,5,083,665,7.518796992481203
VAZ LOBO,2017,2,084,211,9.47867298578199
TURIACU,2017,3,085,221,13.574660633484163
ROCHA MIRANDA,2017,3,086,545,5.5045871559633035
HONORIO GURGEL,2017,5,087,345,14.492753623188406
OSWALDO CRUZ,2017,3,088,369,8.130081300813009
BENTO RIBEIRO,2017,3,089,484,6.198347107438017
MARECHAL HERMES,2017,6,090,524,11.450381679389313
RIBEIRA,2017,0,091,34,0.0
CACUIA,2017,0,093,127,0.0
PITANGUEIRAS,2017,0,094,140,0.0
PRAIA DA BANDEIRA,2017,1,095,54,18.51851851851852
COCOTA,2017,0,096,72,0.0
BANCARIOS,2017,1,097,162,6.172839506172839
FREGUESIA-ILHA,2017,0,098,247,0.0
JARDIM GUANABARA,2017,1,099,228,4.385964912280701
JARDIM CARIOCA,2017,1,100,270,3.7037037037037037
TAUA,2017,2,101,314,6.369426751592357
MONERO,2017,1,102,26,38.46153846153847
PORTUGUESA,2017,0,103,178,0.0
GALEAO,2017,0,104,331,0.0
CIDADE UNIVERSITARIA,2017,0,105,23,0.0
GUADALUPE,2017,3,106,618,4.854368932038835
ANCHIETA,2017,4,107,884,4.524886877828055
PARQUE ANCHIETA,2017,2,108,237,8.438818565400844
RICARDO ALBUQUERQUE,2017,5,109,349,14.326647564469916
COELHO NETO,2017,3,110,360,8.333333333333334
ACARI,2017,5,111,563,8.880994671403197
BARROS FILHO,2017,1,112,277,3.6101083032490977
COSTA BARROS,2017,6,113,614,9.771986970684038
PAVUNA,2017,9,114,1305,6.896551724137931
JACAREPAGUA,2017,11,115,2811,3.9131981501245106
ANIL,2017,1,116,432,2.314814814814815
GARDENIA AZUL,2017,2,117,591,3.3840947546531304
CIDADE DE DEUS,2017,6,118,847,7.083825265643448
CURICICA,2017,4,119,893,4.479283314669653
FREGUESIA-JPA,2017,3,120,795,3.7735849056603774
PECHINCHA,2017,0,121,493,0.0
TAQUARA,2017,7,122,1651,4.239854633555421
TANQUE,2017,2,123,545,3.669724770642202
PRACA SECA,2017,6,124,905,6.629834254143646
VILA VALQUEIRE,2017,1,125,395,2.5316455696202533
JOA,2017,0,126,2,0.0
ITANHANGA,2017,5,127,939,5.324813631522897
BARRA DA TIJUCA,2017,4,128,1431,2.795248078266946
CAMORIM,2017,0,129,92,0.0
VARGEM PEQUENA,2017,1,130,400,2.5
VARGEM GRANDE,2017,0,131,329,0.0
RECREIO BANDEIRANTES,2017,9,132,1337,6.731488406881077
DEODORO,2017,0,134,173,0.0
VILA MILITAR,2017,1,135,128,7.8125
CAMPO DOS AFONSOS,2017,0,136,19,0.0
JARDIM SULACAP,2017,0,137,186,0.0
MAGALHAES BASTOS,2017,1,138,257,3.8910505836575875
REALENGO,2017,12,139,2115,5.673758865248227
PADRE MIGUEL,2017,6,140,757,7.926023778071334
BANGU,2017,17,141,3357,5.0640452785224905
SENADOR CAMARA,2017,13,142,1422,9.142053445850914
SANTISSIMO,2017,3,143,772,3.8860103626943006
CAMPO GRANDE,2017,25,144,5244,4.767353165522502
SENADOR VASCONCELOS,2017,6,145,411,14.598540145985401
INHOAIBA,2017,7,146,1044,6.704980842911878
COSMOS,2017,9,147,1259,7.148530579825258
PACIENCIA,2017,10,148,1594,6.273525721455458
SANTA CRUZ,2017,14,149,3871,3.6166365280289328
SEPETIBA,2017,4,150,797,5.018820577164366
GUARATIBA,2017,12,151,2201,5.452067242162653
BARRA DE GUARATIBA,2017,1,152,76,13.157894736842104
PEDRA DE GUARATIBA,2017,2,153,424,4.716981132075471
ROCINHA,2017,4,154,1086,3.6832412523020257
JACAREZINHO,2017,4,155,266,15.037593984962406
COMPLEXO DO ALEMAO,2017,5,156,825,6.0606060606060606
COMPLEXO DA MARE,2017,12,157,1830,6.557377049180328
PARQUE COLUMBIA,2017,2,158,54,37.03703703703704
VASCO DA GAMA,2017,3,159,161,18.633540372670808
GERICINo,2017,0,160,16,0.0
LAPA,2017,0,161,0,
VILA KENNEDY,2017,0,162,1,0.0
ILHA DE GUARATIBA,2017,0,164,0,
BARRA OLIMPICA,2017,0,165,0,
ILHA DO GOVERNADOR - IGNORADO,2017,0,998,204,0.0
IGNORADO BAIRRO-MRJ,2017,2,999,78,25.64102564102564
,2017,125,,0,inf
SAUDE,2018,0,001,41,0.0
GAMBOA,2018,3,002,161,18.633540372670808
SANTO CRISTO,2018,0,003,215,0.0
CAJU,2018,1,004,438,2.28310502283105
CENTRO,2018,3,005,295,10.169491525423728
CATUMBI,2018,2,006,180,11.11111111111111
RIO COMPRIDO,2018,6,007,510,11.76470588235294
CIDADE NOVA,2018,0,008,66,0.0
ESTACIO,2018,2,009,287,6.968641114982578
SAO CRISTOVAO,2018,0,010,581,0.0
MANGUEIRA,2018,1,011,306,3.2679738562091503
BENFICA,2018,0,012,491,0.0
PAQUETA,2018,0,013,38,0.0
SANTA TERESA,2018,1,014,438,2.28310502283105
FLAMENGO,2018,0,015,351,0.0
GLORIA,2018,1,016,64,15.625
LARANJEIRAS,2018,0,017,388,0.0
CATETE,2018,1,018,225,4.444444444444445
COSME VELHO,2018,2,019,84,23.809523809523807
BOTAFOGO,2018,1,020,713,1.402524544179523
HUMAITA,2018,0,021,116,0.0
URCA,2018,0,022,68,0.0
LEME,2018,0,023,119,0.0
COPACABANA,2018,4,024,1035,3.864734299516908
IPANEMA,2018,2,025,313,6.3897763578274756
LEBLON,2018,0,026,345,0.0
LAGOA,2018,0,027,150,0.0
JARDIM BOTANICO,2018,0,028,171,0.0
GAVEA,2018,0,029,229,0.0
VIDIGAL,2018,1,030,236,4.237288135593221
SAO CONRADO,2018,0,031,98,0.0
PRACA DA BANDEIRA,2018,0,032,68,0.0
TIJUCA,2018,4,033,1384,2.890173410404624
ALTO DA BOA VISTA,2018,1,034,100,10.0
MARACANA,2018,2,035,231,8.658008658008658
VILA ISABEL,2018,5,036,665,7.518796992481203
ANDARAI,2018,2,037,369,5.420054200542006
GRAJAU,2018,2,038,329,6.079027355623101
MANGUINHOS,2018,5,039,484,10.330578512396695
BONSUCESSO,2018,2,040,613,3.2626427406199023
RAMOS,2018,1,041,633,1.5797788309636651
OLARIA,2018,4,042,599,6.67779632721202
PENHA,2018,5,043,840,5.952380952380952
PENHA CIRCULAR,2018,1,044,543,1.8416206261510129
BRAS DE PINA,2018,4,045,582,6.8728522336769755
CORDOVIL,2018,3,046,512,5.859375
PARADA DE LUCAS,2018,2,047,351,5.698005698005698
VIGARIO GERAL,2018,5,048,409,12.224938875305625
JARDIM AMERICA,2018,3,049,444,6.756756756756757
HIGIENOPOLIS,2018,1,050,144,6.944444444444444
JACARE,2018,0,051,155,0.0
MARIA DA GRACA,2018,1,052,82,12.195121951219512
DEL CASTILHO,2018,1,053,327,3.058103975535168
INHAUMA,2018,3,054,841,3.5671819262782405
ENGENHO DA RAINHA,2018,0,055,308,0.0
TOMAS COELHO,2018,2,056,254,7.874015748031496
SAO FRANCISCO XAVIER,2018,0,057,63,0.0
ROCHA,2018,1,058,146,6.8493150684931505
RIACHUELO,2018,1,059,102,9.803921568627452
SAMPAIO,2018,0,060,163,0.0
ENGENHO NOVO,2018,0,061,535,0.0
LINS DE VASCONCELOS,2018,1,062,469,2.1321961620469083
MEIER,2018,2,063,325,6.153846153846154
TODOS OS SANTOS,2018,3,064,165,18.18181818181818
CACHAMBI,2018,2,065,399,5.012531328320802
ENGENHO DE DENTRO,2018,2,066,556,3.5971223021582737
AGUA SANTA,2018,2,067,97,20.61855670103093
ENCANTADO,2018,1,068,153,6.5359477124183005
PIEDADE,2018,4,069,475,8.421052631578947
ABOLICAO,2018,0,070,85,0.0
PILARES,2018,1,071,307,3.257328990228013
VILA KOSMOS,2018,0,072,168,0.0
VICENTE DE CARVALHO,2018,2,073,324,6.172839506172839
VILA DA PENHA,2018,0,074,247,0.0
VISTA ALEGRE,2018,1,075,91,10.989010989010989
IRAJA,2018,7,076,1006,6.958250497017893
COLEGIO,2018,3,077,432,6.944444444444444
CAMPINHO,2018,2,078,159,12.578616352201259
QUINTINO BOCAIUVA,2018,6,079,346,17.341040462427745
CAVALCANTE,2018,1,080,225,4.444444444444445
ENGENHEIRO LEAL,2018,1,081,61,16.393442622950822
CASCADURA,2018,4,082,378,10.582010582010582
MADUREIRA,2018,3,083,588,5.1020408163265305
VAZ LOBO,2018,2,084,213,9.389671361502348
TURIACU,2018,1,085,192,5.208333333333333
ROCHA MIRANDA,2018,3,086,548,5.474452554744526
HONORIO GURGEL,2018,3,087,347,8.645533141210375
OSWALDO CRUZ,2018,2,088,358,5.58659217877095
BENTO RIBEIRO,2018,4,089,457,8.752735229759299
MARECHAL HERMES,2018,4,090,480,8.333333333333334
RIBEIRA,2018,0,091,28,0.0
CACUIA,2018,4,093,104,38.46153846153847
PITANGUEIRAS,2018,3,094,85,35.294117647058826
PRAIA DA BANDEIRA,2018,0,095,45,0.0
COCOTA,2018,0,096,66,0.0
BANCARIOS,2018,0,097,150,0.0
FREGUESIA-ILHA,2018,0,098,262,0.0
JARDIM GUANABARA,2018,2,099,212,9.433962264150942
JARDIM CARIOCA,2018,1,100,234,4.273504273504274
TAUA,2018,3,101,227,13.215859030837004
MONERO,2018,0,102,35,0.0
PORTUGUESA,2018,1,103,143,6.993006993006993
GALEAO,2018,3,104,271,11.07011070110701
CIDADE UNIVERSITARIA,2018,0,105,23,0.0
GUADALUPE,2018,7,106,650,10.769230769230768
ANCHIETA,2018,7,107,879,7.963594994311717
PARQUE ANCHIETA,2018,0,108,211,0.0
RICARDO ALBUQUERQUE,2018,4,109,370,10.81081081081081
COELHO NETO,2018,3,110,408,7.352941176470588
ACARI,2018,7,111,527,13.282732447817837
BARROS FILHO,2018,1,112,270,3.7037037037037037
COSTA BARROS,2018,2,113,678,2.949852507374631
PAVUNA,2018,10,114,1117,8.952551477170994
JACAREPAGUA,2018,21,115,2666,7.876969242310577
ANIL,2018,1,116,436,2.293577981651376
GARDENIA AZUL,2018,2,117,608,3.289473684210526
CIDADE DE DEUS,2018,6,118,833,7.202881152460984
CURICICA,2018,3,119,863,3.4762456546929315
FREGUESIA-JPA,2018,0,120,824,0.0
PECHINCHA,2018,1,121,451,2.2172949002217295
TAQUARA,2018,7,122,1544,4.533678756476683
TANQUE,2018,3,123,580,5.172413793103448
PRACA SECA,2018,5,124,814,6.142506142506142
VILA VALQUEIRE,2018,0,125,385,0.0
JOA,2018,0,126,5,0.0
ITANHANGA,2018,6,127,841,7.134363852556481
BARRA DA TIJUCA,2018,6,128,1353,4.434589800443459
CAMORIM,2018,0,129,101,0.0
VARGEM PEQUENA,2018,0,130,425,0.0
VARGEM GRANDE,2018,1,131,321,3.115264797507788
RECREIO BANDEIRANTES,2018,7,132,1425,4.912280701754386
DEODORO,2018,1,134,125,8.0
VILA MILITAR,2018,1,135,172,5.813953488372093
CAMPO DOS AFONSOS,2018,0,136,38,0.0
JARDIM SULACAP,2018,0,137,201,0.0
MAGALHAES BASTOS,2018,2,138,299,6.688963210702341
REALENGO,2018,6,139,2182,2.749770852428964
PADRE MIGUEL,2018,5,140,861,5.807200929152149
BANGU,2018,18,141,2955,6.091370558375634
SENADOR CAMARA,2018,7,142,1396,5.01432664756447
SANTISSIMO,2018,6,143,761,7.884362680683311
CAMPO GRANDE,2018,27,144,5046,5.35077288941736
SENADOR VASCONCELOS,2018,1,145,387,2.5839793281653747
INHOAIBA,2018,1,146,1028,0.9727626459143969
COSMOS,2018,2,147,1152,1.736111111111111
PACIENCIA,2018,9,148,1617,5.565862708719852
SANTA CRUZ,2018,30,149,3816,7.861635220125786
SEPETIBA,2018,1,150,833,1.2004801920768307
GUARATIBA,2018,18,151,2084,8.637236084452976
BARRA DE GUARATIBA,2018,2,152,65,30.76923076923077
PEDRA DE GUARATIBA,2018,0,153,564,0.0
ROCINHA,2018,6,154,950,6.315789473684211
JACAREZINHO,2018,1,155,414,2.4154589371980677
COMPLEXO DO ALEMAO,2018,2,156,509,3.929273084479371
COMPLEXO DA MARE,2018,10,157,1754,5.701254275940707
PARQUE COLUMBIA,2018,1,158,63,15.873015873015872
VASCO DA GAMA,2018,1,159,79,12.658227848101266
GERICINo,2018,0,160,1,0.0
LAPA,2018,1,161,60,16.666666666666668
VILA KENNEDY,2018,3,162,309,9.70873786407767
ILHA DE GUARATIBA,2018,0,164,0,
BARRA OLIMPICA,2018,0,165,0,
ILHA DO GOVERNADOR - IGNORADO,2018,0,998,368,0.0
IGNORADO BAIRRO-MRJ,2018,2,999,224,8.928571428571429
,2018,104,,0,inf
SAUDE,2019,1,001,51,19.607843137254903
GAMBOA,2019,0,002,154,0.0
SANTO CRISTO,2019,2,003,204,9.803921568627452
CAJU,2019,2,004,391,5.115089514066496
CENTRO,2019,1,005,325,3.076923076923077
CATUMBI,2019,1,006,210,4.761904761904763
RIO COMPRIDO,2019,3,007,495,6.0606060606060606
CIDADE NOVA,2019,0,008,73,0.0
ESTACIO,2019,1,009,233,4.291845493562231
SAO CRISTOVAO,2019,0,010,557,0.0
MANGUEIRA,2019,2,011,266,7.518796992481203
BENFICA,2019,3,012,542,5.535055350553505
PAQUETA,2019,0,013,50,0.0
SANTA TERESA,2019,3,014,399,7.518796992481203
FLAMENGO,2019,0,015,366,0.0
GLORIA,2019,1,016,141,7.092198581560283
LARANJEIRAS,2019,0,017,315,0.0
CATETE,2019,1,018,184,5.434782608695652
COSME VELHO,2019,0,019,67,0.0
BOTAFOGO,2019,1,020,663,1.5082956259426847
HUMAITA,2019,0,021,127,0.0
URCA,2019,0,022,43,0.0
LEME,2019,0,023,120,0.0
COPACABANA,2019,3,024,1059,2.8328611898017
IPANEMA,2019,1,025,275,3.6363636363636362
LEBLON,2019,1,026,315,3.1746031746031744
LAGOA,2019,1,027,146,6.8493150684931505
JARDIM BOTANICO,2019,0,028,140,0.0
GAVEA,2019,0,029,187,0.0
VIDIGAL,2019,0,030,202,0.0
SAO CONRADO,2019,3,031,110,27.27272727272727
PRACA DA BANDEIRA,2019,0,032,97,0.0
TIJUCA,2019,6,033,1311,4.576659038901602
ALTO DA BOA VISTA,2019,0,034,104,0.0
MARACANA,2019,0,035,188,0.0
VILA ISABEL,2019,3,036,559,5.366726296958855
ANDARAI,2019,2,037,280,7.142857142857142
GRAJAU,2019,2,038,313,6.3897763578274756
MANGUINHOS,2019,1,039,414,2.4154589371980677
BONSUCESSO,2019,0,040,885,0.0
RAMOS,2019,3,041,729,4.11522633744856
OLARIA,2019,3,042,522,5.747126436781609
PENHA,2019,6,043,914,6.564551422319474
PENHA CIRCULAR,2019,5,044,374,13.368983957219251
BRAS DE PINA,2019,3,045,476,6.302521008403361
CORDOVIL,2019,8,046,424,18.867924528301884
PARADA DE LUCAS,2019,1,047,318,3.1446540880503147
VIGARIO GERAL,2019,2,048,367,5.449591280653951
JARDIM AMERICA,2019,1,049,384,2.6041666666666665
HIGIENOPOLIS,2019,0,050,135,0.0
JACARE,2019,1,051,249,4.016064257028112
MARIA DA GRACA,2019,1,052,55,18.18181818181818
DEL CASTILHO,2019,1,053,305,3.278688524590164
INHAUMA,2019,3,054,778,3.8560411311053984
ENGENHO DA RAINHA,2019,2,055,284,7.042253521126761
TOMAS COELHO,2019,1,056,235,4.25531914893617
SAO FRANCISCO XAVIER,2019,1,057,63,15.873015873015872
ROCHA,2019,0,058,141,0.0
RIACHUELO,2019,0,059,99,0.0
SAMPAIO,2019,0,060,139,0.0
ENGENHO NOVO,2019,1,061,510,1.9607843137254901
LINS DE VASCONCELOS,2019,2,062,418,4.784688995215311
MEIER,2019,0,063,356,0.0
TODOS OS SANTOS,2019,0,064,137,0.0
CACHAMBI,2019,4,065,341,11.730205278592376
ENGENHO DE DENTRO,2019,0,066,515,0.0
AGUA SANTA,2019,1,067,79,12.658227848101266
ENCANTADO,2019,1,068,109,9.174311926605505
PIEDADE,2019,6,069,437,13.729977116704804
ABOLICAO,2019,1,070,113,8.849557522123893
PILARES,2019,4,071,317,12.618296529968454
VILA KOSMOS,2019,0,072,101,0.0
VICENTE DE CARVALHO,2019,4,073,303,13.201320132013201
VILA DA PENHA,2019,2,074,317,6.309148264984227
VISTA ALEGRE,2019,0,075,120,0.0
IRAJA,2019,9,076,923,9.750812567713975
COLEGIO,2019,4,077,351,11.396011396011396
CAMPINHO,2019,2,078,171,11.695906432748536
QUINTINO BOCAIUVA,2019,1,079,273,3.663003663003663
CAVALCANTE,2019,5,080,194,25.773195876288657
ENGENHEIRO LEAL,2019,0,081,71,0.0
CASCADURA,2019,2,082,378,5.291005291005291
MADUREIRA,2019,1,083,626,1.5974440894568689
VAZ LOBO,2019,2,084,207,9.66183574879227
TURIACU,2019,3,085,149,20.13422818791946
ROCHA MIRANDA,2019,4,086,452,8.849557522123893
HONORIO GURGEL,2019,5,087,281,17.793594306049823
OSWALDO CRUZ,2019,3,088,306,9.803921568627452
BENTO RIBEIRO,2019,1,089,417,2.398081534772182
MARECHAL HERMES,2019,3,090,413,7.263922518159807
RIBEIRA,2019,0,091,25,0.0
CACUIA,2019,2,093,95,21.052631578947366
PITANGUEIRAS,2019,1,094,97,10.309278350515465
PRAIA DA BANDEIRA,2019,0,095,29,0.0
COCOTA,2019,1,096,77,12.987012987012989
BANCARIOS,2019,0,097,146,0.0
FREGUESIA-ILHA,2019,1,098,191,5.235602094240838
JARDIM GUANABARA,2019,1,099,209,4.784688995215311
JARDIM CARIOCA,2019,0,100,226,0.0
TAUA,2019,4,101,236,16.949152542372882
MONERO,2019,0,102,29,0.0
PORTUGUESA,2019,1,103,176,5.681818181818182
GALEAO,2019,4,104,332,12.048192771084338
CIDADE UNIVERSITARIA,2019,0,105,26,0.0
GUADALUPE,2019,4,106,599,6.67779632721202
ANCHIETA,2019,2,107,943,2.1208907741251326
PARQUE ANCHIETA,2019,0,108,169,0.0
RICARDO ALBUQUERQUE,2019,8,109,330,24.242424242424242
COELHO NETO,2019,3,110,382,7.853403141361256
ACARI,2019,3,111,410,7.317073170731708
BARROS FILHO,2019,2,112,235,8.51063829787234
COSTA BARROS,2019,0,113,552,0.0
PAVUNA,2019,6,114,1033,5.808325266214908
JACAREPAGUA,2019,23,115,2241,10.263275323516288
ANIL,2019,1,116,420,2.3809523809523814
GARDENIA AZUL,2019,1,117,554,1.8050541516245489
CIDADE DE DEUS,2019,1,118,720,1.3888888888888888
CURICICA,2019,3,119,899,3.3370411568409346
FREGUESIA-JPA,2019,4,120,730,5.47945205479452
PECHINCHA,2019,2,121,423,4.7281323877068555
TAQUARA,2019,1,122,1567,0.6381620931716656
TANQUE,2019,0,123,471,0.0
PRACA SECA,2019,6,124,713,8.415147265077138
VILA VALQUEIRE,2019,1,125,327,3.058103975535168
JOA,2019,0,126,5,0.0
ITANHANGA,2019,9,127,763,11.795543905635649
BARRA DA TIJUCA,2019,4,128,1343,2.9784065524944157
CAMORIM,2019,0,129,134,0.0
VARGEM PEQUENA,2019,2,130,384,5.208333333333333
VARGEM GRANDE,2019,2,131,288,6.944444444444444
RECREIO BANDEIRANTES,2019,3,132,1457,2.0590253946465342
DEODORO,2019,0,134,136,0.0
VILA MILITAR,2019,0,135,107,0.0
CAMPO DOS AFONSOS,2019,0,136,18,0.0
JARDIM SULACAP,2019,0,137,197,0.0
MAGALHAES BASTOS,2019,1,138,270,3.7037037037037037
REALENGO,2019,11,139,2041,5.3895149436550716
PADRE MIGUEL,2019,5,140,771,6.485084306095979
BANGU,2019,13,141,2744,4.737609329446064
SENADOR CAMARA,2019,7,142,1193,5.86756077116513
SANTISSIMO,2019,4,143,717,5.578800557880055
CAMPO GRANDE,2019,29,144,4851,5.978148835291693
SENADOR VASCONCELOS,2019,2,145,306,6.5359477124183005
INHOAIBA,2019,7,146,929,7.534983853606028
COSMOS,2019,3,147,1091,2.749770852428964
PACIENCIA,2019,15,148,1386,10.822510822510822
SANTA CRUZ,2019,23,149,3737,6.154669521006155
SEPETIBA,2019,4,150,802,4.987531172069826
GUARATIBA,2019,17,151,1851,9.184224743381955
BARRA DE GUARATIBA,2019,0,152,58,0.0
PEDRA DE GUARATIBA,2019,2,153,555,3.6036036036036037
ROCINHA,2019,4,154,880,4.545454545454545
JACAREZINHO,2019,2,155,277,7.220216606498195
COMPLEXO DO ALEMAO,2019,3,156,427,7.02576112412178
COMPLEXO DA MARE,2019,10,157,1259,7.942811755361397
PARQUE COLUMBIA,2019,0,158,57,0.0
VASCO DA GAMA,2019,1,159,38,26.31578947368421
GERICINo,2019,0,160,3,0.0
LAPA,2019,0,161,33,0.0
VILA KENNEDY,2019,1,162,222,4.504504504504505
ILHA DE GUARATIBA,2019,0,164,0,
BARRA OLIMPICA,2019,0,165,0,
ILHA DO GOVERNADOR - IGNORADO,2019,0,998,282,0.0
IGNORADO BAIRRO-MRJ,2019,2,999,298,6.7114093959731544
,2019,103,,0,inf
SAUDE,2020,0,001,37,0.0
GAMBOA,2020,1,002,154,6.493506493506494
SANTO CRISTO,2020,2,003,173,11.560693641618496
CAJU,2020,2,004,347,5.763688760806916
CENTRO,2020,0,005,271,0.0
CATUMBI,2020,2,006,171,11.695906432748536
RIO COMPRIDO,2020,3,007,416,7.211538461538462
CIDADE NOVA,2020,0,008,53,0.0
ESTACIO,2020,0,009,206,0.0
SAO CRISTOVAO,2020,2,010,505,3.9603960396039604
MANGUEIRA,2020,0,011,239,0.0
BENFICA,2020,0,012,426,0.0
PAQUETA,2020,0,013,31,0.0
SANTA TERESA,2020,4,014,388,10.309278350515465
FLAMENGO,2020,2,015,279,7.168458781362007
GLORIA,2020,0,016,78,0.0
LARANJEIRAS,2020,1,017,273,3.663003663003663
CATETE,2020,0,018,175,0.0
COSME VELHO,2020,0,019,92,0.0
BOTAFOGO,2020,4,020,584,6.8493150684931505
HUMAITA,2020,0,021,96,0.0
URCA,2020,0,022,58,0.0
LEME,2020,0,023,118,0.0
COPACABANA,2020,2,024,872,2.293577981651376
IPANEMA,2020,0,025,254,0.0
LEBLON,2020,2,026,287,6.968641114982578
LAGOA,2020,1,027,148,6.756756756756757
JARDIM BOTANICO,2020,2,028,122,16.393442622950822
GAVEA,2020,1,029,147,6.802721088435374
VIDIGAL,2020,1,030,174,5.747126436781609
SAO CONRADO,2020,0,031,78,0.0
PRACA DA BANDEIRA,2020,0,032,74,0.0
TIJUCA,2020,3,033,1118,2.6833631484794274
ALTO DA BOA VISTA,2020,0,034,92,0.0
MARACANA,2020,0,035,173,0.0
VILA ISABEL,2020,1,036,597,1.6750418760469012
ANDARAI,2020,5,037,296,16.89189189189189
GRAJAU,2020,0,038,252,0.0
MANGUINHOS,2020,2,039,441,4.535147392290249
BONSUCESSO,2020,4,040,796,5.025125628140704
RAMOS,2020,2,041,844,2.3696682464454977
OLARIA,2020,3,042,483,6.211180124223602
PENHA,2020,9,043,819,10.989010989010989
PENHA CIRCULAR,2020,3,044,418,7.177033492822967
BRAS DE PINA,2020,4,045,459,8.71459694989107
CORDOVIL,2020,4,046,424,9.433962264150942
PARADA DE LUCAS,2020,4,047,280,14.285714285714285
VIGARIO GERAL,2020,1,048,351,2.849002849002849
JARDIM AMERICA,2020,2,049,353,5.6657223796034
HIGIENOPOLIS,2020,0,050,118,0.0
JACARE,2020,0,051,332,0.0
MARIA DA GRACA,2020,0,052,50,0.0
DEL CASTILHO,2020,0,053,249,0.0
INHAUMA,2020,2,054,850,2.352941176470588
ENGENHO DA RAINHA,2020,1,055,267,3.745318352059925
TOMAS COELHO,2020,0,056,256,0.0
SAO FRANCISCO XAVIER,2020,0,057,60,0.0
ROCHA,2020,0,058,158,0.0
RIACHUELO,2020,0,059,94,0.0
SAMPAIO,2020,1,060,125,8.0
ENGENHO NOVO,2020,4,061,464,8.620689655172413
LINS DE VASCONCELOS,2020,5,062,398,12.56281407035176
MEIER,2020,0,063,246,0.0
TODOS OS SANTOS,2020,0,064,144,0.0
CACHAMBI,2020,1,065,330,3.0303030303030303
ENGENHO DE DENTRO,2020,4,066,494,8.097165991902834
AGUA SANTA,2020,1,067,69,14.492753623188406
ENCANTADO,2020,0,068,108,0.0
PIEDADE,2020,0,069,421,0.0
ABOLICAO,2020,0,070,80,0.0
PILARES,2020,0,071,252,0.0
VILA KOSMOS,2020,0,072,126,0.0
VICENTE DE CARVALHO,2020,1,073,239,4.184100418410042
VILA DA PENHA,2020,1,074,241,4.149377593360996
VISTA ALEGRE,2020,1,075,84,11.904761904761903
IRAJA,2020,1,076,847,1.1806375442739079
COLEGIO,2020,3,077,346,8.670520231213873
CAMPINHO,2020,0,078,144,0.0
QUINTINO BOCAIUVA,2020,1,079,270,3.7037037037037037
CAVALCANTE,2020,1,080,192,5.208333333333333
ENGENHEIRO LEAL,2020,1,081,75,13.333333333333334
CASCADURA,2020,2,082,329,6.079027355623101
MADUREIRA,2020,2,083,543,3.6832412523020257
VAZ LOBO,2020,2,084,198,10.101010101010102
TURIACU,2020,1,085,171,5.847953216374268
ROCHA MIRANDA,2020,1,086,422,2.3696682464454977
HONORIO GURGEL,2020,1,087,255,3.9215686274509802
OSWALDO CRUZ,2020,1,088,268,3.7313432835820897
BENTO RIBEIRO,2020,3,089,414,7.246376811594203
MARECHAL HERMES,2020,5,090,443,11.286681715575622
RIBEIRA,2020,0,091,31,0.0
CACUIA,2020,1,093,107,9.345794392523365
PITANGUEIRAS,2020,2,094,80,25.0
PRAIA DA BANDEIRA,2020,1,095,33,30.303030303030305
COCOTA,2020,0,096,73,0.0
BANCARIOS,2020,2,097,159,12.578616352201259
FREGUESIA-ILHA,2020,1,098,191,5.235602094240838
JARDIM GUANABARA,2020,2,099,175,11.428571428571429
JARDIM CARIOCA,2020,1,100,237,4.219409282700422
TAUA,2020,4,101,216,18.51851851851852
MONERO,2020,0,102,28,0.0
PORTUGUESA,2020,0,103,147,0.0
GALEAO,2020,3,104,350,8.571428571428571
CIDADE UNIVERSITARIA,2020,0,105,10,0.0
GUADALUPE,2020,2,106,522,3.8314176245210727
ANCHIETA,2020,9,107,826,10.895883777239709
PARQUE ANCHIETA,2020,1,108,208,4.807692307692308
RICARDO ALBUQUERQUE,2020,0,109,310,0.0
COELHO NETO,2020,2,110,315,6.349206349206349
ACARI,2020,0,111,407,0.0
BARROS FILHO,2020,1,112,253,3.952569169960474
COSTA BARROS,2020,1,113,650,1.5384615384615385
PAVUNA,2020,6,114,984,6.097560975609756
JACAREPAGUA,2020,9,115,2413,3.7297969332780774
ANIL,2020,1,116,444,2.2522522522522523
GARDENIA AZUL,2020,3,117,561,5.347593582887701
CIDADE DE DEUS,2020,6,118,762,7.874015748031496
CURICICA,2020,8,119,682,11.730205278592376
FREGUESIA-JPA,2020,1,120,708,1.4124293785310735
PECHINCHA,2020,0,121,426,0.0
TAQUARA,2020,5,122,1489,3.3579583613163195
TANQUE,2020,3,123,478,6.2761506276150625
PRACA SECA,2020,3,124,664,4.518072289156627
VILA VALQUEIRE,2020,2,125,301,6.644518272425249
JOA,2020,0,126,4,0.0
ITANHANGA,2020,7,127,709,9.873060648801129
BARRA DA TIJUCA,2020,2,128,1229,1.6273393002441008
CAMORIM,2020,1,129,89,11.235955056179774
VARGEM PEQUENA,2020,4,130,426,9.389671361502348
VARGEM GRANDE,2020,2,131,318,6.289308176100629
RECREIO BANDEIRANTES,2020,4,132,1405,2.8469750889679717
DEODORO,2020,0,134,135,0.0
VILA MILITAR,2020,1,135,150,6.666666666666667
CAMPO DOS AFONSOS,2020,0,136,30,0.0
JARDIM SULACAP,2020,0,137,198,0.0
MAGALHAES BASTOS,2020,1,138,242,4.132231404958678
REALENGO,2020,10,139,1969,5.078720162519045
PADRE MIGUEL,2020,0,140,635,0.0
BANGU,2020,16,141,2676,5.9790732436472345
SENADOR CAMARA,2020,16,142,1308,12.232415902140673
SANTISSIMO,2020,6,143,717,8.368200836820083
CAMPO GRANDE,2020,25,144,4561,5.481254110940584
SENADOR VASCONCELOS,2020,9,145,339,26.548672566371682
INHOAIBA,2020,13,146,920,14.130434782608695
COSMOS,2020,9,147,1173,7.672634271099745
PACIENCIA,2020,7,148,1437,4.8712595685455815
SANTA CRUZ,2020,28,149,3472,8.064516129032258
SEPETIBA,2020,5,150,797,6.273525721455458
GUARATIBA,2020,14,151,1934,7.238883143743537
BARRA DE GUARATIBA,2020,0,152,79,0.0
PEDRA DE GUARATIBA,2020,1,153,462,2.1645021645021645
ROCINHA,2020,3,154,814,3.6855036855036856
JACAREZINHO,2020,2,155,205,9.75609756097561
COMPLEXO DO ALEMAO,2020,6,156,151,39.735099337748345
COMPLEXO DA MARE,2020,9,157,1185,7.594936708860759
PARQUE COLUMBIA,2020,1,158,41,24.390243902439025
VASCO DA GAMA,2020,1,159,62,16.129032258064516
GERICINo,2020,0,160,1,0.0
LAPA,2020,0,161,49,0.0
VILA KENNEDY,2020,2,162,233,8.583690987124463
ILHA DE GUARATIBA,2020,0,164,0,
BARRA OLIMPICA,2020,0,165,0,
ILHA DO GOVERNADOR - IGNORADO,2020,0,998,129,0.0
IGNORADO BAIRRO-MRJ,2020,1,999,175,5.714285714285714
,2020,110,,0,inf
SAUDE,2021,0,001,32,0.0
GAMBOA,2021,0,002,156,0.0
SANTO CRISTO,2021,0,003,174,0.0
CAJU,2021,1,004,337,2.967359050445104
CENTRO,2021,1,005,251,3.9840637450199203
CATUMBI,2021,0,006,181,0.0
RIO COMPRIDO,2021,2,007,384,5.208333333333333
CIDADE NOVA,2021,0,008,60,0.0
ESTACIO,2021,4,009,197,20.30456852791878
SAO CRISTOVAO,2021,1,010,440,2.2727272727272725
MANGUEIRA,2021,4,011,254,15.748031496062993
BENFICA,2021,3,012,374,8.02139037433155
PAQUETA,2021,0,013,42,0.0
SANTA TERESA,2021,1,014,367,2.7247956403269753
FLAMENGO,2021,0,015,263,0.0
GLORIA,2021,0,016,69,0.0
LARANJEIRAS,2021,1,017,280,3.571428571428571
CATETE,2021,0,018,160,0.0
COSME VELHO,2021,1,019,75,13.333333333333334
BOTAFOGO,2021,3,020,571,5.253940455341506
HUMAITA,2021,0,021,84,0.0
URCA,2021,0,022,47,0.0
LEME,2021,1,023,95,10.526315789473683
COPACABANA,2021,2,024,865,2.3121387283236996
IPANEMA,2021,0,025,291,0.0
LEBLON,2021,2,026,267,7.49063670411985
LAGOA,2021,0,027,128,0.0
JARDIM BOTANICO,2021,0,028,112,0.0
GAVEA,2021,0,029,171,0.0
VIDIGAL,2021,1,030,169,5.9171597633136095
SAO CONRADO,2021,0,031,76,0.0
PRACA DA BANDEIRA,2021,0,032,70,0.0
TIJUCA,2021,3,033,998,3.006012024048096
ALTO DA BOA VISTA,2021,0,034,102,0.0
MARACANA,2021,0,035,154,0.0
VILA ISABEL,2021,2,036,533,3.75234521575985
ANDARAI,2021,1,037,239,4.184100418410042
GRAJAU,2021,1,038,231,4.329004329004329
MANGUINHOS,2021,2,039,385,5.194805194805195
BONSUCESSO,2021,1,040,584,1.7123287671232876
RAMOS,2021,5,041,642,7.788161993769471
OLARIA,2021,1,042,474,2.109704641350211
PENHA,2021,6,043,714,8.403361344537815
PENHA CIRCULAR,2021,1,044,383,2.6109660574412534
BRAS DE PINA,2021,3,045,452,6.6371681415929205
CORDOVIL,2021,3,046,422,7.109004739336492
PARADA DE LUCAS,2021,2,047,312,6.41025641025641
VIGARIO GERAL,2021,4,048,422,9.47867298578199
JARDIM AMERICA,2021,0,049,306,0.0
HIGIENOPOLIS,2021,1,050,111,9.00900900900901
JACARE,2021,1,051,316,3.1645569620253164
MARIA DA GRACA,2021,0,052,63,0.0
DEL CASTILHO,2021,3,053,264,11.363636363636363
INHAUMA,2021,2,054,784,2.5510204081632653
ENGENHO DA RAINHA,2021,1,055,253,3.952569169960474
TOMAS COELHO,2021,1,056,256,3.90625
SAO FRANCISCO XAVIER,2021,0,057,55,0.0
ROCHA,2021,1,058,156,6.41025641025641
RIACHUELO,2021,0,059,77,0.0
SAMPAIO,2021,0,060,121,0.0
ENGENHO NOVO,2021,4,061,436,9.174311926605505
LINS DE VASCONCELOS,2021,2,062,375,5.333333333333333
MEIER,2021,2,063,259,7.722007722007723
TODOS OS SANTOS,2021,0,064,146,0.0
CACHAMBI,2021,1,065,316,3.1645569620253164
ENGENHO DE DENTRO,2021,1,066,424,2.3584905660377355
AGUA SANTA,2021,1,067,60,16.666666666666668
ENCANTADO,2021,0,068,96,0.0
PIEDADE,2021,2,069,368,5.434782608695652
ABOLICAO,2021,1,070,92,10.869565217391305
PILARES,2021,5,071,231,21.645021645021643
VILA KOSMOS,2021,0,072,123,0.0
VICENTE DE CARVALHO,2021,1,073,222,4.504504504504505
VILA DA PENHA,2021,4,074,182,21.978021978021978
VISTA ALEGRE,2021,1,075,58,17.241379310344826
IRAJA,2021,3,076,847,3.541912632821724
COLEGIO,2021,2,077,354,5.649717514124294
CAMPINHO,2021,0,078,113,0.0
QUINTINO BOCAIUVA,2021,0,079,235,0.0
CAVALCANTE,2021,0,080,163,0.0
ENGENHEIRO LEAL,2021,0,081,61,0.0
CASCADURA,2021,2,082,294,6.802721088435374
MADUREIRA,2021,5,083,469,10.660980810234541
VAZ LOBO,2021,1,084,189,5.291005291005291
TURIACU,2021,0,085,146,0.0
ROCHA MIRANDA,2021,1,086,444,2.2522522522522523
HONORIO GURGEL,2021,1,087,222,4.504504504504505
OSWALDO CRUZ,2021,0,088,286,0.0
BENTO RIBEIRO,2021,4,089,350,11.428571428571429
MARECHAL HERMES,2021,2,090,418,4.784688995215311
RIBEIRA,2021,0,091,21,0.0
CACUIA,2021,1,093,83,12.048192771084338
PITANGUEIRAS,2021,1,094,90,11.11111111111111
PRAIA DA BANDEIRA,2021,0,095,40,0.0
COCOTA,2021,1,096,70,14.285714285714285
BANCARIOS,2021,0,097,139,0.0
FREGUESIA-ILHA,2021,2,098,255,7.8431372549019605
JARDIM GUANABARA,2021,1,099,200,5.0
JARDIM CARIOCA,2021,0,100,215,0.0
TAUA,2021,1,101,262,3.8167938931297707
MONERO,2021,0,102,30,0.0
PORTUGUESA,2021,0,103,160,0.0
GALEAO,2021,1,104,365,2.73972602739726
CIDADE UNIVERSITARIA,2021,0,105,15,0.0
GUADALUPE,2021,1,106,501,1.996007984031936
ANCHIETA,2021,3,107,694,4.322766570605188
PARQUE ANCHIETA,2021,1,108,198,5.050505050505051
RICARDO ALBUQUERQUE,2021,1,109,311,3.215434083601286
COELHO NETO,2021,1,110,302,3.3112582781456954
ACARI,2021,4,111,398,10.050251256281408
BARROS FILHO,2021,2,112,224,8.928571428571429
COSTA BARROS,2021,6,113,538,11.152416356877323
PAVUNA,2021,10,114,925,10.81081081081081
JACAREPAGUA,2021,11,115,2546,4.32050274941084
ANIL,2021,4,116,387,10.335917312661499
GARDENIA AZUL,2021,4,117,461,8.676789587852495
CIDADE DE DEUS,2021,4,118,653,6.1255742725880555
CURICICA,2021,2,119,642,3.115264797507788
FREGUESIA-JPA,2021,2,120,619,3.2310177705977385
PECHINCHA,2021,2,121,363,5.5096418732782375
TAQUARA,2021,9,122,1291,6.971340046475601
TANQUE,2021,2,123,442,4.524886877828055
PRACA SECA,2021,5,124,669,7.473841554559043
VILA VALQUEIRE,2021,1,125,264,3.787878787878788
JOA,2021,0,126,11,0.0
ITANHANGA,2021,7,127,762,9.186351706036746
BARRA DA TIJUCA,2021,3,128,1196,2.508361204013378
CAMORIM,2021,1,129,85,11.76470588235294
VARGEM PEQUENA,2021,0,130,391,0.0
VARGEM GRANDE,2021,1,131,248,4.032258064516129
RECREIO BANDEIRANTES,2021,1,132,1375,0.7272727272727272
DEODORO,2021,0,134,132,0.0
VILA MILITAR,2021,2,135,151,13.245033112582782
CAMPO DOS AFONSOS,2021,1,136,29,34.48275862068965
JARDIM SULACAP,2021,1,137,174,5.747126436781609
MAGALHAES BASTOS,2021,1,138,205,4.878048780487805
REALENGO,2021,13,139,1877,6.925945657964838
PADRE MIGUEL,2021,3,140,604,4.966887417218543
BANGU,2021,16,141,2569,6.228104320747372
SENADOR CAMARA,2021,11,142,1203,9.14380714879468
SANTISSIMO,2021,2,143,662,3.0211480362537766
CAMPO GRANDE,2021,24,144,4155,5.776173285198555
SENADOR VASCONCELOS,2021,2,145,342,5.847953216374268
INHOAIBA,2021,5,146,931,5.370569280343717
COSMOS,2021,12,147,1142,10.507880910683012
PACIENCIA,2021,12,148,1410,8.51063829787234
SANTA CRUZ,2021,27,149,3430,7.871720116618075
SEPETIBA,2021,4,150,749,5.34045393858478
GUARATIBA,2021,15,151,1906,7.869884575026232
BARRA DE GUARATIBA,2021,0,152,71,0.0
PEDRA DE GUARATIBA,2021,2,153,436,4.587155963302752
ROCINHA,2021,7,154,714,9.803921568627452
JACAREZINHO,2021,0,155,208,0.0
COMPLEXO DO ALEMAO,2021,1,156,213,4.694835680751174
COMPLEXO DA MARE,2021,7,157,1384,5.057803468208093
PARQUE COLUMBIA,2021,0,158,56,0.0
VASCO DA GAMA,2021,0,159,82,0.0
GERICINo,2021,0,160,12,0.0
LAPA,2021,1,161,34,29.41176470588235
VILA KENNEDY,2021,3,162,101,29.7029702970297
ILHA DE GUARATIBA,2021,0,164,0,
BARRA OLIMPICA,2021,0,165,0,
ILHA DO GOVERNADOR - IGNORADO,2021,0,998,69,0.0
IGNORADO BAIRRO-MRJ,2021,4,999,62,64.51612903225806
,2021,85,,0,inf
SAUDE,2022,1,001,40,25.0
GAMBOA,2022,3,002,131,22.900763358778626
SANTO CRISTO,2022,2,003,151,13.245033112582782
CAJU,2022,5,004,331,15.105740181268883
CENTRO,2022,4,005,244,16.393442622950822
CATUMBI,2022,3,006,148,20.27027027027027
RIO COMPRIDO,2022,1,007,398,2.512562814070352
CIDADE NOVA,2022,1,008,46,21.73913043478261
ESTACIO,2022,1,009,178,5.617977528089887
SAO CRISTOVAO,2022,1,010,438,2.28310502283105
MANGUEIRA,2022,2,011,235,8.51063829787234
BENFICA,2022,3,012,321,9.345794392523365
PAQUETA,2022,1,013,33,30.303030303030305
SANTA TERESA,2022,1,014,352,2.840909090909091
FLAMENGO,2022,1,015,304,3.289473684210526
GLORIA,2022,0,016,44,0.0
LARANJEIRAS,2022,1,017,285,3.5087719298245617
CATETE,2022,1,018,174,5.747126436781609
COSME VELHO,2022,0,019,65,0.0
BOTAFOGO,2022,2,020,573,3.4904013961605584
HUMAITA,2022,0,021,87,0.0
URCA,2022,2,022,53,37.73584905660377
LEME,2022,0,023,104,0.0
COPACABANA,2022,5,024,874,5.720823798627002
IPANEMA,2022,1,025,252,3.968253968253968
LEBLON,2022,0,026,291,0.0
LAGOA,2022,0,027,138,0.0
JARDIM BOTANICO,2022,0,028,118,0.0
GAVEA,2022,0,029,167,0.0
VIDIGAL,2022,1,030,162,6.172839506172839
SAO CONRADO,2022,0,031,84,0.0
PRACA DA BANDEIRA,2022,0,032,60,0.0
TIJUCA,2022,6,033,1027,5.8422590068159685
ALTO DA BOA VISTA,2022,0,034,70,0.0
MARACANA,2022,1,035,161,6.211180124223602
VILA ISABEL,2022,1,036,479,2.08768267223382
ANDARAI,2022,1,037,269,3.717472118959108
GRAJAU,2022,2,038,234,8.547008547008549
MANGUINHOS,2022,2,039,391,5.115089514066496
BONSUCESSO,2022,1,040,742,1.3477088948787064
RAMOS,2022,2,041,861,2.3228803716608595
OLARIA,2022,4,042,492,8.130081300813009
PENHA,2022,2,043,715,2.797202797202797
PENHA CIRCULAR,2022,3,044,360,8.333333333333334
BRAS DE PINA,2022,2,045,417,4.796163069544364
CORDOVIL,2022,4,046,369,10.840108401084011
PARADA DE LUCAS,2022,1,047,280,3.571428571428571
VIGARIO GERAL,2022,2,048,371,5.3908355795148255
JARDIM AMERICA,2022,0,049,291,0.0
HIGIENOPOLIS,2022,2,050,114,17.543859649122805
JACARE,2022,0,051,296,0.0
MARIA DA GRACA,2022,1,052,71,14.084507042253522
DEL CASTILHO,2022,1,053,252,3.968253968253968
INHAUMA,2022,1,054,530,1.8867924528301887
ENGENHO DA RAINHA,2022,2,055,272,7.352941176470588
TOMAS COELHO,2022,0,056,230,0.0
SAO FRANCISCO XAVIER,2022,0,057,60,0.0
ROCHA,2022,1,058,187,5.347593582887701
RIACHUELO,2022,0,059,63,0.0
SAMPAIO,2022,1,060,128,7.8125
ENGENHO NOVO,2022,3,061,428,7.009345794392523
LINS DE VASCONCELOS,2022,3,062,345,8.695652173913043
MEIER,2022,1,063,242,4.132231404958678
TODOS OS SANTOS,2022,0,064,140,0.0
CACHAMBI,2022,1,065,306,3.2679738562091503
ENGENHO DE DENTRO,2022,2,066,393,5.089058524173028
AGUA SANTA,2022,0,067,69,0.0
ENCANTADO,2022,1,068,91,10.989010989010989
PIEDADE,2022,1,069,347,2.881844380403458
ABOLICAO,2022,0,070,98,0.0
PILARES,2022,2,071,229,8.73362445414847
VILA KOSMOS,2022,0,072,108,0.0
VICENTE DE CARVALHO,2022,0,073,235,0.0
VILA DA PENHA,2022,1,074,161,6.211180124223602
VISTA ALEGRE,2022,0,075,55,0.0
IRAJA,2022,7,076,829,8.443908323281061
COLEGIO,2022,4,077,350,11.428571428571429
CAMPINHO,2022,1,078,100,10.0
QUINTINO BOCAIUVA,2022,2,079,243,8.23045267489712
CAVALCANTE,2022,3,080,157,19.108280254777068
ENGENHEIRO LEAL,2022,1,081,66,15.151515151515152
CASCADURA,2022,3,082,304,9.868421052631579
MADUREIRA,2022,3,083,462,6.493506493506494
VAZ LOBO,2022,1,084,155,6.451612903225806
TURIACU,2022,0,085,154,0.0
ROCHA MIRANDA,2022,4,086,360,11.11111111111111
HONORIO GURGEL,2022,4,087,231,17.316017316017316
OSWALDO CRUZ,2022,1,088,244,4.0983606557377055
BENTO RIBEIRO,2022,1,089,301,3.3222591362126246
MARECHAL HERMES,2022,3,090,361,8.310249307479225
RIBEIRA,2022,0,091,21,0.0
CACUIA,2022,3,093,89,33.70786516853933
PITANGUEIRAS,2022,1,094,89,11.235955056179774
PRAIA DA BANDEIRA,2022,0,095,16,0.0
COCOTA,2022,0,096,52,0.0
BANCARIOS,2022,0,097,186,0.0
FREGUESIA-ILHA,2022,0,098,155,0.0
JARDIM GUANABARA,2022,2,099,194,10.309278350515465
JARDIM CARIOCA,2022,2,100,213,9.389671361502348
TAUA,2022,0,101,204,0.0
MONERO,2022,0,102,24,0.0
PORTUGUESA,2022,0,103,154,0.0
GALEAO,2022,1,104,347,2.881844380403458
CIDADE UNIVERSITARIA,2022,0,105,10,0.0
GUADALUPE,2022,0,106,481,0.0
ANCHIETA,2022,3,107,746,4.021447721179625
PARQUE ANCHIETA,2022,1,108,139,7.194244604316547
RICARDO ALBUQUERQUE,2022,1,109,286,3.4965034965034967
COELHO NETO,2022,4,110,284,14.084507042253522
ACARI,2022,2,111,407,4.914004914004914
BARROS FILHO,2022,1,112,187,5.347593582887701
COSTA BARROS,2022,2,113,540,3.7037037037037037
PAVUNA,2022,6,114,816,7.352941176470588
JACAREPAGUA,2022,14,115,1957,7.153806847215125
ANIL,2022,1,116,439,2.277904328018223
GARDENIA AZUL,2022,4,117,529,7.561436672967864
CIDADE DE DEUS,2022,4,118,591,6.768189509306261
CURICICA,2022,2,119,695,2.8776978417266186
FREGUESIA-JPA,2022,4,120,626,6.3897763578274756
PECHINCHA,2022,1,121,433,2.3094688221709005
TAQUARA,2022,8,122,1308,6.116207951070336
TANQUE,2022,3,123,381,7.874015748031496
PRACA SECA,2022,1,124,568,1.7605633802816902
VILA VALQUEIRE,2022,0,125,304,0.0
JOA,2022,0,126,8,0.0
ITANHANGA,2022,6,127,721,8.321775312066574
BARRA DA TIJUCA,2022,1,128,1210,0.8264462809917356
CAMORIM,2022,0,129,123,0.0
VARGEM PEQUENA,2022,2,130,365,5.47945205479452
VARGEM GRANDE,2022,3,131,302,9.933774834437086
RECREIO BANDEIRANTES,2022,6,132,1324,4.531722054380665
DEODORO,2022,0,134,157,0.0
VILA MILITAR,2022,1,135,90,11.11111111111111
CAMPO DOS AFONSOS,2022,0,136,31,0.0
JARDIM SULACAP,2022,1,137,200,5.0
MAGALHAES BASTOS,2022,3,138,228,13.157894736842104
REALENGO,2022,6,139,1690,3.5502958579881656
PADRE MIGUEL,2022,3,140,510,5.88235294117647
BANGU,2022,16,141,2461,6.50142218610321
SENADOR CAMARA,2022,4,142,1143,3.499562554680665
SANTISSIMO,2022,4,143,517,7.7369439071566735
CAMPO GRANDE,2022,22,144,3900,5.641025641025641
SENADOR VASCONCELOS,2022,1,145,306,3.2679738562091503
INHOAIBA,2022,5,146,824,6.067961165048543
COSMOS,2022,4,147,1071,3.734827264239029
PACIENCIA,2022,6,148,1251,4.796163069544364
SANTA CRUZ,2022,20,149,3151,6.34719136781974
SEPETIBA,2022,2,150,732,2.73224043715847
GUARATIBA,2022,16,151,1791,8.93355667225014
BARRA DE GUARATIBA,2022,0,152,83,0.0
PEDRA DE GUARATIBA,2022,2,153,482,4.149377593360996
ROCINHA,2022,6,154,735,8.16326530612245
JACAREZINHO,2022,0,155,170,0.0
COMPLEXO DO ALEMAO,2022,9,156,232,38.793103448275865
COMPLEXO DA MARE,2022,12,157,1033,11.616650532429816
PARQUE COLUMBIA,2022,0,158,20,0.0
VASCO DA GAMA,2022,2,159,19,105.26315789473684
GERICINo,2022,0,160,0,
LAPA,2022,1,161,15,66.66666666666667
VILA KENNEDY,2022,0,162,44,0.0
ILHA DE GUARATIBA,2022,0,164,0,
BARRA OLIMPICA,2022,0,165,0,
ILHA DO GOVERNADOR - IGNORADO,2022,0,998,4,0.0
IGNORADO BAIRRO-MRJ,2022,0,999,71,0.0
,2022,75,,7798,9.617850730956656
SAUDE,2023,1,001,40,25.0
GAMBOA,2023,4,002,125,32.0
SANTO CRISTO,2023,1,003,135,7.407407407407407
CAJU,2023,2,004,329,6.079027355623101
CENTRO,2023,1,005,200,5.0
CATUMBI,2023,1,006,127,7.874015748031496
RIO COMPRIDO,2023,3,007,343,8.746355685131196
CIDADE NOVA,2023,1,008,41,24.390243902439025
ESTACIO,2023,4,009,175,22.857142857142858
SAO CRISTOVAO,2023,1,010,312,3.205128205128205
MANGUEIRA,2023,0,011,228,0.0
BENFICA,2023,3,012,408,7.352941176470588
PAQUETA,2023,0,013,25,0.0
SANTA TERESA,2023,0,014,313,0.0
FLAMENGO,2023,0,015,268,0.0
GLORIA,2023,0,016,57,0.0
LARANJEIRAS,2023,1,017,257,3.8910505836575875
CATETE,2023,0,018,169,0.0
COSME VELHO,2023,0,019,51,0.0
BOTAFOGO,2023,1,020,534,1.8726591760299625
HUMAITA,2023,1,021,73,13.698630136986301
URCA,2023,0,022,42,0.0
LEME,2023,0,023,90,0.0
COPACABANA,2023,2,024,866,2.3094688221709005
IPANEMA,2023,0,025,260,0.0
LEBLON,2023,1,026,259,3.8610038610038613
LAGOA,2023,0,027,117,0.0
JARDIM BOTANICO,2023,0,028,110,0.0
GAVEA,2023,0,029,165,0.0
VIDIGAL,2023,0,030,191,0.0
SAO CONRADO,2023,0,031,56,0.0
PRACA DA BANDEIRA,2023,2,032,62,32.25806451612903
TIJUCA,2023,3,033,1042,2.8790786948176583
ALTO DA BOA VISTA,2023,0,034,99,0.0
MARACANA,2023,1,035,143,6.993006993006993
VILA ISABEL,2023,3,036,460,6.521739130434782
ANDARAI,2023,2,037,237,8.438818565400844
GRAJAU,2023,2,038,222,9.00900900900901
MANGUINHOS,2023,3,039,348,8.620689655172413
BONSUCESSO,2023,2,040,397,5.037783375314861
RAMOS,2023,4,041,507,7.889546351084813
OLARIA,2023,3,042,403,7.444168734491315
PENHA,2023,4,043,651,6.1443932411674345
PENHA CIRCULAR,2023,2,044,399,5.012531328320802
BRAS DE PINA,2023,0,045,390,0.0
CORDOVIL,2023,6,046,365,16.43835616438356
PARADA DE LUCAS,2023,2,047,273,7.326007326007326
VIGARIO GERAL,2023,2,048,390,5.128205128205129
JARDIM AMERICA,2023,1,049,283,3.5335689045936394
HIGIENOPOLIS,2023,0,050,102,0.0
JACARE,2023,0,051,165,0.0
MARIA DA GRACA,2023,1,052,58,17.241379310344826
DEL CASTILHO,2023,0,053,231,0.0
INHAUMA,2023,4,054,573,6.980802792321117
ENGENHO DA RAINHA,2023,0,055,248,0.0
TOMAS COELHO,2023,2,056,230,8.695652173913043
SAO FRANCISCO XAVIER,2023,0,057,49,0.0
ROCHA,2023,0,058,155,0.0
RIACHUELO,2023,1,059,76,13.157894736842104
SAMPAIO,2023,0,060,117,0.0
ENGENHO NOVO,2023,1,061,428,2.336448598130841
LINS DE VASCONCELOS,2023,2,062,332,6.024096385542169
MEIER,2023,0,063,257,0.0
TODOS OS SANTOS,2023,1,064,142,7.042253521126761
CACHAMBI,2023,3,065,294,10.204081632653061
ENGENHO DE DENTRO,2023,3,066,366,8.196721311475411
AGUA SANTA,2023,0,067,54,0.0
ENCANTADO,2023,0,068,93,0.0
PIEDADE,2023,2,069,375,5.333333333333333
ABOLICAO,2023,0,070,86,0.0
PILARES,2023,2,071,230,8.695652173913043
VILA KOSMOS,2023,1,072,115,8.695652173913043
VICENTE DE CARVALHO,2023,1,073,207,4.830917874396135
VILA DA PENHA,2023,1,074,134,7.462686567164179
VISTA ALEGRE,2023,0,075,75,0.0
IRAJA,2023,6,076,786,7.633587786259541
COLEGIO,2023,5,077,321,15.576323987538942
CAMPINHO,2023,1,078,107,9.345794392523365
QUINTINO BOCAIUVA,2023,1,079,219,4.5662100456621
CAVALCANTE,2023,0,080,153,0.0
ENGENHEIRO LEAL,2023,0,081,70,0.0
CASCADURA,2023,1,082,293,3.4129692832764507
MADUREIRA,2023,2,083,383,5.221932114882507
VAZ LOBO,2023,1,084,155,6.451612903225806
TURIACU,2023,1,085,140,7.142857142857142
ROCHA MIRANDA,2023,2,086,358,5.58659217877095
HONORIO GURGEL,2023,4,087,186,21.505376344086024
OSWALDO CRUZ,2023,5,088,255,19.607843137254903
BENTO RIBEIRO,2023,0,089,319,0.0
MARECHAL HERMES,2023,5,090,419,11.933174224343675
RIBEIRA,2023,0,091,20,0.0
CACUIA,2023,2,093,90,22.22222222222222
PITANGUEIRAS,2023,0,094,97,0.0
PRAIA DA BANDEIRA,2023,0,095,40,0.0
COCOTA,2023,0,096,39,0.0
BANCARIOS,2023,1,097,123,8.130081300813009
FREGUESIA-ILHA,2023,0,098,165,0.0
JARDIM GUANABARA,2023,0,099,176,0.0
JARDIM CARIOCA,2023,1,100,189,5.291005291005291
TAUA,2023,1,101,226,4.424778761061947
MONERO,2023,0,102,22,0.0
PORTUGUESA,2023,0,103,152,0.0
GALEAO,2023,6,104,309,19.41747572815534
CIDADE UNIVERSITARIA,2023,0,105,13,0.0
GUADALUPE,2023,1,106,400,2.5
ANCHIETA,2023,4,107,641,6.240249609984399
PARQUE ANCHIETA,2023,1,108,171,5.847953216374268
RICARDO ALBUQUERQUE,2023,1,109,269,3.717472118959108
COELHO NETO,2023,0,110,314,0.0
ACARI,2023,4,111,415,9.63855421686747
BARROS FILHO,2023,0,112,222,0.0
COSTA BARROS,2023,1,113,419,2.3866348448687353
PAVUNA,2023,3,114,980,3.061224489795918
JACAREPAGUA,2023,7,115,2489,2.812374447569305
ANIL,2023,0,116,367,0.0
GARDENIA AZUL,2023,4,117,424,9.433962264150942
CIDADE DE DEUS,2023,2,118,559,3.5778175313059033
CURICICA,2023,1,119,449,2.2271714922048997
FREGUESIA-JPA,2023,4,120,595,6.722689075630252
PECHINCHA,2023,1,121,396,2.5252525252525255
TAQUARA,2023,8,122,1106,7.2332730560578655
TANQUE,2023,0,123,384,0.0
PRACA SECA,2023,4,124,607,6.589785831960461
VILA VALQUEIRE,2023,1,125,285,3.5087719298245617
JOA,2023,0,126,4,0.0
ITANHANGA,2023,5,127,819,6.105006105006105
BARRA DA TIJUCA,2023,6,128,1168,5.136986301369863
CAMORIM,2023,0,129,80,0.0
VARGEM PEQUENA,2023,4,130,408,9.803921568627452
VARGEM GRANDE,2023,3,131,292,10.273972602739725
RECREIO BANDEIRANTES,2023,13,132,1258,10.333863275039745
DEODORO,2023,1,134,122,8.196721311475411
VILA MILITAR,2023,0,135,151,0.0
CAMPO DOS AFONSOS,2023,0,136,41,0.0
JARDIM SULACAP,2023,0,137,176,0.0
MAGALHAES BASTOS,2023,0,138,214,0.0
REALENGO,2023,11,139,1620,6.790123456790123
PADRE MIGUEL,2023,2,140,547,3.656307129798903
BANGU,2023,15,141,2138,7.015902712815715
SENADOR CAMARA,2023,7,142,1070,6.542056074766355
SANTISSIMO,2023,2,143,521,3.838771593090211
CAMPO GRANDE,2023,16,144,3685,4.341926729986432
SENADOR VASCONCELOS,2023,0,145,267,0.0
INHOAIBA,2023,6,146,748,8.02139037433155
COSMOS,2023,6,147,1049,5.719733079122974
PACIENCIA,2023,6,148,1211,4.95458298926507
SANTA CRUZ,2023,24,149,3109,7.719523962688967
SEPETIBA,2023,3,150,782,3.8363171355498724
GUARATIBA,2023,7,151,1840,3.8043478260869565
BARRA DE GUARATIBA,2023,1,152,89,11.235955056179774
PEDRA DE GUARATIBA,2023,0,153,229,0.0
ROCINHA,2023,6,154,657,9.1324200913242
JACAREZINHO,2023,4,155,316,12.658227848101266
COMPLEXO DO ALEMAO,2023,4,156,410,9.75609756097561
COMPLEXO DA MARE,2023,12,157,1576,7.614213197969543
PARQUE COLUMBIA,2023,1,158,114,8.771929824561402
VASCO DA GAMA,2023,1,159,59,16.949152542372882
GERICINo,2023,0,160,19,0.0
LAPA,2023,1,161,33,30.303030303030305
VILA KENNEDY,2023,3,162,277,10.830324909747292
ILHA DE GUARATIBA,2023,0,164,9,0.0
BARRA OLIMPICA,2023,1,165,0,inf
ILHA DO GOVERNADOR - IGNORADO,2023,0,998,11,0.0
IGNORADO BAIRRO-MRJ,2023,3,999,100,30.0
,2023,58,,7738,7.495476867407599
SAUDE,2024,0,001,30,0.0
GAMBOA,2024,1,002,116,8.620689655172413
SANTO CRISTO,2024,0,003,118,0.0
CAJU,2024,1,004,298,3.3557046979865772
CENTRO,2024,3,005,178,16.853932584269664
CATUMBI,2024,0,006,138,0.0
RIO COMPRIDO,2024,1,007,352,2.840909090909091
CIDADE NOVA,2024,1,008,39,25.64102564102564
ESTACIO,2024,5,009,175,28.57142857142857
SAO CRISTOVAO,2024,1,010,264,3.787878787878788
MANGUEIRA,2024,2,011,247,8.097165991902834
BENFICA,2024,3,012,308,9.74025974025974
PAQUETA,2024,1,013,19,52.63157894736842
SANTA TERESA,2024,3,014,295,10.169491525423728
FLAMENGO,2024,0,015,256,0.0
GLORIA,2024,1,016,43,23.25581395348837
LARANJEIRAS,2024,2,017,240,8.333333333333334
CATETE,2024,0,018,163,0.0
COSME VELHO,2024,1,019,49,20.408163265306122
BOTAFOGO,2024,4,020,542,7.380073800738007
HUMAITA,2024,0,021,78,0.0
URCA,2024,0,022,50,0.0
LEME,2024,1,023,89,11.235955056179774
COPACABANA,2024,1,024,709,1.4104372355430184
IPANEMA,2024,0,025,257,0.0
LEBLON,2024,2,026,247,8.097165991902834
LAGOA,2024,0,027,128,0.0
JARDIM BOTANICO,2024,0,028,102,0.0
GAVEA,2024,1,029,114,8.771929824561402
VIDIGAL,2024,2,030,149,13.422818791946309
SAO CONRADO,2024,2,031,71,28.169014084507044
PRACA DA BANDEIRA,2024,1,032,51,19.607843137254903
TIJUCA,2024,1,033,910,1.098901098901099
ALTO DA BOA VISTA,2024,0,034,55,0.0
MARACANA,2024,0,035,135,0.0
VILA ISABEL,2024,3,036,419,7.159904534606206
ANDARAI,2024,2,037,222,9.00900900900901
GRAJAU,2024,1,038,209,4.784688995215311
MANGUINHOS,2024,2,039,380,5.263157894736842
BONSUCESSO,2024,1,040,277,3.6101083032490977
RAMOS,2024,2,041,381,5.2493438320209975
OLARIA,2024,5,042,379,13.192612137203167
PENHA,2024,3,043,588,5.1020408163265305
PENHA CIRCULAR,2024,6,044,356,16.853932584269664
BRAS DE PINA,2024,2,045,359,5.571030640668524
CORDOVIL,2024,3,046,323,9.287925696594426
PARADA DE LUCAS,2024,2,047,262,7.633587786259541
VIGARIO GERAL,2024,0,048,391,0.0
JARDIM AMERICA,2024,2,049,180,11.11111111111111
HIGIENOPOLIS,2024,2,050,125,16.0
JACARE,2024,2,051,120,16.666666666666668
MARIA DA GRACA,2024,0,052,44,0.0
DEL CASTILHO,2024,1,053,239,4.184100418410042
INHAUMA,2024,1,054,478,2.092050209205021
ENGENHO DA RAINHA,2024,3,055,228,13.157894736842104
TOMAS COELHO,2024,3,056,207,14.492753623188406
SAO FRANCISCO XAVIER,2024,1,057,50,20.0
ROCHA,2024,1,058,137,7.299270072992701
RIACHUELO,2024,0,059,64,0.0
SAMPAIO,2024,0,060,103,0.0
ENGENHO NOVO,2024,6,061,328,18.29268292682927
LINS DE VASCONCELOS,2024,2,062,322,6.211180124223602
MEIER,2024,1,063,196,5.1020408163265305
TODOS OS SANTOS,2024,0,064,127,0.0
CACHAMBI,2024,1,065,273,3.663003663003663
ENGENHO DE DENTRO,2024,0,066,341,0.0
AGUA SANTA,2024,2,067,57,35.08771929824561
ENCANTADO,2024,0,068,95,0.0
PIEDADE,2024,1,069,338,2.9585798816568047
ABOLICAO,2024,0,070,75,0.0
PILARES,2024,1,071,201,4.975124378109452
VILA KOSMOS,2024,1,072,88,11.363636363636363
VICENTE DE CARVALHO,2024,2,073,167,11.976047904191617
VILA DA PENHA,2024,0,074,128,0.0
VISTA ALEGRE,2024,1,075,51,19.607843137254903
IRAJA,2024,3,076,682,4.398826979472141
COLEGIO,2024,1,077,276,3.6231884057971016
CAMPINHO,2024,2,078,89,22.47191011235955
QUINTINO BOCAIUVA,2024,1,079,212,4.716981132075471
CAVALCANTE,2024,0,080,143,0.0
ENGENHEIRO LEAL,2024,0,081,46,0.0
CASCADURA,2024,2,082,254,7.874015748031496
MADUREIRA,2024,7,083,395,17.721518987341774
VAZ LOBO,2024,2,084,133,15.037593984962406
TURIACU,2024,0,085,129,0.0
ROCHA MIRANDA,2024,1,086,366,2.73224043715847
HONORIO GURGEL,2024,3,087,175,17.142857142857142
OSWALDO CRUZ,2024,3,088,210,14.285714285714285
BENTO RIBEIRO,2024,0,089,289,0.0
MARECHAL HERMES,2024,1,090,333,3.003003003003003
RIBEIRA,2024,0,091,26,0.0
CACUIA,2024,0,093,83,0.0
PITANGUEIRAS,2024,1,094,86,11.627906976744185
PRAIA DA BANDEIRA,2024,0,095,38,0.0
COCOTA,2024,0,096,37,0.0
BANCARIOS,2024,0,097,127,0.0
FREGUESIA-ILHA,2024,2,098,156,12.82051282051282
JARDIM GUANABARA,2024,1,099,160,6.25
JARDIM CARIOCA,2024,1,100,174,5.747126436781609
TAUA,2024,3,101,210,14.285714285714285
MONERO,2024,0,102,33,0.0
PORTUGUESA,2024,0,103,114,0.0
GALEAO,2024,1,104,303,3.3003300330033003
CIDADE UNIVERSITARIA,2024,0,105,11,0.0
GUADALUPE,2024,2,106,354,5.649717514124294
ANCHIETA,2024,5,107,554,9.025270758122744
PARQUE ANCHIETA,2024,1,108,176,5.681818181818182
RICARDO ALBUQUERQUE,2024,1,109,231,4.329004329004329
COELHO NETO,2024,0,110,243,0.0
ACARI,2024,3,111,379,7.9155672823219
BARROS FILHO,2024,0,112,195,0.0
COSTA BARROS,2024,2,113,382,5.235602094240838
PAVUNA,2024,3,114,866,3.464203233256351
JACAREPAGUA,2024,14,115,2032,6.889763779527559
ANIL,2024,1,116,353,2.8328611898017
GARDENIA AZUL,2024,3,117,333,9.00900900900901
CIDADE DE DEUS,2024,3,118,485,6.185567010309278
CURICICA,2024,0,119,349,0.0
FREGUESIA-JPA,2024,2,120,577,3.4662045060658575
PECHINCHA,2024,1,121,298,3.3557046979865772
TAQUARA,2024,5,122,970,5.154639175257732
TANQUE,2024,3,123,421,7.125890736342043
PRACA SECA,2024,4,124,520,7.6923076923076925
VILA VALQUEIRE,2024,2,125,288,6.944444444444444
JOA,2024,0,126,7,0.0
ITANHANGA,2024,1,127,716,1.3966480446927374
BARRA DA TIJUCA,2024,5,128,1163,4.299226139294927
CAMORIM,2024,0,129,23,0.0
VARGEM PEQUENA,2024,1,130,340,2.941176470588235
VARGEM GRANDE,2024,3,131,241,12.448132780082986
RECREIO BANDEIRANTES,2024,4,132,1177,3.3984706881903146
DEODORO,2024,1,134,114,8.771929824561402
VILA MILITAR,2024,0,135,118,0.0
CAMPO DOS AFONSOS,2024,0,136,32,0.0
JARDIM SULACAP,2024,0,137,123,0.0
MAGALHAES BASTOS,2024,2,138,190,10.526315789473683
REALENGO,2024,4,139,1464,2.73224043715847
PADRE MIGUEL,2024,4,140,500,8.0
BANGU,2024,8,141,1927,4.151530877010898
SENADOR CAMARA,2024,5,142,972,5.1440329218107
SANTISSIMO,2024,4,143,483,8.281573498964804
CAMPO GRANDE,2024,13,144,3410,3.812316715542522
SENADOR VASCONCELOS,2024,2,145,303,6.600660066006601
INHOAIBA,2024,4,146,732,5.46448087431694
COSMOS,2024,1,147,1012,0.9881422924901185
PACIENCIA,2024,10,148,1110,9.00900900900901
SANTA CRUZ,2024,20,149,2932,6.8212824010914055
SEPETIBA,2024,5,150,710,7.042253521126761
GUARATIBA,2024,11,151,1856,5.926724137931034
BARRA DE GUARATIBA,2024,0,152,55,0.0
PEDRA DE GUARATIBA,2024,1,153,162,6.172839506172839
ROCINHA,2024,3,154,684,4.385964912280701
JACAREZINHO,2024,5,155,321,15.576323987538942
COMPLEXO DO ALEMAO,2024,5,156,492,10.16260162601626
COMPLEXO DA MARE,2024,9,157,1496,6.016042780748663
PARQUE COLUMBIA,2024,0,158,77,0.0
VASCO DA GAMA,2024,2,159,134,14.925373134328359
GERICINo,2024,0,160,14,0.0
LAPA,2024,0,161,44,0.0
VILA KENNEDY,2024,3,162,229,13.100436681222707
ILHA DE GUARATIBA,2024,1,164,60,16.666666666666668
BARRA OLIMPICA,2024,0,165,522,0.0
ILHA DO GOVERNADOR - IGNORADO,2024,0,998,5,0.0
IGNORADO BAIRRO-MRJ,2024,1,999,26,38.46153846153847
,2024,54,,6650,8.1203007518797
SAUDE,2025,0,001,36,0.0
GAMBOA,2025,2,002,150,13.333333333333334
SANTO CRISTO,2025,1,003,129,7.751937984496124
CAJU,2025,3,004,305,9.836065573770492
CENTRO,2025,1,005,194,5.154639175257732
CATUMBI,2025,4,006,134,29.850746268656717
RIO COMPRIDO,2025,2,007,349,5.730659025787966
CIDADE NOVA,2025,0,008,42,0.0
ESTACIO,2025,3,009,153,19.607843137254903
SAO CRISTOVAO,2025,0,010,290,0.0
MANGUEIRA,2025,2,011,199,10.050251256281408
BENFICA,2025,3,012,346,8.670520231213873
PAQUETA,2025,0,013,30,0.0
SANTA TERESA,2025,2,014,316,6.329113924050633
FLAMENGO,2025,3,015,274,10.948905109489052
GLORIA,2025,0,016,47,0.0
LARANJEIRAS,2025,0,017,206,0.0
CATETE,2025,0,018,145,0.0
COSME VELHO,2025,1,019,69,14.492753623188406
BOTAFOGO,2025,0,020,534,0.0
HUMAITA,2025,0,021,69,0.0
URCA,2025,0,022,57,0.0
LEME,2025,1,023,94,10.638297872340425
COPACABANA,2025,3,024,772,3.8860103626943006
IPANEMA,2025,5,025,247,20.242914979757085
LEBLON,2025,0,026,275,0.0
LAGOA,2025,1,027,123,8.130081300813009
JARDIM BOTANICO,2025,0,028,86,0.0
GAVEA,2025,1,029,139,7.194244604316547
VIDIGAL,2025,1,030,145,6.896551724137931
SAO CONRADO,2025,0,031,85,0.0
PRACA DA BANDEIRA,2025,0,032,57,0.0
TIJUCA,2025,3,033,941,3.188097768331562
ALTO DA BOA VISTA,2025,1,034,67,14.925373134328359
MARACANA,2025,0,035,131,0.0
VILA ISABEL,2025,2,036,443,4.514672686230248
ANDARAI,2025,1,037,209,4.784688995215311
GRAJAU,2025,0,038,168,0.0
MANGUINHOS,2025,4,039,387,10.335917312661499
BONSUCESSO,2025,0,040,392,0.0
RAMOS,2025,3,041,479,6.263048016701462
OLARIA,2025,3,042,416,7.211538461538462
PENHA,2025,4,043,609,6.568144499178982
PENHA CIRCULAR,2025,4,044,356,11.235955056179774
BRAS DE PINA,2025,3,045,364,8.241758241758243
CORDOVIL,2025,5,046,316,15.822784810126583
PARADA DE LUCAS,2025,1,047,255,3.9215686274509802
VIGARIO GERAL,2025,3,048,354,8.474576271186441
JARDIM AMERICA,2025,1,049,266,3.7593984962406015
HIGIENOPOLIS,2025,0,050,118,0.0
JACARE,2025,0,051,166,0.0
MARIA DA GRACA,2025,0,052,100,0.0
DEL CASTILHO,2025,2,053,236,8.474576271186441
INHAUMA,2025,3,054,539,5.565862708719852
ENGENHO DA RAINHA,2025,2,055,217,9.216589861751151
TOMAS COELHO,2025,5,056,191,26.17801047120419
SAO FRANCISCO XAVIER,2025,1,057,55,18.18181818181818
ROCHA,2025,3,058,178,16.853932584269664
RIACHUELO,2025,0,059,66,0.0
SAMPAIO,2025,2,060,99,20.202020202020204
ENGENHO NOVO,2025,1,061,346,2.890173410404624
LINS DE VASCONCELOS,2025,2,062,304,6.578947368421052
MEIER,2025,2,063,247,8.097165991902834
TODOS OS SANTOS,2025,1,064,126,7.936507936507936
CACHAMBI,2025,0,065,274,0.0
ENGENHO DE DENTRO,2025,0,066,351,0.0
AGUA SANTA,2025,1,067,57,17.543859649122805
ENCANTADO,2025,1,068,81,12.345679012345679
PIEDADE,2025,2,069,328,6.097560975609756
ABOLICAO,2025,1,070,109,9.174311926605505
PILARES,2025,1,071,191,5.235602094240838
VILA KOSMOS,2025,0,072,109,0.0
VICENTE DE CARVALHO,2025,1,073,189,5.291005291005291
VILA DA PENHA,2025,0,074,148,0.0
VISTA ALEGRE,2025,0,075,50,0.0
IRAJA,2025,3,076,683,4.392386530014641
COLEGIO,2025,4,077,292,13.698630136986301
CAMPINHO,2025,1,078,95,10.526315789473683
QUINTINO BOCAIUVA,2025,0,079,202,0.0
CAVALCANTE,2025,1,080,145,6.896551724137931
ENGENHEIRO LEAL,2025,1,081,51,19.607843137254903
CASCADURA,2025,3,082,243,12.345679012345679
MADUREIRA,2025,1,083,378,2.6455026455026456
VAZ LOBO,2025,0,084,139,0.0
TURIACU,2025,0,085,136,0.0
ROCHA MIRANDA,2025,3,086,324,9.25925925925926
HONORIO GURGEL,2025,3,087,183,16.393442622950822
OSWALDO CRUZ,2025,0,088,196,0.0
BENTO RIBEIRO,2025,4,089,300,13.333333333333334
MARECHAL HERMES,2025,4,090,334,11.976047904191617
RIBEIRA,2025,1,091,23,43.47826086956522
CACUIA,2025,0,093,85,0.0
PITANGUEIRAS,2025,0,094,76,0.0
PRAIA DA BANDEIRA,2025,0,095,37,0.0
COCOTA,2025,0,096,53,0.0
BANCARIOS,2025,0,097,132,0.0
FREGUESIA-ILHA,2025,0,098,191,0.0
JARDIM GUANABARA,2025,0,099,170,0.0
JARDIM CARIOCA,2025,2,100,199,10.050251256281408
TAUA,2025,0,101,212,0.0
MONERO,2025,0,102,39,0.0
PORTUGUESA,2025,2,103,127,15.748031496062993
GALEAO,2025,0,104,248,0.0
CIDADE UNIVERSITARIA,2025,1,105,17,58.8235294117647
GUADALUPE,2025,2,106,355,5.633802816901409
ANCHIETA,2025,5,107,618,8.090614886731391
PARQUE ANCHIETA,2025,1,108,144,6.944444444444444
RICARDO ALBUQUERQUE,2025,1,109,262,3.8167938931297707
COELHO NETO,2025,0,110,284,0.0
ACARI,2025,2,111,349,5.730659025787966
BARROS FILHO,2025,1,112,164,6.097560975609756
COSTA BARROS,2025,4,113,401,9.975062344139651
PAVUNA,2025,14,114,888,15.765765765765764
JACAREPAGUA,2025,11,115,1878,5.857294994675187
ANIL,2025,5,116,377,13.262599469496022
GARDENIA AZUL,2025,1,117,400,2.5
CIDADE DE DEUS,2025,2,118,549,3.6429872495446265
CURICICA,2025,4,119,369,10.840108401084011
FREGUESIA-JPA,2025,2,120,553,3.6166365280289328
PECHINCHA,2025,2,121,339,5.899705014749262
TAQUARA,2025,8,122,1005,7.960199004975124
TANQUE,2025,1,123,378,2.6455026455026456
PRACA SECA,2025,4,124,567,7.054673721340388
VILA VALQUEIRE,2025,2,125,273,7.326007326007326
JOA,2025,0,126,8,0.0
ITANHANGA,2025,4,127,791,5.056890012642225
BARRA DA TIJUCA,2025,4,128,1115,3.587443946188341
CAMORIM,2025,0,129,35,0.0
VARGEM PEQUENA,2025,4,130,325,12.307692307692308
VARGEM GRANDE,2025,1,131,255,3.9215686274509802
RECREIO BANDEIRANTES,2025,3,132,1245,2.4096385542168677
DEODORO,2025,2,134,124,16.129032258064516
VILA MILITAR,2025,2,135,108,18.51851851851852
CAMPO DOS AFONSOS,2025,2,136,36,55.55555555555555
JARDIM SULACAP,2025,1,137,132,7.575757575757576
MAGALHAES BASTOS,2025,2,138,208,9.615384615384617
REALENGO,2025,5,139,1463,3.417634996582365
PADRE MIGUEL,2025,5,140,522,9.578544061302681
BANGU,2025,7,141,1977,3.540718259989884
SENADOR CAMARA,2025,2,142,995,2.0100502512562817
SANTISSIMO,2025,5,143,471,10.615711252653927
CAMPO GRANDE,2025,16,144,3504,4.5662100456621
SENADOR VASCONCELOS,2025,5,145,298,16.778523489932887
INHOAIBA,2025,3,146,752,3.9893617021276593
COSMOS,2025,10,147,954,10.482180293501049
PACIENCIA,2025,9,148,1157,7.778738115816767
SANTA CRUZ,2025,28,149,3186,8.788449466415567
SEPETIBA,2025,2,150,753,2.6560424966799467
GUARATIBA,2025,6,151,1867,3.2137118371719335
BARRA DE GUARATIBA,2025,0,152,117,0.0
PEDRA DE GUARATIBA,2025,0,153,228,0.0
ROCINHA,2025,3,154,696,4.310344827586206
JACAREZINHO,2025,3,155,293,10.238907849829351
COMPLEXO DO ALEMAO,2025,0,156,361,0.0
COMPLEXO DA MARE,2025,6,157,1494,4.016064257028112
PARQUE COLUMBIA,2025,0,158,83,0.0
VASCO DA GAMA,2025,0,159,131,0.0
GERICINo,2025,1,160,14,71.42857142857143
LAPA,2025,0,161,39,0.0
VILA KENNEDY,2025,2,162,194,10.309278350515465
ILHA DE GUARATIBA,2025,1,164,81,12.345679012345679
BARRA OLIMPICA,2025,1,165,503,1.9880715705765406
ILHA DO GOVERNADOR - IGNORADO,2025,0,998,12,0.0
IGNORADO BAIRRO-MRJ,2025,0,999,19,0.0
,2025,61,,6336,9.627525252525253
