bairro,ano,obitos_tardios,codigo,nascidos vivos,taxa_obitos_tardios
SAUDE,2006,1,001,131,7.633587786259541
GAMBOA,2006,0,002,92,0.0
SANTO CRISTO,2006,0,003,209,0.0
CAJU,2006,1,004,354,2.824858757062147
CENTRO,2006,2,005,532,3.7593984962406015
CATUMBI,2006,1,006,270,3.7037037037037037
RIO COMPRIDO,2006,0,007,621,0.0
CIDADE NOVA,2006,0,008,57,0.0
ESTACIO,2006,1,009,264,3.787878787878788
SAO CRISTOVAO,2006,3,010,768,3.90625
MANGUEIRA,2006,0,011,299,0.0
BENFICA,2006,1,012,610,1.639344262295082
PAQUETA,2006,0,013,32,0.0
SANTA TERESA,2006,0,014,449,0.0
FLAMENGO,2006,0,015,405,0.0
GLORIA,2006,0,016,158,0.0
LARANJEIRAS,2006,1,017,428,2.336448598130841
CATETE,2006,0,018,214,0.0
COSME VELHO,2006,0,019,96,0.0
BOTAFOGO,2006,0,020,758,0.0
HUMAITA,2006,0,021,106,0.0
URCA,2006,0,022,73,0.0
LEME,2006,0,023,143,0.0
COPACABANA,2006,0,024,1167,0.0
IPANEMA,2006,0,025,312,0.0
LEBLON,2006,0,026,368,0.0
LAGOA,2006,0,027,196,0.0
JARDIM BOTANICO,2006,0,028,186,0.0
GAVEA,2006,1,029,258,3.875968992248062
VIDIGAL,2006,0,030,207,0.0
SAO CONRADO,2006,0,031,114,0.0
PRACA DA BANDEIRA,2006,0,032,88,0.0
TIJUCA,2006,1,033,1626,0.6150061500615006
ALTO DA BOA VISTA,2006,0,034,115,0.0
MARACANA,2006,0,035,202,0.0
VILA ISABEL,2006,2,036,782,2.557544757033248
ANDARAI,2006,1,037,334,2.9940119760479043
GRAJAU,2006,1,038,412,2.4271844660194173
MANGUINHOS,2006,1,039,523,1.9120458891013383
BONSUCESSO,2006,2,040,733,2.728512960436562
RAMOS,2006,2,041,1078,1.8552875695732838
OLARIA,2006,0,042,634,0.0
PENHA,2006,2,043,1206,1.658374792703151
PENHA CIRCULAR,2006,0,044,340,0.0
BRAS DE PINA,2006,0,045,566,0.0
CORDOVIL,2006,0,046,635,0.0
PARADA DE LUCAS,2006,1,047,314,3.1847133757961785
VIGARIO GERAL,2006,0,048,424,0.0
JARDIM AMERICA,2006,4,049,504,7.936507936507936
HIGIENOPOLIS,2006,1,050,191,5.235602094240838
JACARE,2006,0,051,361,0.0
MARIA DA GRACA,2006,0,052,70,0.0
DEL CASTILHO,2006,1,053,264,3.787878787878788
INHAUMA,2006,2,054,861,2.3228803716608595
ENGENHO DA RAINHA,2006,0,055,288,0.0
TOMAS COELHO,2006,1,056,282,3.5460992907801416
SAO FRANCISCO XAVIER,2006,0,057,61,0.0
ROCHA,2006,0,058,98,0.0
RIACHUELO,2006,0,059,141,0.0
SAMPAIO,2006,0,060,126,0.0
ENGENHO NOVO,2006,1,061,589,1.697792869269949
LINS DE VASCONCELOS,2006,1,062,431,2.320185614849188
MEIER,2006,1,063,616,1.6233766233766236
TODOS OS SANTOS,2006,0,064,140,0.0
CACHAMBI,2006,0,065,409,0.0
ENGENHO DE DENTRO,2006,0,066,551,0.0
AGUA SANTA,2006,0,067,88,0.0
ENCANTADO,2006,0,068,132,0.0
PIEDADE,2006,0,069,585,0.0
ABOLICAO,2006,0,070,169,0.0
PILARES,2006,1,071,353,2.8328611898017
VILA KOSMOS,2006,0,072,109,0.0
VICENTE DE CARVALHO,2006,0,073,359,0.0
VILA DA PENHA,2006,0,074,527,0.0
VISTA ALEGRE,2006,1,075,219,4.5662100456621
IRAJA,2006,4,076,1217,3.286770747740345
COLEGIO,2006,3,077,396,7.575757575757576
CAMPINHO,2006,0,078,205,0.0
QUINTINO BOCAIUVA,2006,0,079,336,0.0
CAVALCANTE,2006,0,080,237,0.0
ENGENHEIRO LEAL,2006,0,081,42,0.0
CASCADURA,2006,0,082,414,0.0
MADUREIRA,2006,2,083,901,2.2197558268590454
VAZ LOBO,2006,0,084,271,0.0
TURIACU,2006,0,085,161,0.0
ROCHA MIRANDA,2006,0,086,595,0.0
HONORIO GURGEL,2006,3,087,331,9.06344410876133
OSWALDO CRUZ,2006,1,088,335,2.985074626865672
BENTO RIBEIRO,2006,2,089,558,3.5842293906810037
MARECHAL HERMES,2006,2,090,521,3.838771593090211
CACUIA,2006,0,093,138,0.0
PITANGUEIRAS,2006,0,094,81,0.0
PRAIA DA BANDEIRA,2006,0,095,61,0.0
COCOTA,2006,0,096,93,0.0
BANCARIOS,2006,0,097,191,0.0
FREGUESIA-ILHA,2006,1,098,461,2.1691973969631237
JARDIM GUANABARA,2006,1,099,275,3.6363636363636362
JARDIM CARIOCA,2006,2,100,303,6.600660066006601
TAUA,2006,0,101,254,0.0
MONERO,2006,0,102,35,0.0
PORTUGUESA,2006,2,103,181,11.049723756906078
GALEAO,2006,1,104,275,3.6363636363636362
CIDADE UNIVERSITARIA,2006,0,105,11,0.0
GUADALUPE,2006,4,106,714,5.602240896358543
ANCHIETA,2006,2,107,1072,1.8656716417910448
PARQUE ANCHIETA,2006,1,108,179,5.58659217877095
RICARDO ALBUQUERQUE,2006,0,109,349,0.0
COELHO NETO,2006,1,110,388,2.577319587628866
ACARI,2006,0,111,421,0.0
BARROS FILHO,2006,0,112,213,0.0
COSTA BARROS,2006,0,113,755,0.0
PAVUNA,2006,1,114,1116,0.8960573476702509
JACAREPAGUA,2006,5,115,2126,2.3518344308560675
ANIL,2006,1,116,432,2.314814814814815
GARDENIA AZUL,2006,0,117,364,0.0
CIDADE DE DEUS,2006,1,118,662,1.5105740181268883
CURICICA,2006,4,119,819,4.884004884004884
FREGUESIA-JPA,2006,1,120,656,1.524390243902439
PECHINCHA,2006,0,121,411,0.0
TAQUARA,2006,2,122,1489,1.343183344526528
TANQUE,2006,2,123,369,5.420054200542006
PRACA SECA,2006,1,124,681,1.4684287812041115
VILA VALQUEIRE,2006,1,125,424,2.3584905660377355
ITANHANGA,2006,0,127,350,0.0
BARRA DA TIJUCA,2006,4,128,1374,2.911208151382824
CAMORIM,2006,0,129,64,0.0
VARGEM PEQUENA,2006,0,130,222,0.0
VARGEM GRANDE,2006,1,131,239,4.184100418410042
RECREIO BANDEIRANTES,2006,1,132,895,1.1173184357541899
DEODORO,2006,1,134,190,5.263157894736842
VILA MILITAR,2006,0,135,37,0.0
CAMPO DOS AFONSOS,2006,0,136,6,0.0
JARDIM SULACAP,2006,0,137,222,0.0
MAGALHAES BASTOS,2006,0,138,406,0.0
REALENGO,2006,6,139,2306,2.6019080659150045
PADRE MIGUEL,2006,5,140,1055,4.739336492890995
BANGU,2006,7,141,3290,2.127659574468085
SENADOR CAMARA,2006,2,142,1170,1.7094017094017093
SANTISSIMO,2006,4,143,813,4.920049200492005
CAMPO GRANDE,2006,19,144,5640,3.368794326241135
SENADOR VASCONCELOS,2006,0,145,218,0.0
INHOAIBA,2006,1,146,599,1.669449081803005
COSMOS,2006,3,147,678,4.424778761061947
PACIENCIA,2006,7,148,1215,5.761316872427984
SANTA CRUZ,2006,7,149,3433,2.03903291581707
SEPETIBA,2006,4,150,818,4.88997555012225
GUARATIBA,2006,1,151,946,1.0570824524312896
BARRA DE GUARATIBA,2006,0,152,68,0.0
PEDRA DE GUARATIBA,2006,2,153,662,3.0211480362537766
ROCINHA,2006,6,154,1196,5.016722408026756
JACAREZINHO,2006,0,155,246,0.0
COMPLEXO DO ALEMAO,2006,0,156,162,0.0
COMPLEXO DA MARE,2006,1,157,1795,0.5571030640668524
PARQUE COLUMBIA,2006,0,158,0,
VASCO DA GAMA,2006,0,159,0,
LAPA,2006,0,161,0,
VILA KENNEDY,2006,0,162,0,
BARRA OLIMPICA,2006,0,165,0,
ILHA DO GOVERNADOR - IGNORADO,2006,0,998,91,0.0
IGNORADO BAIRRO-MRJ,2006,0,999,633,0.0
,2006,78,,10563,7.384265833570009
SAUDE,2007,0,001,133,0.0
GAMBOA,2007,0,002,99,0.0
SANTO CRISTO,2007,0,003,217,0.0
CAJU,2007,0,004,380,0.0
CENTRO,2007,1,005,487,2.053388090349076
CATUMBI,2007,1,006,216,4.62962962962963
RIO COMPRIDO,2007,0,007,601,0.0
CIDADE NOVA,2007,1,008,78,12.82051282051282
ESTACIO,2007,0,009,282,0.0
SAO CRISTOVAO,2007,2,010,718,2.785515320334262
MANGUEIRA,2007,2,011,290,6.896551724137931
BENFICA,2007,2,012,651,3.0721966205837172
PAQUETA,2007,0,013,31,0.0
SANTA TERESA,2007,2,014,455,4.395604395604396
FLAMENGO,2007,1,015,436,2.293577981651376
GLORIA,2007,0,016,168,0.0
LARANJEIRAS,2007,2,017,375,5.333333333333333
CATETE,2007,1,018,190,5.263157894736842
COSME VELHO,2007,0,019,91,0.0
BOTAFOGO,2007,1,020,769,1.3003901170351106
HUMAITA,2007,1,021,141,7.092198581560283
URCA,2007,0,022,63,0.0
LEME,2007,1,023,128,7.8125
COPACABANA,2007,0,024,1143,0.0
IPANEMA,2007,0,025,300,0.0
LEBLON,2007,1,026,358,2.793296089385475
LAGOA,2007,0,027,151,0.0
JARDIM BOTANICO,2007,0,028,181,0.0
GAVEA,2007,2,029,252,7.936507936507936
VIDIGAL,2007,0,030,242,0.0
SAO CONRADO,2007,0,031,100,0.0
PRACA DA BANDEIRA,2007,0,032,107,0.0
TIJUCA,2007,3,033,1618,1.854140914709518
ALTO DA BOA VISTA,2007,1,034,121,8.264462809917356
MARACANA,2007,0,035,208,0.0
VILA ISABEL,2007,6,036,757,7.926023778071334
ANDARAI,2007,0,037,345,0.0
GRAJAU,2007,1,038,416,2.403846153846154
MANGUINHOS,2007,1,039,506,1.976284584980237
BONSUCESSO,2007,2,040,960,2.0833333333333335
RAMOS,2007,4,041,1109,3.6068530207394045
OLARIA,2007,3,042,647,4.63678516228748
PENHA,2007,0,043,1154,0.0
PENHA CIRCULAR,2007,0,044,361,0.0
BRAS DE PINA,2007,1,045,601,1.663893510815308
CORDOVIL,2007,1,046,602,1.6611295681063123
PARADA DE LUCAS,2007,4,047,298,13.422818791946309
VIGARIO GERAL,2007,0,048,458,0.0
JARDIM AMERICA,2007,1,049,495,2.0202020202020203
HIGIENOPOLIS,2007,0,050,166,0.0
JACARE,2007,0,051,346,0.0
MARIA DA GRACA,2007,0,052,85,0.0
DEL CASTILHO,2007,0,053,298,0.0
INHAUMA,2007,2,054,984,2.032520325203252
ENGENHO DA RAINHA,2007,0,055,274,0.0
TOMAS COELHO,2007,0,056,266,0.0
SAO FRANCISCO XAVIER,2007,0,057,59,0.0
ROCHA,2007,0,058,92,0.0
RIACHUELO,2007,0,059,120,0.0
SAMPAIO,2007,0,060,158,0.0
ENGENHO NOVO,2007,0,061,643,0.0
LINS DE VASCONCELOS,2007,3,062,523,5.736137667304016
MEIER,2007,0,063,606,0.0
TODOS OS SANTOS,2007,0,064,149,0.0
CACHAMBI,2007,1,065,399,2.506265664160401
ENGENHO DE DENTRO,2007,3,066,561,5.347593582887701
AGUA SANTA,2007,0,067,101,0.0
ENCANTADO,2007,0,068,159,0.0
PIEDADE,2007,2,069,494,4.048582995951417
ABOLICAO,2007,1,070,153,6.5359477124183005
PILARES,2007,0,071,368,0.0
VILA KOSMOS,2007,0,072,103,0.0
VICENTE DE CARVALHO,2007,1,073,340,2.941176470588235
VILA DA PENHA,2007,1,074,541,1.8484288354898337
VISTA ALEGRE,2007,0,075,191,0.0
IRAJA,2007,0,076,1194,0.0
COLEGIO,2007,1,077,429,2.331002331002331
CAMPINHO,2007,1,078,196,5.1020408163265305
QUINTINO BOCAIUVA,2007,0,079,303,0.0
CAVALCANTE,2007,1,080,200,5.0
ENGENHEIRO LEAL,2007,0,081,37,0.0
CASCADURA,2007,3,082,417,7.194244604316547
MADUREIRA,2007,0,083,808,0.0
VAZ LOBO,2007,0,084,266,0.0
TURIACU,2007,1,085,161,6.211180124223602
ROCHA MIRANDA,2007,0,086,589,0.0
HONORIO GURGEL,2007,0,087,318,0.0
OSWALDO CRUZ,2007,3,088,374,8.02139037433155
BENTO RIBEIRO,2007,1,089,554,1.8050541516245489
MARECHAL HERMES,2007,0,090,577,0.0
CACUIA,2007,1,093,149,6.7114093959731544
PITANGUEIRAS,2007,1,094,122,8.196721311475411
PRAIA DA BANDEIRA,2007,0,095,51,0.0
COCOTA,2007,0,096,91,0.0
BANCARIOS,2007,0,097,197,0.0
FREGUESIA-ILHA,2007,1,098,198,5.050505050505051
JARDIM GUANABARA,2007,0,099,227,0.0
JARDIM CARIOCA,2007,0,100,383,0.0
TAUA,2007,0,101,278,0.0
MONERO,2007,0,102,39,0.0
PORTUGUESA,2007,0,103,204,0.0
GALEAO,2007,0,104,341,0.0
CIDADE UNIVERSITARIA,2007,0,105,15,0.0
GUADALUPE,2007,3,106,700,4.285714285714286
ANCHIETA,2007,1,107,1041,0.9606147934678194
PARQUE ANCHIETA,2007,1,108,173,5.780346820809248
RICARDO ALBUQUERQUE,2007,2,109,349,5.730659025787966
COELHO NETO,2007,0,110,357,0.0
ACARI,2007,0,111,387,0.0
BARROS FILHO,2007,0,112,200,0.0
COSTA BARROS,2007,5,113,690,7.246376811594203
PAVUNA,2007,1,114,1090,0.9174311926605505
JACAREPAGUA,2007,5,115,1808,2.765486725663717
ANIL,2007,1,116,513,1.949317738791423
GARDENIA AZUL,2007,1,117,413,2.4213075060532687
CIDADE DE DEUS,2007,3,118,711,4.219409282700422
CURICICA,2007,0,119,855,0.0
FREGUESIA-JPA,2007,0,120,626,0.0
PECHINCHA,2007,0,121,410,0.0
TAQUARA,2007,2,122,1511,1.3236267372600927
TANQUE,2007,2,123,392,5.1020408163265305
PRACA SECA,2007,0,124,755,0.0
VILA VALQUEIRE,2007,0,125,451,0.0
ITANHANGA,2007,1,127,418,2.3923444976076556
BARRA DA TIJUCA,2007,1,128,1352,0.7396449704142012
CAMORIM,2007,0,129,68,0.0
VARGEM PEQUENA,2007,0,130,276,0.0
VARGEM GRANDE,2007,0,131,264,0.0
RECREIO BANDEIRANTES,2007,1,132,992,1.0080645161290323
DEODORO,2007,2,134,192,10.416666666666666
VILA MILITAR,2007,0,135,28,0.0
CAMPO DOS AFONSOS,2007,0,136,9,0.0
JARDIM SULACAP,2007,0,137,216,0.0
MAGALHAES BASTOS,2007,3,138,390,7.6923076923076925
REALENGO,2007,8,139,2281,3.507233669443227
PADRE MIGUEL,2007,2,140,939,2.1299254526091587
BANGU,2007,7,141,3256,2.14987714987715
SENADOR CAMARA,2007,2,142,1248,1.6025641025641024
SANTISSIMO,2007,1,143,822,1.2165450121654502
CAMPO GRANDE,2007,13,144,5378,2.4172554853105246
SENADOR VASCONCELOS,2007,0,145,228,0.0
INHOAIBA,2007,2,146,701,2.8530670470756063
COSMOS,2007,2,147,753,2.6560424966799467
PACIENCIA,2007,6,148,1216,4.934210526315789
SANTA CRUZ,2007,8,149,3518,2.2740193291642976
SEPETIBA,2007,2,150,876,2.28310502283105
GUARATIBA,2007,4,151,1108,3.6101083032490977
BARRA DE GUARATIBA,2007,0,152,72,0.0
PEDRA DE GUARATIBA,2007,3,153,609,4.926108374384237
ROCINHA,2007,2,154,1123,1.7809439002671414
JACAREZINHO,2007,0,155,321,0.0
COMPLEXO DO ALEMAO,2007,0,156,71,0.0
COMPLEXO DA MARE,2007,1,157,1530,0.6535947712418301
PARQUE COLUMBIA,2007,0,158,0,
VASCO DA GAMA,2007,0,159,0,
LAPA,2007,0,161,0,
VILA KENNEDY,2007,0,162,0,
BARRA OLIMPICA,2007,0,165,0,
ILHA DO GOVERNADOR - IGNORADO,2007,0,998,159,0.0
IGNORADO BAIRRO-MRJ,2007,0,999,607,0.0
,2007,53,,9863,5.3736185744702425
SAUDE,2008,0,001,111,0.0
GAMBOA,2008,0,002,120,0.0
SANTO CRISTO,2008,0,003,207,0.0
CAJU,2008,1,004,399,2.506265664160401
CENTRO,2008,2,005,475,4.2105263157894735
CATUMBI,2008,0,006,238,0.0
RIO COMPRIDO,2008,0,007,566,0.0
CIDADE NOVA,2008,1,008,71,14.084507042253522
ESTACIO,2008,2,009,278,7.194244604316547
SAO CRISTOVAO,2008,5,010,722,6.925207756232687
MANGUEIRA,2008,2,011,343,5.830903790087463
BENFICA,2008,1,012,609,1.6420361247947455
PAQUETA,2008,0,013,37,0.0
SANTA TERESA,2008,0,014,456,0.0
FLAMENGO,2008,1,015,387,2.5839793281653747
GLORIA,2008,0,016,143,0.0
LARANJEIRAS,2008,1,017,414,2.4154589371980677
CATETE,2008,1,018,186,5.376344086021506
COSME VELHO,2008,0,019,87,0.0
BOTAFOGO,2008,3,020,763,3.931847968545216
HUMAITA,2008,0,021,116,0.0
URCA,2008,0,022,49,0.0
LEME,2008,0,023,119,0.0
COPACABANA,2008,4,024,1193,3.352891869237217
IPANEMA,2008,0,025,319,0.0
LEBLON,2008,1,026,377,2.6525198938992043
LAGOA,2008,1,027,188,5.319148936170213
JARDIM BOTANICO,2008,0,028,205,0.0
GAVEA,2008,2,029,257,7.782101167315175
VIDIGAL,2008,1,030,224,4.464285714285714
SAO CONRADO,2008,1,031,96,10.416666666666666
PRACA DA BANDEIRA,2008,0,032,90,0.0
TIJUCA,2008,8,033,1664,4.807692307692308
ALTO DA BOA VISTA,2008,0,034,117,0.0
MARACANA,2008,0,035,206,0.0
VILA ISABEL,2008,2,036,776,2.577319587628866
ANDARAI,2008,1,037,344,2.9069767441860463
GRAJAU,2008,0,038,376,0.0
MANGUINHOS,2008,1,039,486,2.05761316872428
BONSUCESSO,2008,1,040,975,1.0256410256410255
RAMOS,2008,1,041,912,1.0964912280701753
OLARIA,2008,1,042,630,1.5873015873015872
PENHA,2008,2,043,1127,1.7746228926353151
PENHA CIRCULAR,2008,1,044,370,2.7027027027027026
BRAS DE PINA,2008,0,045,582,0.0
CORDOVIL,2008,1,046,625,1.6
PARADA DE LUCAS,2008,1,047,288,3.472222222222222
VIGARIO GERAL,2008,3,048,434,6.912442396313365
JARDIM AMERICA,2008,1,049,517,1.9342359767891684
HIGIENOPOLIS,2008,0,050,160,0.0
JACARE,2008,1,051,345,2.898550724637681
MARIA DA GRACA,2008,1,052,89,11.235955056179774
DEL CASTILHO,2008,0,053,238,0.0
INHAUMA,2008,2,054,938,2.1321961620469083
ENGENHO DA RAINHA,2008,2,055,319,6.269592476489028
TOMAS COELHO,2008,0,056,273,0.0
SAO FRANCISCO XAVIER,2008,1,057,47,21.27659574468085
ROCHA,2008,0,058,81,0.0
RIACHUELO,2008,0,059,126,0.0
SAMPAIO,2008,0,060,136,0.0
ENGENHO NOVO,2008,0,061,597,0.0
LINS DE VASCONCELOS,2008,1,062,559,1.7889087656529516
MEIER,2008,0,063,550,0.0
TODOS OS SANTOS,2008,0,064,147,0.0
CACHAMBI,2008,2,065,370,5.405405405405405
ENGENHO DE DENTRO,2008,1,066,550,1.8181818181818181
AGUA SANTA,2008,0,067,115,0.0
ENCANTADO,2008,0,068,137,0.0
PIEDADE,2008,1,069,546,1.8315018315018314
ABOLICAO,2008,0,070,166,0.0
PILARES,2008,0,071,296,0.0
VILA KOSMOS,2008,0,072,93,0.0
VICENTE DE CARVALHO,2008,1,073,325,3.076923076923077
VILA DA PENHA,2008,1,074,460,2.1739130434782608
VISTA ALEGRE,2008,0,075,192,0.0
IRAJA,2008,3,076,1129,2.657218777679362
COLEGIO,2008,2,077,397,5.037783375314861
CAMPINHO,2008,2,078,223,8.968609865470851
QUINTINO BOCAIUVA,2008,0,079,309,0.0
CAVALCANTE,2008,2,080,215,9.30232558139535
ENGENHEIRO LEAL,2008,0,081,41,0.0
CASCADURA,2008,1,082,400,2.5
MADUREIRA,2008,0,083,821,0.0
VAZ LOBO,2008,0,084,269,0.0
TURIACU,2008,0,085,147,0.0
ROCHA MIRANDA,2008,0,086,607,0.0
HONORIO GURGEL,2008,1,087,339,2.949852507374631
OSWALDO CRUZ,2008,1,088,341,2.932551319648094
BENTO RIBEIRO,2008,1,089,539,1.8552875695732838
MARECHAL HERMES,2008,2,090,568,3.5211267605633805
CACUIA,2008,0,093,146,0.0
PITANGUEIRAS,2008,0,094,108,0.0
PRAIA DA BANDEIRA,2008,1,095,50,20.0
COCOTA,2008,0,096,104,0.0
BANCARIOS,2008,1,097,239,4.184100418410042
FREGUESIA-ILHA,2008,0,098,219,0.0
JARDIM GUANABARA,2008,1,099,250,4.0
JARDIM CARIOCA,2008,2,100,340,5.88235294117647
TAUA,2008,2,101,272,7.352941176470588
MONERO,2008,1,102,56,17.857142857142858
PORTUGUESA,2008,2,103,202,9.900990099009901
GALEAO,2008,0,104,363,0.0
CIDADE UNIVERSITARIA,2008,1,105,23,43.47826086956522
GUADALUPE,2008,2,106,672,2.976190476190476
ANCHIETA,2008,2,107,1014,1.9723865877712032
PARQUE ANCHIETA,2008,0,108,214,0.0
RICARDO ALBUQUERQUE,2008,0,109,268,0.0
COELHO NETO,2008,1,110,379,2.638522427440633
ACARI,2008,1,111,409,2.444987775061125
BARROS FILHO,2008,0,112,211,0.0
COSTA BARROS,2008,1,113,705,1.4184397163120568
PAVUNA,2008,3,114,1092,2.7472527472527473
JACAREPAGUA,2008,0,115,1766,0.0
ANIL,2008,0,116,398,0.0
GARDENIA AZUL,2008,3,117,457,6.564551422319474
CIDADE DE DEUS,2008,5,118,734,6.8119891008174385
CURICICA,2008,2,119,890,2.247191011235955
FREGUESIA-JPA,2008,1,120,682,1.466275659824047
PECHINCHA,2008,0,121,447,0.0
TAQUARA,2008,2,122,1685,1.1869436201780414
TANQUE,2008,2,123,467,4.282655246252677
PRACA SECA,2008,1,124,807,1.2391573729863692
VILA VALQUEIRE,2008,1,125,422,2.3696682464454977
ITANHANGA,2008,1,127,390,2.5641025641025643
BARRA DA TIJUCA,2008,0,128,1563,0.0
CAMORIM,2008,0,129,58,0.0
VARGEM PEQUENA,2008,0,130,287,0.0
VARGEM GRANDE,2008,0,131,232,0.0
RECREIO BANDEIRANTES,2008,0,132,1093,0.0
DEODORO,2008,1,134,191,5.235602094240838
VILA MILITAR,2008,0,135,38,0.0
CAMPO DOS AFONSOS,2008,0,136,11,0.0
JARDIM SULACAP,2008,1,137,189,5.291005291005291
MAGALHAES BASTOS,2008,1,138,373,2.680965147453083
REALENGO,2008,7,139,2216,3.15884476534296
PADRE MIGUEL,2008,1,140,895,1.1173184357541899
BANGU,2008,4,141,3124,1.2804097311139564
SENADOR CAMARA,2008,5,142,1300,3.8461538461538463
SANTISSIMO,2008,1,143,808,1.2376237623762376
CAMPO GRANDE,2008,20,144,5553,3.601656762110571
SENADOR VASCONCELOS,2008,0,145,218,0.0
INHOAIBA,2008,3,146,667,4.497751124437781
COSMOS,2008,1,147,754,1.3262599469496021
PACIENCIA,2008,9,148,1329,6.772009029345372
SANTA CRUZ,2008,17,149,3525,4.822695035460993
SEPETIBA,2008,1,150,826,1.2106537530266344
GUARATIBA,2008,2,151,1203,1.6625103906899419
BARRA DE GUARATIBA,2008,0,152,86,0.0
PEDRA DE GUARATIBA,2008,0,153,576,0.0
ROCINHA,2008,6,154,1152,5.208333333333333
JACAREZINHO,2008,1,155,286,3.4965034965034967
COMPLEXO DO ALEMAO,2008,2,156,252,7.936507936507936
COMPLEXO DA MARE,2008,4,157,1620,2.4691358024691357
PARQUE COLUMBIA,2008,0,158,0,
VASCO DA GAMA,2008,0,159,0,
LAPA,2008,0,161,0,
VILA KENNEDY,2008,0,162,0,
BARRA OLIMPICA,2008,0,165,0,
ILHA DO GOVERNADOR - IGNORADO,2008,1,998,160,6.25
IGNORADO BAIRRO-MRJ,2008,2,999,544,3.676470588235294
,2008,80,,10023,7.981642222887358
SAUDE,2009,0,001,118,0.0
GAMBOA,2009,0,002,128,0.0
SANTO CRISTO,2009,0,003,214,0.0
CAJU,2009,3,004,444,6.756756756756757
CENTRO,2009,2,005,474,4.219409282700422
CATUMBI,2009,1,006,251,3.9840637450199203
RIO COMPRIDO,2009,1,007,623,1.6051364365971108
CIDADE NOVA,2009,0,008,92,0.0
ESTACIO,2009,1,009,302,3.3112582781456954
SAO CRISTOVAO,2009,1,010,711,1.4064697609001406
MANGUEIRA,2009,1,011,341,2.932551319648094
BENFICA,2009,2,012,630,3.1746031746031744
PAQUETA,2009,0,013,31,0.0
SANTA TERESA,2009,0,014,460,0.0
FLAMENGO,2009,1,015,381,2.6246719160104988
GLORIA,2009,0,016,153,0.0
LARANJEIRAS,2009,1,017,390,2.5641025641025643
CATETE,2009,0,018,193,0.0
COSME VELHO,2009,1,019,97,10.309278350515465
BOTAFOGO,2009,0,020,797,0.0
HUMAITA,2009,0,021,120,0.0
URCA,2009,0,022,44,0.0
LEME,2009,0,023,111,0.0
COPACABANA,2009,2,024,1164,1.7182130584192439
IPANEMA,2009,0,025,354,0.0
LEBLON,2009,0,026,355,0.0
LAGOA,2009,0,027,196,0.0
JARDIM BOTANICO,2009,0,028,181,0.0
GAVEA,2009,0,029,277,0.0
VIDIGAL,2009,2,030,225,8.88888888888889
SAO CONRADO,2009,0,031,111,0.0
PRACA DA BANDEIRA,2009,0,032,98,0.0
TIJUCA,2009,4,033,1593,2.5109855618330195
ALTO DA BOA VISTA,2009,0,034,112,0.0
MARACANA,2009,0,035,221,0.0
VILA ISABEL,2009,2,036,783,2.554278416347382
ANDARAI,2009,1,037,344,2.9069767441860463
GRAJAU,2009,1,038,399,2.506265664160401
MANGUINHOS,2009,0,039,563,0.0
BONSUCESSO,2009,2,040,444,4.504504504504505
RAMOS,2009,1,041,758,1.3192612137203166
OLARIA,2009,3,042,670,4.477611940298508
PENHA,2009,7,043,1209,5.789909015715467
PENHA CIRCULAR,2009,1,044,330,3.0303030303030303
BRAS DE PINA,2009,0,045,556,0.0
CORDOVIL,2009,3,046,594,5.050505050505051
PARADA DE LUCAS,2009,0,047,312,0.0
VIGARIO GERAL,2009,1,048,426,2.347417840375587
JARDIM AMERICA,2009,2,049,515,3.883495145631068
HIGIENOPOLIS,2009,1,050,151,6.622516556291391
JACARE,2009,1,051,341,2.932551319648094
MARIA DA GRACA,2009,0,052,84,0.0
DEL CASTILHO,2009,0,053,257,0.0
INHAUMA,2009,2,054,968,2.066115702479339
ENGENHO DA RAINHA,2009,2,055,309,6.472491909385114
TOMAS COELHO,2009,2,056,260,7.6923076923076925
SAO FRANCISCO XAVIER,2009,0,057,69,0.0
ROCHA,2009,0,058,92,0.0
RIACHUELO,2009,0,059,141,0.0
SAMPAIO,2009,0,060,118,0.0
ENGENHO NOVO,2009,1,061,608,1.644736842105263
LINS DE VASCONCELOS,2009,0,062,531,0.0
MEIER,2009,2,063,581,3.442340791738382
TODOS OS SANTOS,2009,0,064,141,0.0
CACHAMBI,2009,1,065,367,2.7247956403269753
ENGENHO DE DENTRO,2009,1,066,535,1.8691588785046729
AGUA SANTA,2009,0,067,82,0.0
ENCANTADO,2009,0,068,134,0.0
PIEDADE,2009,3,069,520,5.769230769230769
ABOLICAO,2009,0,070,178,0.0
PILARES,2009,0,071,373,0.0
VILA KOSMOS,2009,0,072,98,0.0
VICENTE DE CARVALHO,2009,1,073,287,3.484320557491289
VILA DA PENHA,2009,1,074,486,2.05761316872428
VISTA ALEGRE,2009,0,075,190,0.0
IRAJA,2009,1,076,1135,0.881057268722467
COLEGIO,2009,1,077,424,2.3584905660377355
CAMPINHO,2009,0,078,203,0.0
QUINTINO BOCAIUVA,2009,0,079,299,0.0
CAVALCANTE,2009,1,080,220,4.545454545454545
ENGENHEIRO LEAL,2009,1,081,48,20.833333333333332
CASCADURA,2009,0,082,471,0.0
MADUREIRA,2009,3,083,795,3.7735849056603774
VAZ LOBO,2009,0,084,267,0.0
TURIACU,2009,0,085,168,0.0
ROCHA MIRANDA,2009,2,086,607,3.2948929159802307
HONORIO GURGEL,2009,0,087,333,0.0
OSWALDO CRUZ,2009,0,088,368,0.0
BENTO RIBEIRO,2009,0,089,551,0.0
MARECHAL HERMES,2009,0,090,589,0.0
CACUIA,2009,0,093,181,0.0
PITANGUEIRAS,2009,0,094,106,0.0
PRAIA DA BANDEIRA,2009,0,095,62,0.0
COCOTA,2009,1,096,112,8.928571428571429
BANCARIOS,2009,1,097,192,5.208333333333333
FREGUESIA-ILHA,2009,1,098,282,3.5460992907801416
JARDIM GUANABARA,2009,0,099,253,0.0
JARDIM CARIOCA,2009,0,100,388,0.0
TAUA,2009,2,101,279,7.168458781362007
MONERO,2009,0,102,48,0.0
PORTUGUESA,2009,0,103,163,0.0
GALEAO,2009,0,104,340,0.0
CIDADE UNIVERSITARIA,2009,0,105,11,0.0
GUADALUPE,2009,2,106,725,2.758620689655172
ANCHIETA,2009,2,107,994,2.012072434607646
PARQUE ANCHIETA,2009,0,108,217,0.0
RICARDO ALBUQUERQUE,2009,0,109,346,0.0
COELHO NETO,2009,2,110,405,4.938271604938271
ACARI,2009,1,111,597,1.6750418760469012
BARROS FILHO,2009,1,112,201,4.975124378109452
COSTA BARROS,2009,2,113,661,3.0257186081694405
PAVUNA,2009,4,114,1219,3.281378178835111
JACAREPAGUA,2009,4,115,1342,2.9806259314456036
ANIL,2009,0,116,492,0.0
GARDENIA AZUL,2009,1,117,530,1.8867924528301887
CIDADE DE DEUS,2009,1,118,808,1.2376237623762376
CURICICA,2009,5,119,982,5.091649694501019
FREGUESIA-JPA,2009,2,120,832,2.403846153846154
PECHINCHA,2009,1,121,489,2.044989775051125
TAQUARA,2009,2,122,1734,1.1534025374855825
TANQUE,2009,1,123,510,1.9607843137254901
PRACA SECA,2009,1,124,865,1.1560693641618498
VILA VALQUEIRE,2009,0,125,479,0.0
ITANHANGA,2009,2,127,659,3.0349013657056148
BARRA DA TIJUCA,2009,1,128,1679,0.5955926146515784
CAMORIM,2009,0,129,57,0.0
VARGEM PEQUENA,2009,0,130,345,0.0
VARGEM GRANDE,2009,0,131,292,0.0
RECREIO BANDEIRANTES,2009,3,132,1134,2.6455026455026456
DEODORO,2009,0,134,180,0.0
VILA MILITAR,2009,0,135,33,0.0
CAMPO DOS AFONSOS,2009,0,136,8,0.0
JARDIM SULACAP,2009,0,137,208,0.0
MAGALHAES BASTOS,2009,0,138,388,0.0
REALENGO,2009,9,139,2265,3.9735099337748343
PADRE MIGUEL,2009,1,140,980,1.0204081632653061
BANGU,2009,13,141,3217,4.041032017407522
SENADOR CAMARA,2009,3,142,1273,2.356637863315004
SANTISSIMO,2009,3,143,789,3.802281368821293
CAMPO GRANDE,2009,10,144,5428,1.8422991893883567
SENADOR VASCONCELOS,2009,0,145,244,0.0
INHOAIBA,2009,0,146,693,0.0
COSMOS,2009,0,147,752,0.0
PACIENCIA,2009,5,148,1324,3.776435045317221
SANTA CRUZ,2009,10,149,3837,2.6062027625749282
SEPETIBA,2009,0,150,809,0.0
GUARATIBA,2009,4,151,1145,3.493449781659389
BARRA DE GUARATIBA,2009,0,152,94,0.0
PEDRA DE GUARATIBA,2009,1,153,579,1.7271157167530224
ROCINHA,2009,5,154,1221,4.095004095004095
JACAREZINHO,2009,2,155,278,7.194244604316547
COMPLEXO DO ALEMAO,2009,2,156,509,3.929273084479371
COMPLEXO DA MARE,2009,0,157,2050,0.0
PARQUE COLUMBIA,2009,0,158,0,
VASCO DA GAMA,2009,0,159,0,
LAPA,2009,0,161,0,
VILA KENNEDY,2009,0,162,0,
BARRA OLIMPICA,2009,0,165,0,
ILHA DO GOVERNADOR - IGNORADO,2009,0,998,84,0.0
IGNORADO BAIRRO-MRJ,2009,0,999,477,0.0
,2009,71,,10346,6.862555577034603
SAUDE,2010,1,001,86,11.627906976744185
GAMBOA,2010,0,002,158,0.0
SANTO CRISTO,2010,0,003,225,0.0
CAJU,2010,1,004,368,2.717391304347826
CENTRO,2010,1,005,461,2.1691973969631237
CATUMBI,2010,0,006,246,0.0
RIO COMPRIDO,2010,3,007,645,4.651162790697675
CIDADE NOVA,2010,1,008,105,9.523809523809526
ESTACIO,2010,1,009,304,3.289473684210526
SAO CRISTOVAO,2010,2,010,731,2.7359781121751023
MANGUEIRA,2010,0,011,302,0.0
BENFICA,2010,0,012,564,0.0
PAQUETA,2010,0,013,35,0.0
SANTA TERESA,2010,0,014,487,0.0
FLAMENGO,2010,0,015,404,0.0
GLORIA,2010,0,016,152,0.0
LARANJEIRAS,2010,0,017,383,0.0
CATETE,2010,0,018,227,0.0
COSME VELHO,2010,0,019,127,0.0
BOTAFOGO,2010,0,020,867,0.0
HUMAITA,2010,0,021,155,0.0
URCA,2010,0,022,78,0.0
LEME,2010,0,023,140,0.0
COPACABANA,2010,2,024,1230,1.6260162601626016
IPANEMA,2010,1,025,347,2.881844380403458
LEBLON,2010,0,026,412,0.0
LAGOA,2010,0,027,185,0.0
JARDIM BOTANICO,2010,0,028,285,0.0
GAVEA,2010,0,029,282,0.0
VIDIGAL,2010,0,030,255,0.0
SAO CONRADO,2010,0,031,138,0.0
PRACA DA BANDEIRA,2010,0,032,137,0.0
TIJUCA,2010,3,033,1594,1.8820577164366374
ALTO DA BOA VISTA,2010,0,034,132,0.0
MARACANA,2010,1,035,224,4.464285714285714
VILA ISABEL,2010,3,036,792,3.787878787878788
ANDARAI,2010,0,037,355,0.0
GRAJAU,2010,0,038,372,0.0
MANGUINHOS,2010,1,039,486,2.05761316872428
BONSUCESSO,2010,3,040,584,5.136986301369863
RAMOS,2010,1,041,903,1.1074197120708749
OLARIA,2010,3,042,608,4.934210526315789
PENHA,2010,2,043,1097,1.8231540565177757
PENHA CIRCULAR,2010,2,044,346,5.780346820809248
BRAS DE PINA,2010,2,045,544,3.676470588235294
CORDOVIL,2010,1,046,582,1.7182130584192439
PARADA DE LUCAS,2010,1,047,297,3.3670033670033668
VIGARIO GERAL,2010,0,048,384,0.0
JARDIM AMERICA,2010,0,049,474,0.0
HIGIENOPOLIS,2010,1,050,187,5.347593582887701
JACARE,2010,2,051,394,5.076142131979695
MARIA DA GRACA,2010,0,052,113,0.0
DEL CASTILHO,2010,0,053,240,0.0
INHAUMA,2010,1,054,926,1.0799136069114472
ENGENHO DA RAINHA,2010,0,055,280,0.0
TOMAS COELHO,2010,0,056,275,0.0
SAO FRANCISCO XAVIER,2010,0,057,52,0.0
ROCHA,2010,0,058,98,0.0
RIACHUELO,2010,0,059,125,0.0
SAMPAIO,2010,0,060,126,0.0
ENGENHO NOVO,2010,1,061,673,1.4858841010401187
LINS DE VASCONCELOS,2010,2,062,506,3.952569169960474
MEIER,2010,1,063,585,1.7094017094017093
TODOS OS SANTOS,2010,0,064,158,0.0
CACHAMBI,2010,0,065,380,0.0
ENGENHO DE DENTRO,2010,0,066,538,0.0
AGUA SANTA,2010,0,067,81,0.0
ENCANTADO,2010,1,068,149,6.7114093959731544
PIEDADE,2010,0,069,484,0.0
ABOLICAO,2010,0,070,147,0.0
PILARES,2010,0,071,343,0.0
VILA KOSMOS,2010,0,072,81,0.0
VICENTE DE CARVALHO,2010,1,073,326,3.067484662576687
VILA DA PENHA,2010,3,074,502,5.9760956175298805
VISTA ALEGRE,2010,0,075,199,0.0
IRAJA,2010,2,076,1094,1.8281535648994516
COLEGIO,2010,1,077,410,2.4390243902439024
CAMPINHO,2010,0,078,193,0.0
QUINTINO BOCAIUVA,2010,1,079,337,2.967359050445104
CAVALCANTE,2010,0,080,228,0.0
ENGENHEIRO LEAL,2010,0,081,49,0.0
CASCADURA,2010,2,082,426,4.694835680751174
MADUREIRA,2010,0,083,792,0.0
VAZ LOBO,2010,0,084,249,0.0
TURIACU,2010,0,085,158,0.0
ROCHA MIRANDA,2010,1,086,558,1.7921146953405018
HONORIO GURGEL,2010,3,087,289,10.380622837370241
OSWALDO CRUZ,2010,1,088,346,2.890173410404624
BENTO RIBEIRO,2010,0,089,497,0.0
MARECHAL HERMES,2010,1,090,557,1.7953321364452424
CACUIA,2010,0,093,141,0.0
PITANGUEIRAS,2010,0,094,118,0.0
PRAIA DA BANDEIRA,2010,0,095,51,0.0
COCOTA,2010,0,096,89,0.0
BANCARIOS,2010,1,097,222,4.504504504504505
FREGUESIA-ILHA,2010,0,098,249,0.0
JARDIM GUANABARA,2010,1,099,257,3.8910505836575875
JARDIM CARIOCA,2010,1,100,352,2.840909090909091
TAUA,2010,0,101,294,0.0
MONERO,2010,0,102,47,0.0
PORTUGUESA,2010,0,103,188,0.0
GALEAO,2010,1,104,336,2.976190476190476
CIDADE UNIVERSITARIA,2010,0,105,18,0.0
GUADALUPE,2010,0,106,629,0.0
ANCHIETA,2010,2,107,942,2.1231422505307855
PARQUE ANCHIETA,2010,2,108,188,10.638297872340425
RICARDO ALBUQUERQUE,2010,2,109,358,5.58659217877095
COELHO NETO,2010,1,110,394,2.5380710659898473
ACARI,2010,4,111,502,7.968127490039841
BARROS FILHO,2010,0,112,172,0.0
COSTA BARROS,2010,3,113,678,4.424778761061947
PAVUNA,2010,1,114,1141,0.8764241893076249
JACAREPAGUA,2010,7,115,1838,3.808487486398259
ANIL,2010,1,116,478,2.092050209205021
GARDENIA AZUL,2010,3,117,530,5.660377358490566
CIDADE DE DEUS,2010,5,118,794,6.297229219143577
CURICICA,2010,1,119,872,1.146788990825688
FREGUESIA-JPA,2010,2,120,763,2.6212319790301444
PECHINCHA,2010,0,121,499,0.0
TAQUARA,2010,4,122,1649,2.4257125530624624
TANQUE,2010,1,123,523,1.9120458891013383
PRACA SECA,2010,1,124,815,1.2269938650306749
VILA VALQUEIRE,2010,1,125,430,2.3255813953488373
ITANHANGA,2010,2,127,485,4.123711340206186
BARRA DA TIJUCA,2010,2,128,1618,1.2360939431396785
CAMORIM,2010,0,129,75,0.0
VARGEM PEQUENA,2010,0,130,282,0.0
VARGEM GRANDE,2010,1,131,277,3.6101083032490977
RECREIO BANDEIRANTES,2010,3,132,1133,2.64783759929391
DEODORO,2010,1,134,184,5.434782608695652
VILA MILITAR,2010,0,135,40,0.0
CAMPO DOS AFONSOS,2010,0,136,6,0.0
JARDIM SULACAP,2010,0,137,186,0.0
MAGALHAES BASTOS,2010,1,138,358,2.793296089385475
REALENGO,2010,5,139,2272,2.200704225352113
PADRE MIGUEL,2010,2,140,955,2.0942408376963355
BANGU,2010,8,141,3280,2.4390243902439024
SENADOR CAMARA,2010,4,142,1262,3.1695721077654517
SANTISSIMO,2010,0,143,802,0.0
CAMPO GRANDE,2010,10,144,5107,1.9580967299784608
SENADOR VASCONCELOS,2010,0,145,252,0.0
INHOAIBA,2010,2,146,719,2.7816411682892905
COSMOS,2010,1,147,824,1.2135922330097086
PACIENCIA,2010,3,148,1320,2.2727272727272725
SANTA CRUZ,2010,8,149,3643,2.195992314026901
SEPETIBA,2010,4,150,809,4.944375772558714
GUARATIBA,2010,0,151,1172,0.0
BARRA DE GUARATIBA,2010,0,152,63,0.0
PEDRA DE GUARATIBA,2010,0,153,594,0.0
ROCINHA,2010,2,154,1203,1.6625103906899419
JACAREZINHO,2010,1,155,274,3.6496350364963503
COMPLEXO DO ALEMAO,2010,0,156,283,0.0
COMPLEXO DA MARE,2010,4,157,1780,2.247191011235955
PARQUE COLUMBIA,2010,0,158,0,
VASCO DA GAMA,2010,0,159,0,
LAPA,2010,0,161,0,
VILA KENNEDY,2010,0,162,0,
BARRA OLIMPICA,2010,0,165,0,
ILHA DO GOVERNADOR - IGNORADO,2010,0,998,102,0.0
IGNORADO BAIRRO-MRJ,2010,0,999,648,0.0
,2010,67,,8718,7.685248910300527
SAUDE,2011,0,001,66,0.0
GAMBOA,2011,1,002,146,6.8493150684931505
SANTO CRISTO,2011,0,003,244,0.0
CAJU,2011,1,004,439,2.277904328018223
CENTRO,2011,0,005,516,0.0
CATUMBI,2011,1,006,282,3.5460992907801416
RIO COMPRIDO,2011,1,007,634,1.5772870662460567
CIDADE NOVA,2011,0,008,94,0.0
ESTACIO,2011,1,009,311,3.215434083601286
SAO CRISTOVAO,2011,0,010,706,0.0
MANGUEIRA,2011,0,011,353,0.0
BENFICA,2011,3,012,369,8.130081300813009
PAQUETA,2011,0,013,48,0.0
SANTA TERESA,2011,1,014,472,2.1186440677966103
FLAMENGO,2011,3,015,402,7.462686567164179
GLORIA,2011,0,016,146,0.0
LARANJEIRAS,2011,0,017,384,0.0
CATETE,2011,1,018,229,4.366812227074235
COSME VELHO,2011,1,019,92,10.869565217391305
BOTAFOGO,2011,2,020,838,2.3866348448687353
HUMAITA,2011,0,021,153,0.0
URCA,2011,0,022,60,0.0
LEME,2011,0,023,120,0.0
COPACABANA,2011,3,024,1205,2.4896265560165975
IPANEMA,2011,0,025,333,0.0
LEBLON,2011,0,026,382,0.0
LAGOA,2011,0,027,209,0.0
JARDIM BOTANICO,2011,0,028,225,0.0
GAVEA,2011,1,029,243,4.11522633744856
VIDIGAL,2011,1,030,224,4.464285714285714
SAO CONRADO,2011,0,031,107,0.0
PRACA DA BANDEIRA,2011,0,032,95,0.0
TIJUCA,2011,1,033,1650,0.6060606060606061
ALTO DA BOA VISTA,2011,1,034,122,8.196721311475411
MARACANA,2011,0,035,226,0.0
VILA ISABEL,2011,1,036,733,1.364256480218281
ANDARAI,2011,0,037,310,0.0
GRAJAU,2011,0,038,385,0.0
MANGUINHOS,2011,1,039,295,3.389830508474576
BONSUCESSO,2011,1,040,406,2.4630541871921183
RAMOS,2011,1,041,880,1.1363636363636362
OLARIA,2011,1,042,622,1.607717041800643
PENHA,2011,3,043,1116,2.688172043010753
PENHA CIRCULAR,2011,0,044,369,0.0
BRAS DE PINA,2011,0,045,552,0.0
CORDOVIL,2011,4,046,586,6.825938566552901
PARADA DE LUCAS,2011,2,047,287,6.968641114982578
VIGARIO GERAL,2011,0,048,462,0.0
JARDIM AMERICA,2011,1,049,504,1.984126984126984
HIGIENOPOLIS,2011,0,050,182,0.0
JACARE,2011,0,051,486,0.0
MARIA DA GRACA,2011,0,052,71,0.0
DEL CASTILHO,2011,0,053,266,0.0
INHAUMA,2011,5,054,1002,4.990019960079841
ENGENHO DA RAINHA,2011,0,055,297,0.0
TOMAS COELHO,2011,0,056,273,0.0
SAO FRANCISCO XAVIER,2011,1,057,64,15.625
ROCHA,2011,0,058,79,0.0
RIACHUELO,2011,0,059,131,0.0
SAMPAIO,2011,0,060,149,0.0
ENGENHO NOVO,2011,2,061,663,3.0165912518853695
LINS DE VASCONCELOS,2011,0,062,481,0.0
MEIER,2011,0,063,577,0.0
TODOS OS SANTOS,2011,1,064,140,7.142857142857142
CACHAMBI,2011,1,065,360,2.7777777777777777
ENGENHO DE DENTRO,2011,0,066,531,0.0
AGUA SANTA,2011,1,067,83,12.048192771084338
ENCANTADO,2011,0,068,152,0.0
PIEDADE,2011,0,069,528,0.0
ABOLICAO,2011,0,070,144,0.0
PILARES,2011,0,071,325,0.0
VILA KOSMOS,2011,0,072,105,0.0
VICENTE DE CARVALHO,2011,0,073,312,0.0
VILA DA PENHA,2011,0,074,439,0.0
VISTA ALEGRE,2011,0,075,189,0.0
IRAJA,2011,1,076,1191,0.8396305625524769
COLEGIO,2011,0,077,427,0.0
CAMPINHO,2011,0,078,195,0.0
QUINTINO BOCAIUVA,2011,1,079,342,2.923976608187134
CAVALCANTE,2011,0,080,203,0.0
ENGENHEIRO LEAL,2011,0,081,42,0.0
CASCADURA,2011,1,082,430,2.3255813953488373
MADUREIRA,2011,1,083,888,1.1261261261261262
VAZ LOBO,2011,0,084,231,0.0
TURIACU,2011,0,085,194,0.0
ROCHA MIRANDA,2011,2,086,551,3.629764065335753
HONORIO GURGEL,2011,0,087,339,0.0
OSWALDO CRUZ,2011,2,088,313,6.3897763578274756
BENTO RIBEIRO,2011,1,089,534,1.8726591760299625
MARECHAL HERMES,2011,1,090,576,1.736111111111111
CACUIA,2011,0,093,159,0.0
PITANGUEIRAS,2011,1,094,124,8.064516129032258
PRAIA DA BANDEIRA,2011,0,095,66,0.0
COCOTA,2011,0,096,108,0.0
BANCARIOS,2011,0,097,233,0.0
FREGUESIA-ILHA,2011,0,098,349,0.0
JARDIM GUANABARA,2011,0,099,303,0.0
JARDIM CARIOCA,2011,0,100,361,0.0
TAUA,2011,0,101,266,0.0
MONERO,2011,0,102,44,0.0
PORTUGUESA,2011,0,103,187,0.0
GALEAO,2011,0,104,348,0.0
CIDADE UNIVERSITARIA,2011,0,105,24,0.0
GUADALUPE,2011,0,106,673,0.0
ANCHIETA,2011,2,107,1024,1.953125
PARQUE ANCHIETA,2011,0,108,172,0.0
RICARDO ALBUQUERQUE,2011,0,109,351,0.0
COELHO NETO,2011,1,110,401,2.493765586034913
ACARI,2011,1,111,463,2.1598272138228944
BARROS FILHO,2011,0,112,184,0.0
COSTA BARROS,2011,1,113,683,1.4641288433382138
PAVUNA,2011,5,114,1117,4.476275738585497
JACAREPAGUA,2011,3,115,1903,1.576458223857068
ANIL,2011,1,116,491,2.0366598778004072
GARDENIA AZUL,2011,2,117,618,3.236245954692557
CIDADE DE DEUS,2011,2,118,877,2.280501710376283
CURICICA,2011,1,119,837,1.194743130227001
FREGUESIA-JPA,2011,1,120,878,1.1389521640091116
PECHINCHA,2011,0,121,495,0.0
TAQUARA,2011,2,122,1696,1.1792452830188678
TANQUE,2011,1,123,569,1.757469244288225
PRACA SECA,2011,2,124,860,2.3255813953488373
VILA VALQUEIRE,2011,0,125,422,0.0
ITANHANGA,2011,0,127,549,0.0
BARRA DA TIJUCA,2011,4,128,1733,2.308136180034622
CAMORIM,2011,1,129,77,12.987012987012989
VARGEM PEQUENA,2011,0,130,382,0.0
VARGEM GRANDE,2011,0,131,304,0.0
RECREIO BANDEIRANTES,2011,1,132,1318,0.7587253414264037
DEODORO,2011,0,134,159,0.0
VILA MILITAR,2011,0,135,31,0.0
CAMPO DOS AFONSOS,2011,0,136,5,0.0
JARDIM SULACAP,2011,0,137,195,0.0
MAGALHAES BASTOS,2011,2,138,387,5.167958656330749
REALENGO,2011,5,139,2328,2.1477663230240553
PADRE MIGUEL,2011,3,140,1032,2.9069767441860463
BANGU,2011,7,141,3512,1.9931662870159454
SENADOR CAMARA,2011,5,142,1401,3.5688793718772303
SANTISSIMO,2011,2,143,819,2.442002442002442
CAMPO GRANDE,2011,17,144,5195,3.2723772858517806
SENADOR VASCONCELOS,2011,0,145,315,0.0
INHOAIBA,2011,4,146,792,5.050505050505051
COSMOS,2011,1,147,1041,0.9606147934678194
PACIENCIA,2011,4,148,1460,2.73972602739726
SANTA CRUZ,2011,9,149,3622,2.484815019326339
SEPETIBA,2011,1,150,779,1.2836970474967906
GUARATIBA,2011,3,151,1386,2.1645021645021645
BARRA DE GUARATIBA,2011,0,152,72,0.0
PEDRA DE GUARATIBA,2011,2,153,570,3.5087719298245617
ROCINHA,2011,4,154,1224,3.2679738562091503
JACAREZINHO,2011,0,155,240,0.0
COMPLEXO DO ALEMAO,2011,1,156,381,2.6246719160104988
COMPLEXO DA MARE,2011,3,157,2513,1.193792280143255
PARQUE COLUMBIA,2011,0,158,4,0.0
VASCO DA GAMA,2011,0,159,0,
LAPA,2011,0,161,0,
VILA KENNEDY,2011,0,162,0,
BARRA OLIMPICA,2011,0,165,0,
ILHA DO GOVERNADOR - IGNORADO,2011,0,998,26,0.0
IGNORADO BAIRRO-MRJ,2011,1,999,387,2.5839793281653747
,2011,65,,0,inf
SAUDE,2012,0,001,56,0.0
GAMBOA,2012,0,002,167,0.0
SANTO CRISTO,2012,0,003,226,0.0
CAJU,2012,1,004,410,2.4390243902439024
CENTRO,2012,0,005,440,0.0
CATUMBI,2012,1,006,259,3.8610038610038613
RIO COMPRIDO,2012,1,007,568,1.7605633802816902
CIDADE NOVA,2012,1,008,81,12.345679012345679
ESTACIO,2012,0,009,247,0.0
SAO CRISTOVAO,2012,0,010,706,0.0
MANGUEIRA,2012,0,011,338,0.0
BENFICA,2012,1,012,425,2.352941176470588
PAQUETA,2012,0,013,32,0.0
SANTA TERESA,2012,3,014,490,6.122448979591836
FLAMENGO,2012,0,015,415,0.0
GLORIA,2012,0,016,140,0.0
LARANJEIRAS,2012,1,017,357,2.8011204481792715
CATETE,2012,1,018,212,4.716981132075471
COSME VELHO,2012,0,019,106,0.0
BOTAFOGO,2012,0,020,796,0.0
HUMAITA,2012,0,021,130,0.0
URCA,2012,0,022,41,0.0
LEME,2012,0,023,115,0.0
COPACABANA,2012,2,024,1188,1.6835016835016834
IPANEMA,2012,0,025,320,0.0
LEBLON,2012,0,026,387,0.0
LAGOA,2012,0,027,185,0.0
JARDIM BOTANICO,2012,0,028,217,0.0
GAVEA,2012,0,029,228,0.0
VIDIGAL,2012,0,030,234,0.0
SAO CONRADO,2012,2,031,114,17.543859649122805
PRACA DA BANDEIRA,2012,0,032,84,0.0
TIJUCA,2012,3,033,1678,1.7878426698450536
ALTO DA BOA VISTA,2012,0,034,108,0.0
MARACANA,2012,0,035,189,0.0
VILA ISABEL,2012,1,036,734,1.3623978201634876
ANDARAI,2012,1,037,341,2.932551319648094
GRAJAU,2012,0,038,369,0.0
MANGUINHOS,2012,3,039,325,9.230769230769232
BONSUCESSO,2012,2,040,489,4.08997955010225
RAMOS,2012,3,041,776,3.865979381443299
OLARIA,2012,2,042,616,3.246753246753247
PENHA,2012,0,043,1072,0.0
PENHA CIRCULAR,2012,0,044,397,0.0
BRAS DE PINA,2012,2,045,551,3.629764065335753
CORDOVIL,2012,0,046,560,0.0
PARADA DE LUCAS,2012,0,047,282,0.0
VIGARIO GERAL,2012,1,048,374,2.6737967914438503
JARDIM AMERICA,2012,0,049,449,0.0
HIGIENOPOLIS,2012,0,050,187,0.0
JACARE,2012,1,051,381,2.6246719160104988
MARIA DA GRACA,2012,0,052,88,0.0
DEL CASTILHO,2012,0,053,308,0.0
INHAUMA,2012,2,054,926,2.1598272138228944
ENGENHO DA RAINHA,2012,0,055,321,0.0
TOMAS COELHO,2012,0,056,268,0.0
SAO FRANCISCO XAVIER,2012,0,057,59,0.0
ROCHA,2012,0,058,73,0.0
RIACHUELO,2012,0,059,142,0.0
SAMPAIO,2012,1,060,152,6.578947368421052
ENGENHO NOVO,2012,0,061,677,0.0
LINS DE VASCONCELOS,2012,0,062,488,0.0
MEIER,2012,2,063,509,3.929273084479371
TODOS OS SANTOS,2012,0,064,171,0.0
CACHAMBI,2012,1,065,378,2.6455026455026456
ENGENHO DE DENTRO,2012,1,066,548,1.8248175182481752
AGUA SANTA,2012,0,067,81,0.0
ENCANTADO,2012,0,068,142,0.0
PIEDADE,2012,2,069,515,3.883495145631068
ABOLICAO,2012,0,070,125,0.0
PILARES,2012,0,071,354,0.0
VILA KOSMOS,2012,0,072,107,0.0
VICENTE DE CARVALHO,2012,1,073,331,3.0211480362537766
VILA DA PENHA,2012,1,074,463,2.1598272138228944
VISTA ALEGRE,2012,0,075,144,0.0
IRAJA,2012,3,076,1172,2.5597269624573378
COLEGIO,2012,1,077,441,2.2675736961451247
CAMPINHO,2012,0,078,210,0.0
QUINTINO BOCAIUVA,2012,2,079,334,5.9880239520958085
CAVALCANTE,2012,0,080,217,0.0
ENGENHEIRO LEAL,2012,0,081,80,0.0
CASCADURA,2012,0,082,435,0.0
MADUREIRA,2012,3,083,890,3.370786516853933
VAZ LOBO,2012,1,084,219,4.5662100456621
TURIACU,2012,0,085,175,0.0
ROCHA MIRANDA,2012,1,086,545,1.834862385321101
HONORIO GURGEL,2012,0,087,306,0.0
OSWALDO CRUZ,2012,2,088,331,6.042296072507553
BENTO RIBEIRO,2012,1,089,541,1.8484288354898337
MARECHAL HERMES,2012,2,090,505,3.9603960396039604
CACUIA,2012,0,093,134,0.0
PITANGUEIRAS,2012,0,094,123,0.0
PRAIA DA BANDEIRA,2012,0,095,50,0.0
COCOTA,2012,0,096,117,0.0
BANCARIOS,2012,0,097,226,0.0
FREGUESIA-ILHA,2012,1,098,273,3.663003663003663
JARDIM GUANABARA,2012,0,099,258,0.0
JARDIM CARIOCA,2012,1,100,364,2.7472527472527473
TAUA,2012,0,101,290,0.0
MONERO,2012,0,102,43,0.0
PORTUGUESA,2012,1,103,244,4.0983606557377055
GALEAO,2012,0,104,373,0.0
CIDADE UNIVERSITARIA,2012,0,105,26,0.0
GUADALUPE,2012,1,106,712,1.4044943820224718
ANCHIETA,2012,5,107,970,5.154639175257732
PARQUE ANCHIETA,2012,0,108,220,0.0
RICARDO ALBUQUERQUE,2012,0,109,337,0.0
COELHO NETO,2012,3,110,409,7.334963325183374
ACARI,2012,2,111,464,4.310344827586206
BARROS FILHO,2012,0,112,168,0.0
COSTA BARROS,2012,3,113,735,4.081632653061225
PAVUNA,2012,5,114,1187,4.212299915754001
JACAREPAGUA,2012,7,115,2334,2.9991431019708656
ANIL,2012,2,116,468,4.273504273504274
GARDENIA AZUL,2012,1,117,609,1.6420361247947455
CIDADE DE DEUS,2012,5,118,843,5.931198102016607
CURICICA,2012,2,119,956,2.092050209205021
FREGUESIA-JPA,2012,0,120,760,0.0
PECHINCHA,2012,1,121,526,1.9011406844106464
TAQUARA,2012,6,122,1626,3.6900369003690034
TANQUE,2012,0,123,595,0.0
PRACA SECA,2012,1,124,826,1.2106537530266344
VILA VALQUEIRE,2012,0,125,439,0.0
ITANHANGA,2012,0,127,565,0.0
BARRA DA TIJUCA,2012,2,128,1756,1.1389521640091116
CAMORIM,2012,0,129,72,0.0
VARGEM PEQUENA,2012,0,130,348,0.0
VARGEM GRANDE,2012,0,131,305,0.0
RECREIO BANDEIRANTES,2012,0,132,1343,0.0
DEODORO,2012,1,134,195,5.128205128205129
VILA MILITAR,2012,0,135,57,0.0
CAMPO DOS AFONSOS,2012,0,136,22,0.0
JARDIM SULACAP,2012,0,137,194,0.0
MAGALHAES BASTOS,2012,1,138,356,2.8089887640449436
REALENGO,2012,12,139,2333,5.143591941705958
PADRE MIGUEL,2012,4,140,960,4.166666666666667
BANGU,2012,16,141,3489,4.585841215247922
SENADOR CAMARA,2012,9,142,1414,6.364922206506365
SANTISSIMO,2012,1,143,826,1.2106537530266344
CAMPO GRANDE,2012,7,144,5339,1.311106948866829
SENADOR VASCONCELOS,2012,0,145,318,0.0
INHOAIBA,2012,1,146,809,1.2360939431396785
COSMOS,2012,4,147,988,4.048582995951417
PACIENCIA,2012,4,148,1513,2.643754130865829
SANTA CRUZ,2012,13,149,3927,3.3104150751209573
SEPETIBA,2012,1,150,825,1.2121212121212122
GUARATIBA,2012,7,151,1524,4.593175853018373
BARRA DE GUARATIBA,2012,0,152,81,0.0
PEDRA DE GUARATIBA,2012,1,153,607,1.6474464579901154
ROCINHA,2012,0,154,1220,0.0
JACAREZINHO,2012,2,155,263,7.604562737642586
COMPLEXO DO ALEMAO,2012,2,156,422,4.739336492890995
COMPLEXO DA MARE,2012,3,157,2449,1.2249897917517354
PARQUE COLUMBIA,2012,0,158,0,
VASCO DA GAMA,2012,0,159,1,0.0
LAPA,2012,0,161,0,
VILA KENNEDY,2012,0,162,0,
BARRA OLIMPICA,2012,0,165,0,
ILHA DO GOVERNADOR - IGNORADO,2012,0,998,80,0.0
IGNORADO BAIRRO-MRJ,2012,0,999,279,0.0
,2012,89,,0,inf
SAUDE,2013,0,001,58,0.0
GAMBOA,2013,0,002,182,0.0
SANTO CRISTO,2013,0,003,196,0.0
CAJU,2013,1,004,412,2.4271844660194173
CENTRO,2013,1,005,464,2.155172413793103
CATUMBI,2013,0,006,249,0.0
RIO COMPRIDO,2013,3,007,602,4.983388704318936
CIDADE NOVA,2013,1,008,86,11.627906976744185
ESTACIO,2013,1,009,236,4.237288135593221
SAO CRISTOVAO,2013,0,010,693,0.0
MANGUEIRA,2013,0,011,340,0.0
BENFICA,2013,1,012,476,2.100840336134454
PAQUETA,2013,0,013,26,0.0
SANTA TERESA,2013,2,014,473,4.2283298097251585
FLAMENGO,2013,3,015,433,6.928406466512702
GLORIA,2013,1,016,123,8.130081300813009
LARANJEIRAS,2013,0,017,411,0.0
CATETE,2013,0,018,189,0.0
COSME VELHO,2013,1,019,78,12.82051282051282
BOTAFOGO,2013,0,020,827,0.0
HUMAITA,2013,0,021,132,0.0
URCA,2013,0,022,52,0.0
LEME,2013,0,023,131,0.0
COPACABANA,2013,3,024,1132,2.65017667844523
IPANEMA,2013,1,025,340,2.941176470588235
LEBLON,2013,0,026,402,0.0
LAGOA,2013,0,027,189,0.0
JARDIM BOTANICO,2013,0,028,208,0.0
GAVEA,2013,1,029,251,3.9840637450199203
VIDIGAL,2013,0,030,259,0.0
SAO CONRADO,2013,0,031,127,0.0
PRACA DA BANDEIRA,2013,0,032,132,0.0
TIJUCA,2013,0,033,1578,0.0
ALTO DA BOA VISTA,2013,0,034,118,0.0
MARACANA,2013,1,035,191,5.235602094240838
VILA ISABEL,2013,1,036,747,1.3386880856760375
ANDARAI,2013,0,037,377,0.0
GRAJAU,2013,0,038,383,0.0
MANGUINHOS,2013,2,039,315,6.349206349206349
BONSUCESSO,2013,0,040,264,0.0
RAMOS,2013,1,041,438,2.28310502283105
OLARIA,2013,2,042,650,3.076923076923077
PENHA,2013,6,043,1043,5.752636625119846
PENHA CIRCULAR,2013,0,044,451,0.0
BRAS DE PINA,2013,2,045,631,3.1695721077654517
CORDOVIL,2013,2,046,650,3.076923076923077
PARADA DE LUCAS,2013,0,047,312,0.0
VIGARIO GERAL,2013,2,048,416,4.807692307692308
JARDIM AMERICA,2013,0,049,436,0.0
HIGIENOPOLIS,2013,0,050,192,0.0
JACARE,2013,0,051,420,0.0
MARIA DA GRACA,2013,0,052,101,0.0
DEL CASTILHO,2013,0,053,310,0.0
INHAUMA,2013,3,054,916,3.2751091703056767
ENGENHO DA RAINHA,2013,1,055,299,3.3444816053511706
TOMAS COELHO,2013,0,056,259,0.0
SAO FRANCISCO XAVIER,2013,0,057,61,0.0
ROCHA,2013,0,058,123,0.0
RIACHUELO,2013,0,059,108,0.0
SAMPAIO,2013,0,060,157,0.0
ENGENHO NOVO,2013,0,061,667,0.0
LINS DE VASCONCELOS,2013,3,062,485,6.185567010309278
MEIER,2013,0,063,545,0.0
TODOS OS SANTOS,2013,0,064,156,0.0
CACHAMBI,2013,0,065,427,0.0
ENGENHO DE DENTRO,2013,1,066,546,1.8315018315018314
AGUA SANTA,2013,0,067,85,0.0
ENCANTADO,2013,2,068,141,14.184397163120567
PIEDADE,2013,2,069,515,3.883495145631068
ABOLICAO,2013,0,070,135,0.0
PILARES,2013,0,071,352,0.0
VILA KOSMOS,2013,1,072,116,8.620689655172413
VICENTE DE CARVALHO,2013,1,073,335,2.985074626865672
VILA DA PENHA,2013,1,074,515,1.941747572815534
VISTA ALEGRE,2013,1,075,162,6.172839506172839
IRAJA,2013,5,076,1147,4.3591979075850045
COLEGIO,2013,0,077,433,0.0
CAMPINHO,2013,0,078,219,0.0
QUINTINO BOCAIUVA,2013,0,079,385,0.0
CAVALCANTE,2013,2,080,211,9.47867298578199
ENGENHEIRO LEAL,2013,0,081,45,0.0
CASCADURA,2013,0,082,448,0.0
MADUREIRA,2013,1,083,740,1.3513513513513513
VAZ LOBO,2013,0,084,234,0.0
TURIACU,2013,0,085,171,0.0
ROCHA MIRANDA,2013,4,086,593,6.745362563237774
HONORIO GURGEL,2013,0,087,313,0.0
OSWALDO CRUZ,2013,0,088,355,0.0
BENTO RIBEIRO,2013,1,089,511,1.9569471624266144
MARECHAL HERMES,2013,2,090,567,3.527336860670194
CACUIA,2013,3,093,145,20.689655172413794
PITANGUEIRAS,2013,0,094,128,0.0
PRAIA DA BANDEIRA,2013,0,095,43,0.0
COCOTA,2013,0,096,87,0.0
BANCARIOS,2013,0,097,218,0.0
FREGUESIA-ILHA,2013,0,098,219,0.0
JARDIM GUANABARA,2013,0,099,242,0.0
JARDIM CARIOCA,2013,0,100,369,0.0
TAUA,2013,1,101,321,3.115264797507788
MONERO,2013,0,102,60,0.0
PORTUGUESA,2013,0,103,232,0.0
GALEAO,2013,2,104,422,4.739336492890995
CIDADE UNIVERSITARIA,2013,0,105,12,0.0
GUADALUPE,2013,1,106,719,1.3908205841446453
ANCHIETA,2013,4,107,1090,3.669724770642202
PARQUE ANCHIETA,2013,0,108,232,0.0
RICARDO ALBUQUERQUE,2013,0,109,373,0.0
COELHO NETO,2013,0,110,397,0.0
ACARI,2013,0,111,498,0.0
BARROS FILHO,2013,1,112,173,5.780346820809248
COSTA BARROS,2013,2,113,748,2.6737967914438503
PAVUNA,2013,2,114,1153,1.7346053772766694
JACAREPAGUA,2013,5,115,2277,2.1958717610891525
ANIL,2013,2,116,496,4.032258064516129
GARDENIA AZUL,2013,1,117,630,1.5873015873015872
CIDADE DE DEUS,2013,3,118,829,3.6188178528347406
CURICICA,2013,0,119,926,0.0
FREGUESIA-JPA,2013,0,120,844,0.0
PECHINCHA,2013,3,121,479,6.263048016701462
TAQUARA,2013,1,122,1758,0.5688282138794084
TANQUE,2013,2,123,622,3.215434083601286
PRACA SECA,2013,0,124,826,0.0
VILA VALQUEIRE,2013,1,125,412,2.4271844660194173
ITANHANGA,2013,1,127,578,1.7301038062283738
BARRA DA TIJUCA,2013,2,128,1730,1.1560693641618498
CAMORIM,2013,0,129,77,0.0
VARGEM PEQUENA,2013,1,130,294,3.401360544217687
VARGEM GRANDE,2013,1,131,316,3.1645569620253164
RECREIO BANDEIRANTES,2013,1,132,1346,0.7429420505200593
DEODORO,2013,0,134,207,0.0
VILA MILITAR,2013,0,135,58,0.0
CAMPO DOS AFONSOS,2013,0,136,16,0.0
JARDIM SULACAP,2013,0,137,270,0.0
MAGALHAES BASTOS,2013,1,138,310,3.225806451612903
REALENGO,2013,6,139,2359,2.543450614667232
PADRE MIGUEL,2013,1,140,962,1.0395010395010396
BANGU,2013,12,141,3891,3.0840400925212026
SENADOR CAMARA,2013,4,142,1414,2.828854314002829
SANTISSIMO,2013,3,143,790,3.7974683544303796
CAMPO GRANDE,2013,16,144,5244,3.051106025934401
SENADOR VASCONCELOS,2013,0,145,308,0.0
INHOAIBA,2013,2,146,880,2.2727272727272725
COSMOS,2013,1,147,1122,0.8912655971479501
PACIENCIA,2013,2,148,1491,1.341381623071764
SANTA CRUZ,2013,16,149,3992,4.008016032064128
SEPETIBA,2013,5,150,922,5.422993492407809
GUARATIBA,2013,5,151,1650,3.0303030303030303
BARRA DE GUARATIBA,2013,0,152,78,0.0
PEDRA DE GUARATIBA,2013,0,153,616,0.0
ROCINHA,2013,5,154,1161,4.3066322136089585
JACAREZINHO,2013,1,155,283,3.5335689045936394
COMPLEXO DO ALEMAO,2013,2,156,845,2.366863905325444
COMPLEXO DA MARE,2013,7,157,2659,2.6325686348251223
PARQUE COLUMBIA,2013,0,158,17,0.0
VASCO DA GAMA,2013,0,159,13,0.0
LAPA,2013,0,161,0,
VILA KENNEDY,2013,0,162,0,
BARRA OLIMPICA,2013,0,165,0,
ILHA DO GOVERNADOR - IGNORADO,2013,0,998,9,0.0
IGNORADO BAIRRO-MRJ,2013,0,999,50,0.0
,2013,64,,0,inf
SAUDE,2014,0,001,71,0.0
GAMBOA,2014,0,002,164,0.0
SANTO CRISTO,2014,1,003,249,4.016064257028112
CAJU,2014,0,004,448,0.0
CENTRO,2014,2,005,425,4.705882352941176
CATUMBI,2014,0,006,276,0.0
RIO COMPRIDO,2014,3,007,624,4.807692307692308
CIDADE NOVA,2014,0,008,56,0.0
ESTACIO,2014,1,009,301,3.3222591362126246
SAO CRISTOVAO,2014,1,010,724,1.3812154696132597
MANGUEIRA,2014,1,011,321,3.115264797507788
BENFICA,2014,1,012,484,2.066115702479339
PAQUETA,2014,0,013,32,0.0
SANTA TERESA,2014,0,014,471,0.0
FLAMENGO,2014,1,015,416,2.403846153846154
GLORIA,2014,0,016,174,0.0
LARANJEIRAS,2014,0,017,406,0.0
CATETE,2014,0,018,220,0.0
COSME VELHO,2014,0,019,103,0.0
BOTAFOGO,2014,2,020,839,2.3837902264600714
HUMAITA,2014,0,021,117,0.0
URCA,2014,0,022,46,0.0
LEME,2014,0,023,134,0.0
COPACABANA,2014,4,024,1212,3.3003300330033003
IPANEMA,2014,0,025,379,0.0
LEBLON,2014,0,026,406,0.0
LAGOA,2014,0,027,184,0.0
JARDIM BOTANICO,2014,0,028,190,0.0
GAVEA,2014,0,029,265,0.0
VIDIGAL,2014,2,030,261,7.662835249042145
SAO CONRADO,2014,0,031,98,0.0
PRACA DA BANDEIRA,2014,0,032,98,0.0
TIJUCA,2014,1,033,1661,0.6020469596628537
ALTO DA BOA VISTA,2014,0,034,147,0.0
MARACANA,2014,0,035,205,0.0
VILA ISABEL,2014,0,036,760,0.0
ANDARAI,2014,0,037,348,0.0
GRAJAU,2014,0,038,388,0.0
MANGUINHOS,2014,1,039,356,2.8089887640449436
BONSUCESSO,2014,1,040,347,2.881844380403458
RAMOS,2014,0,041,587,0.0
OLARIA,2014,2,042,637,3.1397174254317113
PENHA,2014,1,043,951,1.0515247108307044
PENHA CIRCULAR,2014,0,044,427,0.0
BRAS DE PINA,2014,0,045,656,0.0
CORDOVIL,2014,1,046,613,1.6313213703099512
PARADA DE LUCAS,2014,1,047,349,2.865329512893983
VIGARIO GERAL,2014,1,048,476,2.100840336134454
JARDIM AMERICA,2014,0,049,511,0.0
HIGIENOPOLIS,2014,1,050,165,6.0606060606060606
JACARE,2014,2,051,418,4.784688995215311
MARIA DA GRACA,2014,0,052,75,0.0
DEL CASTILHO,2014,0,053,293,0.0
INHAUMA,2014,1,054,969,1.0319917440660473
ENGENHO DA RAINHA,2014,1,055,343,2.9154518950437316
TOMAS COELHO,2014,1,056,269,3.717472118959108
SAO FRANCISCO XAVIER,2014,0,057,71,0.0
ROCHA,2014,0,058,127,0.0
RIACHUELO,2014,0,059,131,0.0
SAMPAIO,2014,0,060,131,0.0
ENGENHO NOVO,2014,2,061,661,3.0257186081694405
LINS DE VASCONCELOS,2014,1,062,523,1.9120458891013383
MEIER,2014,2,063,548,3.6496350364963503
TODOS OS SANTOS,2014,0,064,180,0.0
CACHAMBI,2014,2,065,422,4.739336492890995
ENGENHO DE DENTRO,2014,2,066,592,3.3783783783783785
AGUA SANTA,2014,0,067,93,0.0
ENCANTADO,2014,0,068,137,0.0
PIEDADE,2014,4,069,579,6.90846286701209
ABOLICAO,2014,0,070,148,0.0
PILARES,2014,1,071,376,2.6595744680851063
VILA KOSMOS,2014,0,072,118,0.0
VICENTE DE CARVALHO,2014,0,073,336,0.0
VILA DA PENHA,2014,0,074,426,0.0
VISTA ALEGRE,2014,0,075,157,0.0
IRAJA,2014,4,076,1227,3.2599837000814995
COLEGIO,2014,0,077,451,0.0
CAMPINHO,2014,0,078,213,0.0
QUINTINO BOCAIUVA,2014,2,079,386,5.181347150259067
CAVALCANTE,2014,0,080,227,0.0
ENGENHEIRO LEAL,2014,1,081,49,20.408163265306122
CASCADURA,2014,1,082,416,2.403846153846154
MADUREIRA,2014,1,083,765,1.3071895424836601
VAZ LOBO,2014,0,084,230,0.0
TURIACU,2014,0,085,171,0.0
ROCHA MIRANDA,2014,0,086,590,0.0
HONORIO GURGEL,2014,1,087,301,3.3222591362126246
OSWALDO CRUZ,2014,0,088,355,0.0
BENTO RIBEIRO,2014,2,089,486,4.11522633744856
MARECHAL HERMES,2014,1,090,560,1.7857142857142856
CACUIA,2014,2,093,141,14.184397163120567
PITANGUEIRAS,2014,0,094,150,0.0
PRAIA DA BANDEIRA,2014,0,095,50,0.0
COCOTA,2014,0,096,96,0.0
BANCARIOS,2014,0,097,205,0.0
FREGUESIA-ILHA,2014,0,098,226,0.0
JARDIM GUANABARA,2014,0,099,261,0.0
JARDIM CARIOCA,2014,1,100,374,2.6737967914438503
TAUA,2014,1,101,336,2.976190476190476
MONERO,2014,0,102,48,0.0
PORTUGUESA,2014,0,103,233,0.0
GALEAO,2014,2,104,395,5.063291139240507
CIDADE UNIVERSITARIA,2014,0,105,20,0.0
GUADALUPE,2014,1,106,693,1.443001443001443
ANCHIETA,2014,2,107,1107,1.8066847335140017
PARQUE ANCHIETA,2014,1,108,226,4.424778761061947
RICARDO ALBUQUERQUE,2014,1,109,369,2.710027100271003
COELHO NETO,2014,0,110,453,0.0
ACARI,2014,0,111,493,0.0
BARROS FILHO,2014,0,112,243,0.0
COSTA BARROS,2014,1,113,733,1.364256480218281
PAVUNA,2014,3,114,1209,2.4813895781637716
JACAREPAGUA,2014,6,115,2822,2.1261516654854713
ANIL,2014,3,116,458,6.550218340611353
GARDENIA AZUL,2014,1,117,671,1.4903129657228018
CIDADE DE DEUS,2014,4,118,868,4.608294930875576
CURICICA,2014,1,119,839,1.1918951132300357
FREGUESIA-JPA,2014,1,120,922,1.0845986984815619
PECHINCHA,2014,1,121,553,1.8083182640144664
TAQUARA,2014,2,122,1758,1.1376564277588168
TANQUE,2014,1,123,608,1.644736842105263
PRACA SECA,2014,1,124,841,1.1890606420927465
VILA VALQUEIRE,2014,0,125,445,0.0
ITANHANGA,2014,4,127,631,6.3391442155309035
BARRA DA TIJUCA,2014,0,128,1671,0.0
CAMORIM,2014,0,129,77,0.0
VARGEM PEQUENA,2014,1,130,339,2.949852507374631
VARGEM GRANDE,2014,0,131,281,0.0
RECREIO BANDEIRANTES,2014,3,132,1357,2.210759027266028
DEODORO,2014,1,134,173,5.780346820809248
VILA MILITAR,2014,0,135,71,0.0
CAMPO DOS AFONSOS,2014,0,136,15,0.0
JARDIM SULACAP,2014,0,137,267,0.0
MAGALHAES BASTOS,2014,1,138,300,3.3333333333333335
REALENGO,2014,4,139,2429,1.6467682173734046
PADRE MIGUEL,2014,2,140,983,2.0345879959308237
BANGU,2014,10,141,3866,2.586652871184687
SENADOR CAMARA,2014,4,142,1354,2.9542097488921715
SANTISSIMO,2014,1,143,872,1.146788990825688
CAMPO GRANDE,2014,11,144,5465,2.012808783165599
SENADOR VASCONCELOS,2014,3,145,343,8.746355685131196
INHOAIBA,2014,2,146,972,2.05761316872428
COSMOS,2014,3,147,1194,2.512562814070352
PACIENCIA,2014,4,148,1570,2.5477707006369426
SANTA CRUZ,2014,10,149,3995,2.5031289111389237
SEPETIBA,2014,1,150,803,1.2453300124533002
GUARATIBA,2014,4,151,1932,2.070393374741201
BARRA DE GUARATIBA,2014,1,152,82,12.195121951219512
PEDRA DE GUARATIBA,2014,3,153,504,5.952380952380952
ROCINHA,2014,5,154,1174,4.258943781942079
JACAREZINHO,2014,0,155,272,0.0
COMPLEXO DO ALEMAO,2014,2,156,765,2.6143790849673203
COMPLEXO DA MARE,2014,7,157,2579,2.714230321830167
PARQUE COLUMBIA,2014,0,158,21,0.0
VASCO DA GAMA,2014,0,159,23,0.0
LAPA,2014,0,161,0,
VILA KENNEDY,2014,0,162,0,
BARRA OLIMPICA,2014,0,165,0,
ILHA DO GOVERNADOR - IGNORADO,2014,0,998,6,0.0
IGNORADO BAIRRO-MRJ,2014,0,999,126,0.0
,2014,70,,0,inf
SAUDE,2015,0,001,60,0.0
GAMBOA,2015,1,002,200,5.0
SANTO CRISTO,2015,1,003,209,4.784688995215311
CAJU,2015,1,004,430,2.3255813953488373
CENTRO,2015,0,005,404,0.0
CATUMBI,2015,2,006,269,7.434944237918216
RIO COMPRIDO,2015,1,007,589,1.697792869269949
CIDADE NOVA,2015,0,008,79,0.0
ESTACIO,2015,1,009,293,3.4129692832764507
SAO CRISTOVAO,2015,1,010,644,1.5527950310559004
MANGUEIRA,2015,0,011,304,0.0
BENFICA,2015,2,012,532,3.7593984962406015
PAQUETA,2015,1,013,39,25.64102564102564
SANTA TERESA,2015,0,014,523,0.0
FLAMENGO,2015,0,015,406,0.0
GLORIA,2015,0,016,138,0.0
LARANJEIRAS,2015,1,017,440,2.2727272727272725
CATETE,2015,2,018,217,9.216589861751151
COSME VELHO,2015,0,019,97,0.0
BOTAFOGO,2015,0,020,878,0.0
HUMAITA,2015,0,021,151,0.0
URCA,2015,1,022,61,16.393442622950822
LEME,2015,0,023,131,0.0
COPACABANA,2015,1,024,1158,0.8635578583765112
IPANEMA,2015,0,025,335,0.0
LEBLON,2015,1,026,408,2.450980392156863
LAGOA,2015,0,027,191,0.0
JARDIM BOTANICO,2015,0,028,191,0.0
GAVEA,2015,1,029,283,3.5335689045936394
VIDIGAL,2015,0,030,242,0.0
SAO CONRADO,2015,0,031,98,0.0
PRACA DA BANDEIRA,2015,0,032,87,0.0
TIJUCA,2015,4,033,1601,2.4984384759525295
ALTO DA BOA VISTA,2015,0,034,131,0.0
MARACANA,2015,0,035,229,0.0
VILA ISABEL,2015,2,036,789,2.5348542458808616
ANDARAI,2015,2,037,415,4.819277108433735
GRAJAU,2015,0,038,395,0.0
MANGUINHOS,2015,4,039,452,8.849557522123893
BONSUCESSO,2015,1,040,509,1.9646365422396854
RAMOS,2015,2,041,667,2.998500749625187
OLARIA,2015,3,042,595,5.04201680672269
PENHA,2015,4,043,892,4.484304932735426
PENHA CIRCULAR,2015,1,044,545,1.834862385321101
BRAS DE PINA,2015,5,045,628,7.961783439490445
CORDOVIL,2015,2,046,621,3.2206119162640903
PARADA DE LUCAS,2015,1,047,335,2.985074626865672
VIGARIO GERAL,2015,3,048,471,6.369426751592357
JARDIM AMERICA,2015,0,049,455,0.0
HIGIENOPOLIS,2015,0,050,171,0.0
JACARE,2015,0,051,383,0.0
MARIA DA GRACA,2015,1,052,102,9.803921568627452
DEL CASTILHO,2015,2,053,308,6.493506493506494
INHAUMA,2015,1,054,824,1.2135922330097086
ENGENHO DA RAINHA,2015,0,055,366,0.0
TOMAS COELHO,2015,0,056,304,0.0
SAO FRANCISCO XAVIER,2015,0,057,79,0.0
ROCHA,2015,0,058,155,0.0
RIACHUELO,2015,4,059,132,30.303030303030305
SAMPAIO,2015,1,060,151,6.622516556291391
ENGENHO NOVO,2015,0,061,578,0.0
LINS DE VASCONCELOS,2015,3,062,504,5.952380952380952
MEIER,2015,1,063,474,2.109704641350211
TODOS OS SANTOS,2015,0,064,177,0.0
CACHAMBI,2015,2,065,371,5.3908355795148255
ENGENHO DE DENTRO,2015,0,066,610,0.0
AGUA SANTA,2015,0,067,83,0.0
ENCANTADO,2015,0,068,136,0.0
PIEDADE,2015,0,069,592,0.0
ABOLICAO,2015,0,070,135,0.0
PILARES,2015,1,071,322,3.105590062111801
VILA KOSMOS,2015,0,072,130,0.0
VICENTE DE CARVALHO,2015,0,073,348,0.0
VILA DA PENHA,2015,0,074,286,0.0
VISTA ALEGRE,2015,0,075,93,0.0
IRAJA,2015,3,076,1181,2.540220152413209
COLEGIO,2015,0,077,439,0.0
CAMPINHO,2015,0,078,157,0.0
QUINTINO BOCAIUVA,2015,1,079,406,2.4630541871921183
CAVALCANTE,2015,0,080,268,0.0
ENGENHEIRO LEAL,2015,0,081,86,0.0
CASCADURA,2015,0,082,450,0.0
MADUREIRA,2015,3,083,739,4.059539918809201
VAZ LOBO,2015,0,084,243,0.0
TURIACU,2015,0,085,190,0.0
ROCHA MIRANDA,2015,1,086,581,1.721170395869191
HONORIO GURGEL,2015,2,087,336,5.952380952380952
OSWALDO CRUZ,2015,1,088,403,2.4813895781637716
BENTO RIBEIRO,2015,1,089,499,2.004008016032064
MARECHAL HERMES,2015,2,090,570,3.5087719298245617
CACUIA,2015,0,093,154,0.0
PITANGUEIRAS,2015,1,094,149,6.7114093959731544
PRAIA DA BANDEIRA,2015,0,095,64,0.0
COCOTA,2015,0,096,106,0.0
BANCARIOS,2015,1,097,226,4.424778761061947
FREGUESIA-ILHA,2015,0,098,218,0.0
JARDIM GUANABARA,2015,0,099,239,0.0
JARDIM CARIOCA,2015,0,100,347,0.0
TAUA,2015,0,101,361,0.0
MONERO,2015,0,102,48,0.0
PORTUGUESA,2015,3,103,218,13.761467889908257
GALEAO,2015,0,104,387,0.0
CIDADE UNIVERSITARIA,2015,0,105,24,0.0
GUADALUPE,2015,2,106,658,3.0395136778115504
ANCHIETA,2015,2,107,1054,1.8975332068311195
PARQUE ANCHIETA,2015,0,108,270,0.0
RICARDO ALBUQUERQUE,2015,1,109,377,2.6525198938992043
COELHO NETO,2015,1,110,457,2.1881838074398248
ACARI,2015,2,111,564,3.5460992907801416
BARROS FILHO,2015,1,112,269,3.717472118959108
COSTA BARROS,2015,2,113,694,2.881844380403458
PAVUNA,2015,5,114,1222,4.091653027823241
JACAREPAGUA,2015,8,115,3084,2.594033722438392
ANIL,2015,0,116,431,0.0
GARDENIA AZUL,2015,1,117,686,1.4577259475218658
CIDADE DE DEUS,2015,4,118,890,4.49438202247191
CURICICA,2015,1,119,776,1.288659793814433
FREGUESIA-JPA,2015,1,120,924,1.0822510822510822
PECHINCHA,2015,1,121,570,1.7543859649122808
TAQUARA,2015,4,122,1718,2.328288707799767
TANQUE,2015,0,123,596,0.0
PRACA SECA,2015,4,124,933,4.287245444801715
VILA VALQUEIRE,2015,0,125,421,0.0
ITANHANGA,2015,1,127,702,1.4245014245014245
BARRA DA TIJUCA,2015,4,128,1568,2.5510204081632653
CAMORIM,2015,0,129,76,0.0
VARGEM PEQUENA,2015,1,130,380,2.631578947368421
VARGEM GRANDE,2015,0,131,297,0.0
RECREIO BANDEIRANTES,2015,1,132,1369,0.7304601899196493
DEODORO,2015,0,134,199,0.0
VILA MILITAR,2015,0,135,111,0.0
CAMPO DOS AFONSOS,2015,0,136,21,0.0
JARDIM SULACAP,2015,1,137,270,3.7037037037037037
MAGALHAES BASTOS,2015,1,138,299,3.3444816053511706
REALENGO,2015,9,139,2404,3.743760399334443
PADRE MIGUEL,2015,0,140,901,0.0
BANGU,2015,7,141,3736,1.8736616702355462
SENADOR CAMARA,2015,6,142,1475,4.067796610169491
SANTISSIMO,2015,0,143,845,0.0
CAMPO GRANDE,2015,5,144,5363,0.9323140033563304
SENADOR VASCONCELOS,2015,0,145,401,0.0
INHOAIBA,2015,3,146,1004,2.9880478087649402
COSMOS,2015,3,147,1268,2.365930599369085
PACIENCIA,2015,5,148,1665,3.003003003003003
SANTA CRUZ,2015,12,149,4171,2.8770079117717575
SEPETIBA,2015,3,150,885,3.389830508474576
GUARATIBA,2015,2,151,2077,0.9629272989889263
BARRA DE GUARATIBA,2015,0,152,75,0.0
PEDRA DE GUARATIBA,2015,1,153,413,2.4213075060532687
ROCINHA,2015,1,154,1132,0.8833922261484098
JACAREZINHO,2015,2,155,312,6.41025641025641
COMPLEXO DO ALEMAO,2015,0,156,843,0.0
COMPLEXO DA MARE,2015,6,157,2419,2.4803637866887143
PARQUE COLUMBIA,2015,0,158,60,0.0
VASCO DA GAMA,2015,1,159,81,12.345679012345679
LAPA,2015,0,161,0,
VILA KENNEDY,2015,0,162,0,
BARRA OLIMPICA,2015,0,165,0,
ILHA DO GOVERNADOR - IGNORADO,2015,0,998,34,0.0
IGNORADO BAIRRO-MRJ,2015,0,999,55,0.0
,2015,68,,0,inf
SAUDE,2016,0,001,38,0.0
GAMBOA,2016,1,002,171,5.847953216374268
SANTO CRISTO,2016,0,003,199,0.0
CAJU,2016,0,004,460,0.0
CENTRO,2016,0,005,393,0.0
CATUMBI,2016,0,006,242,0.0
RIO COMPRIDO,2016,2,007,543,3.6832412523020257
CIDADE NOVA,2016,0,008,72,0.0
ESTACIO,2016,2,009,245,8.16326530612245
SAO CRISTOVAO,2016,1,010,591,1.6920473773265652
MANGUEIRA,2016,1,011,278,3.5971223021582737
BENFICA,2016,0,012,484,0.0
PAQUETA,2016,0,013,36,0.0
SANTA TERESA,2016,1,014,466,2.1459227467811157
FLAMENGO,2016,0,015,340,0.0
GLORIA,2016,0,016,106,0.0
LARANJEIRAS,2016,1,017,358,2.793296089385475
CATETE,2016,1,018,172,5.813953488372093
COSME VELHO,2016,0,019,93,0.0
BOTAFOGO,2016,1,020,775,1.2903225806451613
HUMAITA,2016,0,021,146,0.0
URCA,2016,0,022,43,0.0
LEME,2016,1,023,132,7.575757575757576
COPACABANA,2016,1,024,1038,0.9633911368015414
IPANEMA,2016,0,025,259,0.0
LEBLON,2016,1,026,339,2.949852507374631
LAGOA,2016,0,027,121,0.0
JARDIM BOTANICO,2016,0,028,154,0.0
GAVEA,2016,0,029,265,0.0
VIDIGAL,2016,0,030,207,0.0
SAO CONRADO,2016,0,031,79,0.0
PRACA DA BANDEIRA,2016,0,032,117,0.0
TIJUCA,2016,4,033,1531,2.612671456564337
ALTO DA BOA VISTA,2016,0,034,148,0.0
MARACANA,2016,0,035,177,0.0
VILA ISABEL,2016,3,036,672,4.464285714285714
ANDARAI,2016,0,037,313,0.0
GRAJAU,2016,1,038,326,3.067484662576687
MANGUINHOS,2016,2,039,494,4.048582995951417
BONSUCESSO,2016,3,040,1157,2.592912705272256
RAMOS,2016,1,041,760,1.3157894736842104
OLARIA,2016,0,042,554,0.0
PENHA,2016,2,043,920,2.1739130434782608
PENHA CIRCULAR,2016,1,044,435,2.2988505747126435
BRAS DE PINA,2016,3,045,612,4.901960784313726
CORDOVIL,2016,1,046,605,1.6528925619834711
PARADA DE LUCAS,2016,0,047,322,0.0
VIGARIO GERAL,2016,1,048,419,2.3866348448687353
JARDIM AMERICA,2016,1,049,411,2.4330900243309004
HIGIENOPOLIS,2016,0,050,164,0.0
JACARE,2016,0,051,321,0.0
MARIA DA GRACA,2016,0,052,66,0.0
DEL CASTILHO,2016,0,053,290,0.0
INHAUMA,2016,0,054,749,0.0
ENGENHO DA RAINHA,2016,1,055,354,2.824858757062147
TOMAS COELHO,2016,0,056,244,0.0
SAO FRANCISCO XAVIER,2016,1,057,95,10.526315789473683
ROCHA,2016,1,058,180,5.555555555555555
RIACHUELO,2016,0,059,123,0.0
SAMPAIO,2016,1,060,131,7.633587786259541
ENGENHO NOVO,2016,0,061,553,0.0
LINS DE VASCONCELOS,2016,1,062,422,2.3696682464454977
MEIER,2016,2,063,429,4.662004662004662
TODOS OS SANTOS,2016,0,064,150,0.0
CACHAMBI,2016,1,065,377,2.6525198938992043
ENGENHO DE DENTRO,2016,0,066,597,0.0
AGUA SANTA,2016,0,067,96,0.0
ENCANTADO,2016,2,068,142,14.084507042253522
PIEDADE,2016,3,069,495,6.0606060606060606
ABOLICAO,2016,0,070,122,0.0
PILARES,2016,0,071,330,0.0
VILA KOSMOS,2016,0,072,122,0.0
VICENTE DE CARVALHO,2016,0,073,309,0.0
VILA DA PENHA,2016,0,074,237,0.0
VISTA ALEGRE,2016,0,075,120,0.0
IRAJA,2016,4,076,1081,3.700277520814061
COLEGIO,2016,1,077,424,2.3584905660377355
CAMPINHO,2016,0,078,170,0.0
QUINTINO BOCAIUVA,2016,0,079,362,0.0
CAVALCANTE,2016,0,080,219,0.0
ENGENHEIRO LEAL,2016,0,081,70,0.0
CASCADURA,2016,0,082,393,0.0
MADUREIRA,2016,0,083,687,0.0
VAZ LOBO,2016,1,084,234,4.273504273504274
TURIACU,2016,0,085,151,0.0
ROCHA MIRANDA,2016,0,086,565,0.0
HONORIO GURGEL,2016,0,087,310,0.0
OSWALDO CRUZ,2016,0,088,358,0.0
BENTO RIBEIRO,2016,1,089,493,2.028397565922921
MARECHAL HERMES,2016,1,090,512,1.953125
CACUIA,2016,1,093,134,7.462686567164179
PITANGUEIRAS,2016,0,094,156,0.0
PRAIA DA BANDEIRA,2016,0,095,41,0.0
COCOTA,2016,0,096,68,0.0
BANCARIOS,2016,0,097,190,0.0
FREGUESIA-ILHA,2016,1,098,280,3.571428571428571
JARDIM GUANABARA,2016,0,099,211,0.0
JARDIM CARIOCA,2016,1,100,271,3.6900369003690034
TAUA,2016,2,101,220,9.09090909090909
MONERO,2016,0,102,39,0.0
PORTUGUESA,2016,0,103,166,0.0
GALEAO,2016,0,104,337,0.0
CIDADE UNIVERSITARIA,2016,0,105,25,0.0
GUADALUPE,2016,0,106,585,0.0
ANCHIETA,2016,1,107,1010,0.9900990099009901
PARQUE ANCHIETA,2016,0,108,180,0.0
RICARDO ALBUQUERQUE,2016,2,109,337,5.934718100890208
COELHO NETO,2016,1,110,403,2.4813895781637716
ACARI,2016,1,111,498,2.008032128514056
BARROS FILHO,2016,0,112,270,0.0
COSTA BARROS,2016,3,113,670,4.477611940298508
PAVUNA,2016,1,114,1123,0.8904719501335707
JACAREPAGUA,2016,8,115,2663,3.0041306796845664
ANIL,2016,0,116,421,0.0
GARDENIA AZUL,2016,0,117,593,0.0
CIDADE DE DEUS,2016,1,118,829,1.2062726176115801
CURICICA,2016,3,119,842,3.5629453681710217
FREGUESIA-JPA,2016,3,120,817,3.6719706242350063
PECHINCHA,2016,1,121,453,2.207505518763797
TAQUARA,2016,3,122,1644,1.8248175182481752
TANQUE,2016,2,123,535,3.7383177570093458
PRACA SECA,2016,1,124,848,1.1792452830188678
VILA VALQUEIRE,2016,1,125,352,2.840909090909091
ITANHANGA,2016,2,127,662,3.0211480362537766
BARRA DA TIJUCA,2016,0,128,1398,0.0
CAMORIM,2016,0,129,84,0.0
VARGEM PEQUENA,2016,0,130,418,0.0
VARGEM GRANDE,2016,0,131,325,0.0
RECREIO BANDEIRANTES,2016,2,132,1299,1.539645881447267
DEODORO,2016,0,134,209,0.0
VILA MILITAR,2016,0,135,90,0.0
CAMPO DOS AFONSOS,2016,0,136,28,0.0
JARDIM SULACAP,2016,0,137,206,0.0
MAGALHAES BASTOS,2016,1,138,266,3.7593984962406015
REALENGO,2016,7,139,2241,3.1236055332440875
PADRE MIGUEL,2016,1,140,864,1.1574074074074074
BANGU,2016,6,141,3404,1.7626321974148063
SENADOR CAMARA,2016,5,142,1405,3.558718861209964
SANTISSIMO,2016,1,143,690,1.4492753623188406
CAMPO GRANDE,2016,13,144,5048,2.5752773375594296
SENADOR VASCONCELOS,2016,0,145,330,0.0
INHOAIBA,2016,1,146,985,1.0152284263959392
COSMOS,2016,0,147,1199,0.0
PACIENCIA,2016,5,148,1571,3.182686187141948
SANTA CRUZ,2016,16,149,3676,4.352557127312296
SEPETIBA,2016,3,150,838,3.579952267303103
GUARATIBA,2016,1,151,1936,0.5165289256198348
BARRA DE GUARATIBA,2016,0,152,60,0.0
PEDRA DE GUARATIBA,2016,1,153,516,1.937984496124031
ROCINHA,2016,6,154,1061,5.655042412818096
JACAREZINHO,2016,2,155,321,6.230529595015576
COMPLEXO DO ALEMAO,2016,0,156,680,0.0
COMPLEXO DA MARE,2016,3,157,1275,2.352941176470588
PARQUE COLUMBIA,2016,0,158,48,0.0
VASCO DA GAMA,2016,0,159,66,0.0
LAPA,2016,0,161,0,
VILA KENNEDY,2016,0,162,0,
BARRA OLIMPICA,2016,0,165,0,
ILHA DO GOVERNADOR - IGNORADO,2016,0,998,242,0.0
IGNORADO BAIRRO-MRJ,2016,0,999,74,0.0
,2016,48,,0,inf
SAUDE,2017,0,001,52,0.0
GAMBOA,2017,0,002,166,0.0
SANTO CRISTO,2017,0,003,193,0.0
CAJU,2017,2,004,454,4.405286343612335
CENTRO,2017,2,005,361,5.54016620498615
CATUMBI,2017,1,006,198,5.050505050505051
RIO COMPRIDO,2017,1,007,549,1.8214936247723132
CIDADE NOVA,2017,0,008,74,0.0
ESTACIO,2017,1,009,275,3.6363636363636362
SAO CRISTOVAO,2017,0,010,474,0.0
MANGUEIRA,2017,1,011,322,3.105590062111801
BENFICA,2017,0,012,530,0.0
PAQUETA,2017,0,013,41,0.0
SANTA TERESA,2017,0,014,410,0.0
FLAMENGO,2017,0,015,349,0.0
GLORIA,2017,0,016,86,0.0
LARANJEIRAS,2017,0,017,401,0.0
CATETE,2017,0,018,251,0.0
COSME VELHO,2017,0,019,107,0.0
BOTAFOGO,2017,0,020,754,0.0
HUMAITA,2017,0,021,115,0.0
URCA,2017,0,022,57,0.0
LEME,2017,0,023,132,0.0
COPACABANA,2017,3,024,1095,2.73972602739726
IPANEMA,2017,1,025,292,3.4246575342465753
LEBLON,2017,1,026,353,2.8328611898017
LAGOA,2017,0,027,193,0.0
JARDIM BOTANICO,2017,1,028,184,5.434782608695652
GAVEA,2017,1,029,145,6.896551724137931
VIDIGAL,2017,0,030,211,0.0
SAO CONRADO,2017,0,031,79,0.0
PRACA DA BANDEIRA,2017,0,032,93,0.0
TIJUCA,2017,4,033,1345,2.973977695167286
ALTO DA BOA VISTA,2017,0,034,109,0.0
MARACANA,2017,1,035,204,4.901960784313726
VILA ISABEL,2017,1,036,669,1.4947683109118086
ANDARAI,2017,2,037,372,5.376344086021506
GRAJAU,2017,2,038,342,5.847953216374268
MANGUINHOS,2017,0,039,484,0.0
BONSUCESSO,2017,1,040,583,1.7152658662092624
RAMOS,2017,0,041,554,0.0
OLARIA,2017,2,042,630,3.1746031746031744
PENHA,2017,3,043,903,3.3222591362126246
PENHA CIRCULAR,2017,4,044,570,7.017543859649123
BRAS DE PINA,2017,0,045,607,0.0
CORDOVIL,2017,1,046,548,1.8248175182481752
PARADA DE LUCAS,2017,0,047,316,0.0
VIGARIO GERAL,2017,2,048,530,3.7735849056603774
JARDIM AMERICA,2017,1,049,396,2.5252525252525255
HIGIENOPOLIS,2017,0,050,142,0.0
JACARE,2017,0,051,336,0.0
MARIA DA GRACA,2017,1,052,99,10.101010101010102
DEL CASTILHO,2017,1,053,282,3.5460992907801416
INHAUMA,2017,0,054,691,0.0
ENGENHO DA RAINHA,2017,1,055,338,2.9585798816568047
TOMAS COELHO,2017,1,056,250,4.0
SAO FRANCISCO XAVIER,2017,0,057,81,0.0
ROCHA,2017,0,058,176,0.0
RIACHUELO,2017,0,059,92,0.0
SAMPAIO,2017,0,060,143,0.0
ENGENHO NOVO,2017,2,061,554,3.6101083032490977
LINS DE VASCONCELOS,2017,0,062,457,0.0
MEIER,2017,1,063,395,2.5316455696202533
TODOS OS SANTOS,2017,0,064,194,0.0
CACHAMBI,2017,0,065,374,0.0
ENGENHO DE DENTRO,2017,0,066,599,0.0
AGUA SANTA,2017,0,067,69,0.0
ENCANTADO,2017,1,068,133,7.518796992481203
PIEDADE,2017,0,069,537,0.0
ABOLICAO,2017,0,070,118,0.0
PILARES,2017,2,071,311,6.430868167202572
VILA KOSMOS,2017,0,072,124,0.0
VICENTE DE CARVALHO,2017,0,073,360,0.0
VILA DA PENHA,2017,0,074,240,0.0
VISTA ALEGRE,2017,0,075,99,0.0
IRAJA,2017,2,076,1002,1.996007984031936
COLEGIO,2017,1,077,435,2.2988505747126435
CAMPINHO,2017,0,078,164,0.0
QUINTINO BOCAIUVA,2017,1,079,353,2.8328611898017
CAVALCANTE,2017,1,080,213,4.694835680751174
ENGENHEIRO LEAL,2017,0,081,65,0.0
CASCADURA,2017,0,082,446,0.0
MADUREIRA,2017,1,083,665,1.5037593984962407
VAZ LOBO,2017,0,084,211,0.0
TURIACU,2017,1,085,221,4.524886877828055
ROCHA MIRANDA,2017,0,086,545,0.0
HONORIO GURGEL,2017,0,087,345,0.0
OSWALDO CRUZ,2017,0,088,369,0.0
BENTO RIBEIRO,2017,4,089,484,8.264462809917356
MARECHAL HERMES,2017,3,090,524,5.7251908396946565
CACUIA,2017,0,093,127,0.0
PITANGUEIRAS,2017,0,094,140,0.0
PRAIA DA BANDEIRA,2017,1,095,54,18.51851851851852
COCOTA,2017,0,096,72,0.0
BANCARIOS,2017,1,097,162,6.172839506172839
FREGUESIA-ILHA,2017,0,098,247,0.0
JARDIM GUANABARA,2017,1,099,228,4.385964912280701
JARDIM CARIOCA,2017,1,100,270,3.7037037037037037
TAUA,2017,0,101,314,0.0
MONERO,2017,0,102,26,0.0
PORTUGUESA,2017,1,103,178,5.617977528089887
GALEAO,2017,1,104,331,3.0211480362537766
CIDADE UNIVERSITARIA,2017,0,105,23,0.0
GUADALUPE,2017,0,106,618,0.0
ANCHIETA,2017,0,107,884,0.0
PARQUE ANCHIETA,2017,1,108,237,4.219409282700422
RICARDO ALBUQUERQUE,2017,0,109,349,0.0
COELHO NETO,2017,0,110,360,0.0
ACARI,2017,5,111,563,8.880994671403197
BARROS FILHO,2017,1,112,277,3.6101083032490977
COSTA BARROS,2017,1,113,614,1.6286644951140066
PAVUNA,2017,3,114,1305,2.2988505747126435
JACAREPAGUA,2017,9,115,2811,3.2017075773746
ANIL,2017,0,116,432,0.0
GARDENIA AZUL,2017,2,117,591,3.3840947546531304
CIDADE DE DEUS,2017,1,118,847,1.1806375442739079
CURICICA,2017,2,119,893,2.2396416573348263
FREGUESIA-JPA,2017,0,120,795,0.0
PECHINCHA,2017,0,121,493,0.0
TAQUARA,2017,5,122,1651,3.0284675953967293
TANQUE,2017,1,123,545,1.834862385321101
PRACA SECA,2017,2,124,905,2.2099447513812156
VILA VALQUEIRE,2017,0,125,395,0.0
ITANHANGA,2017,4,127,939,4.259850905218317
BARRA DA TIJUCA,2017,2,128,1431,1.397624039133473
CAMORIM,2017,0,129,92,0.0
VARGEM PEQUENA,2017,1,130,400,2.5
VARGEM GRANDE,2017,2,131,329,6.079027355623101
RECREIO BANDEIRANTES,2017,3,132,1337,2.243829468960359
DEODORO,2017,0,134,173,0.0
VILA MILITAR,2017,0,135,128,0.0
CAMPO DOS AFONSOS,2017,0,136,19,0.0
JARDIM SULACAP,2017,0,137,186,0.0
MAGALHAES BASTOS,2017,1,138,257,3.8910505836575875
REALENGO,2017,3,139,2115,1.4184397163120568
PADRE MIGUEL,2017,3,140,757,3.963011889035667
BANGU,2017,10,141,3357,2.9788501638367593
SENADOR CAMARA,2017,4,142,1422,2.8129395218002813
SANTISSIMO,2017,0,143,772,0.0
CAMPO GRANDE,2017,6,144,5244,1.1441647597254005
SENADOR VASCONCELOS,2017,1,145,411,2.4330900243309004
INHOAIBA,2017,2,146,1044,1.9157088122605364
COSMOS,2017,2,147,1259,1.5885623510722795
PACIENCIA,2017,6,148,1594,3.764115432873275
SANTA CRUZ,2017,10,149,3871,2.5833118057349522
SEPETIBA,2017,2,150,797,2.509410288582183
GUARATIBA,2017,6,151,2201,2.7260336210813265
BARRA DE GUARATIBA,2017,0,152,76,0.0
PEDRA DE GUARATIBA,2017,2,153,424,4.716981132075471
ROCINHA,2017,4,154,1086,3.6832412523020257
JACAREZINHO,2017,3,155,266,11.278195488721805
COMPLEXO DO ALEMAO,2017,4,156,825,4.848484848484849
COMPLEXO DA MARE,2017,0,157,1830,0.0
PARQUE COLUMBIA,2017,0,158,54,0.0
VASCO DA GAMA,2017,0,159,161,0.0
LAPA,2017,0,161,0,
VILA KENNEDY,2017,0,162,1,0.0
BARRA OLIMPICA,2017,0,165,0,
ILHA DO GOVERNADOR - IGNORADO,2017,0,998,204,0.0
IGNORADO BAIRRO-MRJ,2017,0,999,78,0.0
,2017,49,,0,inf
SAUDE,2018,0,001,41,0.0
GAMBOA,2018,0,002,161,0.0
SANTO CRISTO,2018,0,003,215,0.0
CAJU,2018,0,004,438,0.0
CENTRO,2018,0,005,295,0.0
CATUMBI,2018,0,006,180,0.0
RIO COMPRIDO,2018,3,007,510,5.88235294117647
CIDADE NOVA,2018,2,008,66,30.303030303030305
ESTACIO,2018,0,009,287,0.0
SAO CRISTOVAO,2018,0,010,581,0.0
MANGUEIRA,2018,0,011,306,0.0
BENFICA,2018,1,012,491,2.0366598778004072
PAQUETA,2018,0,013,38,0.0
SANTA TERESA,2018,0,014,438,0.0
FLAMENGO,2018,0,015,351,0.0
GLORIA,2018,1,016,64,15.625
LARANJEIRAS,2018,0,017,388,0.0
CATETE,2018,0,018,225,0.0
COSME VELHO,2018,0,019,84,0.0
BOTAFOGO,2018,2,020,713,2.805049088359046
HUMAITA,2018,1,021,116,8.620689655172413
URCA,2018,0,022,68,0.0
LEME,2018,0,023,119,0.0
COPACABANA,2018,2,024,1035,1.932367149758454
IPANEMA,2018,0,025,313,0.0
LEBLON,2018,0,026,345,0.0
LAGOA,2018,1,027,150,6.666666666666667
JARDIM BOTANICO,2018,0,028,171,0.0
GAVEA,2018,1,029,229,4.366812227074235
VIDIGAL,2018,1,030,236,4.237288135593221
SAO CONRADO,2018,0,031,98,0.0
PRACA DA BANDEIRA,2018,0,032,68,0.0
TIJUCA,2018,5,033,1384,3.61271676300578
ALTO DA BOA VISTA,2018,0,034,100,0.0
MARACANA,2018,0,035,231,0.0
VILA ISABEL,2018,2,036,665,3.0075187969924815
ANDARAI,2018,0,037,369,0.0
GRAJAU,2018,1,038,329,3.0395136778115504
MANGUINHOS,2018,1,039,484,2.066115702479339
BONSUCESSO,2018,0,040,613,0.0
RAMOS,2018,1,041,633,1.5797788309636651
OLARIA,2018,3,042,599,5.0083472454090145
PENHA,2018,1,043,840,1.1904761904761907
PENHA CIRCULAR,2018,3,044,543,5.524861878453039
BRAS DE PINA,2018,3,045,582,5.154639175257732
CORDOVIL,2018,1,046,512,1.953125
PARADA DE LUCAS,2018,2,047,351,5.698005698005698
VIGARIO GERAL,2018,1,048,409,2.444987775061125
JARDIM AMERICA,2018,0,049,444,0.0
HIGIENOPOLIS,2018,0,050,144,0.0
JACARE,2018,1,051,155,6.451612903225806
MARIA DA GRACA,2018,0,052,82,0.0
DEL CASTILHO,2018,1,053,327,3.058103975535168
INHAUMA,2018,0,054,841,0.0
ENGENHO DA RAINHA,2018,1,055,308,3.246753246753247
TOMAS COELHO,2018,0,056,254,0.0
SAO FRANCISCO XAVIER,2018,2,057,63,31.746031746031743
ROCHA,2018,0,058,146,0.0
RIACHUELO,2018,0,059,102,0.0
SAMPAIO,2018,1,060,163,6.134969325153374
ENGENHO NOVO,2018,2,061,535,3.7383177570093458
LINS DE VASCONCELOS,2018,0,062,469,0.0
MEIER,2018,1,063,325,3.076923076923077
TODOS OS SANTOS,2018,0,064,165,0.0
CACHAMBI,2018,0,065,399,0.0
ENGENHO DE DENTRO,2018,0,066,556,0.0
AGUA SANTA,2018,1,067,97,10.309278350515465
ENCANTADO,2018,0,068,153,0.0
PIEDADE,2018,2,069,475,4.2105263157894735
ABOLICAO,2018,0,070,85,0.0
PILARES,2018,0,071,307,0.0
VILA KOSMOS,2018,1,072,168,5.952380952380952
VICENTE DE CARVALHO,2018,2,073,324,6.172839506172839
VILA DA PENHA,2018,0,074,247,0.0
VISTA ALEGRE,2018,0,075,91,0.0
IRAJA,2018,1,076,1006,0.9940357852882703
COLEGIO,2018,2,077,432,4.62962962962963
CAMPINHO,2018,1,078,159,6.289308176100629
QUINTINO BOCAIUVA,2018,1,079,346,2.890173410404624
CAVALCANTE,2018,1,080,225,4.444444444444445
ENGENHEIRO LEAL,2018,0,081,61,0.0
CASCADURA,2018,4,082,378,10.582010582010582
MADUREIRA,2018,2,083,588,3.401360544217687
VAZ LOBO,2018,0,084,213,0.0
TURIACU,2018,0,085,192,0.0
ROCHA MIRANDA,2018,3,086,548,5.474452554744526
HONORIO GURGEL,2018,1,087,347,2.881844380403458
OSWALDO CRUZ,2018,1,088,358,2.793296089385475
BENTO RIBEIRO,2018,0,089,457,0.0
MARECHAL HERMES,2018,0,090,480,0.0
CACUIA,2018,1,093,104,9.615384615384617
PITANGUEIRAS,2018,1,094,85,11.76470588235294
PRAIA DA BANDEIRA,2018,0,095,45,0.0
COCOTA,2018,0,096,66,0.0
BANCARIOS,2018,0,097,150,0.0
FREGUESIA-ILHA,2018,2,098,262,7.633587786259541
JARDIM GUANABARA,2018,1,099,212,4.716981132075471
JARDIM CARIOCA,2018,0,100,234,0.0
TAUA,2018,1,101,227,4.405286343612335
MONERO,2018,0,102,35,0.0
PORTUGUESA,2018,0,103,143,0.0
GALEAO,2018,1,104,271,3.6900369003690034
CIDADE UNIVERSITARIA,2018,0,105,23,0.0
GUADALUPE,2018,2,106,650,3.076923076923077
ANCHIETA,2018,2,107,879,2.2753128555176336
PARQUE ANCHIETA,2018,1,108,211,4.739336492890995
RICARDO ALBUQUERQUE,2018,1,109,370,2.7027027027027026
COELHO NETO,2018,3,110,408,7.352941176470588
ACARI,2018,2,111,527,3.795066413662239
BARROS FILHO,2018,0,112,270,0.0
COSTA BARROS,2018,1,113,678,1.4749262536873156
PAVUNA,2018,6,114,1117,5.371530886302597
JACAREPAGUA,2018,8,115,2666,3.000750187546887
ANIL,2018,1,116,436,2.293577981651376
GARDENIA AZUL,2018,0,117,608,0.0
CIDADE DE DEUS,2018,1,118,833,1.2004801920768307
CURICICA,2018,0,119,863,0.0
FREGUESIA-JPA,2018,2,120,824,2.4271844660194173
PECHINCHA,2018,0,121,451,0.0
TAQUARA,2018,2,122,1544,1.2953367875647668
TANQUE,2018,2,123,580,3.4482758620689653
PRACA SECA,2018,4,124,814,4.914004914004914
VILA VALQUEIRE,2018,0,125,385,0.0
ITANHANGA,2018,0,127,841,0.0
BARRA DA TIJUCA,2018,3,128,1353,2.2172949002217295
CAMORIM,2018,0,129,101,0.0
VARGEM PEQUENA,2018,1,130,425,2.352941176470588
VARGEM GRANDE,2018,0,131,321,0.0
RECREIO BANDEIRANTES,2018,2,132,1425,1.4035087719298245
DEODORO,2018,0,134,125,0.0
VILA MILITAR,2018,1,135,172,5.813953488372093
CAMPO DOS AFONSOS,2018,0,136,38,0.0
JARDIM SULACAP,2018,0,137,201,0.0
MAGALHAES BASTOS,2018,0,138,299,0.0
REALENGO,2018,10,139,2182,4.582951420714941
PADRE MIGUEL,2018,3,140,861,3.484320557491289
BANGU,2018,4,141,2955,1.353637901861252
SENADOR CAMARA,2018,2,142,1396,1.4326647564469914
SANTISSIMO,2018,2,143,761,2.628120893561104
CAMPO GRANDE,2018,10,144,5046,1.9817677368212443
SENADOR VASCONCELOS,2018,1,145,387,2.5839793281653747
INHOAIBA,2018,5,146,1028,4.863813229571985
COSMOS,2018,2,147,1152,1.736111111111111
PACIENCIA,2018,4,148,1617,2.473716759431045
SANTA CRUZ,2018,12,149,3816,3.1446540880503147
SEPETIBA,2018,3,150,833,3.601440576230492
GUARATIBA,2018,3,151,2084,1.4395393474088292
BARRA DE GUARATIBA,2018,0,152,65,0.0
PEDRA DE GUARATIBA,2018,0,153,564,0.0
ROCINHA,2018,2,154,950,2.1052631578947367
JACAREZINHO,2018,1,155,414,2.4154589371980677
COMPLEXO DO ALEMAO,2018,1,156,509,1.9646365422396854
COMPLEXO DA MARE,2018,3,157,1754,1.7103762827822122
PARQUE COLUMBIA,2018,0,158,63,0.0
VASCO DA GAMA,2018,0,159,79,0.0
LAPA,2018,0,161,60,0.0
VILA KENNEDY,2018,1,162,309,3.236245954692557
BARRA OLIMPICA,2018,0,165,0,
ILHA DO GOVERNADOR - IGNORADO,2018,0,998,368,0.0
IGNORADO BAIRRO-MRJ,2018,0,999,224,0.0
,2018,59,,0,inf
SAUDE,2019,0,001,51,0.0
GAMBOA,2019,1,002,154,6.493506493506494
SANTO CRISTO,2019,1,003,204,4.901960784313726
CAJU,2019,1,004,391,2.557544757033248
CENTRO,2019,3,005,325,9.230769230769232
CATUMBI,2019,0,006,210,0.0
RIO COMPRIDO,2019,0,007,495,0.0
CIDADE NOVA,2019,0,008,73,0.0
ESTACIO,2019,0,009,233,0.0
SAO CRISTOVAO,2019,1,010,557,1.7953321364452424
MANGUEIRA,2019,2,011,266,7.518796992481203
BENFICA,2019,1,012,542,1.8450184501845017
PAQUETA,2019,0,013,50,0.0
SANTA TERESA,2019,1,014,399,2.506265664160401
FLAMENGO,2019,0,015,366,0.0
GLORIA,2019,0,016,141,0.0
LARANJEIRAS,2019,0,017,315,0.0
CATETE,2019,1,018,184,5.434782608695652
COSME VELHO,2019,0,019,67,0.0
BOTAFOGO,2019,0,020,663,0.0
HUMAITA,2019,1,021,127,7.874015748031496
URCA,2019,0,022,43,0.0
LEME,2019,1,023,120,8.333333333333334
COPACABANA,2019,1,024,1059,0.9442870632672333
IPANEMA,2019,1,025,275,3.6363636363636362
LEBLON,2019,0,026,315,0.0
LAGOA,2019,0,027,146,0.0
JARDIM BOTANICO,2019,0,028,140,0.0
GAVEA,2019,1,029,187,5.347593582887701
VIDIGAL,2019,0,030,202,0.0
SAO CONRADO,2019,2,031,110,18.18181818181818
PRACA DA BANDEIRA,2019,0,032,97,0.0
TIJUCA,2019,1,033,1311,0.7627765064836003
ALTO DA BOA VISTA,2019,1,034,104,9.615384615384617
MARACANA,2019,0,035,188,0.0
VILA ISABEL,2019,2,036,559,3.5778175313059033
ANDARAI,2019,1,037,280,3.571428571428571
GRAJAU,2019,1,038,313,3.1948881789137378
MANGUINHOS,2019,2,039,414,4.830917874396135
BONSUCESSO,2019,1,040,885,1.1299435028248588
RAMOS,2019,4,041,729,5.486968449931412
OLARIA,2019,3,042,522,5.747126436781609
PENHA,2019,0,043,914,0.0
PENHA CIRCULAR,2019,1,044,374,2.6737967914438503
BRAS DE PINA,2019,0,045,476,0.0
CORDOVIL,2019,0,046,424,0.0
PARADA DE LUCAS,2019,1,047,318,3.1446540880503147
VIGARIO GERAL,2019,0,048,367,0.0
JARDIM AMERICA,2019,1,049,384,2.6041666666666665
HIGIENOPOLIS,2019,0,050,135,0.0
JACARE,2019,0,051,249,0.0
MARIA DA GRACA,2019,0,052,55,0.0
DEL CASTILHO,2019,0,053,305,0.0
INHAUMA,2019,3,054,778,3.8560411311053984
ENGENHO DA RAINHA,2019,0,055,284,0.0
TOMAS COELHO,2019,0,056,235,0.0
SAO FRANCISCO XAVIER,2019,0,057,63,0.0
ROCHA,2019,1,058,141,7.092198581560283
RIACHUELO,2019,0,059,99,0.0
SAMPAIO,2019,0,060,139,0.0
ENGENHO NOVO,2019,2,061,510,3.9215686274509802
LINS DE VASCONCELOS,2019,1,062,418,2.3923444976076556
MEIER,2019,1,063,356,2.8089887640449436
TODOS OS SANTOS,2019,0,064,137,0.0
CACHAMBI,2019,0,065,341,0.0
ENGENHO DE DENTRO,2019,0,066,515,0.0
AGUA SANTA,2019,0,067,79,0.0
ENCANTADO,2019,0,068,109,0.0
PIEDADE,2019,1,069,437,2.288329519450801
ABOLICAO,2019,0,070,113,0.0
PILARES,2019,1,071,317,3.1545741324921135
VILA KOSMOS,2019,0,072,101,0.0
VICENTE DE CARVALHO,2019,3,073,303,9.900990099009901
VILA DA PENHA,2019,1,074,317,3.1545741324921135
VISTA ALEGRE,2019,0,075,120,0.0
IRAJA,2019,3,076,923,3.2502708559046587
COLEGIO,2019,1,077,351,2.849002849002849
CAMPINHO,2019,0,078,171,0.0
QUINTINO BOCAIUVA,2019,1,079,273,3.663003663003663
CAVALCANTE,2019,0,080,194,0.0
ENGENHEIRO LEAL,2019,0,081,71,0.0
CASCADURA,2019,1,082,378,2.6455026455026456
MADUREIRA,2019,2,083,626,3.1948881789137378
VAZ LOBO,2019,0,084,207,0.0
TURIACU,2019,1,085,149,6.7114093959731544
ROCHA MIRANDA,2019,2,086,452,4.424778761061947
HONORIO GURGEL,2019,0,087,281,0.0
OSWALDO CRUZ,2019,0,088,306,0.0
BENTO RIBEIRO,2019,1,089,417,2.398081534772182
MARECHAL HERMES,2019,2,090,413,4.842615012106537
CACUIA,2019,1,093,95,10.526315789473683
PITANGUEIRAS,2019,1,094,97,10.309278350515465
PRAIA DA BANDEIRA,2019,1,095,29,34.48275862068965
COCOTA,2019,1,096,77,12.987012987012989
BANCARIOS,2019,0,097,146,0.0
FREGUESIA-ILHA,2019,0,098,191,0.0
JARDIM GUANABARA,2019,0,099,209,0.0
JARDIM CARIOCA,2019,2,100,226,8.849557522123893
TAUA,2019,2,101,236,8.474576271186441
MONERO,2019,0,102,29,0.0
PORTUGUESA,2019,0,103,176,0.0
GALEAO,2019,2,104,332,6.024096385542169
CIDADE UNIVERSITARIA,2019,0,105,26,0.0
GUADALUPE,2019,1,106,599,1.669449081803005
ANCHIETA,2019,5,107,943,5.302226935312832
PARQUE ANCHIETA,2019,0,108,169,0.0
RICARDO ALBUQUERQUE,2019,0,109,330,0.0
COELHO NETO,2019,0,110,382,0.0
ACARI,2019,2,111,410,4.878048780487805
BARROS FILHO,2019,0,112,235,0.0
COSTA BARROS,2019,3,113,552,5.434782608695652
PAVUNA,2019,3,114,1033,2.904162633107454
JACAREPAGUA,2019,2,115,2241,0.8924587237840249
ANIL,2019,1,116,420,2.3809523809523814
GARDENIA AZUL,2019,2,117,554,3.6101083032490977
CIDADE DE DEUS,2019,3,118,720,4.166666666666667
CURICICA,2019,1,119,899,1.1123470522803114
FREGUESIA-JPA,2019,2,120,730,2.73972602739726
PECHINCHA,2019,0,121,423,0.0
TAQUARA,2019,2,122,1567,1.2763241863433312
TANQUE,2019,0,123,471,0.0
PRACA SECA,2019,2,124,713,2.805049088359046
VILA VALQUEIRE,2019,0,125,327,0.0
ITANHANGA,2019,0,127,763,0.0
BARRA DA TIJUCA,2019,2,128,1343,1.4892032762472078
CAMORIM,2019,0,129,134,0.0
VARGEM PEQUENA,2019,0,130,384,0.0
VARGEM GRANDE,2019,3,131,288,10.416666666666666
RECREIO BANDEIRANTES,2019,3,132,1457,2.0590253946465342
DEODORO,2019,0,134,136,0.0
VILA MILITAR,2019,0,135,107,0.0
CAMPO DOS AFONSOS,2019,0,136,18,0.0
JARDIM SULACAP,2019,0,137,197,0.0
MAGALHAES BASTOS,2019,0,138,270,0.0
REALENGO,2019,11,139,2041,5.3895149436550716
PADRE MIGUEL,2019,1,140,771,1.297016861219196
BANGU,2019,6,141,2744,2.186588921282799
SENADOR CAMARA,2019,4,142,1193,3.352891869237217
SANTISSIMO,2019,0,143,717,0.0
CAMPO GRANDE,2019,7,144,4851,1.443001443001443
SENADOR VASCONCELOS,2019,2,145,306,6.5359477124183005
INHOAIBA,2019,2,146,929,2.1528525296017222
COSMOS,2019,2,147,1091,1.8331805682859763
PACIENCIA,2019,5,148,1386,3.6075036075036073
SANTA CRUZ,2019,13,149,3737,3.4787262510034784
SEPETIBA,2019,2,150,802,2.493765586034913
GUARATIBA,2019,4,151,1851,2.1609940572663424
BARRA DE GUARATIBA,2019,0,152,58,0.0
PEDRA DE GUARATIBA,2019,1,153,555,1.8018018018018018
ROCINHA,2019,1,154,880,1.1363636363636362
JACAREZINHO,2019,1,155,277,3.6101083032490977
COMPLEXO DO ALEMAO,2019,1,156,427,2.34192037470726
COMPLEXO DA MARE,2019,3,157,1259,2.3828435266084194
PARQUE COLUMBIA,2019,0,158,57,0.0
VASCO DA GAMA,2019,1,159,38,26.31578947368421
LAPA,2019,0,161,33,0.0
VILA KENNEDY,2019,2,162,222,9.00900900900901
BARRA OLIMPICA,2019,0,165,0,
ILHA DO GOVERNADOR - IGNORADO,2019,0,998,282,0.0
IGNORADO BAIRRO-MRJ,2019,0,999,298,0.0
,2019,51,,0,inf
SAUDE,2020,0,001,37,0.0
GAMBOA,2020,0,002,154,0.0
SANTO CRISTO,2020,1,003,173,5.780346820809248
CAJU,2020,1,004,347,2.881844380403458
CENTRO,2020,0,005,271,0.0
CATUMBI,2020,0,006,171,0.0
RIO COMPRIDO,2020,1,007,416,2.403846153846154
CIDADE NOVA,2020,0,008,53,0.0
ESTACIO,2020,0,009,206,0.0
SAO CRISTOVAO,2020,1,010,505,1.9801980198019802
MANGUEIRA,2020,1,011,239,4.184100418410042
BENFICA,2020,2,012,426,4.694835680751174
PAQUETA,2020,0,013,31,0.0
SANTA TERESA,2020,1,014,388,2.577319587628866
FLAMENGO,2020,0,015,279,0.0
GLORIA,2020,0,016,78,0.0
LARANJEIRAS,2020,0,017,273,0.0
CATETE,2020,1,018,175,5.714285714285714
COSME VELHO,2020,1,019,92,10.869565217391305
BOTAFOGO,2020,2,020,584,3.4246575342465753
HUMAITA,2020,0,021,96,0.0
URCA,2020,1,022,58,17.241379310344826
LEME,2020,0,023,118,0.0
COPACABANA,2020,2,024,872,2.293577981651376
IPANEMA,2020,0,025,254,0.0
LEBLON,2020,1,026,287,3.484320557491289
LAGOA,2020,0,027,148,0.0
JARDIM BOTANICO,2020,0,028,122,0.0
GAVEA,2020,0,029,147,0.0
VIDIGAL,2020,0,030,174,0.0
SAO CONRADO,2020,0,031,78,0.0
PRACA DA BANDEIRA,2020,0,032,74,0.0
TIJUCA,2020,4,033,1118,3.5778175313059033
ALTO DA BOA VISTA,2020,1,034,92,10.869565217391305
MARACANA,2020,0,035,173,0.0
VILA ISABEL,2020,1,036,597,1.6750418760469012
ANDARAI,2020,0,037,296,0.0
GRAJAU,2020,0,038,252,0.0
MANGUINHOS,2020,1,039,441,2.2675736961451247
BONSUCESSO,2020,1,040,796,1.256281407035176
RAMOS,2020,1,041,844,1.1848341232227488
OLARIA,2020,2,042,483,4.140786749482402
PENHA,2020,3,043,819,3.663003663003663
PENHA CIRCULAR,2020,1,044,418,2.3923444976076556
BRAS DE PINA,2020,1,045,459,2.1786492374727673
CORDOVIL,2020,0,046,424,0.0
PARADA DE LUCAS,2020,2,047,280,7.142857142857142
VIGARIO GERAL,2020,1,048,351,2.849002849002849
JARDIM AMERICA,2020,2,049,353,5.6657223796034
HIGIENOPOLIS,2020,0,050,118,0.0
JACARE,2020,0,051,332,0.0
MARIA DA GRACA,2020,0,052,50,0.0
DEL CASTILHO,2020,1,053,249,4.016064257028112
INHAUMA,2020,1,054,850,1.176470588235294
ENGENHO DA RAINHA,2020,1,055,267,3.745318352059925
TOMAS COELHO,2020,1,056,256,3.90625
SAO FRANCISCO XAVIER,2020,0,057,60,0.0
ROCHA,2020,1,058,158,6.329113924050633
RIACHUELO,2020,0,059,94,0.0
SAMPAIO,2020,0,060,125,0.0
ENGENHO NOVO,2020,1,061,464,2.155172413793103
LINS DE VASCONCELOS,2020,1,062,398,2.512562814070352
MEIER,2020,0,063,246,0.0
TODOS OS SANTOS,2020,1,064,144,6.944444444444444
CACHAMBI,2020,0,065,330,0.0
ENGENHO DE DENTRO,2020,2,066,494,4.048582995951417
AGUA SANTA,2020,0,067,69,0.0
ENCANTADO,2020,1,068,108,9.25925925925926
PIEDADE,2020,0,069,421,0.0
ABOLICAO,2020,0,070,80,0.0
PILARES,2020,1,071,252,3.968253968253968
VILA KOSMOS,2020,0,072,126,0.0
VICENTE DE CARVALHO,2020,1,073,239,4.184100418410042
VILA DA PENHA,2020,0,074,241,0.0
VISTA ALEGRE,2020,0,075,84,0.0
IRAJA,2020,1,076,847,1.1806375442739079
COLEGIO,2020,0,077,346,0.0
CAMPINHO,2020,0,078,144,0.0
QUINTINO BOCAIUVA,2020,2,079,270,7.407407407407407
CAVALCANTE,2020,3,080,192,15.625
ENGENHEIRO LEAL,2020,0,081,75,0.0
CASCADURA,2020,0,082,329,0.0
MADUREIRA,2020,1,083,543,1.8416206261510129
VAZ LOBO,2020,1,084,198,5.050505050505051
TURIACU,2020,1,085,171,5.847953216374268
ROCHA MIRANDA,2020,0,086,422,0.0
HONORIO GURGEL,2020,1,087,255,3.9215686274509802
OSWALDO CRUZ,2020,0,088,268,0.0
BENTO RIBEIRO,2020,0,089,414,0.0
MARECHAL HERMES,2020,0,090,443,0.0
CACUIA,2020,1,093,107,9.345794392523365
PITANGUEIRAS,2020,0,094,80,0.0
PRAIA DA BANDEIRA,2020,0,095,33,0.0
COCOTA,2020,0,096,73,0.0
BANCARIOS,2020,1,097,159,6.289308176100629
FREGUESIA-ILHA,2020,1,098,191,5.235602094240838
JARDIM GUANABARA,2020,0,099,175,0.0
JARDIM CARIOCA,2020,1,100,237,4.219409282700422
TAUA,2020,0,101,216,0.0
MONERO,2020,0,102,28,0.0
PORTUGUESA,2020,0,103,147,0.0
GALEAO,2020,0,104,350,0.0
CIDADE UNIVERSITARIA,2020,0,105,10,0.0
GUADALUPE,2020,4,106,522,7.662835249042145
ANCHIETA,2020,3,107,826,3.6319612590799033
PARQUE ANCHIETA,2020,0,108,208,0.0
RICARDO ALBUQUERQUE,2020,0,109,310,0.0
COELHO NETO,2020,0,110,315,0.0
ACARI,2020,2,111,407,4.914004914004914
BARROS FILHO,2020,0,112,253,0.0
COSTA BARROS,2020,1,113,650,1.5384615384615385
PAVUNA,2020,5,114,984,5.08130081300813
JACAREPAGUA,2020,8,115,2413,3.315375051802735
ANIL,2020,1,116,444,2.2522522522522523
GARDENIA AZUL,2020,0,117,561,0.0
CIDADE DE DEUS,2020,2,118,762,2.6246719160104988
CURICICA,2020,0,119,682,0.0
FREGUESIA-JPA,2020,3,120,708,4.237288135593221
PECHINCHA,2020,0,121,426,0.0
TAQUARA,2020,3,122,1489,2.0147750167897915
TANQUE,2020,1,123,478,2.092050209205021
PRACA SECA,2020,0,124,664,0.0
VILA VALQUEIRE,2020,0,125,301,0.0
ITANHANGA,2020,2,127,709,2.8208744710860367
BARRA DA TIJUCA,2020,3,128,1229,2.441008950366151
CAMORIM,2020,0,129,89,0.0
VARGEM PEQUENA,2020,1,130,426,2.347417840375587
VARGEM GRANDE,2020,1,131,318,3.1446540880503147
RECREIO BANDEIRANTES,2020,1,132,1405,0.7117437722419929
DEODORO,2020,0,134,135,0.0
VILA MILITAR,2020,0,135,150,0.0
CAMPO DOS AFONSOS,2020,0,136,30,0.0
JARDIM SULACAP,2020,0,137,198,0.0
MAGALHAES BASTOS,2020,3,138,242,12.396694214876034
REALENGO,2020,9,139,1969,4.57084814626714
PADRE MIGUEL,2020,1,140,635,1.574803149606299
BANGU,2020,11,141,2676,4.110612855007474
SENADOR CAMARA,2020,6,142,1308,4.587155963302752
SANTISSIMO,2020,2,143,717,2.7894002789400276
CAMPO GRANDE,2020,14,144,4561,3.0695023021267263
SENADOR VASCONCELOS,2020,1,145,339,2.949852507374631
INHOAIBA,2020,4,146,920,4.3478260869565215
COSMOS,2020,3,147,1173,2.557544757033248
PACIENCIA,2020,6,148,1437,4.17536534446764
SANTA CRUZ,2020,13,149,3472,3.7442396313364052
SEPETIBA,2020,5,150,797,6.273525721455458
GUARATIBA,2020,7,151,1934,3.6194415718717683
BARRA DE GUARATIBA,2020,0,152,79,0.0
PEDRA DE GUARATIBA,2020,1,153,462,2.1645021645021645
ROCINHA,2020,1,154,814,1.2285012285012284
JACAREZINHO,2020,0,155,205,0.0
COMPLEXO DO ALEMAO,2020,0,156,151,0.0
COMPLEXO DA MARE,2020,7,157,1185,5.9071729957805905
PARQUE COLUMBIA,2020,0,158,41,0.0
VASCO DA GAMA,2020,1,159,62,16.129032258064516
LAPA,2020,0,161,49,0.0
VILA KENNEDY,2020,1,162,233,4.291845493562231
BARRA OLIMPICA,2020,0,165,0,
ILHA DO GOVERNADOR - IGNORADO,2020,0,998,129,0.0
IGNORADO BAIRRO-MRJ,2020,1,999,175,5.714285714285714
,2020,48,,0,inf
SAUDE,2021,0,001,32,0.0
GAMBOA,2021,0,002,156,0.0
SANTO CRISTO,2021,1,003,174,5.747126436781609
CAJU,2021,0,004,337,0.0
CENTRO,2021,2,005,251,7.968127490039841
CATUMBI,2021,0,006,181,0.0
RIO COMPRIDO,2021,0,007,384,0.0
CIDADE NOVA,2021,0,008,60,0.0
ESTACIO,2021,0,009,197,0.0
SAO CRISTOVAO,2021,2,010,440,4.545454545454545
MANGUEIRA,2021,0,011,254,0.0
BENFICA,2021,1,012,374,2.6737967914438503
PAQUETA,2021,0,013,42,0.0
SANTA TERESA,2021,3,014,367,8.174386920980925
FLAMENGO,2021,0,015,263,0.0
GLORIA,2021,0,016,69,0.0
LARANJEIRAS,2021,1,017,280,3.571428571428571
CATETE,2021,1,018,160,6.25
COSME VELHO,2021,1,019,75,13.333333333333334
BOTAFOGO,2021,1,020,571,1.7513134851138354
HUMAITA,2021,0,021,84,0.0
URCA,2021,0,022,47,0.0
LEME,2021,0,023,95,0.0
COPACABANA,2021,2,024,865,2.3121387283236996
IPANEMA,2021,0,025,291,0.0
LEBLON,2021,1,026,267,3.745318352059925
LAGOA,2021,0,027,128,0.0
JARDIM BOTANICO,2021,1,028,112,8.928571428571429
GAVEA,2021,0,029,171,0.0
VIDIGAL,2021,0,030,169,0.0
SAO CONRADO,2021,1,031,76,13.157894736842104
PRACA DA BANDEIRA,2021,1,032,70,14.285714285714285
TIJUCA,2021,4,033,998,4.008016032064128
ALTO DA BOA VISTA,2021,0,034,102,0.0
MARACANA,2021,0,035,154,0.0
VILA ISABEL,2021,4,036,533,7.5046904315197
ANDARAI,2021,0,037,239,0.0
GRAJAU,2021,0,038,231,0.0
MANGUINHOS,2021,1,039,385,2.5974025974025974
BONSUCESSO,2021,3,040,584,5.136986301369863
RAMOS,2021,0,041,642,0.0
OLARIA,2021,1,042,474,2.109704641350211
PENHA,2021,3,043,714,4.201680672268908
PENHA CIRCULAR,2021,0,044,383,0.0
BRAS DE PINA,2021,0,045,452,0.0
CORDOVIL,2021,1,046,422,2.3696682464454977
PARADA DE LUCAS,2021,0,047,312,0.0
VIGARIO GERAL,2021,2,048,422,4.739336492890995
JARDIM AMERICA,2021,1,049,306,3.2679738562091503
HIGIENOPOLIS,2021,0,050,111,0.0
JACARE,2021,1,051,316,3.1645569620253164
MARIA DA GRACA,2021,0,052,63,0.0
DEL CASTILHO,2021,1,053,264,3.787878787878788
INHAUMA,2021,0,054,784,0.0
ENGENHO DA RAINHA,2021,0,055,253,0.0
TOMAS COELHO,2021,2,056,256,7.8125
SAO FRANCISCO XAVIER,2021,0,057,55,0.0
ROCHA,2021,0,058,156,0.0
RIACHUELO,2021,0,059,77,0.0
SAMPAIO,2021,0,060,121,0.0
ENGENHO NOVO,2021,1,061,436,2.293577981651376
LINS DE VASCONCELOS,2021,2,062,375,5.333333333333333
MEIER,2021,0,063,259,0.0
TODOS OS SANTOS,2021,0,064,146,0.0
CACHAMBI,2021,1,065,316,3.1645569620253164
ENGENHO DE DENTRO,2021,2,066,424,4.716981132075471
AGUA SANTA,2021,0,067,60,0.0
ENCANTADO,2021,0,068,96,0.0
PIEDADE,2021,0,069,368,0.0
ABOLICAO,2021,0,070,92,0.0
PILARES,2021,1,071,231,4.329004329004329
VILA KOSMOS,2021,1,072,123,8.130081300813009
VICENTE DE CARVALHO,2021,1,073,222,4.504504504504505
VILA DA PENHA,2021,0,074,182,0.0
VISTA ALEGRE,2021,0,075,58,0.0
IRAJA,2021,0,076,847,0.0
COLEGIO,2021,0,077,354,0.0
CAMPINHO,2021,0,078,113,0.0
QUINTINO BOCAIUVA,2021,2,079,235,8.51063829787234
CAVALCANTE,2021,0,080,163,0.0
ENGENHEIRO LEAL,2021,0,081,61,0.0
CASCADURA,2021,0,082,294,0.0
MADUREIRA,2021,1,083,469,2.1321961620469083
VAZ LOBO,2021,1,084,189,5.291005291005291
TURIACU,2021,0,085,146,0.0
ROCHA MIRANDA,2021,1,086,444,2.2522522522522523
HONORIO GURGEL,2021,0,087,222,0.0
OSWALDO CRUZ,2021,1,088,286,3.4965034965034967
BENTO RIBEIRO,2021,4,089,350,11.428571428571429
MARECHAL HERMES,2021,2,090,418,4.784688995215311
CACUIA,2021,0,093,83,0.0
PITANGUEIRAS,2021,0,094,90,0.0
PRAIA DA BANDEIRA,2021,0,095,40,0.0
COCOTA,2021,0,096,70,0.0
BANCARIOS,2021,1,097,139,7.194244604316547
FREGUESIA-ILHA,2021,0,098,255,0.0
JARDIM GUANABARA,2021,3,099,200,15.0
JARDIM CARIOCA,2021,1,100,215,4.651162790697675
TAUA,2021,0,101,262,0.0
MONERO,2021,0,102,30,0.0
PORTUGUESA,2021,0,103,160,0.0
GALEAO,2021,1,104,365,2.73972602739726
CIDADE UNIVERSITARIA,2021,0,105,15,0.0
GUADALUPE,2021,1,106,501,1.996007984031936
ANCHIETA,2021,4,107,694,5.763688760806916
PARQUE ANCHIETA,2021,1,108,198,5.050505050505051
RICARDO ALBUQUERQUE,2021,0,109,311,0.0
COELHO NETO,2021,1,110,302,3.3112582781456954
ACARI,2021,0,111,398,0.0
BARROS FILHO,2021,0,112,224,0.0
COSTA BARROS,2021,1,113,538,1.858736059479554
PAVUNA,2021,3,114,925,3.243243243243243
JACAREPAGUA,2021,9,115,2546,3.534956794972506
ANIL,2021,0,116,387,0.0
GARDENIA AZUL,2021,0,117,461,0.0
CIDADE DE DEUS,2021,1,118,653,1.5313935681470139
CURICICA,2021,1,119,642,1.557632398753894
FREGUESIA-JPA,2021,0,120,619,0.0
PECHINCHA,2021,0,121,363,0.0
TAQUARA,2021,4,122,1291,3.098373353989156
TANQUE,2021,0,123,442,0.0
PRACA SECA,2021,3,124,669,4.484304932735426
VILA VALQUEIRE,2021,0,125,264,0.0
ITANHANGA,2021,1,127,762,1.3123359580052494
BARRA DA TIJUCA,2021,6,128,1196,5.016722408026756
CAMORIM,2021,0,129,85,0.0
VARGEM PEQUENA,2021,0,130,391,0.0
VARGEM GRANDE,2021,1,131,248,4.032258064516129
RECREIO BANDEIRANTES,2021,2,132,1375,1.4545454545454544
DEODORO,2021,0,134,132,0.0
VILA MILITAR,2021,0,135,151,0.0
CAMPO DOS AFONSOS,2021,0,136,29,0.0
JARDIM SULACAP,2021,0,137,174,0.0
MAGALHAES BASTOS,2021,1,138,205,4.878048780487805
REALENGO,2021,4,139,1877,2.131060202450719
PADRE MIGUEL,2021,3,140,604,4.966887417218543
BANGU,2021,6,141,2569,2.3355391202802647
SENADOR CAMARA,2021,2,142,1203,1.6625103906899419
SANTISSIMO,2021,0,143,662,0.0
CAMPO GRANDE,2021,7,144,4155,1.6847172081829123
SENADOR VASCONCELOS,2021,1,145,342,2.923976608187134
INHOAIBA,2021,4,146,931,4.296455424274973
COSMOS,2021,4,147,1142,3.502626970227671
PACIENCIA,2021,9,148,1410,6.382978723404255
SANTA CRUZ,2021,14,149,3430,4.081632653061225
SEPETIBA,2021,1,150,749,1.335113484646195
GUARATIBA,2021,3,151,1906,1.5739769150052467
BARRA DE GUARATIBA,2021,0,152,71,0.0
PEDRA DE GUARATIBA,2021,0,153,436,0.0
ROCINHA,2021,4,154,714,5.602240896358543
JACAREZINHO,2021,0,155,208,0.0
COMPLEXO DO ALEMAO,2021,0,156,213,0.0
COMPLEXO DA MARE,2021,4,157,1384,2.890173410404624
PARQUE COLUMBIA,2021,0,158,56,0.0
VASCO DA GAMA,2021,0,159,82,0.0
LAPA,2021,0,161,34,0.0
VILA KENNEDY,2021,0,162,101,0.0
BARRA OLIMPICA,2021,0,165,0,
ILHA DO GOVERNADOR - IGNORADO,2021,0,998,69,0.0
IGNORADO BAIRRO-MRJ,2021,0,999,62,0.0
,2021,55,,0,inf
SAUDE,2022,1,001,40,25.0
GAMBOA,2022,1,002,131,7.633587786259541
SANTO CRISTO,2022,1,003,151,6.622516556291391
CAJU,2022,1,004,331,3.0211480362537766
CENTRO,2022,1,005,244,4.0983606557377055
CATUMBI,2022,0,006,148,0.0
RIO COMPRIDO,2022,2,007,398,5.025125628140704
CIDADE NOVA,2022,0,008,46,0.0
ESTACIO,2022,2,009,178,11.235955056179774
SAO CRISTOVAO,2022,0,010,438,0.0
MANGUEIRA,2022,1,011,235,4.25531914893617
BENFICA,2022,0,012,321,0.0
PAQUETA,2022,0,013,33,0.0
SANTA TERESA,2022,0,014,352,0.0
FLAMENGO,2022,0,015,304,0.0
GLORIA,2022,0,016,44,0.0
LARANJEIRAS,2022,0,017,285,0.0
CATETE,2022,0,018,174,0.0
COSME VELHO,2022,0,019,65,0.0
BOTAFOGO,2022,1,020,573,1.7452006980802792
HUMAITA,2022,0,021,87,0.0
URCA,2022,0,022,53,0.0
LEME,2022,1,023,104,9.615384615384617
COPACABANA,2022,1,024,874,1.1441647597254005
IPANEMA,2022,0,025,252,0.0
LEBLON,2022,0,026,291,0.0
LAGOA,2022,0,027,138,0.0
JARDIM BOTANICO,2022,0,028,118,0.0
GAVEA,2022,0,029,167,0.0
VIDIGAL,2022,0,030,162,0.0
SAO CONRADO,2022,0,031,84,0.0
PRACA DA BANDEIRA,2022,1,032,60,16.666666666666668
TIJUCA,2022,3,033,1027,2.9211295034079843
ALTO DA BOA VISTA,2022,0,034,70,0.0
MARACANA,2022,0,035,161,0.0
VILA ISABEL,2022,1,036,479,2.08768267223382
ANDARAI,2022,1,037,269,3.717472118959108
GRAJAU,2022,0,038,234,0.0
MANGUINHOS,2022,0,039,391,0.0
BONSUCESSO,2022,0,040,742,0.0
RAMOS,2022,0,041,861,0.0
OLARIA,2022,2,042,492,4.065040650406504
PENHA,2022,4,043,715,5.594405594405594
PENHA CIRCULAR,2022,2,044,360,5.555555555555555
BRAS DE PINA,2022,0,045,417,0.0
CORDOVIL,2022,1,046,369,2.710027100271003
PARADA DE LUCAS,2022,2,047,280,7.142857142857142
VIGARIO GERAL,2022,2,048,371,5.3908355795148255
JARDIM AMERICA,2022,2,049,291,6.8728522336769755
HIGIENOPOLIS,2022,1,050,114,8.771929824561402
JACARE,2022,1,051,296,3.3783783783783785
MARIA DA GRACA,2022,0,052,71,0.0
DEL CASTILHO,2022,1,053,252,3.968253968253968
INHAUMA,2022,1,054,530,1.8867924528301887
ENGENHO DA RAINHA,2022,0,055,272,0.0
TOMAS COELHO,2022,1,056,230,4.3478260869565215
SAO FRANCISCO XAVIER,2022,0,057,60,0.0
ROCHA,2022,2,058,187,10.695187165775401
RIACHUELO,2022,1,059,63,15.873015873015872
SAMPAIO,2022,0,060,128,0.0
ENGENHO NOVO,2022,0,061,428,0.0
LINS DE VASCONCELOS,2022,0,062,345,0.0
MEIER,2022,0,063,242,0.0
TODOS OS SANTOS,2022,0,064,140,0.0
CACHAMBI,2022,2,065,306,6.5359477124183005
ENGENHO DE DENTRO,2022,2,066,393,5.089058524173028
AGUA SANTA,2022,0,067,69,0.0
ENCANTADO,2022,0,068,91,0.0
PIEDADE,2022,0,069,347,0.0
ABOLICAO,2022,0,070,98,0.0
PILARES,2022,0,071,229,0.0
VILA KOSMOS,2022,0,072,108,0.0
VICENTE DE CARVALHO,2022,0,073,235,0.0
VILA DA PENHA,2022,1,074,161,6.211180124223602
VISTA ALEGRE,2022,0,075,55,0.0
IRAJA,2022,1,076,829,1.2062726176115801
COLEGIO,2022,2,077,350,5.714285714285714
CAMPINHO,2022,1,078,100,10.0
QUINTINO BOCAIUVA,2022,1,079,243,4.11522633744856
CAVALCANTE,2022,0,080,157,0.0
ENGENHEIRO LEAL,2022,1,081,66,15.151515151515152
CASCADURA,2022,0,082,304,0.0
MADUREIRA,2022,1,083,462,2.1645021645021645
VAZ LOBO,2022,0,084,155,0.0
TURIACU,2022,0,085,154,0.0
ROCHA MIRANDA,2022,0,086,360,0.0
HONORIO GURGEL,2022,2,087,231,8.658008658008658
OSWALDO CRUZ,2022,1,088,244,4.0983606557377055
BENTO RIBEIRO,2022,1,089,301,3.3222591362126246
MARECHAL HERMES,2022,1,090,361,2.770083102493075
CACUIA,2022,0,093,89,0.0
PITANGUEIRAS,2022,0,094,89,0.0
PRAIA DA BANDEIRA,2022,0,095,16,0.0
COCOTA,2022,0,096,52,0.0
BANCARIOS,2022,2,097,186,10.752688172043012
FREGUESIA-ILHA,2022,0,098,155,0.0
JARDIM GUANABARA,2022,0,099,194,0.0
JARDIM CARIOCA,2022,1,100,213,4.694835680751174
TAUA,2022,1,101,204,4.901960784313726
MONERO,2022,0,102,24,0.0
PORTUGUESA,2022,0,103,154,0.0
GALEAO,2022,0,104,347,0.0
CIDADE UNIVERSITARIA,2022,0,105,10,0.0
GUADALUPE,2022,1,106,481,2.079002079002079
ANCHIETA,2022,0,107,746,0.0
PARQUE ANCHIETA,2022,0,108,139,0.0
RICARDO ALBUQUERQUE,2022,0,109,286,0.0
COELHO NETO,2022,0,110,284,0.0
ACARI,2022,2,111,407,4.914004914004914
BARROS FILHO,2022,3,112,187,16.0427807486631
COSTA BARROS,2022,3,113,540,5.555555555555555
PAVUNA,2022,0,114,816,0.0
JACAREPAGUA,2022,3,115,1957,1.532958610117527
ANIL,2022,0,116,439,0.0
GARDENIA AZUL,2022,1,117,529,1.890359168241966
CIDADE DE DEUS,2022,0,118,591,0.0
CURICICA,2022,1,119,695,1.4388489208633093
FREGUESIA-JPA,2022,0,120,626,0.0
PECHINCHA,2022,0,121,433,0.0
TAQUARA,2022,1,122,1308,0.764525993883792
TANQUE,2022,1,123,381,2.6246719160104988
PRACA SECA,2022,2,124,568,3.5211267605633805
VILA VALQUEIRE,2022,1,125,304,3.289473684210526
ITANHANGA,2022,1,127,721,1.3869625520110958
BARRA DA TIJUCA,2022,0,128,1210,0.0
CAMORIM,2022,0,129,123,0.0
VARGEM PEQUENA,2022,1,130,365,2.73972602739726
VARGEM GRANDE,2022,0,131,302,0.0
RECREIO BANDEIRANTES,2022,3,132,1324,2.2658610271903323
DEODORO,2022,0,134,157,0.0
VILA MILITAR,2022,0,135,90,0.0
CAMPO DOS AFONSOS,2022,1,136,31,32.25806451612903
JARDIM SULACAP,2022,0,137,200,0.0
MAGALHAES BASTOS,2022,1,138,228,4.385964912280701
REALENGO,2022,0,139,1690,0.0
PADRE MIGUEL,2022,0,140,510,0.0
BANGU,2022,3,141,2461,1.219016659894352
SENADOR CAMARA,2022,0,142,1143,0.0
SANTISSIMO,2022,0,143,517,0.0
CAMPO GRANDE,2022,6,144,3900,1.5384615384615385
SENADOR VASCONCELOS,2022,0,145,306,0.0
INHOAIBA,2022,0,146,824,0.0
COSMOS,2022,5,147,1071,4.6685340802987865
PACIENCIA,2022,2,148,1251,1.5987210231814548
SANTA CRUZ,2022,14,149,3151,4.443033957473818
SEPETIBA,2022,6,150,732,8.196721311475411
GUARATIBA,2022,4,151,1791,2.233389168062535
BARRA DE GUARATIBA,2022,0,152,83,0.0
PEDRA DE GUARATIBA,2022,1,153,482,2.074688796680498
ROCINHA,2022,0,154,735,0.0
JACAREZINHO,2022,1,155,170,5.88235294117647
COMPLEXO DO ALEMAO,2022,2,156,232,8.620689655172413
COMPLEXO DA MARE,2022,5,157,1033,4.84027105517909
PARQUE COLUMBIA,2022,0,158,20,0.0
VASCO DA GAMA,2022,1,159,19,52.63157894736842
LAPA,2022,0,161,15,0.0
VILA KENNEDY,2022,0,162,44,0.0
BARRA OLIMPICA,2022,0,165,0,
ILHA DO GOVERNADOR - IGNORADO,2022,0,998,4,0.0
IGNORADO BAIRRO-MRJ,2022,0,999,71,0.0
,2022,27,,7798,3.462426263144396
SAUDE,2023,1,001,40,25.0
GAMBOA,2023,0,002,125,0.0
SANTO CRISTO,2023,2,003,135,14.814814814814815
CAJU,2023,1,004,329,3.0395136778115504
CENTRO,2023,1,005,200,5.0
CATUMBI,2023,0,006,127,0.0
RIO COMPRIDO,2023,3,007,343,8.746355685131196
CIDADE NOVA,2023,0,008,41,0.0
ESTACIO,2023,1,009,175,5.714285714285714
SAO CRISTOVAO,2023,0,010,312,0.0
MANGUEIRA,2023,2,011,228,8.771929824561402
BENFICA,2023,0,012,408,0.0
PAQUETA,2023,1,013,25,40.0
SANTA TERESA,2023,0,014,313,0.0
FLAMENGO,2023,0,015,268,0.0
GLORIA,2023,0,016,57,0.0
LARANJEIRAS,2023,0,017,257,0.0
CATETE,2023,1,018,169,5.9171597633136095
COSME VELHO,2023,0,019,51,0.0
BOTAFOGO,2023,1,020,534,1.8726591760299625
HUMAITA,2023,0,021,73,0.0
URCA,2023,1,022,42,23.809523809523807
LEME,2023,1,023,90,11.11111111111111
COPACABANA,2023,1,024,866,1.1547344110854503
IPANEMA,2023,0,025,260,0.0
LEBLON,2023,2,026,259,7.722007722007723
LAGOA,2023,0,027,117,0.0
JARDIM BOTANICO,2023,0,028,110,0.0
GAVEA,2023,0,029,165,0.0
VIDIGAL,2023,3,030,191,15.706806282722512
SAO CONRADO,2023,0,031,56,0.0
PRACA DA BANDEIRA,2023,0,032,62,0.0
TIJUCA,2023,2,033,1042,1.9193857965451055
ALTO DA BOA VISTA,2023,1,034,99,10.101010101010102
MARACANA,2023,0,035,143,0.0
VILA ISABEL,2023,1,036,460,2.1739130434782608
ANDARAI,2023,0,037,237,0.0
GRAJAU,2023,0,038,222,0.0
MANGUINHOS,2023,1,039,348,2.8735632183908044
BONSUCESSO,2023,1,040,397,2.5188916876574305
RAMOS,2023,0,041,507,0.0
OLARIA,2023,0,042,403,0.0
PENHA,2023,2,043,651,3.0721966205837172
PENHA CIRCULAR,2023,1,044,399,2.506265664160401
BRAS DE PINA,2023,2,045,390,5.128205128205129
CORDOVIL,2023,3,046,365,8.21917808219178
PARADA DE LUCAS,2023,1,047,273,3.663003663003663
VIGARIO GERAL,2023,0,048,390,0.0
JARDIM AMERICA,2023,1,049,283,3.5335689045936394
HIGIENOPOLIS,2023,1,050,102,9.803921568627452
JACARE,2023,0,051,165,0.0
MARIA DA GRACA,2023,0,052,58,0.0
DEL CASTILHO,2023,0,053,231,0.0
INHAUMA,2023,3,054,573,5.235602094240838
ENGENHO DA RAINHA,2023,0,055,248,0.0
TOMAS COELHO,2023,1,056,230,4.3478260869565215
SAO FRANCISCO XAVIER,2023,0,057,49,0.0
ROCHA,2023,0,058,155,0.0
RIACHUELO,2023,0,059,76,0.0
SAMPAIO,2023,0,060,117,0.0
ENGENHO NOVO,2023,2,061,428,4.672897196261682
LINS DE VASCONCELOS,2023,1,062,332,3.0120481927710845
MEIER,2023,2,063,257,7.782101167315175
TODOS OS SANTOS,2023,0,064,142,0.0
CACHAMBI,2023,1,065,294,3.401360544217687
ENGENHO DE DENTRO,2023,0,066,366,0.0
AGUA SANTA,2023,0,067,54,0.0
ENCANTADO,2023,0,068,93,0.0
PIEDADE,2023,1,069,375,2.6666666666666665
ABOLICAO,2023,0,070,86,0.0
PILARES,2023,2,071,230,8.695652173913043
VILA KOSMOS,2023,0,072,115,0.0
VICENTE DE CARVALHO,2023,0,073,207,0.0
VILA DA PENHA,2023,0,074,134,0.0
VISTA ALEGRE,2023,0,075,75,0.0
IRAJA,2023,1,076,786,1.272264631043257
COLEGIO,2023,2,077,321,6.230529595015576
CAMPINHO,2023,0,078,107,0.0
QUINTINO BOCAIUVA,2023,0,079,219,0.0
CAVALCANTE,2023,1,080,153,6.5359477124183005
ENGENHEIRO LEAL,2023,0,081,70,0.0
CASCADURA,2023,3,082,293,10.238907849829351
MADUREIRA,2023,1,083,383,2.6109660574412534
VAZ LOBO,2023,0,084,155,0.0
TURIACU,2023,2,085,140,14.285714285714285
ROCHA MIRANDA,2023,4,086,358,11.1731843575419
HONORIO GURGEL,2023,0,087,186,0.0
OSWALDO CRUZ,2023,2,088,255,7.8431372549019605
BENTO RIBEIRO,2023,3,089,319,9.404388714733543
MARECHAL HERMES,2023,1,090,419,2.3866348448687353
CACUIA,2023,0,093,90,0.0
PITANGUEIRAS,2023,0,094,97,0.0
PRAIA DA BANDEIRA,2023,0,095,40,0.0
COCOTA,2023,0,096,39,0.0
BANCARIOS,2023,1,097,123,8.130081300813009
FREGUESIA-ILHA,2023,0,098,165,0.0
JARDIM GUANABARA,2023,1,099,176,5.681818181818182
JARDIM CARIOCA,2023,0,100,189,0.0
TAUA,2023,0,101,226,0.0
MONERO,2023,0,102,22,0.0
PORTUGUESA,2023,0,103,152,0.0
GALEAO,2023,1,104,309,3.236245954692557
CIDADE UNIVERSITARIA,2023,0,105,13,0.0
GUADALUPE,2023,2,106,400,5.0
ANCHIETA,2023,1,107,641,1.5600624024960998
PARQUE ANCHIETA,2023,0,108,171,0.0
RICARDO ALBUQUERQUE,2023,0,109,269,0.0
COELHO NETO,2023,0,110,314,0.0
ACARI,2023,0,111,415,0.0
BARROS FILHO,2023,2,112,222,9.00900900900901
COSTA BARROS,2023,2,113,419,4.773269689737471
PAVUNA,2023,6,114,980,6.122448979591836
JACAREPAGUA,2023,6,115,2489,2.4106066693451185
ANIL,2023,0,116,367,0.0
GARDENIA AZUL,2023,0,117,424,0.0
CIDADE DE DEUS,2023,1,118,559,1.7889087656529516
CURICICA,2023,1,119,449,2.2271714922048997
FREGUESIA-JPA,2023,1,120,595,1.680672268907563
PECHINCHA,2023,0,121,396,0.0
TAQUARA,2023,4,122,1106,3.6166365280289328
TANQUE,2023,2,123,384,5.208333333333333
PRACA SECA,2023,4,124,607,6.589785831960461
VILA VALQUEIRE,2023,0,125,285,0.0
ITANHANGA,2023,5,127,819,6.105006105006105
BARRA DA TIJUCA,2023,0,128,1168,0.0
CAMORIM,2023,0,129,80,0.0
VARGEM PEQUENA,2023,0,130,408,0.0
VARGEM GRANDE,2023,0,131,292,0.0
RECREIO BANDEIRANTES,2023,0,132,1258,0.0
DEODORO,2023,0,134,122,0.0
VILA MILITAR,2023,1,135,151,6.622516556291391
CAMPO DOS AFONSOS,2023,0,136,41,0.0
JARDIM SULACAP,2023,0,137,176,0.0
MAGALHAES BASTOS,2023,0,138,214,0.0
REALENGO,2023,1,139,1620,0.6172839506172839
PADRE MIGUEL,2023,0,140,547,0.0
BANGU,2023,1,141,2138,0.4677268475210477
SENADOR CAMARA,2023,6,142,1070,5.607476635514018
SANTISSIMO,2023,1,143,521,1.9193857965451055
CAMPO GRANDE,2023,10,144,3685,2.7137042062415193
SENADOR VASCONCELOS,2023,0,145,267,0.0
INHOAIBA,2023,3,146,748,4.010695187165775
COSMOS,2023,1,147,1049,0.9532888465204957
PACIENCIA,2023,3,148,1211,2.477291494632535
SANTA CRUZ,2023,5,149,3109,1.608234158893535
SEPETIBA,2023,2,150,782,2.557544757033248
GUARATIBA,2023,7,151,1840,3.8043478260869565
BARRA DE GUARATIBA,2023,0,152,89,0.0
PEDRA DE GUARATIBA,2023,1,153,229,4.366812227074235
ROCINHA,2023,3,154,657,4.5662100456621
JACAREZINHO,2023,1,155,316,3.1645569620253164
COMPLEXO DO ALEMAO,2023,1,156,410,2.4390243902439024
COMPLEXO DA MARE,2023,6,157,1576,3.8071065989847717
PARQUE COLUMBIA,2023,0,158,114,0.0
VASCO DA GAMA,2023,0,159,59,0.0
LAPA,2023,1,161,33,30.303030303030305
VILA KENNEDY,2023,0,162,277,0.0
BARRA OLIMPICA,2023,1,165,0,inf
ILHA DO GOVERNADOR - IGNORADO,2023,0,998,11,0.0
IGNORADO BAIRRO-MRJ,2023,1,999,100,10.0
,2023,35,,7738,4.5231325924011365
SAUDE,2024,1,001,30,33.333333333333336
GAMBOA,2024,0,002,116,0.0
SANTO CRISTO,2024,1,003,118,8.474576271186441
CAJU,2024,1,004,298,3.3557046979865772
CENTRO,2024,1,005,178,5.617977528089887
CATUMBI,2024,0,006,138,0.0
RIO COMPRIDO,2024,1,007,352,2.840909090909091
CIDADE NOVA,2024,0,008,39,0.0
ESTACIO,2024,0,009,175,0.0
SAO CRISTOVAO,2024,0,010,264,0.0
MANGUEIRA,2024,1,011,247,4.048582995951417
BENFICA,2024,2,012,308,6.493506493506494
PAQUETA,2024,1,013,19,52.63157894736842
SANTA TERESA,2024,0,014,295,0.0
FLAMENGO,2024,2,015,256,7.8125
GLORIA,2024,0,016,43,0.0
LARANJEIRAS,2024,0,017,240,0.0
CATETE,2024,0,018,163,0.0
COSME VELHO,2024,1,019,49,20.408163265306122
BOTAFOGO,2024,0,020,542,0.0
HUMAITA,2024,0,021,78,0.0
URCA,2024,0,022,50,0.0
LEME,2024,0,023,89,0.0
COPACABANA,2024,0,024,709,0.0
IPANEMA,2024,0,025,257,0.0
LEBLON,2024,1,026,247,4.048582995951417
LAGOA,2024,1,027,128,7.8125
JARDIM BOTANICO,2024,0,028,102,0.0
GAVEA,2024,0,029,114,0.0
VIDIGAL,2024,2,030,149,13.422818791946309
SAO CONRADO,2024,0,031,71,0.0
PRACA DA BANDEIRA,2024,1,032,51,19.607843137254903
TIJUCA,2024,9,033,910,9.89010989010989
ALTO DA BOA VISTA,2024,0,034,55,0.0
MARACANA,2024,0,035,135,0.0
VILA ISABEL,2024,1,036,419,2.3866348448687353
ANDARAI,2024,0,037,222,0.0
GRAJAU,2024,1,038,209,4.784688995215311
MANGUINHOS,2024,2,039,380,5.263157894736842
BONSUCESSO,2024,0,040,277,0.0
RAMOS,2024,0,041,381,0.0
OLARIA,2024,1,042,379,2.638522427440633
PENHA,2024,0,043,588,0.0
PENHA CIRCULAR,2024,1,044,356,2.8089887640449436
BRAS DE PINA,2024,0,045,359,0.0
CORDOVIL,2024,0,046,323,0.0
PARADA DE LUCAS,2024,1,047,262,3.8167938931297707
VIGARIO GERAL,2024,0,048,391,0.0
JARDIM AMERICA,2024,0,049,180,0.0
HIGIENOPOLIS,2024,0,050,125,0.0
JACARE,2024,0,051,120,0.0
MARIA DA GRACA,2024,0,052,44,0.0
DEL CASTILHO,2024,0,053,239,0.0
INHAUMA,2024,2,054,478,4.184100418410042
ENGENHO DA RAINHA,2024,3,055,228,13.157894736842104
TOMAS COELHO,2024,2,056,207,9.66183574879227
SAO FRANCISCO XAVIER,2024,0,057,50,0.0
ROCHA,2024,0,058,137,0.0
RIACHUELO,2024,0,059,64,0.0
SAMPAIO,2024,1,060,103,9.70873786407767
ENGENHO NOVO,2024,1,061,328,3.048780487804878
LINS DE VASCONCELOS,2024,0,062,322,0.0
MEIER,2024,0,063,196,0.0
TODOS OS SANTOS,2024,0,064,127,0.0
CACHAMBI,2024,0,065,273,0.0
ENGENHO DE DENTRO,2024,0,066,341,0.0
AGUA SANTA,2024,0,067,57,0.0
ENCANTADO,2024,0,068,95,0.0
PIEDADE,2024,2,069,338,5.9171597633136095
ABOLICAO,2024,0,070,75,0.0
PILARES,2024,2,071,201,9.950248756218905
VILA KOSMOS,2024,0,072,88,0.0
VICENTE DE CARVALHO,2024,0,073,167,0.0
VILA DA PENHA,2024,0,074,128,0.0
VISTA ALEGRE,2024,0,075,51,0.0
IRAJA,2024,0,076,682,0.0
COLEGIO,2024,2,077,276,7.246376811594203
CAMPINHO,2024,0,078,89,0.0
QUINTINO BOCAIUVA,2024,1,079,212,4.716981132075471
CAVALCANTE,2024,1,080,143,6.993006993006993
ENGENHEIRO LEAL,2024,0,081,46,0.0
CASCADURA,2024,0,082,254,0.0
MADUREIRA,2024,1,083,395,2.5316455696202533
VAZ LOBO,2024,1,084,133,7.518796992481203
TURIACU,2024,0,085,129,0.0
ROCHA MIRANDA,2024,0,086,366,0.0
HONORIO GURGEL,2024,1,087,175,5.714285714285714
OSWALDO CRUZ,2024,0,088,210,0.0
BENTO RIBEIRO,2024,0,089,289,0.0
MARECHAL HERMES,2024,0,090,333,0.0
CACUIA,2024,0,093,83,0.0
PITANGUEIRAS,2024,1,094,86,11.627906976744185
PRAIA DA BANDEIRA,2024,0,095,38,0.0
COCOTA,2024,0,096,37,0.0
BANCARIOS,2024,0,097,127,0.0
FREGUESIA-ILHA,2024,1,098,156,6.41025641025641
JARDIM GUANABARA,2024,0,099,160,0.0
JARDIM CARIOCA,2024,1,100,174,5.747126436781609
TAUA,2024,0,101,210,0.0
MONERO,2024,0,102,33,0.0
PORTUGUESA,2024,0,103,114,0.0
GALEAO,2024,1,104,303,3.3003300330033003
CIDADE UNIVERSITARIA,2024,0,105,11,0.0
GUADALUPE,2024,2,106,354,5.649717514124294
ANCHIETA,2024,3,107,554,5.415162454873646
PARQUE ANCHIETA,2024,0,108,176,0.0
RICARDO ALBUQUERQUE,2024,1,109,231,4.329004329004329
COELHO NETO,2024,1,110,243,4.11522633744856
ACARI,2024,1,111,379,2.638522427440633
BARROS FILHO,2024,1,112,195,5.128205128205129
COSTA BARROS,2024,1,113,382,2.617801047120419
PAVUNA,2024,2,114,866,2.3094688221709005
JACAREPAGUA,2024,1,115,2032,0.4921259842519685
ANIL,2024,0,116,353,0.0
GARDENIA AZUL,2024,0,117,333,0.0
CIDADE DE DEUS,2024,1,118,485,2.061855670103093
CURICICA,2024,2,119,349,5.730659025787966
FREGUESIA-JPA,2024,1,120,577,1.7331022530329288
PECHINCHA,2024,2,121,298,6.7114093959731544
TAQUARA,2024,2,122,970,2.061855670103093
TANQUE,2024,0,123,421,0.0
PRACA SECA,2024,1,124,520,1.9230769230769231
VILA VALQUEIRE,2024,1,125,288,3.472222222222222
ITANHANGA,2024,2,127,716,2.793296089385475
BARRA DA TIJUCA,2024,0,128,1163,0.0
CAMORIM,2024,0,129,23,0.0
VARGEM PEQUENA,2024,1,130,340,2.941176470588235
VARGEM GRANDE,2024,0,131,241,0.0
RECREIO BANDEIRANTES,2024,5,132,1177,4.248088360237893
DEODORO,2024,0,134,114,0.0
VILA MILITAR,2024,0,135,118,0.0
CAMPO DOS AFONSOS,2024,0,136,32,0.0
JARDIM SULACAP,2024,0,137,123,0.0
MAGALHAES BASTOS,2024,2,138,190,10.526315789473683
REALENGO,2024,10,139,1464,6.830601092896175
PADRE MIGUEL,2024,4,140,500,8.0
BANGU,2024,2,141,1927,1.0378827192527245
SENADOR CAMARA,2024,2,142,972,2.05761316872428
SANTISSIMO,2024,1,143,483,2.070393374741201
CAMPO GRANDE,2024,6,144,3410,1.7595307917888563
SENADOR VASCONCELOS,2024,0,145,303,0.0
INHOAIBA,2024,2,146,732,2.73224043715847
COSMOS,2024,5,147,1012,4.940711462450593
PACIENCIA,2024,2,148,1110,1.8018018018018018
SANTA CRUZ,2024,6,149,2932,2.0463847203274215
SEPETIBA,2024,2,150,710,2.8169014084507045
GUARATIBA,2024,6,151,1856,3.2327586206896552
BARRA DE GUARATIBA,2024,0,152,55,0.0
PEDRA DE GUARATIBA,2024,1,153,162,6.172839506172839
ROCINHA,2024,1,154,684,1.461988304093567
JACAREZINHO,2024,1,155,321,3.115264797507788
COMPLEXO DO ALEMAO,2024,2,156,492,4.065040650406504
COMPLEXO DA MARE,2024,4,157,1496,2.6737967914438503
PARQUE COLUMBIA,2024,0,158,77,0.0
VASCO DA GAMA,2024,0,159,134,0.0
LAPA,2024,0,161,44,0.0
VILA KENNEDY,2024,1,162,229,4.366812227074235
BARRA OLIMPICA,2024,0,165,522,0.0
ILHA DO GOVERNADOR - IGNORADO,2024,0,998,5,0.0
IGNORADO BAIRRO-MRJ,2024,0,999,26,0.0
,2024,29,,6650,4.360902255639098
SAUDE,2025,0,001,36,0.0
GAMBOA,2025,0,002,150,0.0
SANTO CRISTO,2025,1,003,129,7.751937984496124
CAJU,2025,3,004,305,9.836065573770492
CENTRO,2025,2,005,194,10.309278350515465
CATUMBI,2025,1,006,134,7.462686567164179
RIO COMPRIDO,2025,2,007,349,5.730659025787966
CIDADE NOVA,2025,1,008,42,23.809523809523807
ESTACIO,2025,0,009,153,0.0
SAO CRISTOVAO,2025,0,010,290,0.0
MANGUEIRA,2025,1,011,199,5.025125628140704
BENFICA,2025,1,012,346,2.890173410404624
PAQUETA,2025,0,013,30,0.0
SANTA TERESA,2025,0,014,316,0.0
FLAMENGO,2025,1,015,274,3.6496350364963503
GLORIA,2025,0,016,47,0.0
LARANJEIRAS,2025,0,017,206,0.0
CATETE,2025,0,018,145,0.0
COSME VELHO,2025,0,019,69,0.0
BOTAFOGO,2025,0,020,534,0.0
HUMAITA,2025,0,021,69,0.0
URCA,2025,0,022,57,0.0
LEME,2025,0,023,94,0.0
COPACABANA,2025,2,024,772,2.5906735751295336
IPANEMA,2025,1,025,247,4.048582995951417
LEBLON,2025,0,026,275,0.0
LAGOA,2025,0,027,123,0.0
JARDIM BOTANICO,2025,0,028,86,0.0
GAVEA,2025,0,029,139,0.0
VIDIGAL,2025,0,030,145,0.0
SAO CONRADO,2025,0,031,85,0.0
PRACA DA BANDEIRA,2025,0,032,57,0.0
TIJUCA,2025,3,033,941,3.188097768331562
ALTO DA BOA VISTA,2025,0,034,67,0.0
MARACANA,2025,0,035,131,0.0
VILA ISABEL,2025,3,036,443,6.772009029345372
ANDARAI,2025,1,037,209,4.784688995215311
GRAJAU,2025,0,038,168,0.0
MANGUINHOS,2025,1,039,387,2.5839793281653747
BONSUCESSO,2025,0,040,392,0.0
RAMOS,2025,1,041,479,2.08768267223382
OLARIA,2025,0,042,416,0.0
PENHA,2025,1,043,609,1.6420361247947455
PENHA CIRCULAR,2025,1,044,356,2.8089887640449436
BRAS DE PINA,2025,3,045,364,8.241758241758243
CORDOVIL,2025,3,046,316,9.49367088607595
PARADA DE LUCAS,2025,1,047,255,3.9215686274509802
VIGARIO GERAL,2025,0,048,354,0.0
JARDIM AMERICA,2025,0,049,266,0.0
HIGIENOPOLIS,2025,0,050,118,0.0
JACARE,2025,0,051,166,0.0
MARIA DA GRACA,2025,0,052,100,0.0
DEL CASTILHO,2025,0,053,236,0.0
INHAUMA,2025,1,054,539,1.8552875695732838
ENGENHO DA RAINHA,2025,1,055,217,4.608294930875576
TOMAS COELHO,2025,0,056,191,0.0
SAO FRANCISCO XAVIER,2025,0,057,55,0.0
ROCHA,2025,1,058,178,5.617977528089887
RIACHUELO,2025,1,059,66,15.151515151515152
SAMPAIO,2025,0,060,99,0.0
ENGENHO NOVO,2025,2,061,346,5.780346820809248
LINS DE VASCONCELOS,2025,0,062,304,0.0
MEIER,2025,2,063,247,8.097165991902834
TODOS OS SANTOS,2025,0,064,126,0.0
CACHAMBI,2025,2,065,274,7.299270072992701
ENGENHO DE DENTRO,2025,0,066,351,0.0
AGUA SANTA,2025,0,067,57,0.0
ENCANTADO,2025,0,068,81,0.0
PIEDADE,2025,0,069,328,0.0
ABOLICAO,2025,0,070,109,0.0
PILARES,2025,0,071,191,0.0
VILA KOSMOS,2025,0,072,109,0.0
VICENTE DE CARVALHO,2025,0,073,189,0.0
VILA DA PENHA,2025,0,074,148,0.0
VISTA ALEGRE,2025,0,075,50,0.0
IRAJA,2025,1,076,683,1.4641288433382138
COLEGIO,2025,0,077,292,0.0
CAMPINHO,2025,1,078,95,10.526315789473683
QUINTINO BOCAIUVA,2025,0,079,202,0.0
CAVALCANTE,2025,1,080,145,6.896551724137931
ENGENHEIRO LEAL,2025,0,081,51,0.0
CASCADURA,2025,1,082,243,4.11522633744856
MADUREIRA,2025,2,083,378,5.291005291005291
VAZ LOBO,2025,1,084,139,7.194244604316547
TURIACU,2025,0,085,136,0.0
ROCHA MIRANDA,2025,0,086,324,0.0
HONORIO GURGEL,2025,1,087,183,5.46448087431694
OSWALDO CRUZ,2025,0,088,196,0.0
BENTO RIBEIRO,2025,1,089,300,3.3333333333333335
MARECHAL HERMES,2025,2,090,334,5.9880239520958085
CACUIA,2025,0,093,85,0.0
PITANGUEIRAS,2025,0,094,76,0.0
PRAIA DA BANDEIRA,2025,0,095,37,0.0
COCOTA,2025,0,096,53,0.0
BANCARIOS,2025,0,097,132,0.0
FREGUESIA-ILHA,2025,0,098,191,0.0
JARDIM GUANABARA,2025,0,099,170,0.0
JARDIM CARIOCA,2025,0,100,199,0.0
TAUA,2025,1,101,212,4.716981132075471
MONERO,2025,0,102,39,0.0
PORTUGUESA,2025,0,103,127,0.0
GALEAO,2025,0,104,248,0.0
CIDADE UNIVERSITARIA,2025,0,105,17,0.0
GUADALUPE,2025,0,106,355,0.0
ANCHIETA,2025,0,107,618,0.0
PARQUE ANCHIETA,2025,0,108,144,0.0
RICARDO ALBUQUERQUE,2025,0,109,262,0.0
COELHO NETO,2025,0,110,284,0.0
ACARI,2025,2,111,349,5.730659025787966
BARROS FILHO,2025,0,112,164,0.0
COSTA BARROS,2025,0,113,401,0.0
PAVUNA,2025,0,114,888,0.0
JACAREPAGUA,2025,8,115,1878,4.259850905218317
ANIL,2025,0,116,377,0.0
GARDENIA AZUL,2025,1,117,400,2.5
CIDADE DE DEUS,2025,2,118,549,3.6429872495446265
CURICICA,2025,1,119,369,2.710027100271003
FREGUESIA-JPA,2025,1,120,553,1.8083182640144664
PECHINCHA,2025,1,121,339,2.949852507374631
TAQUARA,2025,2,122,1005,1.990049751243781
TANQUE,2025,3,123,378,7.936507936507936
PRACA SECA,2025,1,124,567,1.763668430335097
VILA VALQUEIRE,2025,0,125,273,0.0
ITANHANGA,2025,2,127,791,2.5284450063211126
BARRA DA TIJUCA,2025,2,128,1115,1.7937219730941705
CAMORIM,2025,0,129,35,0.0
VARGEM PEQUENA,2025,1,130,325,3.076923076923077
VARGEM GRANDE,2025,0,131,255,0.0
RECREIO BANDEIRANTES,2025,1,132,1245,0.8032128514056225
DEODORO,2025,0,134,124,0.0
VILA MILITAR,2025,1,135,108,9.25925925925926
CAMPO DOS AFONSOS,2025,0,136,36,0.0
JARDIM SULACAP,2025,0,137,132,0.0
MAGALHAES BASTOS,2025,2,138,208,9.615384615384617
REALENGO,2025,5,139,1463,3.417634996582365
PADRE MIGUEL,2025,1,140,522,1.9157088122605364
BANGU,2025,3,141,1977,1.5174506828528074
SENADOR CAMARA,2025,3,142,995,3.015075376884422
SANTISSIMO,2025,2,143,471,4.246284501061571
CAMPO GRANDE,2025,12,144,3504,3.4246575342465753
SENADOR VASCONCELOS,2025,0,145,298,0.0
INHOAIBA,2025,1,146,752,1.3297872340425532
COSMOS,2025,3,147,954,3.1446540880503147
PACIENCIA,2025,3,148,1157,2.592912705272256
SANTA CRUZ,2025,12,149,3186,3.766478342749529
SEPETIBA,2025,2,150,753,2.6560424966799467
GUARATIBA,2025,3,151,1867,1.6068559185859668
BARRA DE GUARATIBA,2025,1,152,117,8.547008547008549
PEDRA DE GUARATIBA,2025,0,153,228,0.0
ROCINHA,2025,1,154,696,1.4367816091954022
JACAREZINHO,2025,1,155,293,3.4129692832764507
COMPLEXO DO ALEMAO,2025,1,156,361,2.770083102493075
COMPLEXO DA MARE,2025,5,157,1494,3.3467202141900936
PARQUE COLUMBIA,2025,1,158,83,12.048192771084338
VASCO DA GAMA,2025,0,159,131,0.0
LAPA,2025,0,161,39,0.0
VILA KENNEDY,2025,1,162,194,5.154639175257732
BARRA OLIMPICA,2025,1,165,503,1.9880715705765406
ILHA DO GOVERNADOR - IGNORADO,2025,0,998,12,0.0
IGNORADO BAIRRO-MRJ,2025,0,999,19,0.0
,2025,21,,6336,3.3143939393939394
