codigo,bairro,ano,obitos_0_364,obitos_0_6,obitos_7_27,nascidos_vivos,obitos_28_364,taxa_mortalidade_infantil,taxa_mortalidade_pos_neonatal
001,SAUDE,2006,4.0,1.0,1.0,131,2.0,30.534351145038165,15.267175572519083
001,SAUDE,2007,3.0,1.0,0.0,133,2.0,22.55639097744361,15.037593984962406
001,SAUDE,2008,1.0,0.0,0.0,111,1.0,9.00900900900901,9.00900900900901
001,SAUDE,2009,2.0,2.0,0.0,118,0.0,16.949152542372882,0.0
001,SAUDE,2010,3.0,1.0,1.0,86,1.0,34.883720930232556,11.627906976744185
001,SAUDE,2011,1.0,0.0,0.0,66,1.0,15.151515151515152,15.151515151515152
001,SAUDE,2012,1.0,1.0,0.0,56,0.0,17.857142857142858,0.0
001,SAUDE,2013,0.0,0.0,0.0,58,0.0,0.0,0.0
001,SAUDE,2014,0.0,0.0,0.0,71,0.0,0.0,0.0
001,SAUDE,2015,1.0,1.0,0.0,60,0.0,16.666666666666668,0.0
001,SAUDE,2016,1.0,0.0,0.0,38,1.0,26.31578947368421,26.31578947368421
001,SAUDE,2017,0.0,0.0,0.0,52,0.0,0.0,0.0
001,SAUDE,2018,0.0,0.0,0.0,41,0.0,0.0,0.0
001,SAUDE,2019,1.0,1.0,0.0,51,0.0,19.607843137254903,0.0
001,SAUDE,2020,0.0,0.0,0.0,37,0.0,0.0,0.0
001,SAUDE,2021,0.0,0.0,0.0,32,0.0,0.0,0.0
001,SAUDE,2022,2.0,1.0,1.0,40,0.0,50.0,0.0
001,SAUDE,2023,3.0,1.0,1.0,40,1.0,75.0,25.0
001,SAUDE,2024,4.0,0.0,1.0,30,3.0,133.33333333333334,100.0
001,SAUDE,2025,0.0,0.0,0.0,36,0.0,0.0,0.0
002,GAMBOA,2006,0.0,0.0,0.0,92,0.0,0.0,0.0
002,GAMBOA,2007,2.0,1.0,0.0,99,1.0,20.202020202020204,10.101010101010102
002,GAMBOA,2008,3.0,2.0,0.0,120,1.0,25.0,8.333333333333334
002,GAMBOA,2009,2.0,0.0,0.0,128,2.0,15.625,15.625
002,GAMBOA,2010,1.0,1.0,0.0,158,0.0,6.329113924050633,0.0
002,GAMBOA,2011,1.0,0.0,1.0,146,0.0,6.8493150684931505,0.0
002,GAMBOA,2012,1.0,1.0,0.0,167,0.0,5.9880239520958085,0.0
002,GAMBOA,2013,1.0,0.0,0.0,182,1.0,5.4945054945054945,5.4945054945054945
002,GAMBOA,2014,1.0,1.0,0.0,164,0.0,6.097560975609756,0.0
002,GAMBOA,2015,7.0,4.0,1.0,200,2.0,35.0,10.0
002,GAMBOA,2016,3.0,0.0,1.0,171,2.0,17.543859649122805,11.695906432748536
002,GAMBOA,2017,0.0,0.0,0.0,166,0.0,0.0,0.0
002,GAMBOA,2018,3.0,3.0,0.0,161,0.0,18.633540372670808,0.0
002,GAMBOA,2019,2.0,0.0,1.0,154,1.0,12.987012987012989,6.493506493506494
002,GAMBOA,2020,2.0,1.0,0.0,154,1.0,12.987012987012989,6.493506493506494
002,GAMBOA,2021,2.0,0.0,0.0,156,2.0,12.82051282051282,12.82051282051282
002,GAMBOA,2022,5.0,3.0,1.0,131,1.0,38.16793893129771,7.633587786259541
002,GAMBOA,2023,5.0,4.0,0.0,125,1.0,40.0,8.0
002,GAMBOA,2024,1.0,1.0,0.0,116,0.0,8.620689655172413,0.0
002,GAMBOA,2025,2.0,2.0,0.0,150,0.0,13.333333333333334,0.0
003,SANTO CRISTO,2006,4.0,1.0,0.0,209,3.0,19.138755980861244,14.354066985645934
003,SANTO CRISTO,2007,2.0,1.0,0.0,217,1.0,9.216589861751151,4.608294930875576
003,SANTO CRISTO,2008,2.0,2.0,0.0,207,0.0,9.66183574879227,0.0
003,SANTO CRISTO,2009,4.0,2.0,0.0,214,2.0,18.69158878504673,9.345794392523365
003,SANTO CRISTO,2010,2.0,1.0,0.0,225,1.0,8.88888888888889,4.444444444444445
003,SANTO CRISTO,2011,3.0,1.0,0.0,244,2.0,12.295081967213115,8.196721311475411
003,SANTO CRISTO,2012,4.0,4.0,0.0,226,0.0,17.699115044247787,0.0
003,SANTO CRISTO,2013,3.0,1.0,0.0,196,2.0,15.306122448979592,10.204081632653061
003,SANTO CRISTO,2014,1.0,0.0,1.0,249,0.0,4.016064257028112,0.0
003,SANTO CRISTO,2015,2.0,0.0,1.0,209,1.0,9.569377990430622,4.784688995215311
003,SANTO CRISTO,2016,1.0,1.0,0.0,199,0.0,5.025125628140704,0.0
003,SANTO CRISTO,2017,0.0,0.0,0.0,193,0.0,0.0,0.0
003,SANTO CRISTO,2018,0.0,0.0,0.0,215,0.0,0.0,0.0
003,SANTO CRISTO,2019,5.0,2.0,1.0,204,2.0,24.509803921568626,9.803921568627452
003,SANTO CRISTO,2020,4.0,2.0,1.0,173,1.0,23.12138728323699,5.780346820809248
003,SANTO CRISTO,2021,2.0,0.0,1.0,174,1.0,11.494252873563218,5.747126436781609
003,SANTO CRISTO,2022,5.0,2.0,1.0,151,2.0,33.11258278145696,13.245033112582782
003,SANTO CRISTO,2023,4.0,1.0,2.0,135,1.0,29.62962962962963,7.407407407407407
003,SANTO CRISTO,2024,1.0,0.0,1.0,118,0.0,8.474576271186441,0.0
003,SANTO CRISTO,2025,3.0,1.0,1.0,129,1.0,23.25581395348837,7.751937984496124
004,CAJU,2006,10.0,7.0,1.0,354,2.0,28.248587570621467,5.649717514124294
004,CAJU,2007,7.0,5.0,0.0,380,2.0,18.421052631578945,5.263157894736842
004,CAJU,2008,5.0,2.0,1.0,399,2.0,12.531328320802004,5.012531328320802
004,CAJU,2009,9.0,2.0,3.0,444,4.0,20.27027027027027,9.00900900900901
004,CAJU,2010,3.0,2.0,1.0,368,0.0,8.152173913043478,0.0
004,CAJU,2011,4.0,1.0,1.0,439,2.0,9.111617312072893,4.555808656036446
004,CAJU,2012,3.0,0.0,1.0,410,2.0,7.317073170731708,4.878048780487805
004,CAJU,2013,7.0,4.0,1.0,412,2.0,16.990291262135923,4.854368932038835
004,CAJU,2014,1.0,0.0,0.0,448,1.0,2.232142857142857,2.232142857142857
004,CAJU,2015,6.0,0.0,1.0,430,5.0,13.953488372093023,11.627906976744185
004,CAJU,2016,5.0,5.0,0.0,460,0.0,10.869565217391305,0.0
004,CAJU,2017,7.0,4.0,2.0,454,1.0,15.418502202643172,2.2026431718061676
004,CAJU,2018,3.0,1.0,0.0,438,2.0,6.8493150684931505,4.5662100456621
004,CAJU,2019,3.0,2.0,1.0,391,0.0,7.672634271099745,0.0
004,CAJU,2020,4.0,2.0,1.0,347,1.0,11.527377521613833,2.881844380403458
004,CAJU,2021,4.0,1.0,0.0,337,3.0,11.869436201780417,8.902077151335313
004,CAJU,2022,6.0,5.0,1.0,331,0.0,18.12688821752266,0.0
004,CAJU,2023,6.0,2.0,1.0,329,3.0,18.2370820668693,9.11854103343465
004,CAJU,2024,2.0,1.0,1.0,298,0.0,6.7114093959731544,0.0
004,CAJU,2025,9.0,3.0,3.0,305,3.0,29.508196721311478,9.836065573770492
005,CENTRO,2006,10.0,4.0,2.0,532,4.0,18.796992481203006,7.518796992481203
005,CENTRO,2007,8.0,3.0,1.0,487,4.0,16.42710472279261,8.213552361396305
005,CENTRO,2008,6.0,3.0,2.0,475,1.0,12.631578947368421,2.1052631578947367
005,CENTRO,2009,11.0,5.0,2.0,474,4.0,23.206751054852322,8.438818565400844
005,CENTRO,2010,6.0,3.0,1.0,461,2.0,13.015184381778742,4.3383947939262475
005,CENTRO,2011,2.0,0.0,0.0,516,2.0,3.875968992248062,3.875968992248062
005,CENTRO,2012,4.0,0.0,0.0,440,4.0,9.09090909090909,9.09090909090909
005,CENTRO,2013,7.0,6.0,1.0,464,0.0,15.086206896551724,0.0
005,CENTRO,2014,8.0,4.0,2.0,425,2.0,18.823529411764703,4.705882352941176
005,CENTRO,2015,2.0,2.0,0.0,404,0.0,4.9504950495049505,0.0
005,CENTRO,2016,6.0,3.0,0.0,393,3.0,15.267175572519083,7.633587786259541
005,CENTRO,2017,4.0,1.0,2.0,361,1.0,11.0803324099723,2.770083102493075
005,CENTRO,2018,4.0,3.0,0.0,295,1.0,13.559322033898304,3.389830508474576
005,CENTRO,2019,5.0,1.0,3.0,325,1.0,15.384615384615385,3.076923076923077
005,CENTRO,2020,0.0,0.0,0.0,271,0.0,0.0,0.0
005,CENTRO,2021,4.0,1.0,2.0,251,1.0,15.936254980079681,3.9840637450199203
005,CENTRO,2022,8.0,4.0,1.0,244,3.0,32.786885245901644,12.295081967213115
005,CENTRO,2023,4.0,1.0,1.0,200,2.0,20.0,10.0
005,CENTRO,2024,5.0,3.0,1.0,178,1.0,28.089887640449437,5.617977528089887
005,CENTRO,2025,4.0,1.0,2.0,194,1.0,20.61855670103093,5.154639175257732
006,CATUMBI,2006,4.0,3.0,1.0,270,0.0,14.814814814814815,0.0
006,CATUMBI,2007,3.0,1.0,1.0,216,1.0,13.888888888888888,4.62962962962963
006,CATUMBI,2008,7.0,2.0,0.0,238,5.0,29.41176470588235,21.008403361344538
006,CATUMBI,2009,4.0,2.0,1.0,251,1.0,15.936254980079681,3.9840637450199203
006,CATUMBI,2010,2.0,1.0,0.0,246,1.0,8.130081300813009,4.065040650406504
006,CATUMBI,2011,5.0,4.0,1.0,282,0.0,17.73049645390071,0.0
006,CATUMBI,2012,2.0,0.0,1.0,259,1.0,7.722007722007723,3.8610038610038613
006,CATUMBI,2013,2.0,1.0,0.0,249,1.0,8.032128514056224,4.016064257028112
006,CATUMBI,2014,5.0,5.0,0.0,276,0.0,18.115942028985508,0.0
006,CATUMBI,2015,6.0,4.0,2.0,269,0.0,22.304832713754646,0.0
006,CATUMBI,2016,1.0,0.0,0.0,242,1.0,4.132231404958678,4.132231404958678
006,CATUMBI,2017,4.0,1.0,1.0,198,2.0,20.202020202020204,10.101010101010102
006,CATUMBI,2018,2.0,2.0,0.0,180,0.0,11.11111111111111,0.0
006,CATUMBI,2019,2.0,1.0,0.0,210,1.0,9.523809523809526,4.761904761904763
006,CATUMBI,2020,3.0,2.0,0.0,171,1.0,17.543859649122805,5.847953216374268
006,CATUMBI,2021,2.0,0.0,0.0,181,2.0,11.049723756906078,11.049723756906078
006,CATUMBI,2022,5.0,3.0,0.0,148,2.0,33.78378378378378,13.513513513513514
006,CATUMBI,2023,1.0,1.0,0.0,127,0.0,7.874015748031496,0.0
006,CATUMBI,2024,2.0,0.0,0.0,138,2.0,14.492753623188406,14.492753623188406
006,CATUMBI,2025,5.0,4.0,1.0,134,0.0,37.31343283582089,0.0
007,RIO COMPRIDO,2006,10.0,6.0,0.0,621,4.0,16.103059581320448,6.4412238325281805
007,RIO COMPRIDO,2007,6.0,3.0,0.0,601,3.0,9.983361064891847,4.9916805324459235
007,RIO COMPRIDO,2008,4.0,4.0,0.0,566,0.0,7.067137809187279,0.0
007,RIO COMPRIDO,2009,5.0,3.0,1.0,623,1.0,8.025682182985554,1.6051364365971108
007,RIO COMPRIDO,2010,10.0,3.0,3.0,645,4.0,15.503875968992247,6.2015503875969
007,RIO COMPRIDO,2011,8.0,4.0,1.0,634,3.0,12.618296529968454,4.73186119873817
007,RIO COMPRIDO,2012,6.0,3.0,1.0,568,2.0,10.56338028169014,3.5211267605633805
007,RIO COMPRIDO,2013,12.0,5.0,3.0,602,4.0,19.933554817275745,6.644518272425249
007,RIO COMPRIDO,2014,9.0,5.0,3.0,624,1.0,14.423076923076923,1.6025641025641024
007,RIO COMPRIDO,2015,6.0,2.0,1.0,589,3.0,10.186757215619695,5.093378607809847
007,RIO COMPRIDO,2016,5.0,0.0,2.0,543,3.0,9.208103130755065,5.524861878453039
007,RIO COMPRIDO,2017,7.0,3.0,1.0,549,3.0,12.750455373406194,5.46448087431694
007,RIO COMPRIDO,2018,9.0,6.0,3.0,510,0.0,17.647058823529413,0.0
007,RIO COMPRIDO,2019,3.0,3.0,0.0,495,0.0,6.0606060606060606,0.0
007,RIO COMPRIDO,2020,4.0,3.0,1.0,416,0.0,9.615384615384617,0.0
007,RIO COMPRIDO,2021,4.0,2.0,0.0,384,2.0,10.416666666666666,5.208333333333333
007,RIO COMPRIDO,2022,5.0,1.0,2.0,398,2.0,12.56281407035176,5.025125628140704
007,RIO COMPRIDO,2023,6.0,3.0,3.0,343,0.0,17.49271137026239,0.0
007,RIO COMPRIDO,2024,2.0,1.0,1.0,352,0.0,5.681818181818182,0.0
007,RIO COMPRIDO,2025,5.0,2.0,2.0,349,1.0,14.326647564469916,2.865329512893983
008,CIDADE NOVA,2006,2.0,1.0,0.0,57,1.0,35.08771929824561,17.543859649122805
008,CIDADE NOVA,2007,2.0,1.0,1.0,78,0.0,25.64102564102564,0.0
008,CIDADE NOVA,2008,2.0,1.0,1.0,71,0.0,28.169014084507044,0.0
008,CIDADE NOVA,2009,0.0,0.0,0.0,92,0.0,0.0,0.0
008,CIDADE NOVA,2010,2.0,0.0,1.0,105,1.0,19.04761904761905,9.523809523809526
008,CIDADE NOVA,2011,0.0,0.0,0.0,94,0.0,0.0,0.0
008,CIDADE NOVA,2012,2.0,1.0,1.0,81,0.0,24.691358024691358,0.0
008,CIDADE NOVA,2013,2.0,0.0,1.0,86,1.0,23.25581395348837,11.627906976744185
008,CIDADE NOVA,2014,1.0,1.0,0.0,56,0.0,17.857142857142858,0.0
008,CIDADE NOVA,2015,0.0,0.0,0.0,79,0.0,0.0,0.0
008,CIDADE NOVA,2016,0.0,0.0,0.0,72,0.0,0.0,0.0
008,CIDADE NOVA,2017,0.0,0.0,0.0,74,0.0,0.0,0.0
008,CIDADE NOVA,2018,3.0,0.0,2.0,66,1.0,45.45454545454545,15.151515151515152
008,CIDADE NOVA,2019,0.0,0.0,0.0,73,0.0,0.0,0.0
008,CIDADE NOVA,2020,1.0,0.0,0.0,53,1.0,18.867924528301884,18.867924528301884
008,CIDADE NOVA,2021,0.0,0.0,0.0,60,0.0,0.0,0.0
008,CIDADE NOVA,2022,1.0,1.0,0.0,46,0.0,21.73913043478261,0.0
008,CIDADE NOVA,2023,1.0,1.0,0.0,41,0.0,24.390243902439025,0.0
008,CIDADE NOVA,2024,1.0,1.0,0.0,39,0.0,25.64102564102564,0.0
008,CIDADE NOVA,2025,3.0,0.0,1.0,42,2.0,71.42857142857143,47.61904761904761
009,ESTACIO,2006,9.0,4.0,1.0,264,4.0,34.090909090909086,15.151515151515152
009,ESTACIO,2007,0.0,0.0,0.0,282,0.0,0.0,0.0
009,ESTACIO,2008,2.0,0.0,2.0,278,0.0,7.194244604316547,0.0
009,ESTACIO,2009,2.0,1.0,1.0,302,0.0,6.622516556291391,0.0
009,ESTACIO,2010,4.0,3.0,1.0,304,0.0,13.157894736842104,0.0
009,ESTACIO,2011,8.0,2.0,1.0,311,5.0,25.723472668810288,16.07717041800643
009,ESTACIO,2012,2.0,1.0,0.0,247,1.0,8.097165991902834,4.048582995951417
009,ESTACIO,2013,3.0,1.0,1.0,236,1.0,12.711864406779663,4.237288135593221
009,ESTACIO,2014,6.0,1.0,1.0,301,4.0,19.933554817275745,13.289036544850498
009,ESTACIO,2015,4.0,1.0,1.0,293,2.0,13.651877133105803,6.825938566552901
009,ESTACIO,2016,4.0,0.0,2.0,245,2.0,16.3265306122449,8.16326530612245
009,ESTACIO,2017,2.0,0.0,1.0,275,1.0,7.2727272727272725,3.6363636363636362
009,ESTACIO,2018,3.0,2.0,0.0,287,1.0,10.452961672473869,3.484320557491289
009,ESTACIO,2019,2.0,1.0,0.0,233,1.0,8.583690987124463,4.291845493562231
009,ESTACIO,2020,0.0,0.0,0.0,206,0.0,0.0,0.0
009,ESTACIO,2021,4.0,4.0,0.0,197,0.0,20.30456852791878,0.0
009,ESTACIO,2022,5.0,1.0,2.0,178,2.0,28.089887640449437,11.235955056179774
009,ESTACIO,2023,5.0,4.0,1.0,175,0.0,28.57142857142857,0.0
009,ESTACIO,2024,6.0,5.0,0.0,175,1.0,34.285714285714285,5.714285714285714
009,ESTACIO,2025,4.0,3.0,0.0,153,1.0,26.143790849673202,6.5359477124183005
010,SAO CRISTOVAO,2006,8.0,3.0,3.0,768,2.0,10.416666666666666,2.6041666666666665
010,SAO CRISTOVAO,2007,10.0,5.0,2.0,718,3.0,13.927576601671309,4.178272980501393
010,SAO CRISTOVAO,2008,18.0,7.0,5.0,722,6.0,24.930747922437675,8.310249307479225
010,SAO CRISTOVAO,2009,14.0,9.0,1.0,711,4.0,19.69057665260197,5.625879043600563
010,SAO CRISTOVAO,2010,12.0,7.0,2.0,731,3.0,16.415868673050614,4.1039671682626535
010,SAO CRISTOVAO,2011,8.0,5.0,0.0,706,3.0,11.3314447592068,4.24929178470255
010,SAO CRISTOVAO,2012,6.0,5.0,0.0,706,1.0,8.4985835694051,1.41643059490085
010,SAO CRISTOVAO,2013,5.0,1.0,0.0,693,4.0,7.215007215007215,5.772005772005772
010,SAO CRISTOVAO,2014,5.0,3.0,1.0,724,1.0,6.906077348066298,1.3812154696132597
010,SAO CRISTOVAO,2015,6.0,3.0,1.0,644,2.0,9.316770186335404,3.105590062111801
010,SAO CRISTOVAO,2016,5.0,3.0,1.0,591,1.0,8.460236886632826,1.6920473773265652
010,SAO CRISTOVAO,2017,5.0,3.0,0.0,474,2.0,10.548523206751055,4.219409282700422
010,SAO CRISTOVAO,2018,0.0,0.0,0.0,581,0.0,0.0,0.0
010,SAO CRISTOVAO,2019,2.0,0.0,1.0,557,1.0,3.5906642728904847,1.7953321364452424
010,SAO CRISTOVAO,2020,5.0,2.0,1.0,505,2.0,9.900990099009901,3.9603960396039604
010,SAO CRISTOVAO,2021,5.0,1.0,2.0,440,2.0,11.363636363636363,4.545454545454545
010,SAO CRISTOVAO,2022,2.0,1.0,0.0,438,1.0,4.5662100456621,2.28310502283105
010,SAO CRISTOVAO,2023,1.0,1.0,0.0,312,0.0,3.205128205128205,0.0
010,SAO CRISTOVAO,2024,2.0,1.0,0.0,264,1.0,7.575757575757576,3.787878787878788
010,SAO CRISTOVAO,2025,3.0,0.0,0.0,290,3.0,10.344827586206897,10.344827586206897
011,MANGUEIRA,2006,5.0,3.0,0.0,299,2.0,16.72240802675585,6.688963210702341
011,MANGUEIRA,2007,6.0,1.0,2.0,290,3.0,20.689655172413794,10.344827586206897
011,MANGUEIRA,2008,4.0,2.0,2.0,343,0.0,11.661807580174926,0.0
011,MANGUEIRA,2009,8.0,3.0,1.0,341,4.0,23.46041055718475,11.730205278592376
011,MANGUEIRA,2010,8.0,4.0,0.0,302,4.0,26.490066225165563,13.245033112582782
011,MANGUEIRA,2011,6.0,2.0,0.0,353,4.0,16.9971671388102,11.3314447592068
011,MANGUEIRA,2012,7.0,4.0,0.0,338,3.0,20.710059171597635,8.875739644970414
011,MANGUEIRA,2013,2.0,0.0,0.0,340,2.0,5.88235294117647,5.88235294117647
011,MANGUEIRA,2014,6.0,2.0,1.0,321,3.0,18.69158878504673,9.345794392523365
011,MANGUEIRA,2015,4.0,4.0,0.0,304,0.0,13.157894736842104,0.0
011,MANGUEIRA,2016,3.0,0.0,1.0,278,2.0,10.79136690647482,7.194244604316547
011,MANGUEIRA,2017,5.0,4.0,1.0,322,0.0,15.527950310559007,0.0
011,MANGUEIRA,2018,2.0,1.0,0.0,306,1.0,6.5359477124183005,3.2679738562091503
011,MANGUEIRA,2019,5.0,2.0,2.0,266,1.0,18.796992481203006,3.7593984962406015
011,MANGUEIRA,2020,3.0,0.0,1.0,239,2.0,12.552301255230125,8.368200836820083
011,MANGUEIRA,2021,7.0,4.0,0.0,254,3.0,27.559055118110237,11.811023622047244
011,MANGUEIRA,2022,5.0,2.0,1.0,235,2.0,21.27659574468085,8.51063829787234
011,MANGUEIRA,2023,5.0,0.0,2.0,228,3.0,21.929824561403507,13.157894736842104
011,MANGUEIRA,2024,6.0,2.0,1.0,247,3.0,24.291497975708502,12.145748987854251
011,MANGUEIRA,2025,3.0,2.0,1.0,199,0.0,15.07537688442211,0.0
012,BENFICA,2006,11.0,7.0,1.0,610,3.0,18.0327868852459,4.918032786885246
012,BENFICA,2007,10.0,3.0,2.0,651,5.0,15.360983102918587,7.680491551459293
012,BENFICA,2008,7.0,4.0,1.0,609,2.0,11.494252873563218,3.284072249589491
012,BENFICA,2009,10.0,4.0,2.0,630,4.0,15.873015873015872,6.349206349206349
012,BENFICA,2010,6.0,5.0,0.0,564,1.0,10.638297872340425,1.7730496453900708
012,BENFICA,2011,8.0,4.0,3.0,369,1.0,21.680216802168022,2.710027100271003
012,BENFICA,2012,5.0,3.0,1.0,425,1.0,11.76470588235294,2.352941176470588
012,BENFICA,2013,11.0,6.0,1.0,476,4.0,23.10924369747899,8.403361344537815
012,BENFICA,2014,4.0,1.0,1.0,484,2.0,8.264462809917356,4.132231404958678
012,BENFICA,2015,7.0,4.0,2.0,532,1.0,13.157894736842104,1.8796992481203008
012,BENFICA,2016,5.0,1.0,0.0,484,4.0,10.330578512396695,8.264462809917356
012,BENFICA,2017,6.0,4.0,0.0,530,2.0,11.320754716981131,3.7735849056603774
012,BENFICA,2018,3.0,0.0,1.0,491,2.0,6.109979633401222,4.0733197556008145
012,BENFICA,2019,8.0,3.0,1.0,542,4.0,14.760147601476014,7.380073800738007
012,BENFICA,2020,2.0,0.0,2.0,426,0.0,4.694835680751174,0.0
012,BENFICA,2021,5.0,3.0,1.0,374,1.0,13.368983957219251,2.6737967914438503
012,BENFICA,2022,4.0,3.0,0.0,321,1.0,12.461059190031152,3.115264797507788
012,BENFICA,2023,3.0,3.0,0.0,408,0.0,7.352941176470588,0.0
012,BENFICA,2024,6.0,3.0,2.0,308,1.0,19.48051948051948,3.246753246753247
012,BENFICA,2025,8.0,3.0,1.0,346,4.0,23.12138728323699,11.560693641618496
013,PAQUETA,2006,0.0,0.0,0.0,32,0.0,0.0,0.0
013,PAQUETA,2007,2.0,2.0,0.0,31,0.0,64.51612903225806,0.0
013,PAQUETA,2008,0.0,0.0,0.0,37,0.0,0.0,0.0
013,PAQUETA,2009,0.0,0.0,0.0,31,0.0,0.0,0.0
013,PAQUETA,2010,0.0,0.0,0.0,35,0.0,0.0,0.0
013,PAQUETA,2011,1.0,1.0,0.0,48,0.0,20.833333333333332,0.0
013,PAQUETA,2012,2.0,2.0,0.0,32,0.0,62.5,0.0
013,PAQUETA,2013,0.0,0.0,0.0,26,0.0,0.0,0.0
013,PAQUETA,2014,0.0,0.0,0.0,32,0.0,0.0,0.0
013,PAQUETA,2015,3.0,1.0,1.0,39,1.0,76.92307692307693,25.64102564102564
013,PAQUETA,2016,1.0,1.0,0.0,36,0.0,27.777777777777775,0.0
013,PAQUETA,2017,0.0,0.0,0.0,41,0.0,0.0,0.0
013,PAQUETA,2018,0.0,0.0,0.0,38,0.0,0.0,0.0
013,PAQUETA,2019,0.0,0.0,0.0,50,0.0,0.0,0.0
013,PAQUETA,2020,0.0,0.0,0.0,31,0.0,0.0,0.0
013,PAQUETA,2021,0.0,0.0,0.0,42,0.0,0.0,0.0
013,PAQUETA,2022,1.0,1.0,0.0,33,0.0,30.303030303030305,0.0
013,PAQUETA,2023,1.0,0.0,1.0,25,0.0,40.0,0.0
013,PAQUETA,2024,2.0,1.0,1.0,19,0.0,105.26315789473684,0.0
013,PAQUETA,2025,0.0,0.0,0.0,30,0.0,0.0,0.0
014,SANTA TERESA,2006,4.0,3.0,0.0,449,1.0,8.908685968819599,2.2271714922048997
014,SANTA TERESA,2007,9.0,5.0,2.0,455,2.0,19.78021978021978,4.395604395604396
014,SANTA TERESA,2008,7.0,2.0,0.0,456,5.0,15.350877192982455,10.964912280701753
014,SANTA TERESA,2009,11.0,5.0,0.0,460,6.0,23.91304347826087,13.043478260869565
014,SANTA TERESA,2010,3.0,2.0,0.0,487,1.0,6.160164271047228,2.053388090349076
014,SANTA TERESA,2011,3.0,1.0,1.0,472,1.0,6.355932203389831,2.1186440677966103
014,SANTA TERESA,2012,5.0,1.0,3.0,490,1.0,10.204081632653061,2.0408163265306123
014,SANTA TERESA,2013,8.0,0.0,2.0,473,6.0,16.913319238900634,12.684989429175475
014,SANTA TERESA,2014,4.0,2.0,0.0,471,2.0,8.492569002123142,4.246284501061571
014,SANTA TERESA,2015,10.0,8.0,0.0,523,2.0,19.120458891013385,3.8240917782026767
014,SANTA TERESA,2016,5.0,2.0,1.0,466,2.0,10.729613733905579,4.291845493562231
014,SANTA TERESA,2017,6.0,4.0,0.0,410,2.0,14.634146341463415,4.878048780487805
014,SANTA TERESA,2018,3.0,1.0,0.0,438,2.0,6.8493150684931505,4.5662100456621
014,SANTA TERESA,2019,6.0,3.0,1.0,399,2.0,15.037593984962406,5.012531328320802
014,SANTA TERESA,2020,6.0,4.0,1.0,388,1.0,15.463917525773196,2.577319587628866
014,SANTA TERESA,2021,5.0,1.0,3.0,367,1.0,13.623978201634877,2.7247956403269753
014,SANTA TERESA,2022,2.0,1.0,0.0,352,1.0,5.681818181818182,2.840909090909091
014,SANTA TERESA,2023,0.0,0.0,0.0,313,0.0,0.0,0.0
014,SANTA TERESA,2024,5.0,3.0,0.0,295,2.0,16.949152542372882,6.779661016949152
014,SANTA TERESA,2025,4.0,2.0,0.0,316,2.0,12.658227848101266,6.329113924050633
015,FLAMENGO,2006,1.0,1.0,0.0,405,0.0,2.4691358024691357,0.0
015,FLAMENGO,2007,2.0,1.0,1.0,436,0.0,4.587155963302752,0.0
015,FLAMENGO,2008,3.0,1.0,1.0,387,1.0,7.751937984496124,2.5839793281653747
015,FLAMENGO,2009,2.0,1.0,1.0,381,0.0,5.2493438320209975,0.0
015,FLAMENGO,2010,4.0,1.0,0.0,404,3.0,9.900990099009901,7.425742574257425
015,FLAMENGO,2011,5.0,2.0,3.0,402,0.0,12.437810945273633,0.0
015,FLAMENGO,2012,3.0,1.0,0.0,415,2.0,7.228915662650603,4.819277108433735
015,FLAMENGO,2013,6.0,2.0,3.0,433,1.0,13.856812933025404,2.3094688221709005
015,FLAMENGO,2014,3.0,2.0,1.0,416,0.0,7.211538461538462,0.0
015,FLAMENGO,2015,1.0,1.0,0.0,406,0.0,2.4630541871921183,0.0
015,FLAMENGO,2016,0.0,0.0,0.0,340,0.0,0.0,0.0
015,FLAMENGO,2017,1.0,0.0,0.0,349,1.0,2.865329512893983,2.865329512893983
015,FLAMENGO,2018,0.0,0.0,0.0,351,0.0,0.0,0.0
015,FLAMENGO,2019,1.0,0.0,0.0,366,1.0,2.73224043715847,2.73224043715847
015,FLAMENGO,2020,4.0,2.0,0.0,279,2.0,14.336917562724015,7.168458781362007
015,FLAMENGO,2021,0.0,0.0,0.0,263,0.0,0.0,0.0
015,FLAMENGO,2022,1.0,1.0,0.0,304,0.0,3.289473684210526,0.0
015,FLAMENGO,2023,0.0,0.0,0.0,268,0.0,0.0,0.0
015,FLAMENGO,2024,2.0,0.0,2.0,256,0.0,7.8125,0.0
015,FLAMENGO,2025,4.0,3.0,1.0,274,0.0,14.598540145985401,0.0
016,GLORIA,2006,1.0,0.0,0.0,158,1.0,6.329113924050633,6.329113924050633
016,GLORIA,2007,2.0,2.0,0.0,168,0.0,11.904761904761903,0.0
016,GLORIA,2008,0.0,0.0,0.0,143,0.0,0.0,0.0
016,GLORIA,2009,2.0,2.0,0.0,153,0.0,13.071895424836601,0.0
016,GLORIA,2010,0.0,0.0,0.0,152,0.0,0.0,0.0
016,GLORIA,2011,0.0,0.0,0.0,146,0.0,0.0,0.0
016,GLORIA,2012,0.0,0.0,0.0,140,0.0,0.0,0.0
016,GLORIA,2013,1.0,0.0,1.0,123,0.0,8.130081300813009,0.0
016,GLORIA,2014,1.0,1.0,0.0,174,0.0,5.747126436781609,0.0
016,GLORIA,2015,0.0,0.0,0.0,138,0.0,0.0,0.0
016,GLORIA,2016,0.0,0.0,0.0,106,0.0,0.0,0.0
016,GLORIA,2017,0.0,0.0,0.0,86,0.0,0.0,0.0
016,GLORIA,2018,2.0,1.0,1.0,64,0.0,31.25,0.0
016,GLORIA,2019,1.0,1.0,0.0,141,0.0,7.092198581560283,0.0
016,GLORIA,2020,0.0,0.0,0.0,78,0.0,0.0,0.0
016,GLORIA,2021,0.0,0.0,0.0,69,0.0,0.0,0.0
016,GLORIA,2022,0.0,0.0,0.0,44,0.0,0.0,0.0
016,GLORIA,2023,0.0,0.0,0.0,57,0.0,0.0,0.0
016,GLORIA,2024,1.0,1.0,0.0,43,0.0,23.25581395348837,0.0
016,GLORIA,2025,0.0,0.0,0.0,47,0.0,0.0,0.0
017,LARANJEIRAS,2006,3.0,1.0,1.0,428,1.0,7.009345794392523,2.336448598130841
017,LARANJEIRAS,2007,4.0,2.0,2.0,375,0.0,10.666666666666666,0.0
017,LARANJEIRAS,2008,2.0,1.0,1.0,414,0.0,4.830917874396135,0.0
017,LARANJEIRAS,2009,2.0,1.0,1.0,390,0.0,5.128205128205129,0.0
017,LARANJEIRAS,2010,0.0,0.0,0.0,383,0.0,0.0,0.0
017,LARANJEIRAS,2011,2.0,0.0,0.0,384,2.0,5.208333333333333,5.208333333333333
017,LARANJEIRAS,2012,5.0,3.0,1.0,357,1.0,14.005602240896359,2.8011204481792715
017,LARANJEIRAS,2013,1.0,1.0,0.0,411,0.0,2.4330900243309004,0.0
017,LARANJEIRAS,2014,1.0,1.0,0.0,406,0.0,2.4630541871921183,0.0
017,LARANJEIRAS,2015,4.0,2.0,1.0,440,1.0,9.09090909090909,2.2727272727272725
017,LARANJEIRAS,2016,1.0,0.0,1.0,358,0.0,2.793296089385475,0.0
017,LARANJEIRAS,2017,2.0,2.0,0.0,401,0.0,4.987531172069826,0.0
017,LARANJEIRAS,2018,1.0,0.0,0.0,388,1.0,2.577319587628866,2.577319587628866
017,LARANJEIRAS,2019,1.0,0.0,0.0,315,1.0,3.1746031746031744,3.1746031746031744
017,LARANJEIRAS,2020,2.0,1.0,0.0,273,1.0,7.326007326007326,3.663003663003663
017,LARANJEIRAS,2021,3.0,1.0,1.0,280,1.0,10.714285714285714,3.571428571428571
017,LARANJEIRAS,2022,2.0,1.0,0.0,285,1.0,7.017543859649123,3.5087719298245617
017,LARANJEIRAS,2023,6.0,1.0,0.0,257,5.0,23.346303501945524,19.45525291828794
017,LARANJEIRAS,2024,5.0,2.0,0.0,240,3.0,20.833333333333332,12.5
017,LARANJEIRAS,2025,1.0,0.0,0.0,206,1.0,4.854368932038835,4.854368932038835
018,CATETE,2006,4.0,2.0,0.0,214,2.0,18.69158878504673,9.345794392523365
018,CATETE,2007,1.0,0.0,1.0,190,0.0,5.263157894736842,0.0
018,CATETE,2008,1.0,0.0,1.0,186,0.0,5.376344086021506,0.0
018,CATETE,2009,1.0,1.0,0.0,193,0.0,5.181347150259067,0.0
018,CATETE,2010,0.0,0.0,0.0,227,0.0,0.0,0.0
018,CATETE,2011,4.0,2.0,1.0,229,1.0,17.46724890829694,4.366812227074235
018,CATETE,2012,3.0,1.0,1.0,212,1.0,14.150943396226415,4.716981132075471
018,CATETE,2013,1.0,0.0,0.0,189,1.0,5.291005291005291,5.291005291005291
018,CATETE,2014,1.0,0.0,0.0,220,1.0,4.545454545454545,4.545454545454545
018,CATETE,2015,4.0,1.0,2.0,217,1.0,18.433179723502302,4.608294930875576
018,CATETE,2016,1.0,0.0,1.0,172,0.0,5.813953488372093,0.0
018,CATETE,2017,0.0,0.0,0.0,251,0.0,0.0,0.0
018,CATETE,2018,4.0,1.0,0.0,225,3.0,17.77777777777778,13.333333333333334
018,CATETE,2019,3.0,1.0,1.0,184,1.0,16.304347826086957,5.434782608695652
018,CATETE,2020,1.0,0.0,1.0,175,0.0,5.714285714285714,0.0
018,CATETE,2021,1.0,0.0,1.0,160,0.0,6.25,0.0
018,CATETE,2022,1.0,1.0,0.0,174,0.0,5.747126436781609,0.0
018,CATETE,2023,1.0,0.0,1.0,169,0.0,5.9171597633136095,0.0
018,CATETE,2024,1.0,0.0,0.0,163,1.0,6.134969325153374,6.134969325153374
018,CATETE,2025,0.0,0.0,0.0,145,0.0,0.0,0.0
019,COSME VELHO,2006,1.0,1.0,0.0,96,0.0,10.416666666666666,0.0
019,COSME VELHO,2007,0.0,0.0,0.0,91,0.0,0.0,0.0
019,COSME VELHO,2008,0.0,0.0,0.0,87,0.0,0.0,0.0
019,COSME VELHO,2009,1.0,0.0,1.0,97,0.0,10.309278350515465,0.0
019,COSME VELHO,2010,3.0,3.0,0.0,127,0.0,23.62204724409449,0.0
019,COSME VELHO,2011,2.0,1.0,1.0,92,0.0,21.73913043478261,0.0
019,COSME VELHO,2012,1.0,0.0,0.0,106,1.0,9.433962264150942,9.433962264150942
019,COSME VELHO,2013,2.0,0.0,1.0,78,1.0,25.64102564102564,12.82051282051282
019,COSME VELHO,2014,0.0,0.0,0.0,103,0.0,0.0,0.0
019,COSME VELHO,2015,2.0,0.0,0.0,97,2.0,20.61855670103093,20.61855670103093
019,COSME VELHO,2016,2.0,1.0,0.0,93,1.0,21.505376344086024,10.752688172043012
019,COSME VELHO,2017,1.0,0.0,0.0,107,1.0,9.345794392523365,9.345794392523365
019,COSME VELHO,2018,2.0,2.0,0.0,84,0.0,23.809523809523807,0.0
019,COSME VELHO,2019,1.0,0.0,0.0,67,1.0,14.925373134328359,14.925373134328359
019,COSME VELHO,2020,1.0,0.0,1.0,92,0.0,10.869565217391305,0.0
019,COSME VELHO,2021,2.0,1.0,1.0,75,0.0,26.666666666666668,0.0
019,COSME VELHO,2022,0.0,0.0,0.0,65,0.0,0.0,0.0
019,COSME VELHO,2023,1.0,0.0,0.0,51,1.0,19.607843137254903,19.607843137254903
019,COSME VELHO,2024,3.0,1.0,1.0,49,1.0,61.224489795918366,20.408163265306122
019,COSME VELHO,2025,2.0,1.0,0.0,69,1.0,28.985507246376812,14.492753623188406
020,BOTAFOGO,2006,3.0,2.0,0.0,758,1.0,3.95778364116095,1.3192612137203166
020,BOTAFOGO,2007,5.0,2.0,1.0,769,2.0,6.501950585175552,2.6007802340702213
020,BOTAFOGO,2008,7.0,3.0,3.0,763,1.0,9.174311926605505,1.3106159895150722
020,BOTAFOGO,2009,3.0,2.0,0.0,797,1.0,3.764115432873275,1.2547051442910915
020,BOTAFOGO,2010,3.0,1.0,0.0,867,2.0,3.4602076124567476,2.306805074971165
020,BOTAFOGO,2011,5.0,2.0,2.0,838,1.0,5.966587112171838,1.1933174224343677
020,BOTAFOGO,2012,0.0,0.0,0.0,796,0.0,0.0,0.0
020,BOTAFOGO,2013,4.0,3.0,0.0,827,1.0,4.836759371221281,1.2091898428053203
020,BOTAFOGO,2014,6.0,3.0,2.0,839,1.0,7.151370679380214,1.1918951132300357
020,BOTAFOGO,2015,5.0,4.0,0.0,878,1.0,5.694760820045558,1.1389521640091116
020,BOTAFOGO,2016,7.0,3.0,1.0,775,3.0,9.03225806451613,3.870967741935484
020,BOTAFOGO,2017,3.0,1.0,0.0,754,2.0,3.9787798408488064,2.6525198938992043
020,BOTAFOGO,2018,6.0,1.0,2.0,713,3.0,8.415147265077138,4.207573632538569
020,BOTAFOGO,2019,1.0,1.0,0.0,663,0.0,1.5082956259426847,0.0
020,BOTAFOGO,2020,7.0,4.0,2.0,584,1.0,11.986301369863012,1.7123287671232876
020,BOTAFOGO,2021,5.0,3.0,1.0,571,1.0,8.756567425569177,1.7513134851138354
020,BOTAFOGO,2022,4.0,2.0,1.0,573,1.0,6.980802792321117,1.7452006980802792
020,BOTAFOGO,2023,3.0,1.0,1.0,534,1.0,5.617977528089887,1.8726591760299625
020,BOTAFOGO,2024,6.0,4.0,0.0,542,2.0,11.07011070110701,3.6900369003690034
020,BOTAFOGO,2025,2.0,0.0,0.0,534,2.0,3.745318352059925,3.745318352059925
021,HUMAITA,2006,0.0,0.0,0.0,106,0.0,0.0,0.0
021,HUMAITA,2007,2.0,0.0,1.0,141,1.0,14.184397163120567,7.092198581560283
021,HUMAITA,2008,0.0,0.0,0.0,116,0.0,0.0,0.0
021,HUMAITA,2009,1.0,1.0,0.0,120,0.0,8.333333333333334,0.0
021,HUMAITA,2010,1.0,1.0,0.0,155,0.0,6.451612903225806,0.0
021,HUMAITA,2011,3.0,2.0,0.0,153,1.0,19.607843137254903,6.5359477124183005
021,HUMAITA,2012,0.0,0.0,0.0,130,0.0,0.0,0.0
021,HUMAITA,2013,0.0,0.0,0.0,132,0.0,0.0,0.0
021,HUMAITA,2014,0.0,0.0,0.0,117,0.0,0.0,0.0
021,HUMAITA,2015,0.0,0.0,0.0,151,0.0,0.0,0.0
021,HUMAITA,2016,1.0,1.0,0.0,146,0.0,6.8493150684931505,0.0
021,HUMAITA,2017,0.0,0.0,0.0,115,0.0,0.0,0.0
021,HUMAITA,2018,1.0,0.0,1.0,116,0.0,8.620689655172413,0.0
021,HUMAITA,2019,1.0,0.0,1.0,127,0.0,7.874015748031496,0.0
021,HUMAITA,2020,0.0,0.0,0.0,96,0.0,0.0,0.0
021,HUMAITA,2021,0.0,0.0,0.0,84,0.0,0.0,0.0
021,HUMAITA,2022,2.0,0.0,0.0,87,2.0,22.988505747126435,22.988505747126435
021,HUMAITA,2023,1.0,1.0,0.0,73,0.0,13.698630136986301,0.0
021,HUMAITA,2024,0.0,0.0,0.0,78,0.0,0.0,0.0
021,HUMAITA,2025,1.0,0.0,0.0,69,1.0,14.492753623188406,14.492753623188406
022,URCA,2006,1.0,1.0,0.0,73,0.0,13.698630136986301,0.0
022,URCA,2007,0.0,0.0,0.0,63,0.0,0.0,0.0
022,URCA,2008,1.0,1.0,0.0,49,0.0,20.408163265306122,0.0
022,URCA,2009,0.0,0.0,0.0,44,0.0,0.0,0.0
022,URCA,2010,0.0,0.0,0.0,78,0.0,0.0,0.0
022,URCA,2011,1.0,0.0,0.0,60,1.0,16.666666666666668,16.666666666666668
022,URCA,2012,0.0,0.0,0.0,41,0.0,0.0,0.0
022,URCA,2013,1.0,1.0,0.0,52,0.0,19.230769230769234,0.0
022,URCA,2014,0.0,0.0,0.0,46,0.0,0.0,0.0
022,URCA,2015,1.0,0.0,1.0,61,0.0,16.393442622950822,0.0
022,URCA,2016,0.0,0.0,0.0,43,0.0,0.0,0.0
022,URCA,2017,0.0,0.0,0.0,57,0.0,0.0,0.0
022,URCA,2018,0.0,0.0,0.0,68,0.0,0.0,0.0
022,URCA,2019,0.0,0.0,0.0,43,0.0,0.0,0.0
022,URCA,2020,1.0,0.0,1.0,58,0.0,17.241379310344826,0.0
022,URCA,2021,0.0,0.0,0.0,47,0.0,0.0,0.0
022,URCA,2022,2.0,2.0,0.0,53,0.0,37.73584905660377,0.0
022,URCA,2023,1.0,0.0,1.0,42,0.0,23.809523809523807,0.0
022,URCA,2024,0.0,0.0,0.0,50,0.0,0.0,0.0
022,URCA,2025,0.0,0.0,0.0,57,0.0,0.0,0.0
023,LEME,2006,2.0,2.0,0.0,143,0.0,13.986013986013987,0.0
023,LEME,2007,4.0,0.0,1.0,128,3.0,31.25,23.4375
023,LEME,2008,0.0,0.0,0.0,119,0.0,0.0,0.0
023,LEME,2009,0.0,0.0,0.0,111,0.0,0.0,0.0
023,LEME,2010,2.0,2.0,0.0,140,0.0,14.285714285714285,0.0
023,LEME,2011,3.0,2.0,0.0,120,1.0,25.0,8.333333333333334
023,LEME,2012,1.0,1.0,0.0,115,0.0,8.695652173913043,0.0
023,LEME,2013,2.0,2.0,0.0,131,0.0,15.267175572519083,0.0
023,LEME,2014,2.0,1.0,0.0,134,1.0,14.925373134328359,7.462686567164179
023,LEME,2015,2.0,2.0,0.0,131,0.0,15.267175572519083,0.0
023,LEME,2016,3.0,2.0,1.0,132,0.0,22.727272727272727,0.0
023,LEME,2017,0.0,0.0,0.0,132,0.0,0.0,0.0
023,LEME,2018,0.0,0.0,0.0,119,0.0,0.0,0.0
023,LEME,2019,1.0,0.0,1.0,120,0.0,8.333333333333334,0.0
023,LEME,2020,1.0,0.0,0.0,118,1.0,8.474576271186441,8.474576271186441
023,LEME,2021,2.0,1.0,0.0,95,1.0,21.052631578947366,10.526315789473683
023,LEME,2022,1.0,0.0,1.0,104,0.0,9.615384615384617,0.0
023,LEME,2023,1.0,0.0,1.0,90,0.0,11.11111111111111,0.0
023,LEME,2024,1.0,1.0,0.0,89,0.0,11.235955056179774,0.0
023,LEME,2025,1.0,1.0,0.0,94,0.0,10.638297872340425,0.0
024,COPACABANA,2006,9.0,7.0,0.0,1167,2.0,7.712082262210797,1.7137960582690661
024,COPACABANA,2007,7.0,3.0,0.0,1143,4.0,6.124234470691163,3.499562554680665
024,COPACABANA,2008,13.0,3.0,4.0,1193,6.0,10.896898575020955,5.029337803855825
024,COPACABANA,2009,15.0,8.0,2.0,1164,5.0,12.886597938144329,4.295532646048111
024,COPACABANA,2010,15.0,8.0,2.0,1230,5.0,12.195121951219512,4.065040650406504
024,COPACABANA,2011,7.0,2.0,3.0,1205,2.0,5.809128630705394,1.6597510373443982
024,COPACABANA,2012,6.0,1.0,2.0,1188,3.0,5.050505050505051,2.5252525252525255
024,COPACABANA,2013,8.0,2.0,3.0,1132,3.0,7.067137809187279,2.65017667844523
024,COPACABANA,2014,9.0,4.0,4.0,1212,1.0,7.425742574257425,0.8250825082508251
024,COPACABANA,2015,12.0,7.0,1.0,1158,4.0,10.362694300518134,3.454231433506045
024,COPACABANA,2016,7.0,3.0,1.0,1038,3.0,6.74373795761079,2.890173410404624
024,COPACABANA,2017,11.0,5.0,3.0,1095,3.0,10.045662100456621,2.73972602739726
024,COPACABANA,2018,11.0,4.0,2.0,1035,5.0,10.628019323671499,4.830917874396135
024,COPACABANA,2019,9.0,3.0,1.0,1059,5.0,8.4985835694051,4.721435316336166
024,COPACABANA,2020,7.0,2.0,2.0,872,3.0,8.027522935779817,3.4403669724770642
024,COPACABANA,2021,6.0,2.0,2.0,865,2.0,6.936416184971098,2.3121387283236996
024,COPACABANA,2022,8.0,5.0,1.0,874,2.0,9.153318077803204,2.288329519450801
024,COPACABANA,2023,6.0,2.0,1.0,866,3.0,6.928406466512702,3.464203233256351
024,COPACABANA,2024,6.0,1.0,0.0,709,5.0,8.462623413258111,7.052186177715092
024,COPACABANA,2025,7.0,3.0,2.0,772,2.0,9.067357512953366,2.5906735751295336
025,IPANEMA,2006,1.0,1.0,0.0,312,0.0,3.205128205128205,0.0
025,IPANEMA,2007,1.0,1.0,0.0,300,0.0,3.3333333333333335,0.0
025,IPANEMA,2008,3.0,0.0,0.0,319,3.0,9.404388714733543,9.404388714733543
025,IPANEMA,2009,3.0,2.0,0.0,354,1.0,8.474576271186441,2.824858757062147
025,IPANEMA,2010,4.0,1.0,1.0,347,2.0,11.527377521613833,5.763688760806916
025,IPANEMA,2011,3.0,2.0,0.0,333,1.0,9.00900900900901,3.003003003003003
025,IPANEMA,2012,0.0,0.0,0.0,320,0.0,0.0,0.0
025,IPANEMA,2013,3.0,1.0,1.0,340,1.0,8.823529411764707,2.941176470588235
025,IPANEMA,2014,2.0,1.0,0.0,379,1.0,5.277044854881266,2.638522427440633
025,IPANEMA,2015,3.0,2.0,0.0,335,1.0,8.955223880597016,2.985074626865672
025,IPANEMA,2016,3.0,3.0,0.0,259,0.0,11.583011583011583,0.0
025,IPANEMA,2017,2.0,1.0,1.0,292,0.0,6.8493150684931505,0.0
025,IPANEMA,2018,3.0,2.0,0.0,313,1.0,9.584664536741213,3.1948881789137378
025,IPANEMA,2019,2.0,1.0,1.0,275,0.0,7.2727272727272725,0.0
025,IPANEMA,2020,1.0,0.0,0.0,254,1.0,3.937007874015748,3.937007874015748
025,IPANEMA,2021,0.0,0.0,0.0,291,0.0,0.0,0.0
025,IPANEMA,2022,2.0,1.0,0.0,252,1.0,7.936507936507936,3.968253968253968
025,IPANEMA,2023,1.0,0.0,0.0,260,1.0,3.8461538461538463,3.8461538461538463
025,IPANEMA,2024,0.0,0.0,0.0,257,0.0,0.0,0.0
025,IPANEMA,2025,6.0,5.0,1.0,247,0.0,24.291497975708502,0.0
026,LEBLON,2006,2.0,1.0,0.0,368,1.0,5.434782608695652,2.717391304347826
026,LEBLON,2007,3.0,1.0,1.0,358,1.0,8.379888268156424,2.793296089385475
026,LEBLON,2008,4.0,2.0,1.0,377,1.0,10.610079575596817,2.6525198938992043
026,LEBLON,2009,1.0,0.0,0.0,355,1.0,2.8169014084507045,2.8169014084507045
026,LEBLON,2010,3.0,2.0,0.0,412,1.0,7.281553398058253,2.4271844660194173
026,LEBLON,2011,2.0,0.0,0.0,382,2.0,5.235602094240838,5.235602094240838
026,LEBLON,2012,0.0,0.0,0.0,387,0.0,0.0,0.0
026,LEBLON,2013,3.0,2.0,0.0,402,1.0,7.462686567164179,2.487562189054726
026,LEBLON,2014,3.0,3.0,0.0,406,0.0,7.389162561576354,0.0
026,LEBLON,2015,4.0,3.0,1.0,408,0.0,9.803921568627452,0.0
026,LEBLON,2016,2.0,1.0,1.0,339,0.0,5.899705014749262,0.0
026,LEBLON,2017,2.0,0.0,1.0,353,1.0,5.6657223796034,2.8328611898017
026,LEBLON,2018,0.0,0.0,0.0,345,0.0,0.0,0.0
026,LEBLON,2019,2.0,1.0,0.0,315,1.0,6.349206349206349,3.1746031746031744
026,LEBLON,2020,3.0,2.0,1.0,287,0.0,10.452961672473869,0.0
026,LEBLON,2021,4.0,2.0,1.0,267,1.0,14.9812734082397,3.745318352059925
026,LEBLON,2022,0.0,0.0,0.0,291,0.0,0.0,0.0
026,LEBLON,2023,4.0,1.0,2.0,259,1.0,15.444015444015445,3.8610038610038613
026,LEBLON,2024,6.0,2.0,1.0,247,3.0,24.291497975708502,12.145748987854251
026,LEBLON,2025,2.0,0.0,0.0,275,2.0,7.2727272727272725,7.2727272727272725
027,LAGOA,2006,2.0,2.0,0.0,196,0.0,10.204081632653061,0.0
027,LAGOA,2007,2.0,2.0,0.0,151,0.0,13.245033112582782,0.0
027,LAGOA,2008,1.0,0.0,1.0,188,0.0,5.319148936170213,0.0
027,LAGOA,2009,1.0,1.0,0.0,196,0.0,5.1020408163265305,0.0
027,LAGOA,2010,0.0,0.0,0.0,185,0.0,0.0,0.0
027,LAGOA,2011,0.0,0.0,0.0,209,0.0,0.0,0.0
027,LAGOA,2012,1.0,1.0,0.0,185,0.0,5.405405405405405,0.0
027,LAGOA,2013,0.0,0.0,0.0,189,0.0,0.0,0.0
027,LAGOA,2014,0.0,0.0,0.0,184,0.0,0.0,0.0
027,LAGOA,2015,1.0,0.0,0.0,191,1.0,5.235602094240838,5.235602094240838
027,LAGOA,2016,1.0,1.0,0.0,121,0.0,8.264462809917356,0.0
027,LAGOA,2017,2.0,1.0,0.0,193,1.0,10.362694300518134,5.181347150259067
027,LAGOA,2018,1.0,0.0,1.0,150,0.0,6.666666666666667,0.0
027,LAGOA,2019,1.0,1.0,0.0,146,0.0,6.8493150684931505,0.0
027,LAGOA,2020,1.0,1.0,0.0,148,0.0,6.756756756756757,0.0
027,LAGOA,2021,0.0,0.0,0.0,128,0.0,0.0,0.0
027,LAGOA,2022,1.0,0.0,0.0,138,1.0,7.246376811594203,7.246376811594203
027,LAGOA,2023,3.0,0.0,0.0,117,3.0,25.64102564102564,25.64102564102564
027,LAGOA,2024,2.0,0.0,1.0,128,1.0,15.625,7.8125
027,LAGOA,2025,3.0,1.0,0.0,123,2.0,24.390243902439025,16.260162601626018
028,JARDIM BOTANICO,2006,1.0,1.0,0.0,186,0.0,5.376344086021506,0.0
028,JARDIM BOTANICO,2007,0.0,0.0,0.0,181,0.0,0.0,0.0
028,JARDIM BOTANICO,2008,0.0,0.0,0.0,205,0.0,0.0,0.0
028,JARDIM BOTANICO,2009,0.0,0.0,0.0,181,0.0,0.0,0.0
028,JARDIM BOTANICO,2010,2.0,0.0,0.0,285,2.0,7.017543859649123,7.017543859649123
028,JARDIM BOTANICO,2011,1.0,1.0,0.0,225,0.0,4.444444444444445,0.0
028,JARDIM BOTANICO,2012,0.0,0.0,0.0,217,0.0,0.0,0.0
028,JARDIM BOTANICO,2013,1.0,1.0,0.0,208,0.0,4.807692307692308,0.0
028,JARDIM BOTANICO,2014,3.0,2.0,0.0,190,1.0,15.789473684210527,5.263157894736842
028,JARDIM BOTANICO,2015,1.0,0.0,0.0,191,1.0,5.235602094240838,5.235602094240838
028,JARDIM BOTANICO,2016,0.0,0.0,0.0,154,0.0,0.0,0.0
028,JARDIM BOTANICO,2017,1.0,0.0,1.0,184,0.0,5.434782608695652,0.0
028,JARDIM BOTANICO,2018,0.0,0.0,0.0,171,0.0,0.0,0.0
028,JARDIM BOTANICO,2019,0.0,0.0,0.0,140,0.0,0.0,0.0
028,JARDIM BOTANICO,2020,2.0,2.0,0.0,122,0.0,16.393442622950822,0.0
028,JARDIM BOTANICO,2021,1.0,0.0,1.0,112,0.0,8.928571428571429,0.0
028,JARDIM BOTANICO,2022,0.0,0.0,0.0,118,0.0,0.0,0.0
028,JARDIM BOTANICO,2023,0.0,0.0,0.0,110,0.0,0.0,0.0
028,JARDIM BOTANICO,2024,0.0,0.0,0.0,102,0.0,0.0,0.0
028,JARDIM BOTANICO,2025,0.0,0.0,0.0,86,0.0,0.0,0.0
029,GAVEA,2006,2.0,0.0,1.0,258,1.0,7.751937984496124,3.875968992248062
029,GAVEA,2007,4.0,1.0,2.0,252,1.0,15.873015873015872,3.968253968253968
029,GAVEA,2008,2.0,0.0,2.0,257,0.0,7.782101167315175,0.0
029,GAVEA,2009,0.0,0.0,0.0,277,0.0,0.0,0.0
029,GAVEA,2010,3.0,2.0,0.0,282,1.0,10.638297872340425,3.5460992907801416
029,GAVEA,2011,1.0,0.0,1.0,243,0.0,4.11522633744856,0.0
029,GAVEA,2012,0.0,0.0,0.0,228,0.0,0.0,0.0
029,GAVEA,2013,2.0,0.0,1.0,251,1.0,7.968127490039841,3.9840637450199203
029,GAVEA,2014,0.0,0.0,0.0,265,0.0,0.0,0.0
029,GAVEA,2015,2.0,0.0,1.0,283,1.0,7.067137809187279,3.5335689045936394
029,GAVEA,2016,2.0,1.0,0.0,265,1.0,7.547169811320755,3.7735849056603774
029,GAVEA,2017,4.0,3.0,1.0,145,0.0,27.586206896551722,0.0
029,GAVEA,2018,1.0,0.0,1.0,229,0.0,4.366812227074235,0.0
029,GAVEA,2019,2.0,0.0,1.0,187,1.0,10.695187165775401,5.347593582887701
029,GAVEA,2020,2.0,1.0,0.0,147,1.0,13.605442176870747,6.802721088435374
029,GAVEA,2021,0.0,0.0,0.0,171,0.0,0.0,0.0
029,GAVEA,2022,0.0,0.0,0.0,167,0.0,0.0,0.0
029,GAVEA,2023,1.0,0.0,0.0,165,1.0,6.0606060606060606,6.0606060606060606
029,GAVEA,2024,1.0,1.0,0.0,114,0.0,8.771929824561402,0.0
029,GAVEA,2025,2.0,1.0,0.0,139,1.0,14.388489208633095,7.194244604316547
030,VIDIGAL,2006,3.0,2.0,0.0,207,1.0,14.492753623188406,4.830917874396135
030,VIDIGAL,2007,3.0,2.0,0.0,242,1.0,12.396694214876034,4.132231404958678
030,VIDIGAL,2008,2.0,1.0,1.0,224,0.0,8.928571428571429,0.0
030,VIDIGAL,2009,2.0,0.0,2.0,225,0.0,8.88888888888889,0.0
030,VIDIGAL,2010,2.0,0.0,0.0,255,2.0,7.8431372549019605,7.8431372549019605
030,VIDIGAL,2011,2.0,1.0,1.0,224,0.0,8.928571428571429,0.0
030,VIDIGAL,2012,4.0,3.0,0.0,234,1.0,17.094017094017097,4.273504273504274
030,VIDIGAL,2013,2.0,1.0,0.0,259,1.0,7.722007722007723,3.8610038610038613
030,VIDIGAL,2014,6.0,2.0,2.0,261,2.0,22.988505747126435,7.662835249042145
030,VIDIGAL,2015,3.0,2.0,0.0,242,1.0,12.396694214876034,4.132231404958678
030,VIDIGAL,2016,2.0,2.0,0.0,207,0.0,9.66183574879227,0.0
030,VIDIGAL,2017,3.0,1.0,0.0,211,2.0,14.218009478672984,9.47867298578199
030,VIDIGAL,2018,5.0,1.0,1.0,236,3.0,21.1864406779661,12.711864406779663
030,VIDIGAL,2019,3.0,0.0,0.0,202,3.0,14.85148514851485,14.85148514851485
030,VIDIGAL,2020,3.0,1.0,0.0,174,2.0,17.241379310344826,11.494252873563218
030,VIDIGAL,2021,2.0,1.0,0.0,169,1.0,11.834319526627219,5.9171597633136095
030,VIDIGAL,2022,2.0,1.0,0.0,162,1.0,12.345679012345679,6.172839506172839
030,VIDIGAL,2023,3.0,0.0,3.0,191,0.0,15.706806282722512,0.0
030,VIDIGAL,2024,6.0,2.0,2.0,149,2.0,40.26845637583892,13.422818791946309
030,VIDIGAL,2025,2.0,1.0,0.0,145,1.0,13.793103448275861,6.896551724137931
031,SAO CONRADO,2006,3.0,3.0,0.0,114,0.0,26.31578947368421,0.0
031,SAO CONRADO,2007,1.0,1.0,0.0,100,0.0,10.0,0.0
031,SAO CONRADO,2008,2.0,0.0,1.0,96,1.0,20.833333333333332,10.416666666666666
031,SAO CONRADO,2009,0.0,0.0,0.0,111,0.0,0.0,0.0
031,SAO CONRADO,2010,1.0,1.0,0.0,138,0.0,7.246376811594203,0.0
031,SAO CONRADO,2011,1.0,0.0,0.0,107,1.0,9.345794392523365,9.345794392523365
031,SAO CONRADO,2012,2.0,0.0,2.0,114,0.0,17.543859649122805,0.0
031,SAO CONRADO,2013,0.0,0.0,0.0,127,0.0,0.0,0.0
031,SAO CONRADO,2014,0.0,0.0,0.0,98,0.0,0.0,0.0
031,SAO CONRADO,2015,0.0,0.0,0.0,98,0.0,0.0,0.0
031,SAO CONRADO,2016,0.0,0.0,0.0,79,0.0,0.0,0.0
031,SAO CONRADO,2017,0.0,0.0,0.0,79,0.0,0.0,0.0
031,SAO CONRADO,2018,0.0,0.0,0.0,98,0.0,0.0,0.0
031,SAO CONRADO,2019,6.0,3.0,2.0,110,1.0,54.54545454545454,9.09090909090909
031,SAO CONRADO,2020,0.0,0.0,0.0,78,0.0,0.0,0.0
031,SAO CONRADO,2021,1.0,0.0,1.0,76,0.0,13.157894736842104,0.0
031,SAO CONRADO,2022,0.0,0.0,0.0,84,0.0,0.0,0.0
031,SAO CONRADO,2023,0.0,0.0,0.0,56,0.0,0.0,0.0
031,SAO CONRADO,2024,2.0,2.0,0.0,71,0.0,28.169014084507044,0.0
031,SAO CONRADO,2025,0.0,0.0,0.0,85,0.0,0.0,0.0
032,PRACA DA BANDEIRA,2006,1.0,1.0,0.0,88,0.0,11.363636363636363,0.0
032,PRACA DA BANDEIRA,2007,1.0,0.0,0.0,107,1.0,9.345794392523365,9.345794392523365
032,PRACA DA BANDEIRA,2008,0.0,0.0,0.0,90,0.0,0.0,0.0
032,PRACA DA BANDEIRA,2009,0.0,0.0,0.0,98,0.0,0.0,0.0
032,PRACA DA BANDEIRA,2010,2.0,2.0,0.0,137,0.0,14.598540145985401,0.0
032,PRACA DA BANDEIRA,2011,1.0,1.0,0.0,95,0.0,10.526315789473683,0.0
032,PRACA DA BANDEIRA,2012,1.0,1.0,0.0,84,0.0,11.904761904761903,0.0
032,PRACA DA BANDEIRA,2013,1.0,0.0,0.0,132,1.0,7.575757575757576,7.575757575757576
032,PRACA DA BANDEIRA,2014,1.0,1.0,0.0,98,0.0,10.204081632653061,0.0
032,PRACA DA BANDEIRA,2015,2.0,1.0,0.0,87,1.0,22.988505747126435,11.494252873563218
032,PRACA DA BANDEIRA,2016,1.0,1.0,0.0,117,0.0,8.547008547008549,0.0
032,PRACA DA BANDEIRA,2017,2.0,1.0,0.0,93,1.0,21.505376344086024,10.752688172043012
032,PRACA DA BANDEIRA,2018,0.0,0.0,0.0,68,0.0,0.0,0.0
032,PRACA DA BANDEIRA,2019,0.0,0.0,0.0,97,0.0,0.0,0.0
032,PRACA DA BANDEIRA,2020,0.0,0.0,0.0,74,0.0,0.0,0.0
032,PRACA DA BANDEIRA,2021,1.0,0.0,1.0,70,0.0,14.285714285714285,0.0
032,PRACA DA BANDEIRA,2022,1.0,0.0,1.0,60,0.0,16.666666666666668,0.0
032,PRACA DA BANDEIRA,2023,2.0,2.0,0.0,62,0.0,32.25806451612903,0.0
032,PRACA DA BANDEIRA,2024,2.0,1.0,1.0,51,0.0,39.21568627450981,0.0
032,PRACA DA BANDEIRA,2025,0.0,0.0,0.0,57,0.0,0.0,0.0
033,TIJUCA,2006,14.0,9.0,1.0,1626,4.0,8.610086100861007,2.4600246002460024
033,TIJUCA,2007,18.0,9.0,3.0,1618,6.0,11.124845488257108,3.708281829419036
033,TIJUCA,2008,22.0,5.0,8.0,1664,9.0,13.221153846153847,5.408653846153846
033,TIJUCA,2009,20.0,10.0,4.0,1593,6.0,12.554927809165097,3.766478342749529
033,TIJUCA,2010,15.0,5.0,3.0,1594,7.0,9.410288582183187,4.391468005018821
033,TIJUCA,2011,14.0,5.0,1.0,1650,8.0,8.484848484848486,4.848484848484849
033,TIJUCA,2012,8.0,3.0,3.0,1678,2.0,4.767580452920143,1.1918951132300357
033,TIJUCA,2013,12.0,9.0,0.0,1578,3.0,7.604562737642586,1.9011406844106464
033,TIJUCA,2014,10.0,4.0,1.0,1661,5.0,6.020469596628537,3.0102347983142685
033,TIJUCA,2015,9.0,4.0,4.0,1601,1.0,5.621486570893191,0.6246096189881324
033,TIJUCA,2016,13.0,4.0,4.0,1531,5.0,8.491182233834095,3.2658393207054215
033,TIJUCA,2017,14.0,8.0,4.0,1345,2.0,10.408921933085502,1.486988847583643
033,TIJUCA,2018,14.0,4.0,5.0,1384,5.0,10.115606936416185,3.61271676300578
033,TIJUCA,2019,8.0,6.0,1.0,1311,1.0,6.102212051868802,0.7627765064836003
033,TIJUCA,2020,11.0,3.0,4.0,1118,4.0,9.838998211091235,3.5778175313059033
033,TIJUCA,2021,11.0,3.0,4.0,998,4.0,11.022044088176353,4.008016032064128
033,TIJUCA,2022,9.0,6.0,3.0,1027,0.0,8.763388510223955,0.0
033,TIJUCA,2023,7.0,3.0,2.0,1042,2.0,6.717850287907869,1.9193857965451055
033,TIJUCA,2024,12.0,1.0,9.0,910,2.0,13.186813186813186,2.197802197802198
033,TIJUCA,2025,8.0,3.0,3.0,941,2.0,8.501594048884165,2.1253985122210413
034,ALTO DA BOA VISTA,2006,1.0,1.0,0.0,115,0.0,8.695652173913043,0.0
034,ALTO DA BOA VISTA,2007,2.0,1.0,1.0,121,0.0,16.528925619834713,0.0
034,ALTO DA BOA VISTA,2008,0.0,0.0,0.0,117,0.0,0.0,0.0
034,ALTO DA BOA VISTA,2009,1.0,1.0,0.0,112,0.0,8.928571428571429,0.0
034,ALTO DA BOA VISTA,2010,1.0,0.0,0.0,132,1.0,7.575757575757576,7.575757575757576
034,ALTO DA BOA VISTA,2011,1.0,0.0,1.0,122,0.0,8.196721311475411,0.0
034,ALTO DA BOA VISTA,2012,1.0,0.0,0.0,108,1.0,9.25925925925926,9.25925925925926
034,ALTO DA BOA VISTA,2013,1.0,1.0,0.0,118,0.0,8.474576271186441,0.0
034,ALTO DA BOA VISTA,2014,1.0,0.0,0.0,147,1.0,6.802721088435374,6.802721088435374
034,ALTO DA BOA VISTA,2015,3.0,0.0,0.0,131,3.0,22.900763358778626,22.900763358778626
034,ALTO DA BOA VISTA,2016,2.0,1.0,0.0,148,1.0,13.513513513513514,6.756756756756757
034,ALTO DA BOA VISTA,2017,2.0,2.0,0.0,109,0.0,18.34862385321101,0.0
034,ALTO DA BOA VISTA,2018,1.0,1.0,0.0,100,0.0,10.0,0.0
034,ALTO DA BOA VISTA,2019,2.0,0.0,1.0,104,1.0,19.230769230769234,9.615384615384617
034,ALTO DA BOA VISTA,2020,1.0,0.0,1.0,92,0.0,10.869565217391305,0.0
034,ALTO DA BOA VISTA,2021,0.0,0.0,0.0,102,0.0,0.0,0.0
034,ALTO DA BOA VISTA,2022,0.0,0.0,0.0,70,0.0,0.0,0.0
034,ALTO DA BOA VISTA,2023,2.0,0.0,1.0,99,1.0,20.202020202020204,10.101010101010102
034,ALTO DA BOA VISTA,2024,0.0,0.0,0.0,55,0.0,0.0,0.0
034,ALTO DA BOA VISTA,2025,2.0,1.0,0.0,67,1.0,29.850746268656717,14.925373134328359
035,MARACANA,2006,2.0,2.0,0.0,202,0.0,9.900990099009901,0.0
035,MARACANA,2007,3.0,2.0,0.0,208,1.0,14.423076923076923,4.807692307692308
035,MARACANA,2008,1.0,1.0,0.0,206,0.0,4.854368932038835,0.0
035,MARACANA,2009,1.0,1.0,0.0,221,0.0,4.524886877828055,0.0
035,MARACANA,2010,2.0,1.0,1.0,224,0.0,8.928571428571429,0.0
035,MARACANA,2011,2.0,1.0,0.0,226,1.0,8.849557522123893,4.424778761061947
035,MARACANA,2012,0.0,0.0,0.0,189,0.0,0.0,0.0
035,MARACANA,2013,1.0,0.0,1.0,191,0.0,5.235602094240838,0.0
035,MARACANA,2014,0.0,0.0,0.0,205,0.0,0.0,0.0
035,MARACANA,2015,0.0,0.0,0.0,229,0.0,0.0,0.0
035,MARACANA,2016,0.0,0.0,0.0,177,0.0,0.0,0.0
035,MARACANA,2017,2.0,1.0,1.0,204,0.0,9.803921568627452,0.0
035,MARACANA,2018,3.0,2.0,0.0,231,1.0,12.987012987012989,4.329004329004329
035,MARACANA,2019,0.0,0.0,0.0,188,0.0,0.0,0.0
035,MARACANA,2020,0.0,0.0,0.0,173,0.0,0.0,0.0
035,MARACANA,2021,1.0,0.0,0.0,154,1.0,6.493506493506494,6.493506493506494
035,MARACANA,2022,4.0,1.0,0.0,161,3.0,24.844720496894407,18.633540372670808
035,MARACANA,2023,1.0,1.0,0.0,143,0.0,6.993006993006993,0.0
035,MARACANA,2024,1.0,0.0,0.0,135,1.0,7.407407407407407,7.407407407407407
035,MARACANA,2025,0.0,0.0,0.0,131,0.0,0.0,0.0
036,VILA ISABEL,2006,9.0,5.0,2.0,782,2.0,11.508951406649617,2.557544757033248
036,VILA ISABEL,2007,14.0,6.0,6.0,757,2.0,18.49405548216645,2.642007926023778
036,VILA ISABEL,2008,11.0,4.0,2.0,776,5.0,14.175257731958762,6.443298969072164
036,VILA ISABEL,2009,14.0,5.0,2.0,783,7.0,17.879948914431672,8.939974457215836
036,VILA ISABEL,2010,9.0,5.0,3.0,792,1.0,11.363636363636363,1.2626262626262628
036,VILA ISABEL,2011,10.0,7.0,1.0,733,2.0,13.642564802182811,2.728512960436562
036,VILA ISABEL,2012,13.0,6.0,1.0,734,6.0,17.71117166212534,8.174386920980925
036,VILA ISABEL,2013,9.0,7.0,1.0,747,1.0,12.048192771084338,1.3386880856760375
036,VILA ISABEL,2014,5.0,3.0,0.0,760,2.0,6.578947368421052,2.631578947368421
036,VILA ISABEL,2015,8.0,4.0,2.0,789,2.0,10.139416983523446,2.5348542458808616
036,VILA ISABEL,2016,6.0,3.0,3.0,672,0.0,8.928571428571429,0.0
036,VILA ISABEL,2017,5.0,4.0,1.0,669,0.0,7.473841554559043,0.0
036,VILA ISABEL,2018,9.0,5.0,2.0,665,2.0,13.533834586466165,3.0075187969924815
036,VILA ISABEL,2019,7.0,3.0,2.0,559,2.0,12.522361359570663,3.5778175313059033
036,VILA ISABEL,2020,5.0,1.0,1.0,597,3.0,8.375209380234505,5.025125628140704
036,VILA ISABEL,2021,7.0,2.0,4.0,533,1.0,13.133208255159476,1.876172607879925
036,VILA ISABEL,2022,5.0,1.0,1.0,479,3.0,10.438413361169102,6.263048016701462
036,VILA ISABEL,2023,4.0,3.0,1.0,460,0.0,8.695652173913043,0.0
036,VILA ISABEL,2024,6.0,3.0,1.0,419,2.0,14.319809069212411,4.773269689737471
036,VILA ISABEL,2025,5.0,2.0,3.0,443,0.0,11.286681715575622,0.0
037,ANDARAI,2006,4.0,2.0,1.0,334,1.0,11.976047904191617,2.9940119760479043
037,ANDARAI,2007,4.0,2.0,0.0,345,2.0,11.594202898550725,5.797101449275362
037,ANDARAI,2008,6.0,2.0,1.0,344,3.0,17.441860465116278,8.720930232558139
037,ANDARAI,2009,4.0,2.0,1.0,344,1.0,11.627906976744185,2.9069767441860463
037,ANDARAI,2010,0.0,0.0,0.0,355,0.0,0.0,0.0
037,ANDARAI,2011,2.0,1.0,0.0,310,1.0,6.451612903225806,3.225806451612903
037,ANDARAI,2012,2.0,1.0,1.0,341,0.0,5.865102639296188,0.0
037,ANDARAI,2013,4.0,2.0,0.0,377,2.0,10.610079575596817,5.305039787798409
037,ANDARAI,2014,0.0,0.0,0.0,348,0.0,0.0,0.0
037,ANDARAI,2015,5.0,1.0,2.0,415,2.0,12.048192771084338,4.819277108433735
037,ANDARAI,2016,3.0,1.0,0.0,313,2.0,9.584664536741213,6.3897763578274756
037,ANDARAI,2017,5.0,0.0,2.0,372,3.0,13.440860215053764,8.064516129032258
037,ANDARAI,2018,4.0,2.0,0.0,369,2.0,10.840108401084011,5.420054200542006
037,ANDARAI,2019,4.0,2.0,1.0,280,1.0,14.285714285714285,3.571428571428571
037,ANDARAI,2020,9.0,5.0,0.0,296,4.0,30.405405405405407,13.513513513513514
037,ANDARAI,2021,3.0,1.0,0.0,239,2.0,12.552301255230125,8.368200836820083
037,ANDARAI,2022,3.0,1.0,1.0,269,1.0,11.152416356877323,3.717472118959108
037,ANDARAI,2023,2.0,2.0,0.0,237,0.0,8.438818565400844,0.0
037,ANDARAI,2024,2.0,2.0,0.0,222,0.0,9.00900900900901,0.0
037,ANDARAI,2025,2.0,1.0,1.0,209,0.0,9.569377990430622,0.0
038,GRAJAU,2006,4.0,0.0,1.0,412,3.0,9.70873786407767,7.281553398058253
038,GRAJAU,2007,5.0,3.0,1.0,416,1.0,12.01923076923077,2.403846153846154
038,GRAJAU,2008,0.0,0.0,0.0,376,0.0,0.0,0.0
038,GRAJAU,2009,3.0,0.0,1.0,399,2.0,7.518796992481203,5.012531328320802
038,GRAJAU,2010,1.0,0.0,0.0,372,1.0,2.688172043010753,2.688172043010753
038,GRAJAU,2011,5.0,2.0,0.0,385,3.0,12.987012987012989,7.792207792207792
038,GRAJAU,2012,5.0,2.0,0.0,369,3.0,13.550135501355014,8.130081300813009
038,GRAJAU,2013,4.0,2.0,0.0,383,2.0,10.443864229765014,5.221932114882507
038,GRAJAU,2014,3.0,2.0,0.0,388,1.0,7.731958762886598,2.577319587628866
038,GRAJAU,2015,4.0,2.0,0.0,395,2.0,10.126582278481013,5.063291139240507
038,GRAJAU,2016,4.0,1.0,1.0,326,2.0,12.269938650306749,6.134969325153374
038,GRAJAU,2017,4.0,1.0,2.0,342,1.0,11.695906432748536,2.923976608187134
038,GRAJAU,2018,5.0,2.0,1.0,329,2.0,15.197568389057752,6.079027355623101
038,GRAJAU,2019,4.0,2.0,1.0,313,1.0,12.779552715654951,3.1948881789137378
038,GRAJAU,2020,0.0,0.0,0.0,252,0.0,0.0,0.0
038,GRAJAU,2021,2.0,1.0,0.0,231,1.0,8.658008658008658,4.329004329004329
038,GRAJAU,2022,5.0,2.0,0.0,234,3.0,21.367521367521366,12.82051282051282
038,GRAJAU,2023,5.0,2.0,0.0,222,3.0,22.52252252252252,13.513513513513514
038,GRAJAU,2024,3.0,1.0,1.0,209,1.0,14.354066985645934,4.784688995215311
038,GRAJAU,2025,0.0,0.0,0.0,168,0.0,0.0,0.0
039,MANGUINHOS,2006,8.0,2.0,1.0,523,5.0,15.296367112810707,9.560229445506693
039,MANGUINHOS,2007,8.0,4.0,1.0,506,3.0,15.810276679841897,5.928853754940711
039,MANGUINHOS,2008,10.0,4.0,1.0,486,5.0,20.5761316872428,10.2880658436214
039,MANGUINHOS,2009,7.0,4.0,0.0,563,3.0,12.433392539964476,5.328596802841918
039,MANGUINHOS,2010,9.0,4.0,1.0,486,4.0,18.51851851851852,8.23045267489712
039,MANGUINHOS,2011,6.0,2.0,1.0,295,3.0,20.338983050847457,10.169491525423728
039,MANGUINHOS,2012,16.0,5.0,3.0,325,8.0,49.23076923076923,24.615384615384617
039,MANGUINHOS,2013,9.0,2.0,2.0,315,5.0,28.57142857142857,15.873015873015872
039,MANGUINHOS,2014,6.0,2.0,1.0,356,3.0,16.853932584269664,8.426966292134832
039,MANGUINHOS,2015,8.0,4.0,4.0,452,0.0,17.699115044247787,0.0
039,MANGUINHOS,2016,10.0,6.0,2.0,494,2.0,20.242914979757085,4.048582995951417
039,MANGUINHOS,2017,8.0,4.0,0.0,484,4.0,16.528925619834713,8.264462809917356
039,MANGUINHOS,2018,12.0,5.0,1.0,484,6.0,24.793388429752067,12.396694214876034
039,MANGUINHOS,2019,4.0,1.0,2.0,414,1.0,9.66183574879227,2.4154589371980677
039,MANGUINHOS,2020,7.0,2.0,1.0,441,4.0,15.873015873015872,9.070294784580499
039,MANGUINHOS,2021,3.0,2.0,1.0,385,0.0,7.792207792207792,0.0
039,MANGUINHOS,2022,5.0,2.0,0.0,391,3.0,12.78772378516624,7.672634271099745
039,MANGUINHOS,2023,7.0,3.0,1.0,348,3.0,20.114942528735632,8.620689655172413
039,MANGUINHOS,2024,8.0,2.0,2.0,380,4.0,21.052631578947366,10.526315789473683
039,MANGUINHOS,2025,8.0,4.0,1.0,387,3.0,20.671834625322997,7.751937984496124
040,BONSUCESSO,2006,19.0,7.0,2.0,733,10.0,25.920873124147338,13.642564802182811
040,BONSUCESSO,2007,27.0,13.0,2.0,960,12.0,28.125,12.5
040,BONSUCESSO,2008,13.0,7.0,1.0,975,5.0,13.333333333333334,5.128205128205129
040,BONSUCESSO,2009,11.0,4.0,2.0,444,5.0,24.774774774774777,11.26126126126126
040,BONSUCESSO,2010,13.0,5.0,3.0,584,5.0,22.26027397260274,8.561643835616438
040,BONSUCESSO,2011,6.0,4.0,1.0,406,1.0,14.778325123152708,2.4630541871921183
040,BONSUCESSO,2012,11.0,4.0,2.0,489,5.0,22.494887525562373,10.224948875255624
040,BONSUCESSO,2013,3.0,2.0,0.0,264,1.0,11.363636363636363,3.787878787878788
040,BONSUCESSO,2014,6.0,5.0,1.0,347,0.0,17.29106628242075,0.0
040,BONSUCESSO,2015,5.0,3.0,1.0,509,1.0,9.823182711198427,1.9646365422396854
040,BONSUCESSO,2016,5.0,1.0,3.0,1157,1.0,4.32152117545376,0.8643042350907519
040,BONSUCESSO,2017,7.0,3.0,1.0,583,3.0,12.006861063464836,5.145797598627787
040,BONSUCESSO,2018,3.0,2.0,0.0,613,1.0,4.893964110929852,1.6313213703099512
040,BONSUCESSO,2019,4.0,0.0,1.0,885,3.0,4.519774011299435,3.389830508474576
040,BONSUCESSO,2020,8.0,4.0,1.0,796,3.0,10.050251256281408,3.7688442211055273
040,BONSUCESSO,2021,4.0,1.0,3.0,584,0.0,6.8493150684931505,0.0
040,BONSUCESSO,2022,2.0,1.0,0.0,742,1.0,2.6954177897574128,1.3477088948787064
040,BONSUCESSO,2023,6.0,2.0,1.0,397,3.0,15.113350125944583,7.556675062972292
040,BONSUCESSO,2024,2.0,1.0,0.0,277,1.0,7.220216606498195,3.6101083032490977
040,BONSUCESSO,2025,3.0,0.0,0.0,392,3.0,7.653061224489796,7.653061224489796
041,RAMOS,2006,9.0,1.0,2.0,1078,6.0,8.348794063079778,5.565862708719852
041,RAMOS,2007,16.0,7.0,4.0,1109,5.0,14.427412082957618,4.508566275924256
041,RAMOS,2008,8.0,5.0,1.0,912,2.0,8.771929824561402,2.1929824561403506
041,RAMOS,2009,9.0,4.0,1.0,758,4.0,11.87335092348285,5.277044854881266
041,RAMOS,2010,7.0,4.0,1.0,903,2.0,7.751937984496124,2.2148394241417497
041,RAMOS,2011,9.0,3.0,1.0,880,5.0,10.227272727272727,5.681818181818182
041,RAMOS,2012,17.0,3.0,3.0,776,11.0,21.907216494845358,14.175257731958762
041,RAMOS,2013,4.0,1.0,1.0,438,2.0,9.1324200913242,4.5662100456621
041,RAMOS,2014,6.0,4.0,0.0,587,2.0,10.221465076660987,3.4071550255536627
041,RAMOS,2015,5.0,2.0,2.0,667,1.0,7.496251874062969,1.4992503748125936
041,RAMOS,2016,7.0,2.0,1.0,760,4.0,9.210526315789473,5.263157894736842
041,RAMOS,2017,1.0,1.0,0.0,554,0.0,1.8050541516245489,0.0
041,RAMOS,2018,3.0,1.0,1.0,633,1.0,4.739336492890995,1.5797788309636651
041,RAMOS,2019,9.0,3.0,4.0,729,2.0,12.345679012345679,2.743484224965706
041,RAMOS,2020,4.0,2.0,1.0,844,1.0,4.739336492890995,1.1848341232227488
041,RAMOS,2021,9.0,5.0,0.0,642,4.0,14.018691588785046,6.230529595015576
041,RAMOS,2022,3.0,2.0,0.0,861,1.0,3.484320557491289,1.1614401858304297
041,RAMOS,2023,6.0,4.0,0.0,507,2.0,11.834319526627219,3.9447731755424065
041,RAMOS,2024,3.0,2.0,0.0,381,1.0,7.874015748031496,2.6246719160104988
041,RAMOS,2025,4.0,3.0,1.0,479,0.0,8.35073068893528,0.0
042,OLARIA,2006,7.0,5.0,0.0,634,2.0,11.041009463722398,3.1545741324921135
042,OLARIA,2007,9.0,1.0,3.0,647,5.0,13.910355486862443,7.727975270479135
042,OLARIA,2008,6.0,3.0,1.0,630,2.0,9.523809523809526,3.1746031746031744
042,OLARIA,2009,10.0,7.0,3.0,670,0.0,14.925373134328359,0.0
042,OLARIA,2010,5.0,2.0,3.0,608,0.0,8.223684210526315,0.0
042,OLARIA,2011,5.0,1.0,1.0,622,3.0,8.038585209003214,4.82315112540193
042,OLARIA,2012,4.0,0.0,2.0,616,2.0,6.493506493506494,3.246753246753247
042,OLARIA,2013,18.0,10.0,2.0,650,6.0,27.692307692307693,9.230769230769232
042,OLARIA,2014,6.0,1.0,2.0,637,3.0,9.419152276295133,4.7095761381475665
042,OLARIA,2015,13.0,6.0,3.0,595,4.0,21.848739495798316,6.722689075630252
042,OLARIA,2016,8.0,6.0,0.0,554,2.0,14.44043321299639,3.6101083032490977
042,OLARIA,2017,4.0,1.0,2.0,630,1.0,6.349206349206349,1.5873015873015872
042,OLARIA,2018,8.0,4.0,3.0,599,1.0,13.35559265442404,1.669449081803005
042,OLARIA,2019,9.0,3.0,3.0,522,3.0,17.241379310344826,5.747126436781609
042,OLARIA,2020,7.0,3.0,2.0,483,2.0,14.492753623188406,4.140786749482402
042,OLARIA,2021,3.0,1.0,1.0,474,1.0,6.329113924050633,2.109704641350211
042,OLARIA,2022,8.0,4.0,2.0,492,2.0,16.260162601626018,4.065040650406504
042,OLARIA,2023,5.0,3.0,0.0,403,2.0,12.40694789081886,4.962779156327543
042,OLARIA,2024,7.0,5.0,1.0,379,1.0,18.469656992084435,2.638522427440633
042,OLARIA,2025,6.0,3.0,0.0,416,3.0,14.423076923076923,7.211538461538462
043,PENHA,2006,10.0,5.0,2.0,1206,3.0,8.291873963515755,2.487562189054726
043,PENHA,2007,15.0,6.0,0.0,1154,9.0,12.998266897746968,7.79896013864818
043,PENHA,2008,19.0,11.0,2.0,1127,6.0,16.85891748003549,5.323868677905945
043,PENHA,2009,17.0,5.0,7.0,1209,5.0,14.061207609594707,4.1356492969396195
043,PENHA,2010,14.0,5.0,2.0,1097,7.0,12.76207839562443,6.381039197812215
043,PENHA,2011,17.0,7.0,3.0,1116,7.0,15.232974910394265,6.272401433691757
043,PENHA,2012,17.0,8.0,0.0,1072,9.0,15.858208955223882,8.395522388059701
043,PENHA,2013,19.0,4.0,6.0,1043,9.0,18.21668264621285,8.62895493767977
043,PENHA,2014,7.0,3.0,1.0,951,3.0,7.360672975814932,3.1545741324921135
043,PENHA,2015,7.0,1.0,4.0,892,2.0,7.8475336322869955,2.242152466367713
043,PENHA,2016,11.0,6.0,2.0,920,3.0,11.956521739130435,3.260869565217391
043,PENHA,2017,13.0,6.0,3.0,903,4.0,14.396456256921374,4.4296788482834994
043,PENHA,2018,9.0,5.0,1.0,840,3.0,10.714285714285714,3.571428571428571
043,PENHA,2019,10.0,6.0,0.0,914,4.0,10.940919037199125,4.3763676148796495
043,PENHA,2020,15.0,9.0,3.0,819,3.0,18.315018315018317,3.663003663003663
043,PENHA,2021,11.0,6.0,3.0,714,2.0,15.406162464985995,2.8011204481792715
043,PENHA,2022,8.0,2.0,4.0,715,2.0,11.188811188811188,2.797202797202797
043,PENHA,2023,8.0,4.0,2.0,651,2.0,12.288786482334869,3.0721966205837172
043,PENHA,2024,14.0,3.0,0.0,588,11.0,23.809523809523807,18.707482993197278
043,PENHA,2025,7.0,4.0,1.0,609,2.0,11.494252873563218,3.284072249589491
044,PENHA CIRCULAR,2006,1.0,0.0,0.0,340,1.0,2.941176470588235,2.941176470588235
044,PENHA CIRCULAR,2007,2.0,0.0,0.0,361,2.0,5.54016620498615,5.54016620498615
044,PENHA CIRCULAR,2008,4.0,2.0,1.0,370,1.0,10.81081081081081,2.7027027027027026
044,PENHA CIRCULAR,2009,2.0,1.0,1.0,330,0.0,6.0606060606060606,0.0
044,PENHA CIRCULAR,2010,9.0,4.0,2.0,346,3.0,26.01156069364162,8.670520231213873
044,PENHA CIRCULAR,2011,7.0,4.0,0.0,369,3.0,18.970189701897016,8.130081300813009
044,PENHA CIRCULAR,2012,4.0,1.0,0.0,397,3.0,10.075566750629722,7.556675062972292
044,PENHA CIRCULAR,2013,5.0,2.0,0.0,451,3.0,11.086474501108649,6.651884700665189
044,PENHA CIRCULAR,2014,7.0,4.0,0.0,427,3.0,16.393442622950822,7.02576112412178
044,PENHA CIRCULAR,2015,10.0,6.0,1.0,545,3.0,18.34862385321101,5.5045871559633035
044,PENHA CIRCULAR,2016,6.0,4.0,1.0,435,1.0,13.793103448275861,2.2988505747126435
044,PENHA CIRCULAR,2017,14.0,3.0,4.0,570,7.0,24.56140350877193,12.280701754385966
044,PENHA CIRCULAR,2018,6.0,1.0,3.0,543,2.0,11.049723756906078,3.6832412523020257
044,PENHA CIRCULAR,2019,9.0,5.0,1.0,374,3.0,24.06417112299465,8.02139037433155
044,PENHA CIRCULAR,2020,5.0,3.0,1.0,418,1.0,11.961722488038278,2.3923444976076556
044,PENHA CIRCULAR,2021,2.0,1.0,0.0,383,1.0,5.221932114882507,2.6109660574412534
044,PENHA CIRCULAR,2022,8.0,3.0,2.0,360,3.0,22.22222222222222,8.333333333333334
044,PENHA CIRCULAR,2023,5.0,2.0,1.0,399,2.0,12.531328320802004,5.012531328320802
044,PENHA CIRCULAR,2024,8.0,6.0,1.0,356,1.0,22.47191011235955,2.8089887640449436
044,PENHA CIRCULAR,2025,8.0,4.0,1.0,356,3.0,22.47191011235955,8.426966292134832
045,BRAS DE PINA,2006,9.0,8.0,0.0,566,1.0,15.901060070671377,1.7667844522968197
045,BRAS DE PINA,2007,6.0,3.0,1.0,601,2.0,9.983361064891847,3.327787021630616
045,BRAS DE PINA,2008,6.0,4.0,0.0,582,2.0,10.309278350515465,3.4364261168384878
045,BRAS DE PINA,2009,6.0,5.0,0.0,556,1.0,10.79136690647482,1.7985611510791368
045,BRAS DE PINA,2010,9.0,4.0,2.0,544,3.0,16.544117647058822,5.514705882352941
045,BRAS DE PINA,2011,5.0,2.0,0.0,552,3.0,9.057971014492754,5.434782608695652
045,BRAS DE PINA,2012,7.0,4.0,2.0,551,1.0,12.704174228675136,1.8148820326678765
045,BRAS DE PINA,2013,13.0,9.0,2.0,631,2.0,20.602218700475436,3.1695721077654517
045,BRAS DE PINA,2014,3.0,1.0,0.0,656,2.0,4.573170731707317,3.048780487804878
045,BRAS DE PINA,2015,15.0,4.0,5.0,628,6.0,23.88535031847134,9.554140127388534
045,BRAS DE PINA,2016,10.0,2.0,3.0,612,5.0,16.339869281045754,8.169934640522877
045,BRAS DE PINA,2017,6.0,4.0,0.0,607,2.0,9.884678747940692,3.2948929159802307
045,BRAS DE PINA,2018,12.0,4.0,3.0,582,5.0,20.61855670103093,8.591065292096221
045,BRAS DE PINA,2019,3.0,3.0,0.0,476,0.0,6.302521008403361,0.0
045,BRAS DE PINA,2020,9.0,4.0,1.0,459,4.0,19.607843137254903,8.71459694989107
045,BRAS DE PINA,2021,6.0,3.0,0.0,452,3.0,13.274336283185841,6.6371681415929205
045,BRAS DE PINA,2022,2.0,2.0,0.0,417,0.0,4.796163069544364,0.0
045,BRAS DE PINA,2023,6.0,0.0,2.0,390,4.0,15.384615384615385,10.256410256410257
045,BRAS DE PINA,2024,2.0,2.0,0.0,359,0.0,5.571030640668524,0.0
045,BRAS DE PINA,2025,9.0,3.0,3.0,364,3.0,24.725274725274723,8.241758241758243
046,CORDOVIL,2006,7.0,5.0,0.0,635,2.0,11.023622047244094,3.149606299212598
046,CORDOVIL,2007,8.0,4.0,1.0,602,3.0,13.289036544850498,4.983388704318936
046,CORDOVIL,2008,11.0,4.0,1.0,625,6.0,17.6,9.6
046,CORDOVIL,2009,13.0,5.0,3.0,594,5.0,21.885521885521886,8.417508417508417
046,CORDOVIL,2010,11.0,6.0,1.0,582,4.0,18.900343642611684,6.8728522336769755
046,CORDOVIL,2011,10.0,2.0,4.0,586,4.0,17.064846416382252,6.825938566552901
046,CORDOVIL,2012,8.0,3.0,0.0,560,5.0,14.285714285714285,8.928571428571429
046,CORDOVIL,2013,8.0,3.0,2.0,650,3.0,12.307692307692308,4.615384615384616
046,CORDOVIL,2014,8.0,4.0,1.0,613,3.0,13.05057096247961,4.893964110929852
046,CORDOVIL,2015,8.0,2.0,2.0,621,4.0,12.882447665056361,6.4412238325281805
046,CORDOVIL,2016,7.0,1.0,1.0,605,5.0,11.570247933884296,8.264462809917356
046,CORDOVIL,2017,11.0,6.0,1.0,548,4.0,20.072992700729927,7.299270072992701
046,CORDOVIL,2018,6.0,3.0,1.0,512,2.0,11.71875,3.90625
046,CORDOVIL,2019,11.0,8.0,0.0,424,3.0,25.943396226415096,7.0754716981132075
046,CORDOVIL,2020,4.0,4.0,0.0,424,0.0,9.433962264150942,0.0
046,CORDOVIL,2021,5.0,3.0,1.0,422,1.0,11.848341232227487,2.3696682464454977
046,CORDOVIL,2022,7.0,4.0,1.0,369,2.0,18.970189701897016,5.420054200542006
046,CORDOVIL,2023,11.0,6.0,3.0,365,2.0,30.136986301369863,5.47945205479452
046,CORDOVIL,2024,6.0,3.0,0.0,323,3.0,18.575851393188852,9.287925696594426
046,CORDOVIL,2025,10.0,5.0,3.0,316,2.0,31.645569620253166,6.329113924050633
047,PARADA DE LUCAS,2006,5.0,3.0,1.0,314,1.0,15.92356687898089,3.1847133757961785
047,PARADA DE LUCAS,2007,5.0,1.0,4.0,298,0.0,16.778523489932887,0.0
047,PARADA DE LUCAS,2008,8.0,3.0,1.0,288,4.0,27.777777777777775,13.888888888888888
047,PARADA DE LUCAS,2009,3.0,1.0,0.0,312,2.0,9.615384615384617,6.41025641025641
047,PARADA DE LUCAS,2010,3.0,1.0,1.0,297,1.0,10.101010101010102,3.3670033670033668
047,PARADA DE LUCAS,2011,4.0,2.0,2.0,287,0.0,13.937282229965156,0.0
047,PARADA DE LUCAS,2012,2.0,1.0,0.0,282,1.0,7.092198581560283,3.5460992907801416
047,PARADA DE LUCAS,2013,3.0,2.0,0.0,312,1.0,9.615384615384617,3.205128205128205
047,PARADA DE LUCAS,2014,3.0,2.0,1.0,349,0.0,8.595988538681949,0.0
047,PARADA DE LUCAS,2015,4.0,2.0,1.0,335,1.0,11.940298507462687,2.985074626865672
047,PARADA DE LUCAS,2016,2.0,2.0,0.0,322,0.0,6.211180124223602,0.0
047,PARADA DE LUCAS,2017,2.0,0.0,0.0,316,2.0,6.329113924050633,6.329113924050633
047,PARADA DE LUCAS,2018,6.0,2.0,2.0,351,2.0,17.094017094017097,5.698005698005698
047,PARADA DE LUCAS,2019,5.0,1.0,1.0,318,3.0,15.723270440251572,9.433962264150942
047,PARADA DE LUCAS,2020,6.0,4.0,2.0,280,0.0,21.428571428571427,0.0
047,PARADA DE LUCAS,2021,2.0,2.0,0.0,312,0.0,6.41025641025641,0.0
047,PARADA DE LUCAS,2022,4.0,1.0,2.0,280,1.0,14.285714285714285,3.571428571428571
047,PARADA DE LUCAS,2023,5.0,2.0,1.0,273,2.0,18.315018315018317,7.326007326007326
047,PARADA DE LUCAS,2024,4.0,2.0,1.0,262,1.0,15.267175572519083,3.8167938931297707
047,PARADA DE LUCAS,2025,4.0,1.0,1.0,255,2.0,15.686274509803921,7.8431372549019605
048,VIGARIO GERAL,2006,5.0,4.0,0.0,424,1.0,11.79245283018868,2.3584905660377355
048,VIGARIO GERAL,2007,6.0,5.0,0.0,458,1.0,13.100436681222707,2.1834061135371177
048,VIGARIO GERAL,2008,6.0,2.0,3.0,434,1.0,13.82488479262673,2.304147465437788
048,VIGARIO GERAL,2009,7.0,2.0,1.0,426,4.0,16.431924882629108,9.389671361502348
048,VIGARIO GERAL,2010,8.0,4.0,0.0,384,4.0,20.833333333333332,10.416666666666666
048,VIGARIO GERAL,2011,6.0,3.0,0.0,462,3.0,12.987012987012989,6.493506493506494
048,VIGARIO GERAL,2012,6.0,3.0,1.0,374,2.0,16.0427807486631,5.347593582887701
048,VIGARIO GERAL,2013,7.0,3.0,2.0,416,2.0,16.826923076923077,4.807692307692308
048,VIGARIO GERAL,2014,7.0,3.0,1.0,476,3.0,14.705882352941176,6.302521008403361
048,VIGARIO GERAL,2015,6.0,2.0,3.0,471,1.0,12.738853503184714,2.1231422505307855
048,VIGARIO GERAL,2016,10.0,4.0,1.0,419,5.0,23.86634844868735,11.933174224343675
048,VIGARIO GERAL,2017,12.0,7.0,2.0,530,3.0,22.641509433962263,5.660377358490566
048,VIGARIO GERAL,2018,12.0,5.0,1.0,409,6.0,29.339853300733495,14.669926650366747
048,VIGARIO GERAL,2019,5.0,2.0,0.0,367,3.0,13.623978201634877,8.174386920980925
048,VIGARIO GERAL,2020,6.0,1.0,1.0,351,4.0,17.094017094017097,11.396011396011396
048,VIGARIO GERAL,2021,6.0,4.0,2.0,422,0.0,14.218009478672984,0.0
048,VIGARIO GERAL,2022,4.0,2.0,2.0,371,0.0,10.781671159029651,0.0
048,VIGARIO GERAL,2023,5.0,2.0,0.0,390,3.0,12.82051282051282,7.6923076923076925
048,VIGARIO GERAL,2024,1.0,0.0,0.0,391,1.0,2.557544757033248,2.557544757033248
048,VIGARIO GERAL,2025,4.0,3.0,0.0,354,1.0,11.299435028248588,2.824858757062147
049,JARDIM AMERICA,2006,13.0,7.0,4.0,504,2.0,25.79365079365079,3.968253968253968
049,JARDIM AMERICA,2007,7.0,4.0,1.0,495,2.0,14.141414141414142,4.040404040404041
049,JARDIM AMERICA,2008,15.0,7.0,1.0,517,7.0,29.013539651837522,13.539651837524179
049,JARDIM AMERICA,2009,7.0,5.0,2.0,515,0.0,13.592233009708737,0.0
049,JARDIM AMERICA,2010,6.0,4.0,0.0,474,2.0,12.658227848101266,4.219409282700422
049,JARDIM AMERICA,2011,8.0,3.0,1.0,504,4.0,15.873015873015872,7.936507936507936
049,JARDIM AMERICA,2012,6.0,2.0,0.0,449,4.0,13.3630289532294,8.908685968819599
049,JARDIM AMERICA,2013,2.0,2.0,0.0,436,0.0,4.587155963302752,0.0
049,JARDIM AMERICA,2014,7.0,3.0,0.0,511,4.0,13.698630136986301,7.8277886497064575
049,JARDIM AMERICA,2015,3.0,1.0,0.0,455,2.0,6.593406593406593,4.395604395604396
049,JARDIM AMERICA,2016,4.0,2.0,1.0,411,1.0,9.732360097323602,2.4330900243309004
049,JARDIM AMERICA,2017,4.0,2.0,1.0,396,1.0,10.101010101010102,2.5252525252525255
049,JARDIM AMERICA,2018,7.0,3.0,0.0,444,4.0,15.765765765765764,9.00900900900901
049,JARDIM AMERICA,2019,2.0,1.0,1.0,384,0.0,5.208333333333333,0.0
049,JARDIM AMERICA,2020,8.0,2.0,2.0,353,4.0,22.6628895184136,11.3314447592068
049,JARDIM AMERICA,2021,1.0,0.0,1.0,306,0.0,3.2679738562091503,0.0
049,JARDIM AMERICA,2022,3.0,0.0,2.0,291,1.0,10.309278350515465,3.4364261168384878
049,JARDIM AMERICA,2023,3.0,1.0,1.0,283,1.0,10.60070671378092,3.5335689045936394
049,JARDIM AMERICA,2024,5.0,2.0,0.0,180,3.0,27.777777777777775,16.666666666666668
049,JARDIM AMERICA,2025,2.0,1.0,0.0,266,1.0,7.518796992481203,3.7593984962406015
050,HIGIENOPOLIS,2006,3.0,1.0,1.0,191,1.0,15.706806282722512,5.235602094240838
050,HIGIENOPOLIS,2007,2.0,0.0,0.0,166,2.0,12.048192771084338,12.048192771084338
050,HIGIENOPOLIS,2008,0.0,0.0,0.0,160,0.0,0.0,0.0
050,HIGIENOPOLIS,2009,2.0,0.0,1.0,151,1.0,13.245033112582782,6.622516556291391
050,HIGIENOPOLIS,2010,1.0,0.0,1.0,187,0.0,5.347593582887701,0.0
050,HIGIENOPOLIS,2011,1.0,1.0,0.0,182,0.0,5.4945054945054945,0.0
050,HIGIENOPOLIS,2012,4.0,3.0,0.0,187,1.0,21.390374331550802,5.347593582887701
050,HIGIENOPOLIS,2013,1.0,1.0,0.0,192,0.0,5.208333333333333,0.0
050,HIGIENOPOLIS,2014,4.0,0.0,1.0,165,3.0,24.242424242424242,18.18181818181818
050,HIGIENOPOLIS,2015,1.0,1.0,0.0,171,0.0,5.847953216374268,0.0
050,HIGIENOPOLIS,2016,3.0,2.0,0.0,164,1.0,18.29268292682927,6.097560975609756
050,HIGIENOPOLIS,2017,0.0,0.0,0.0,142,0.0,0.0,0.0
050,HIGIENOPOLIS,2018,2.0,1.0,0.0,144,1.0,13.888888888888888,6.944444444444444
050,HIGIENOPOLIS,2019,1.0,0.0,0.0,135,1.0,7.407407407407407,7.407407407407407
050,HIGIENOPOLIS,2020,0.0,0.0,0.0,118,0.0,0.0,0.0
050,HIGIENOPOLIS,2021,2.0,1.0,0.0,111,1.0,18.01801801801802,9.00900900900901
050,HIGIENOPOLIS,2022,3.0,2.0,1.0,114,0.0,26.31578947368421,0.0
050,HIGIENOPOLIS,2023,1.0,0.0,1.0,102,0.0,9.803921568627452,0.0
050,HIGIENOPOLIS,2024,3.0,2.0,0.0,125,1.0,24.0,8.0
050,HIGIENOPOLIS,2025,0.0,0.0,0.0,118,0.0,0.0,0.0
051,JACARE,2006,4.0,2.0,0.0,361,2.0,11.0803324099723,5.54016620498615
051,JACARE,2007,4.0,1.0,0.0,346,3.0,11.560693641618496,8.670520231213873
051,JACARE,2008,3.0,0.0,1.0,345,2.0,8.695652173913043,5.797101449275362
051,JACARE,2009,3.0,0.0,1.0,341,2.0,8.797653958944283,5.865102639296188
051,JACARE,2010,6.0,2.0,2.0,394,2.0,15.228426395939087,5.076142131979695
051,JACARE,2011,5.0,2.0,0.0,486,3.0,10.2880658436214,6.172839506172839
051,JACARE,2012,6.0,1.0,1.0,381,4.0,15.748031496062993,10.498687664041995
051,JACARE,2013,3.0,3.0,0.0,420,0.0,7.142857142857142,0.0
051,JACARE,2014,3.0,0.0,2.0,418,1.0,7.177033492822967,2.3923444976076556
051,JACARE,2015,4.0,0.0,0.0,383,4.0,10.443864229765014,10.443864229765014
051,JACARE,2016,4.0,1.0,0.0,321,3.0,12.461059190031152,9.345794392523365
051,JACARE,2017,2.0,2.0,0.0,336,0.0,5.952380952380952,0.0
051,JACARE,2018,1.0,0.0,1.0,155,0.0,6.451612903225806,0.0
051,JACARE,2019,4.0,1.0,0.0,249,3.0,16.064257028112447,12.048192771084338
051,JACARE,2020,2.0,0.0,0.0,332,2.0,6.024096385542169,6.024096385542169
051,JACARE,2021,5.0,1.0,1.0,316,3.0,15.822784810126583,9.49367088607595
051,JACARE,2022,2.0,0.0,1.0,296,1.0,6.756756756756757,3.3783783783783785
051,JACARE,2023,0.0,0.0,0.0,165,0.0,0.0,0.0
051,JACARE,2024,2.0,2.0,0.0,120,0.0,16.666666666666668,0.0
051,JACARE,2025,0.0,0.0,0.0,166,0.0,0.0,0.0
052,MARIA DA GRACA,2006,0.0,0.0,0.0,70,0.0,0.0,0.0
052,MARIA DA GRACA,2007,0.0,0.0,0.0,85,0.0,0.0,0.0
052,MARIA DA GRACA,2008,2.0,1.0,1.0,89,0.0,22.47191011235955,0.0
052,MARIA DA GRACA,2009,0.0,0.0,0.0,84,0.0,0.0,0.0
052,MARIA DA GRACA,2010,2.0,1.0,0.0,113,1.0,17.699115044247787,8.849557522123893
052,MARIA DA GRACA,2011,0.0,0.0,0.0,71,0.0,0.0,0.0
052,MARIA DA GRACA,2012,0.0,0.0,0.0,88,0.0,0.0,0.0
052,MARIA DA GRACA,2013,0.0,0.0,0.0,101,0.0,0.0,0.0
052,MARIA DA GRACA,2014,0.0,0.0,0.0,75,0.0,0.0,0.0
052,MARIA DA GRACA,2015,2.0,1.0,1.0,102,0.0,19.607843137254903,0.0
052,MARIA DA GRACA,2016,0.0,0.0,0.0,66,0.0,0.0,0.0
052,MARIA DA GRACA,2017,1.0,0.0,1.0,99,0.0,10.101010101010102,0.0
052,MARIA DA GRACA,2018,1.0,1.0,0.0,82,0.0,12.195121951219512,0.0
052,MARIA DA GRACA,2019,1.0,1.0,0.0,55,0.0,18.18181818181818,0.0
052,MARIA DA GRACA,2020,0.0,0.0,0.0,50,0.0,0.0,0.0
052,MARIA DA GRACA,2021,0.0,0.0,0.0,63,0.0,0.0,0.0
052,MARIA DA GRACA,2022,1.0,1.0,0.0,71,0.0,14.084507042253522,0.0
052,MARIA DA GRACA,2023,2.0,1.0,0.0,58,1.0,34.48275862068965,17.241379310344826
052,MARIA DA GRACA,2024,2.0,0.0,0.0,44,2.0,45.45454545454545,45.45454545454545
052,MARIA DA GRACA,2025,1.0,0.0,0.0,100,1.0,10.0,10.0
053,DEL CASTILHO,2006,4.0,0.0,1.0,264,3.0,15.151515151515152,11.363636363636363
053,DEL CASTILHO,2007,3.0,0.0,0.0,298,3.0,10.06711409395973,10.06711409395973
053,DEL CASTILHO,2008,4.0,2.0,0.0,238,2.0,16.80672268907563,8.403361344537815
053,DEL CASTILHO,2009,5.0,2.0,0.0,257,3.0,19.45525291828794,11.673151750972762
053,DEL CASTILHO,2010,2.0,2.0,0.0,240,0.0,8.333333333333334,0.0
053,DEL CASTILHO,2011,5.0,2.0,0.0,266,3.0,18.796992481203006,11.278195488721805
053,DEL CASTILHO,2012,1.0,1.0,0.0,308,0.0,3.246753246753247,0.0
053,DEL CASTILHO,2013,0.0,0.0,0.0,310,0.0,0.0,0.0
053,DEL CASTILHO,2014,3.0,0.0,0.0,293,3.0,10.238907849829351,10.238907849829351
053,DEL CASTILHO,2015,5.0,1.0,2.0,308,2.0,16.233766233766232,6.493506493506494
053,DEL CASTILHO,2016,3.0,1.0,0.0,290,2.0,10.344827586206897,6.896551724137931
053,DEL CASTILHO,2017,4.0,2.0,1.0,282,1.0,14.184397163120567,3.5460992907801416
053,DEL CASTILHO,2018,4.0,1.0,1.0,327,2.0,12.232415902140673,6.116207951070336
053,DEL CASTILHO,2019,2.0,1.0,0.0,305,1.0,6.557377049180328,3.278688524590164
053,DEL CASTILHO,2020,3.0,0.0,1.0,249,2.0,12.048192771084338,8.032128514056224
053,DEL CASTILHO,2021,4.0,3.0,1.0,264,0.0,15.151515151515152,0.0
053,DEL CASTILHO,2022,3.0,1.0,1.0,252,1.0,11.904761904761903,3.968253968253968
053,DEL CASTILHO,2023,0.0,0.0,0.0,231,0.0,0.0,0.0
053,DEL CASTILHO,2024,1.0,1.0,0.0,239,0.0,4.184100418410042,0.0
053,DEL CASTILHO,2025,3.0,2.0,0.0,236,1.0,12.711864406779663,4.237288135593221
054,INHAUMA,2006,14.0,8.0,2.0,861,4.0,16.260162601626018,4.645760743321719
054,INHAUMA,2007,16.0,8.0,2.0,984,6.0,16.260162601626018,6.097560975609756
054,INHAUMA,2008,14.0,4.0,2.0,938,8.0,14.925373134328359,8.528784648187633
054,INHAUMA,2009,17.0,9.0,2.0,968,6.0,17.56198347107438,6.198347107438017
054,INHAUMA,2010,6.0,2.0,1.0,926,3.0,6.479481641468682,3.239740820734341
054,INHAUMA,2011,15.0,5.0,5.0,1002,5.0,14.970059880239521,4.990019960079841
054,INHAUMA,2012,9.0,3.0,2.0,926,4.0,9.719222462203025,4.319654427645789
054,INHAUMA,2013,9.0,4.0,3.0,916,2.0,9.825327510917031,2.1834061135371177
054,INHAUMA,2014,10.0,5.0,1.0,969,4.0,10.319917440660475,4.127966976264189
054,INHAUMA,2015,10.0,7.0,1.0,824,2.0,12.135922330097086,2.4271844660194173
054,INHAUMA,2016,3.0,2.0,0.0,749,1.0,4.005340453938585,1.335113484646195
054,INHAUMA,2017,6.0,3.0,0.0,691,3.0,8.683068017366137,4.341534008683069
054,INHAUMA,2018,5.0,3.0,0.0,841,2.0,5.945303210463734,2.378121284185493
054,INHAUMA,2019,7.0,3.0,3.0,778,1.0,8.997429305912597,1.2853470437017993
054,INHAUMA,2020,4.0,2.0,1.0,850,1.0,4.705882352941176,1.176470588235294
054,INHAUMA,2021,5.0,2.0,0.0,784,3.0,6.377551020408164,3.826530612244898
054,INHAUMA,2022,6.0,1.0,1.0,530,4.0,11.320754716981131,7.547169811320755
054,INHAUMA,2023,10.0,4.0,3.0,573,3.0,17.452006980802793,5.235602094240838
054,INHAUMA,2024,5.0,1.0,2.0,478,2.0,10.460251046025103,4.184100418410042
054,INHAUMA,2025,6.0,3.0,1.0,539,2.0,11.131725417439704,3.7105751391465676
055,ENGENHO DA RAINHA,2006,3.0,2.0,0.0,288,1.0,10.416666666666666,3.472222222222222
055,ENGENHO DA RAINHA,2007,2.0,0.0,0.0,274,2.0,7.299270072992701,7.299270072992701
055,ENGENHO DA RAINHA,2008,4.0,1.0,2.0,319,1.0,12.539184952978056,3.134796238244514
055,ENGENHO DA RAINHA,2009,6.0,2.0,2.0,309,2.0,19.41747572815534,6.472491909385114
055,ENGENHO DA RAINHA,2010,1.0,0.0,0.0,280,1.0,3.571428571428571,3.571428571428571
055,ENGENHO DA RAINHA,2011,3.0,1.0,0.0,297,2.0,10.101010101010102,6.7340067340067336
055,ENGENHO DA RAINHA,2012,1.0,0.0,0.0,321,1.0,3.115264797507788,3.115264797507788
055,ENGENHO DA RAINHA,2013,8.0,1.0,1.0,299,6.0,26.755852842809364,20.066889632107024
055,ENGENHO DA RAINHA,2014,4.0,2.0,1.0,343,1.0,11.661807580174926,2.9154518950437316
055,ENGENHO DA RAINHA,2015,1.0,0.0,0.0,366,1.0,2.73224043715847,2.73224043715847
055,ENGENHO DA RAINHA,2016,7.0,2.0,1.0,354,4.0,19.77401129943503,11.299435028248588
055,ENGENHO DA RAINHA,2017,4.0,1.0,1.0,338,2.0,11.834319526627219,5.9171597633136095
055,ENGENHO DA RAINHA,2018,2.0,0.0,1.0,308,1.0,6.493506493506494,3.246753246753247
055,ENGENHO DA RAINHA,2019,3.0,2.0,0.0,284,1.0,10.56338028169014,3.5211267605633805
055,ENGENHO DA RAINHA,2020,4.0,1.0,1.0,267,2.0,14.9812734082397,7.49063670411985
055,ENGENHO DA RAINHA,2021,3.0,1.0,0.0,253,2.0,11.857707509881422,7.905138339920948
055,ENGENHO DA RAINHA,2022,3.0,2.0,0.0,272,1.0,11.029411764705882,3.676470588235294
055,ENGENHO DA RAINHA,2023,0.0,0.0,0.0,248,0.0,0.0,0.0
055,ENGENHO DA RAINHA,2024,7.0,3.0,3.0,228,1.0,30.70175438596491,4.385964912280701
055,ENGENHO DA RAINHA,2025,3.0,2.0,1.0,217,0.0,13.82488479262673,0.0
056,TOMAS COELHO,2006,4.0,2.0,1.0,282,1.0,14.184397163120567,3.5460992907801416
056,TOMAS COELHO,2007,4.0,2.0,0.0,266,2.0,15.037593984962406,7.518796992481203
056,TOMAS COELHO,2008,2.0,1.0,0.0,273,1.0,7.326007326007326,3.663003663003663
056,TOMAS COELHO,2009,5.0,2.0,2.0,260,1.0,19.230769230769234,3.8461538461538463
056,TOMAS COELHO,2010,6.0,5.0,0.0,275,1.0,21.81818181818182,3.6363636363636362
056,TOMAS COELHO,2011,2.0,2.0,0.0,273,0.0,7.326007326007326,0.0
056,TOMAS COELHO,2012,1.0,1.0,0.0,268,0.0,3.7313432835820897,0.0
056,TOMAS COELHO,2013,5.0,2.0,0.0,259,3.0,19.305019305019304,11.583011583011583
056,TOMAS COELHO,2014,7.0,3.0,1.0,269,3.0,26.022304832713754,11.152416356877323
056,TOMAS COELHO,2015,0.0,0.0,0.0,304,0.0,0.0,0.0
056,TOMAS COELHO,2016,2.0,1.0,0.0,244,1.0,8.196721311475411,4.0983606557377055
056,TOMAS COELHO,2017,2.0,1.0,1.0,250,0.0,8.0,0.0
056,TOMAS COELHO,2018,4.0,2.0,0.0,254,2.0,15.748031496062993,7.874015748031496
056,TOMAS COELHO,2019,3.0,1.0,0.0,235,2.0,12.76595744680851,8.51063829787234
056,TOMAS COELHO,2020,1.0,0.0,1.0,256,0.0,3.90625,0.0
056,TOMAS COELHO,2021,3.0,1.0,2.0,256,0.0,11.71875,0.0
056,TOMAS COELHO,2022,2.0,0.0,1.0,230,1.0,8.695652173913043,4.3478260869565215
056,TOMAS COELHO,2023,4.0,2.0,1.0,230,1.0,17.391304347826086,4.3478260869565215
056,TOMAS COELHO,2024,6.0,3.0,2.0,207,1.0,28.985507246376812,4.830917874396135
056,TOMAS COELHO,2025,6.0,5.0,0.0,191,1.0,31.413612565445025,5.235602094240838
057,SAO FRANCISCO XAVIER,2006,2.0,1.0,0.0,61,1.0,32.786885245901644,16.393442622950822
057,SAO FRANCISCO XAVIER,2007,0.0,0.0,0.0,59,0.0,0.0,0.0
057,SAO FRANCISCO XAVIER,2008,2.0,1.0,1.0,47,0.0,42.5531914893617,0.0
057,SAO FRANCISCO XAVIER,2009,0.0,0.0,0.0,69,0.0,0.0,0.0
057,SAO FRANCISCO XAVIER,2010,2.0,0.0,0.0,52,2.0,38.46153846153847,38.46153846153847
057,SAO FRANCISCO XAVIER,2011,2.0,1.0,1.0,64,0.0,31.25,0.0
057,SAO FRANCISCO XAVIER,2012,0.0,0.0,0.0,59,0.0,0.0,0.0
057,SAO FRANCISCO XAVIER,2013,1.0,0.0,0.0,61,1.0,16.393442622950822,16.393442622950822
057,SAO FRANCISCO XAVIER,2014,0.0,0.0,0.0,71,0.0,0.0,0.0
057,SAO FRANCISCO XAVIER,2015,0.0,0.0,0.0,79,0.0,0.0,0.0
057,SAO FRANCISCO XAVIER,2016,1.0,0.0,1.0,95,0.0,10.526315789473683,0.0
057,SAO FRANCISCO XAVIER,2017,1.0,1.0,0.0,81,0.0,12.345679012345679,0.0
057,SAO FRANCISCO XAVIER,2018,2.0,0.0,2.0,63,0.0,31.746031746031743,0.0
057,SAO FRANCISCO XAVIER,2019,1.0,1.0,0.0,63,0.0,15.873015873015872,0.0
057,SAO FRANCISCO XAVIER,2020,0.0,0.0,0.0,60,0.0,0.0,0.0
057,SAO FRANCISCO XAVIER,2021,1.0,0.0,0.0,55,1.0,18.18181818181818,18.18181818181818
057,SAO FRANCISCO XAVIER,2022,0.0,0.0,0.0,60,0.0,0.0,0.0
057,SAO FRANCISCO XAVIER,2023,2.0,0.0,0.0,49,2.0,40.816326530612244,40.816326530612244
057,SAO FRANCISCO XAVIER,2024,1.0,1.0,0.0,50,0.0,20.0,0.0
057,SAO FRANCISCO XAVIER,2025,1.0,1.0,0.0,55,0.0,18.18181818181818,0.0
058,ROCHA,2006,0.0,0.0,0.0,98,0.0,0.0,0.0
058,ROCHA,2007,0.0,0.0,0.0,92,0.0,0.0,0.0
058,ROCHA,2008,2.0,1.0,0.0,81,1.0,24.691358024691358,12.345679012345679
058,ROCHA,2009,2.0,0.0,0.0,92,2.0,21.73913043478261,21.73913043478261
058,ROCHA,2010,0.0,0.0,0.0,98,0.0,0.0,0.0
058,ROCHA,2011,2.0,1.0,0.0,79,1.0,25.31645569620253,12.658227848101266
058,ROCHA,2012,2.0,1.0,0.0,73,1.0,27.397260273972602,13.698630136986301
058,ROCHA,2013,2.0,1.0,0.0,123,1.0,16.260162601626018,8.130081300813009
058,ROCHA,2014,2.0,1.0,0.0,127,1.0,15.748031496062993,7.874015748031496
058,ROCHA,2015,2.0,1.0,0.0,155,1.0,12.903225806451612,6.451612903225806
058,ROCHA,2016,1.0,0.0,1.0,180,0.0,5.555555555555555,0.0
058,ROCHA,2017,1.0,1.0,0.0,176,0.0,5.681818181818182,0.0
058,ROCHA,2018,2.0,1.0,0.0,146,1.0,13.698630136986301,6.8493150684931505
058,ROCHA,2019,2.0,0.0,1.0,141,1.0,14.184397163120567,7.092198581560283
058,ROCHA,2020,2.0,0.0,1.0,158,1.0,12.658227848101266,6.329113924050633
058,ROCHA,2021,3.0,1.0,0.0,156,2.0,19.230769230769234,12.82051282051282
058,ROCHA,2022,3.0,1.0,2.0,187,0.0,16.0427807486631,0.0
058,ROCHA,2023,1.0,0.0,0.0,155,1.0,6.451612903225806,6.451612903225806
058,ROCHA,2024,1.0,1.0,0.0,137,0.0,7.299270072992701,0.0
058,ROCHA,2025,5.0,3.0,1.0,178,1.0,28.089887640449437,5.617977528089887
059,RIACHUELO,2006,0.0,0.0,0.0,141,0.0,0.0,0.0
059,RIACHUELO,2007,1.0,1.0,0.0,120,0.0,8.333333333333334,0.0
059,RIACHUELO,2008,0.0,0.0,0.0,126,0.0,0.0,0.0
059,RIACHUELO,2009,2.0,0.0,0.0,141,2.0,14.184397163120567,14.184397163120567
059,RIACHUELO,2010,0.0,0.0,0.0,125,0.0,0.0,0.0
059,RIACHUELO,2011,0.0,0.0,0.0,131,0.0,0.0,0.0
059,RIACHUELO,2012,1.0,1.0,0.0,142,0.0,7.042253521126761,0.0
059,RIACHUELO,2013,0.0,0.0,0.0,108,0.0,0.0,0.0
059,RIACHUELO,2014,2.0,2.0,0.0,131,0.0,15.267175572519083,0.0
059,RIACHUELO,2015,6.0,2.0,4.0,132,0.0,45.45454545454545,0.0
059,RIACHUELO,2016,0.0,0.0,0.0,123,0.0,0.0,0.0
059,RIACHUELO,2017,1.0,0.0,0.0,92,1.0,10.869565217391305,10.869565217391305
059,RIACHUELO,2018,2.0,1.0,0.0,102,1.0,19.607843137254903,9.803921568627452
059,RIACHUELO,2019,1.0,0.0,0.0,99,1.0,10.101010101010102,10.101010101010102
059,RIACHUELO,2020,0.0,0.0,0.0,94,0.0,0.0,0.0
059,RIACHUELO,2021,0.0,0.0,0.0,77,0.0,0.0,0.0
059,RIACHUELO,2022,1.0,0.0,1.0,63,0.0,15.873015873015872,0.0
059,RIACHUELO,2023,1.0,1.0,0.0,76,0.0,13.157894736842104,0.0
059,RIACHUELO,2024,0.0,0.0,0.0,64,0.0,0.0,0.0
059,RIACHUELO,2025,2.0,0.0,1.0,66,1.0,30.303030303030305,15.151515151515152
060,SAMPAIO,2006,2.0,2.0,0.0,126,0.0,15.873015873015872,0.0
060,SAMPAIO,2007,1.0,0.0,0.0,158,1.0,6.329113924050633,6.329113924050633
060,SAMPAIO,2008,5.0,2.0,0.0,136,3.0,36.76470588235294,22.058823529411764
060,SAMPAIO,2009,3.0,0.0,0.0,118,3.0,25.423728813559325,25.423728813559325
060,SAMPAIO,2010,4.0,2.0,0.0,126,2.0,31.746031746031743,15.873015873015872
060,SAMPAIO,2011,0.0,0.0,0.0,149,0.0,0.0,0.0
060,SAMPAIO,2012,5.0,2.0,1.0,152,2.0,32.89473684210526,13.157894736842104
060,SAMPAIO,2013,6.0,3.0,0.0,157,3.0,38.216560509554135,19.108280254777068
060,SAMPAIO,2014,2.0,1.0,0.0,131,1.0,15.267175572519083,7.633587786259541
060,SAMPAIO,2015,6.0,2.0,1.0,151,3.0,39.735099337748345,19.867549668874172
060,SAMPAIO,2016,3.0,0.0,1.0,131,2.0,22.900763358778626,15.267175572519083
060,SAMPAIO,2017,2.0,0.0,0.0,143,2.0,13.986013986013987,13.986013986013987
060,SAMPAIO,2018,1.0,0.0,1.0,163,0.0,6.134969325153374,0.0
060,SAMPAIO,2019,0.0,0.0,0.0,139,0.0,0.0,0.0
060,SAMPAIO,2020,1.0,1.0,0.0,125,0.0,8.0,0.0
060,SAMPAIO,2021,0.0,0.0,0.0,121,0.0,0.0,0.0
060,SAMPAIO,2022,1.0,1.0,0.0,128,0.0,7.8125,0.0
060,SAMPAIO,2023,1.0,0.0,0.0,117,1.0,8.547008547008549,8.547008547008549
060,SAMPAIO,2024,1.0,0.0,1.0,103,0.0,9.70873786407767,0.0
060,SAMPAIO,2025,3.0,2.0,0.0,99,1.0,30.303030303030305,10.101010101010102
061,ENGENHO NOVO,2006,8.0,4.0,1.0,589,3.0,13.582342954159593,5.093378607809847
061,ENGENHO NOVO,2007,4.0,1.0,0.0,643,3.0,6.2208398133748055,4.665629860031105
061,ENGENHO NOVO,2008,6.0,2.0,0.0,597,4.0,10.050251256281408,6.700167504187605
061,ENGENHO NOVO,2009,8.0,3.0,1.0,608,4.0,13.157894736842104,6.578947368421052
061,ENGENHO NOVO,2010,12.0,4.0,1.0,673,7.0,17.830609212481427,10.401188707280832
061,ENGENHO NOVO,2011,11.0,6.0,2.0,663,3.0,16.591251885369534,4.524886877828055
061,ENGENHO NOVO,2012,4.0,3.0,0.0,677,1.0,5.908419497784343,1.4771048744460857
061,ENGENHO NOVO,2013,3.0,3.0,0.0,667,0.0,4.497751124437781,0.0
061,ENGENHO NOVO,2014,5.0,1.0,2.0,661,2.0,7.564296520423601,3.0257186081694405
061,ENGENHO NOVO,2015,6.0,3.0,0.0,578,3.0,10.380622837370241,5.190311418685121
061,ENGENHO NOVO,2016,7.0,3.0,0.0,553,4.0,12.658227848101266,7.2332730560578655
061,ENGENHO NOVO,2017,6.0,3.0,2.0,554,1.0,10.830324909747292,1.8050541516245489
061,ENGENHO NOVO,2018,5.0,0.0,2.0,535,3.0,9.345794392523365,5.607476635514018
061,ENGENHO NOVO,2019,3.0,1.0,2.0,510,0.0,5.88235294117647,0.0
061,ENGENHO NOVO,2020,8.0,4.0,1.0,464,3.0,17.241379310344826,6.4655172413793105
061,ENGENHO NOVO,2021,6.0,4.0,1.0,436,1.0,13.761467889908257,2.293577981651376
061,ENGENHO NOVO,2022,5.0,3.0,0.0,428,2.0,11.682242990654204,4.672897196261682
061,ENGENHO NOVO,2023,5.0,1.0,2.0,428,2.0,11.682242990654204,4.672897196261682
061,ENGENHO NOVO,2024,8.0,6.0,1.0,328,1.0,24.390243902439025,3.048780487804878
061,ENGENHO NOVO,2025,3.0,1.0,2.0,346,0.0,8.670520231213873,0.0
062,LINS DE VASCONCELOS,2006,10.0,2.0,1.0,431,7.0,23.201856148491878,16.241299303944317
062,LINS DE VASCONCELOS,2007,12.0,5.0,3.0,523,4.0,22.944550669216063,7.648183556405353
062,LINS DE VASCONCELOS,2008,5.0,2.0,1.0,559,2.0,8.944543828264758,3.5778175313059033
062,LINS DE VASCONCELOS,2009,8.0,6.0,0.0,531,2.0,15.065913370998116,3.766478342749529
062,LINS DE VASCONCELOS,2010,9.0,3.0,2.0,506,4.0,17.786561264822137,7.905138339920948
062,LINS DE VASCONCELOS,2011,5.0,2.0,0.0,481,3.0,10.395010395010395,6.237006237006238
062,LINS DE VASCONCELOS,2012,5.0,4.0,0.0,488,1.0,10.245901639344261,2.0491803278688527
062,LINS DE VASCONCELOS,2013,12.0,5.0,3.0,485,4.0,24.74226804123711,8.247422680412372
062,LINS DE VASCONCELOS,2014,7.0,4.0,1.0,523,2.0,13.38432122370937,3.8240917782026767
062,LINS DE VASCONCELOS,2015,7.0,1.0,3.0,504,3.0,13.888888888888888,5.952380952380952
062,LINS DE VASCONCELOS,2016,3.0,1.0,1.0,422,1.0,7.109004739336492,2.3696682464454977
062,LINS DE VASCONCELOS,2017,4.0,4.0,0.0,457,0.0,8.752735229759299,0.0
062,LINS DE VASCONCELOS,2018,1.0,1.0,0.0,469,0.0,2.1321961620469083,0.0
062,LINS DE VASCONCELOS,2019,4.0,2.0,1.0,418,1.0,9.569377990430622,2.3923444976076556
062,LINS DE VASCONCELOS,2020,8.0,5.0,1.0,398,2.0,20.100502512562816,5.025125628140704
062,LINS DE VASCONCELOS,2021,6.0,2.0,2.0,375,2.0,16.0,5.333333333333333
062,LINS DE VASCONCELOS,2022,4.0,3.0,0.0,345,1.0,11.594202898550725,2.898550724637681
062,LINS DE VASCONCELOS,2023,5.0,2.0,1.0,332,2.0,15.060240963855422,6.024096385542169
062,LINS DE VASCONCELOS,2024,4.0,2.0,0.0,322,2.0,12.422360248447204,6.211180124223602
062,LINS DE VASCONCELOS,2025,3.0,2.0,0.0,304,1.0,9.868421052631579,3.289473684210526
063,MEIER,2006,5.0,3.0,1.0,616,1.0,8.116883116883116,1.6233766233766236
063,MEIER,2007,7.0,4.0,0.0,606,3.0,11.55115511551155,4.9504950495049505
063,MEIER,2008,5.0,2.0,0.0,550,3.0,9.09090909090909,5.454545454545455
063,MEIER,2009,13.0,6.0,2.0,581,5.0,22.37521514629948,8.605851979345955
063,MEIER,2010,8.0,5.0,1.0,585,2.0,13.675213675213675,3.4188034188034186
063,MEIER,2011,3.0,3.0,0.0,577,0.0,5.199306759098787,0.0
063,MEIER,2012,4.0,2.0,2.0,509,0.0,7.858546168958742,0.0
063,MEIER,2013,3.0,0.0,0.0,545,3.0,5.5045871559633035,5.5045871559633035
063,MEIER,2014,5.0,2.0,2.0,548,1.0,9.124087591240874,1.8248175182481752
063,MEIER,2015,3.0,2.0,1.0,474,0.0,6.329113924050633,0.0
063,MEIER,2016,3.0,1.0,2.0,429,0.0,6.993006993006993,0.0
063,MEIER,2017,2.0,1.0,1.0,395,0.0,5.063291139240507,0.0
063,MEIER,2018,5.0,2.0,1.0,325,2.0,15.384615384615385,6.153846153846154
063,MEIER,2019,1.0,0.0,1.0,356,0.0,2.8089887640449436,0.0
063,MEIER,2020,3.0,0.0,0.0,246,3.0,12.195121951219512,12.195121951219512
063,MEIER,2021,2.0,2.0,0.0,259,0.0,7.722007722007723,0.0
063,MEIER,2022,2.0,1.0,0.0,242,1.0,8.264462809917356,4.132231404958678
063,MEIER,2023,3.0,0.0,2.0,257,1.0,11.673151750972762,3.8910505836575875
063,MEIER,2024,1.0,1.0,0.0,196,0.0,5.1020408163265305,0.0
063,MEIER,2025,6.0,2.0,2.0,247,2.0,24.291497975708502,8.097165991902834
064,TODOS OS SANTOS,2006,1.0,1.0,0.0,140,0.0,7.142857142857142,0.0
064,TODOS OS SANTOS,2007,1.0,0.0,0.0,149,1.0,6.7114093959731544,6.7114093959731544
064,TODOS OS SANTOS,2008,1.0,0.0,0.0,147,1.0,6.802721088435374,6.802721088435374
064,TODOS OS SANTOS,2009,1.0,1.0,0.0,141,0.0,7.092198581560283,0.0
064,TODOS OS SANTOS,2010,0.0,0.0,0.0,158,0.0,0.0,0.0
064,TODOS OS SANTOS,2011,3.0,2.0,1.0,140,0.0,21.428571428571427,0.0
064,TODOS OS SANTOS,2012,2.0,2.0,0.0,171,0.0,11.695906432748536,0.0
064,TODOS OS SANTOS,2013,0.0,0.0,0.0,156,0.0,0.0,0.0
064,TODOS OS SANTOS,2014,2.0,2.0,0.0,180,0.0,11.11111111111111,0.0
064,TODOS OS SANTOS,2015,1.0,0.0,0.0,177,1.0,5.649717514124294,5.649717514124294
064,TODOS OS SANTOS,2016,1.0,0.0,0.0,150,1.0,6.666666666666667,6.666666666666667
064,TODOS OS SANTOS,2017,1.0,0.0,0.0,194,1.0,5.154639175257732,5.154639175257732
064,TODOS OS SANTOS,2018,3.0,3.0,0.0,165,0.0,18.18181818181818,0.0
064,TODOS OS SANTOS,2019,0.0,0.0,0.0,137,0.0,0.0,0.0
064,TODOS OS SANTOS,2020,1.0,0.0,1.0,144,0.0,6.944444444444444,0.0
064,TODOS OS SANTOS,2021,1.0,0.0,0.0,146,1.0,6.8493150684931505,6.8493150684931505
064,TODOS OS SANTOS,2022,0.0,0.0,0.0,140,0.0,0.0,0.0
064,TODOS OS SANTOS,2023,2.0,1.0,0.0,142,1.0,14.084507042253522,7.042253521126761
064,TODOS OS SANTOS,2024,1.0,0.0,0.0,127,1.0,7.874015748031496,7.874015748031496
064,TODOS OS SANTOS,2025,1.0,1.0,0.0,126,0.0,7.936507936507936,0.0
065,CACHAMBI,2006,6.0,3.0,0.0,409,3.0,14.669926650366747,7.334963325183374
065,CACHAMBI,2007,9.0,7.0,1.0,399,1.0,22.55639097744361,2.506265664160401
065,CACHAMBI,2008,5.0,1.0,2.0,370,2.0,13.513513513513514,5.405405405405405
065,CACHAMBI,2009,4.0,2.0,1.0,367,1.0,10.899182561307901,2.7247956403269753
065,CACHAMBI,2010,5.0,3.0,0.0,380,2.0,13.157894736842104,5.263157894736842
065,CACHAMBI,2011,6.0,2.0,1.0,360,3.0,16.666666666666668,8.333333333333334
065,CACHAMBI,2012,6.0,4.0,1.0,378,1.0,15.873015873015872,2.6455026455026456
065,CACHAMBI,2013,2.0,1.0,0.0,427,1.0,4.68384074941452,2.34192037470726
065,CACHAMBI,2014,5.0,1.0,2.0,422,2.0,11.848341232227487,4.739336492890995
065,CACHAMBI,2015,2.0,0.0,2.0,371,0.0,5.3908355795148255,0.0
065,CACHAMBI,2016,8.0,2.0,1.0,377,5.0,21.220159151193634,13.262599469496022
065,CACHAMBI,2017,0.0,0.0,0.0,374,0.0,0.0,0.0
065,CACHAMBI,2018,2.0,2.0,0.0,399,0.0,5.012531328320802,0.0
065,CACHAMBI,2019,5.0,4.0,0.0,341,1.0,14.66275659824047,2.932551319648094
065,CACHAMBI,2020,2.0,1.0,0.0,330,1.0,6.0606060606060606,3.0303030303030303
065,CACHAMBI,2021,2.0,1.0,1.0,316,0.0,6.329113924050633,0.0
065,CACHAMBI,2022,3.0,1.0,2.0,306,0.0,9.803921568627452,0.0
065,CACHAMBI,2023,4.0,3.0,1.0,294,0.0,13.605442176870747,0.0
065,CACHAMBI,2024,1.0,1.0,0.0,273,0.0,3.663003663003663,0.0
065,CACHAMBI,2025,3.0,0.0,2.0,274,1.0,10.948905109489052,3.6496350364963503
066,ENGENHO DE DENTRO,2006,5.0,3.0,0.0,551,2.0,9.074410163339383,3.629764065335753
066,ENGENHO DE DENTRO,2007,9.0,2.0,3.0,561,4.0,16.0427807486631,7.1301247771836005
066,ENGENHO DE DENTRO,2008,4.0,2.0,1.0,550,1.0,7.2727272727272725,1.8181818181818181
066,ENGENHO DE DENTRO,2009,7.0,3.0,1.0,535,3.0,13.08411214953271,5.607476635514018
066,ENGENHO DE DENTRO,2010,4.0,2.0,0.0,538,2.0,7.434944237918216,3.717472118959108
066,ENGENHO DE DENTRO,2011,8.0,5.0,0.0,531,3.0,15.065913370998116,5.649717514124294
066,ENGENHO DE DENTRO,2012,4.0,1.0,1.0,548,2.0,7.299270072992701,3.6496350364963503
066,ENGENHO DE DENTRO,2013,7.0,4.0,1.0,546,2.0,12.82051282051282,3.663003663003663
066,ENGENHO DE DENTRO,2014,5.0,2.0,2.0,592,1.0,8.445945945945946,1.6891891891891893
066,ENGENHO DE DENTRO,2015,8.0,3.0,0.0,610,5.0,13.114754098360656,8.196721311475411
066,ENGENHO DE DENTRO,2016,7.0,5.0,0.0,597,2.0,11.725293132328307,3.3500837520938025
066,ENGENHO DE DENTRO,2017,14.0,9.0,0.0,599,5.0,23.37228714524207,8.347245409015025
066,ENGENHO DE DENTRO,2018,6.0,2.0,0.0,556,4.0,10.79136690647482,7.194244604316547
066,ENGENHO DE DENTRO,2019,3.0,0.0,0.0,515,3.0,5.825242718446602,5.825242718446602
066,ENGENHO DE DENTRO,2020,9.0,4.0,2.0,494,3.0,18.218623481781375,6.0728744939271255
066,ENGENHO DE DENTRO,2021,3.0,1.0,2.0,424,0.0,7.0754716981132075,0.0
066,ENGENHO DE DENTRO,2022,6.0,2.0,2.0,393,2.0,15.267175572519083,5.089058524173028
066,ENGENHO DE DENTRO,2023,4.0,3.0,0.0,366,1.0,10.92896174863388,2.73224043715847
066,ENGENHO DE DENTRO,2024,0.0,0.0,0.0,341,0.0,0.0,0.0
066,ENGENHO DE DENTRO,2025,3.0,0.0,0.0,351,3.0,8.547008547008549,8.547008547008549
067,AGUA SANTA,2006,0.0,0.0,0.0,88,0.0,0.0,0.0
067,AGUA SANTA,2007,1.0,0.0,0.0,101,1.0,9.900990099009901,9.900990099009901
067,AGUA SANTA,2008,2.0,1.0,0.0,115,1.0,17.391304347826086,8.695652173913043
067,AGUA SANTA,2009,1.0,0.0,0.0,82,1.0,12.195121951219512,12.195121951219512
067,AGUA SANTA,2010,1.0,0.0,0.0,81,1.0,12.345679012345679,12.345679012345679
067,AGUA SANTA,2011,3.0,0.0,1.0,83,2.0,36.144578313253014,24.096385542168676
067,AGUA SANTA,2012,2.0,1.0,0.0,81,1.0,24.691358024691358,12.345679012345679
067,AGUA SANTA,2013,0.0,0.0,0.0,85,0.0,0.0,0.0
067,AGUA SANTA,2014,0.0,0.0,0.0,93,0.0,0.0,0.0
067,AGUA SANTA,2015,1.0,1.0,0.0,83,0.0,12.048192771084338,0.0
067,AGUA SANTA,2016,1.0,0.0,0.0,96,1.0,10.416666666666666,10.416666666666666
067,AGUA SANTA,2017,2.0,0.0,0.0,69,2.0,28.985507246376812,28.985507246376812
067,AGUA SANTA,2018,4.0,2.0,1.0,97,1.0,41.23711340206186,10.309278350515465
067,AGUA SANTA,2019,1.0,1.0,0.0,79,0.0,12.658227848101266,0.0
067,AGUA SANTA,2020,1.0,1.0,0.0,69,0.0,14.492753623188406,0.0
067,AGUA SANTA,2021,1.0,1.0,0.0,60,0.0,16.666666666666668,0.0
067,AGUA SANTA,2022,0.0,0.0,0.0,69,0.0,0.0,0.0
067,AGUA SANTA,2023,0.0,0.0,0.0,54,0.0,0.0,0.0
067,AGUA SANTA,2024,3.0,2.0,0.0,57,1.0,52.63157894736842,17.543859649122805
067,AGUA SANTA,2025,1.0,1.0,0.0,57,0.0,17.543859649122805,0.0
068,ENCANTADO,2006,2.0,1.0,0.0,132,1.0,15.151515151515152,7.575757575757576
068,ENCANTADO,2007,2.0,2.0,0.0,159,0.0,12.578616352201259,0.0
068,ENCANTADO,2008,1.0,1.0,0.0,137,0.0,7.299270072992701,0.0
068,ENCANTADO,2009,0.0,0.0,0.0,134,0.0,0.0,0.0
068,ENCANTADO,2010,3.0,1.0,1.0,149,1.0,20.13422818791946,6.7114093959731544
068,ENCANTADO,2011,2.0,1.0,0.0,152,1.0,13.157894736842104,6.578947368421052
068,ENCANTADO,2012,1.0,1.0,0.0,142,0.0,7.042253521126761,0.0
068,ENCANTADO,2013,4.0,2.0,2.0,141,0.0,28.368794326241133,0.0
068,ENCANTADO,2014,0.0,0.0,0.0,137,0.0,0.0,0.0
068,ENCANTADO,2015,3.0,1.0,0.0,136,2.0,22.058823529411764,14.705882352941176
068,ENCANTADO,2016,3.0,0.0,2.0,142,1.0,21.12676056338028,7.042253521126761
068,ENCANTADO,2017,1.0,0.0,1.0,133,0.0,7.518796992481203,0.0
068,ENCANTADO,2018,1.0,1.0,0.0,153,0.0,6.5359477124183005,0.0
068,ENCANTADO,2019,1.0,1.0,0.0,109,0.0,9.174311926605505,0.0
068,ENCANTADO,2020,1.0,0.0,1.0,108,0.0,9.25925925925926,0.0
068,ENCANTADO,2021,0.0,0.0,0.0,96,0.0,0.0,0.0
068,ENCANTADO,2022,2.0,1.0,0.0,91,1.0,21.978021978021978,10.989010989010989
068,ENCANTADO,2023,0.0,0.0,0.0,93,0.0,0.0,0.0
068,ENCANTADO,2024,1.0,0.0,0.0,95,1.0,10.526315789473683,10.526315789473683
068,ENCANTADO,2025,1.0,1.0,0.0,81,0.0,12.345679012345679,0.0
069,PIEDADE,2006,7.0,4.0,0.0,585,3.0,11.965811965811966,5.128205128205129
069,PIEDADE,2007,5.0,1.0,2.0,494,2.0,10.121457489878543,4.048582995951417
069,PIEDADE,2008,5.0,1.0,1.0,546,3.0,9.157509157509159,5.4945054945054945
069,PIEDADE,2009,9.0,2.0,3.0,520,4.0,17.30769230769231,7.6923076923076925
069,PIEDADE,2010,5.0,2.0,0.0,484,3.0,10.330578512396695,6.198347107438017
069,PIEDADE,2011,5.0,2.0,0.0,528,3.0,9.46969696969697,5.681818181818182
069,PIEDADE,2012,13.0,6.0,2.0,515,5.0,25.24271844660194,9.70873786407767
069,PIEDADE,2013,11.0,6.0,2.0,515,3.0,21.359223300970875,5.825242718446602
069,PIEDADE,2014,7.0,1.0,4.0,579,2.0,12.089810017271159,3.454231433506045
069,PIEDADE,2015,6.0,3.0,0.0,592,3.0,10.135135135135135,5.0675675675675675
069,PIEDADE,2016,7.0,3.0,3.0,495,1.0,14.141414141414142,2.0202020202020203
069,PIEDADE,2017,5.0,1.0,0.0,537,4.0,9.31098696461825,7.4487895716946
069,PIEDADE,2018,6.0,4.0,2.0,475,0.0,12.631578947368421,0.0
069,PIEDADE,2019,10.0,6.0,1.0,437,3.0,22.88329519450801,6.864988558352402
069,PIEDADE,2020,0.0,0.0,0.0,421,0.0,0.0,0.0
069,PIEDADE,2021,2.0,2.0,0.0,368,0.0,5.434782608695652,0.0
069,PIEDADE,2022,2.0,1.0,0.0,347,1.0,5.763688760806916,2.881844380403458
069,PIEDADE,2023,4.0,2.0,1.0,375,1.0,10.666666666666666,2.6666666666666665
069,PIEDADE,2024,4.0,1.0,2.0,338,1.0,11.834319526627219,2.9585798816568047
069,PIEDADE,2025,3.0,2.0,0.0,328,1.0,9.146341463414634,3.048780487804878
070,ABOLICAO,2006,6.0,4.0,0.0,169,2.0,35.50295857988166,11.834319526627219
070,ABOLICAO,2007,3.0,2.0,1.0,153,0.0,19.607843137254903,0.0
070,ABOLICAO,2008,2.0,1.0,0.0,166,1.0,12.048192771084338,6.024096385542169
070,ABOLICAO,2009,0.0,0.0,0.0,178,0.0,0.0,0.0
070,ABOLICAO,2010,1.0,1.0,0.0,147,0.0,6.802721088435374,0.0
070,ABOLICAO,2011,1.0,1.0,0.0,144,0.0,6.944444444444444,0.0
070,ABOLICAO,2012,1.0,0.0,0.0,125,1.0,8.0,8.0
070,ABOLICAO,2013,0.0,0.0,0.0,135,0.0,0.0,0.0
070,ABOLICAO,2014,0.0,0.0,0.0,148,0.0,0.0,0.0
070,ABOLICAO,2015,0.0,0.0,0.0,135,0.0,0.0,0.0
070,ABOLICAO,2016,1.0,0.0,0.0,122,1.0,8.196721311475411,8.196721311475411
070,ABOLICAO,2017,2.0,1.0,0.0,118,1.0,16.949152542372882,8.474576271186441
070,ABOLICAO,2018,0.0,0.0,0.0,85,0.0,0.0,0.0
070,ABOLICAO,2019,1.0,1.0,0.0,113,0.0,8.849557522123893,0.0
070,ABOLICAO,2020,1.0,0.0,0.0,80,1.0,12.5,12.5
070,ABOLICAO,2021,1.0,1.0,0.0,92,0.0,10.869565217391305,0.0
070,ABOLICAO,2022,0.0,0.0,0.0,98,0.0,0.0,0.0
070,ABOLICAO,2023,0.0,0.0,0.0,86,0.0,0.0,0.0
070,ABOLICAO,2024,0.0,0.0,0.0,75,0.0,0.0,0.0
070,ABOLICAO,2025,2.0,1.0,0.0,109,1.0,18.34862385321101,9.174311926605505
071,PILARES,2006,1.0,0.0,1.0,353,0.0,2.8328611898017,0.0
071,PILARES,2007,5.0,4.0,0.0,368,1.0,13.58695652173913,2.717391304347826
071,PILARES,2008,7.0,5.0,0.0,296,2.0,23.64864864864865,6.756756756756757
071,PILARES,2009,3.0,1.0,0.0,373,2.0,8.04289544235925,5.361930294906166
071,PILARES,2010,4.0,3.0,0.0,343,1.0,11.661807580174926,2.9154518950437316
071,PILARES,2011,3.0,3.0,0.0,325,0.0,9.230769230769232,0.0
071,PILARES,2012,6.0,4.0,0.0,354,2.0,16.949152542372882,5.649717514124294
071,PILARES,2013,2.0,1.0,0.0,352,1.0,5.681818181818182,2.840909090909091
071,PILARES,2014,6.0,2.0,1.0,376,3.0,15.957446808510637,7.978723404255319
071,PILARES,2015,4.0,2.0,1.0,322,1.0,12.422360248447204,3.105590062111801
071,PILARES,2016,4.0,4.0,0.0,330,0.0,12.121212121212121,0.0
071,PILARES,2017,4.0,1.0,2.0,311,1.0,12.861736334405144,3.215434083601286
071,PILARES,2018,1.0,1.0,0.0,307,0.0,3.257328990228013,0.0
071,PILARES,2019,6.0,4.0,1.0,317,1.0,18.92744479495268,3.1545741324921135
071,PILARES,2020,2.0,0.0,1.0,252,1.0,7.936507936507936,3.968253968253968
071,PILARES,2021,7.0,5.0,1.0,231,1.0,30.303030303030305,4.329004329004329
071,PILARES,2022,3.0,2.0,0.0,229,1.0,13.100436681222707,4.366812227074235
071,PILARES,2023,7.0,2.0,2.0,230,3.0,30.434782608695652,13.043478260869565
071,PILARES,2024,4.0,1.0,2.0,201,1.0,19.90049751243781,4.975124378109452
071,PILARES,2025,2.0,1.0,0.0,191,1.0,10.471204188481677,5.235602094240838
072,VILA KOSMOS,2006,0.0,0.0,0.0,109,0.0,0.0,0.0
072,VILA KOSMOS,2007,2.0,2.0,0.0,103,0.0,19.41747572815534,0.0
072,VILA KOSMOS,2008,3.0,0.0,0.0,93,3.0,32.25806451612903,32.25806451612903
072,VILA KOSMOS,2009,0.0,0.0,0.0,98,0.0,0.0,0.0
072,VILA KOSMOS,2010,0.0,0.0,0.0,81,0.0,0.0,0.0
072,VILA KOSMOS,2011,0.0,0.0,0.0,105,0.0,0.0,0.0
072,VILA KOSMOS,2012,1.0,0.0,0.0,107,1.0,9.345794392523365,9.345794392523365
072,VILA KOSMOS,2013,2.0,1.0,1.0,116,0.0,17.241379310344826,0.0
072,VILA KOSMOS,2014,1.0,1.0,0.0,118,0.0,8.474576271186441,0.0
072,VILA KOSMOS,2015,3.0,1.0,0.0,130,2.0,23.076923076923077,15.384615384615385
072,VILA KOSMOS,2016,2.0,2.0,0.0,122,0.0,16.393442622950822,0.0
072,VILA KOSMOS,2017,4.0,3.0,0.0,124,1.0,32.25806451612903,8.064516129032258
072,VILA KOSMOS,2018,3.0,0.0,1.0,168,2.0,17.857142857142858,11.904761904761903
072,VILA KOSMOS,2019,3.0,0.0,0.0,101,3.0,29.7029702970297,29.7029702970297
072,VILA KOSMOS,2020,0.0,0.0,0.0,126,0.0,0.0,0.0
072,VILA KOSMOS,2021,1.0,0.0,1.0,123,0.0,8.130081300813009,0.0
072,VILA KOSMOS,2022,3.0,0.0,0.0,108,3.0,27.777777777777775,27.777777777777775
072,VILA KOSMOS,2023,2.0,1.0,0.0,115,1.0,17.391304347826086,8.695652173913043
072,VILA KOSMOS,2024,1.0,1.0,0.0,88,0.0,11.363636363636363,0.0
072,VILA KOSMOS,2025,1.0,0.0,0.0,109,1.0,9.174311926605505,9.174311926605505
073,VICENTE DE CARVALHO,2006,5.0,2.0,0.0,359,3.0,13.927576601671309,8.356545961002785
073,VICENTE DE CARVALHO,2007,3.0,1.0,1.0,340,1.0,8.823529411764707,2.941176470588235
073,VICENTE DE CARVALHO,2008,6.0,2.0,1.0,325,3.0,18.461538461538463,9.230769230769232
073,VICENTE DE CARVALHO,2009,6.0,2.0,1.0,287,3.0,20.905923344947738,10.452961672473869
073,VICENTE DE CARVALHO,2010,6.0,3.0,1.0,326,2.0,18.404907975460123,6.134969325153374
073,VICENTE DE CARVALHO,2011,6.0,2.0,0.0,312,4.0,19.230769230769234,12.82051282051282
073,VICENTE DE CARVALHO,2012,5.0,4.0,1.0,331,0.0,15.105740181268883,0.0
073,VICENTE DE CARVALHO,2013,10.0,4.0,1.0,335,5.0,29.850746268656717,14.925373134328359
073,VICENTE DE CARVALHO,2014,5.0,3.0,0.0,336,2.0,14.88095238095238,5.952380952380952
073,VICENTE DE CARVALHO,2015,2.0,1.0,0.0,348,1.0,5.747126436781609,2.8735632183908044
073,VICENTE DE CARVALHO,2016,1.0,1.0,0.0,309,0.0,3.236245954692557,0.0
073,VICENTE DE CARVALHO,2017,1.0,0.0,0.0,360,1.0,2.7777777777777777,2.7777777777777777
073,VICENTE DE CARVALHO,2018,4.0,2.0,2.0,324,0.0,12.345679012345679,0.0
073,VICENTE DE CARVALHO,2019,9.0,4.0,3.0,303,2.0,29.7029702970297,6.600660066006601
073,VICENTE DE CARVALHO,2020,3.0,1.0,1.0,239,1.0,12.552301255230125,4.184100418410042
073,VICENTE DE CARVALHO,2021,4.0,1.0,1.0,222,2.0,18.01801801801802,9.00900900900901
073,VICENTE DE CARVALHO,2022,2.0,0.0,0.0,235,2.0,8.51063829787234,8.51063829787234
073,VICENTE DE CARVALHO,2023,1.0,1.0,0.0,207,0.0,4.830917874396135,0.0
073,VICENTE DE CARVALHO,2024,2.0,2.0,0.0,167,0.0,11.976047904191617,0.0
073,VICENTE DE CARVALHO,2025,1.0,1.0,0.0,189,0.0,5.291005291005291,0.0
074,VILA DA PENHA,2006,5.0,4.0,0.0,527,1.0,9.487666034155597,1.8975332068311195
074,VILA DA PENHA,2007,4.0,1.0,1.0,541,2.0,7.393715341959335,3.6968576709796674
074,VILA DA PENHA,2008,4.0,1.0,1.0,460,2.0,8.695652173913043,4.3478260869565215
074,VILA DA PENHA,2009,5.0,2.0,1.0,486,2.0,10.2880658436214,4.11522633744856
074,VILA DA PENHA,2010,6.0,2.0,3.0,502,1.0,11.952191235059761,1.9920318725099602
074,VILA DA PENHA,2011,4.0,3.0,0.0,439,1.0,9.111617312072893,2.277904328018223
074,VILA DA PENHA,2012,4.0,0.0,1.0,463,3.0,8.639308855291578,6.479481641468682
074,VILA DA PENHA,2013,4.0,3.0,1.0,515,0.0,7.766990291262136,0.0
074,VILA DA PENHA,2014,1.0,1.0,0.0,426,0.0,2.347417840375587,0.0
074,VILA DA PENHA,2015,0.0,0.0,0.0,286,0.0,0.0,0.0
074,VILA DA PENHA,2016,0.0,0.0,0.0,237,0.0,0.0,0.0
074,VILA DA PENHA,2017,0.0,0.0,0.0,240,0.0,0.0,0.0
074,VILA DA PENHA,2018,0.0,0.0,0.0,247,0.0,0.0,0.0
074,VILA DA PENHA,2019,3.0,2.0,1.0,317,0.0,9.46372239747634,0.0
074,VILA DA PENHA,2020,1.0,1.0,0.0,241,0.0,4.149377593360996,0.0
074,VILA DA PENHA,2021,4.0,4.0,0.0,182,0.0,21.978021978021978,0.0
074,VILA DA PENHA,2022,2.0,1.0,1.0,161,0.0,12.422360248447204,0.0
074,VILA DA PENHA,2023,2.0,1.0,0.0,134,1.0,14.925373134328359,7.462686567164179
074,VILA DA PENHA,2024,0.0,0.0,0.0,128,0.0,0.0,0.0
074,VILA DA PENHA,2025,0.0,0.0,0.0,148,0.0,0.0,0.0
075,VISTA ALEGRE,2006,2.0,0.0,1.0,219,1.0,9.1324200913242,4.5662100456621
075,VISTA ALEGRE,2007,5.0,4.0,0.0,191,1.0,26.17801047120419,5.235602094240838
075,VISTA ALEGRE,2008,2.0,1.0,0.0,192,1.0,10.416666666666666,5.208333333333333
075,VISTA ALEGRE,2009,0.0,0.0,0.0,190,0.0,0.0,0.0
075,VISTA ALEGRE,2010,0.0,0.0,0.0,199,0.0,0.0,0.0
075,VISTA ALEGRE,2011,0.0,0.0,0.0,189,0.0,0.0,0.0
075,VISTA ALEGRE,2012,3.0,2.0,0.0,144,1.0,20.833333333333332,6.944444444444444
075,VISTA ALEGRE,2013,3.0,1.0,1.0,162,1.0,18.51851851851852,6.172839506172839
075,VISTA ALEGRE,2014,5.0,4.0,0.0,157,1.0,31.84713375796178,6.369426751592357
075,VISTA ALEGRE,2015,1.0,1.0,0.0,93,0.0,10.752688172043012,0.0
075,VISTA ALEGRE,2016,3.0,1.0,0.0,120,2.0,25.0,16.666666666666668
075,VISTA ALEGRE,2017,1.0,1.0,0.0,99,0.0,10.101010101010102,0.0
075,VISTA ALEGRE,2018,1.0,1.0,0.0,91,0.0,10.989010989010989,0.0
075,VISTA ALEGRE,2019,0.0,0.0,0.0,120,0.0,0.0,0.0
075,VISTA ALEGRE,2020,1.0,1.0,0.0,84,0.0,11.904761904761903,0.0
075,VISTA ALEGRE,2021,1.0,1.0,0.0,58,0.0,17.241379310344826,0.0
075,VISTA ALEGRE,2022,1.0,0.0,0.0,55,1.0,18.18181818181818,18.18181818181818
075,VISTA ALEGRE,2023,1.0,0.0,0.0,75,1.0,13.333333333333334,13.333333333333334
075,VISTA ALEGRE,2024,1.0,1.0,0.0,51,0.0,19.607843137254903,0.0
075,VISTA ALEGRE,2025,0.0,0.0,0.0,50,0.0,0.0,0.0
076,IRAJA,2006,17.0,6.0,4.0,1217,7.0,13.968775677896467,5.7518488085456045
076,IRAJA,2007,24.0,16.0,0.0,1194,8.0,20.100502512562816,6.700167504187605
076,IRAJA,2008,18.0,7.0,3.0,1129,8.0,15.943312666076174,7.085916740478299
076,IRAJA,2009,8.0,5.0,1.0,1135,2.0,7.048458149779736,1.762114537444934
076,IRAJA,2010,24.0,13.0,2.0,1094,9.0,21.937842778793417,8.226691042047532
076,IRAJA,2011,16.0,11.0,1.0,1191,4.0,13.43408900083963,3.3585222502099077
076,IRAJA,2012,16.0,10.0,3.0,1172,3.0,13.651877133105803,2.5597269624573378
076,IRAJA,2013,17.0,8.0,5.0,1147,4.0,14.821272885789014,3.4873583260680037
076,IRAJA,2014,14.0,5.0,4.0,1227,5.0,11.409942950285249,4.074979625101874
076,IRAJA,2015,18.0,10.0,3.0,1181,5.0,15.241320914479255,4.233700254022015
076,IRAJA,2016,11.0,2.0,4.0,1081,5.0,10.175763182238668,4.6253469010175765
076,IRAJA,2017,10.0,4.0,2.0,1002,4.0,9.980039920159681,3.992015968063872
076,IRAJA,2018,10.0,7.0,1.0,1006,2.0,9.940357852882704,1.9880715705765406
076,IRAJA,2019,16.0,9.0,3.0,923,4.0,17.33477789815818,4.333694474539545
076,IRAJA,2020,2.0,1.0,1.0,847,0.0,2.3612750885478158,0.0
076,IRAJA,2021,11.0,3.0,0.0,847,8.0,12.987012987012989,9.445100354191263
076,IRAJA,2022,11.0,7.0,1.0,829,3.0,13.268998793727382,3.6188178528347406
076,IRAJA,2023,10.0,6.0,1.0,786,3.0,12.72264631043257,3.8167938931297707
076,IRAJA,2024,7.0,3.0,0.0,682,4.0,10.263929618768328,5.865102639296188
076,IRAJA,2025,9.0,3.0,1.0,683,5.0,13.177159590043924,7.320644216691069
077,COLEGIO,2006,8.0,3.0,3.0,396,2.0,20.202020202020204,5.050505050505051
077,COLEGIO,2007,5.0,1.0,1.0,429,3.0,11.655011655011656,6.993006993006993
077,COLEGIO,2008,7.0,4.0,2.0,397,1.0,17.632241813602015,2.5188916876574305
077,COLEGIO,2009,5.0,2.0,1.0,424,2.0,11.79245283018868,4.716981132075471
077,COLEGIO,2010,6.0,4.0,1.0,410,1.0,14.634146341463415,2.4390243902439024
077,COLEGIO,2011,5.0,1.0,0.0,427,4.0,11.7096018735363,9.36768149882904
077,COLEGIO,2012,4.0,2.0,1.0,441,1.0,9.070294784580499,2.2675736961451247
077,COLEGIO,2013,5.0,3.0,0.0,433,2.0,11.547344110854503,4.618937644341801
077,COLEGIO,2014,9.0,9.0,0.0,451,0.0,19.955654101995563,0.0
077,COLEGIO,2015,2.0,1.0,0.0,439,1.0,4.555808656036446,2.277904328018223
077,COLEGIO,2016,4.0,2.0,1.0,424,1.0,9.433962264150942,2.3584905660377355
077,COLEGIO,2017,5.0,2.0,1.0,435,2.0,11.494252873563218,4.597701149425287
077,COLEGIO,2018,8.0,3.0,2.0,432,3.0,18.51851851851852,6.944444444444444
077,COLEGIO,2019,5.0,4.0,1.0,351,0.0,14.245014245014245,0.0
077,COLEGIO,2020,6.0,3.0,0.0,346,3.0,17.341040462427745,8.670520231213873
077,COLEGIO,2021,5.0,2.0,0.0,354,3.0,14.124293785310734,8.474576271186441
077,COLEGIO,2022,9.0,4.0,2.0,350,3.0,25.714285714285715,8.571428571428571
077,COLEGIO,2023,8.0,5.0,2.0,321,1.0,24.922118380062305,3.115264797507788
077,COLEGIO,2024,4.0,1.0,2.0,276,1.0,14.492753623188406,3.6231884057971016
077,COLEGIO,2025,6.0,4.0,0.0,292,2.0,20.54794520547945,6.8493150684931505
078,CAMPINHO,2006,3.0,3.0,0.0,205,0.0,14.634146341463415,0.0
078,CAMPINHO,2007,3.0,2.0,1.0,196,0.0,15.306122448979592,0.0
078,CAMPINHO,2008,3.0,1.0,2.0,223,0.0,13.45291479820628,0.0
078,CAMPINHO,2009,0.0,0.0,0.0,203,0.0,0.0,0.0
078,CAMPINHO,2010,3.0,3.0,0.0,193,0.0,15.544041450777202,0.0
078,CAMPINHO,2011,1.0,1.0,0.0,195,0.0,5.128205128205129,0.0
078,CAMPINHO,2012,0.0,0.0,0.0,210,0.0,0.0,0.0
078,CAMPINHO,2013,0.0,0.0,0.0,219,0.0,0.0,0.0
078,CAMPINHO,2014,2.0,0.0,0.0,213,2.0,9.389671361502348,9.389671361502348
078,CAMPINHO,2015,1.0,1.0,0.0,157,0.0,6.369426751592357,0.0
078,CAMPINHO,2016,1.0,1.0,0.0,170,0.0,5.88235294117647,0.0
078,CAMPINHO,2017,0.0,0.0,0.0,164,0.0,0.0,0.0
078,CAMPINHO,2018,4.0,2.0,1.0,159,1.0,25.157232704402517,6.289308176100629
078,CAMPINHO,2019,3.0,2.0,0.0,171,1.0,17.543859649122805,5.847953216374268
078,CAMPINHO,2020,0.0,0.0,0.0,144,0.0,0.0,0.0
078,CAMPINHO,2021,1.0,0.0,0.0,113,1.0,8.849557522123893,8.849557522123893
078,CAMPINHO,2022,3.0,1.0,1.0,100,1.0,30.0,10.0
078,CAMPINHO,2023,2.0,1.0,0.0,107,1.0,18.69158878504673,9.345794392523365
078,CAMPINHO,2024,4.0,2.0,0.0,89,2.0,44.9438202247191,22.47191011235955
078,CAMPINHO,2025,2.0,1.0,1.0,95,0.0,21.052631578947366,0.0
079,QUINTINO BOCAIUVA,2006,6.0,3.0,0.0,336,3.0,17.857142857142858,8.928571428571429
079,QUINTINO BOCAIUVA,2007,3.0,1.0,0.0,303,2.0,9.900990099009901,6.600660066006601
079,QUINTINO BOCAIUVA,2008,5.0,2.0,0.0,309,3.0,16.181229773462782,9.70873786407767
079,QUINTINO BOCAIUVA,2009,4.0,2.0,0.0,299,2.0,13.377926421404682,6.688963210702341
079,QUINTINO BOCAIUVA,2010,4.0,1.0,1.0,337,2.0,11.869436201780417,5.934718100890208
079,QUINTINO BOCAIUVA,2011,4.0,1.0,1.0,342,2.0,11.695906432748536,5.847953216374268
079,QUINTINO BOCAIUVA,2012,6.0,0.0,2.0,334,4.0,17.964071856287426,11.976047904191617
079,QUINTINO BOCAIUVA,2013,2.0,2.0,0.0,385,0.0,5.194805194805195,0.0
079,QUINTINO BOCAIUVA,2014,3.0,0.0,2.0,386,1.0,7.772020725388601,2.5906735751295336
079,QUINTINO BOCAIUVA,2015,2.0,0.0,1.0,406,1.0,4.926108374384237,2.4630541871921183
079,QUINTINO BOCAIUVA,2016,5.0,2.0,0.0,362,3.0,13.812154696132596,8.287292817679557
079,QUINTINO BOCAIUVA,2017,2.0,1.0,1.0,353,0.0,5.6657223796034,0.0
079,QUINTINO BOCAIUVA,2018,7.0,6.0,1.0,346,0.0,20.23121387283237,0.0
079,QUINTINO BOCAIUVA,2019,3.0,1.0,1.0,273,1.0,10.989010989010989,3.663003663003663
079,QUINTINO BOCAIUVA,2020,3.0,1.0,2.0,270,0.0,11.11111111111111,0.0
079,QUINTINO BOCAIUVA,2021,5.0,0.0,2.0,235,3.0,21.27659574468085,12.76595744680851
079,QUINTINO BOCAIUVA,2022,4.0,2.0,1.0,243,1.0,16.46090534979424,4.11522633744856
079,QUINTINO BOCAIUVA,2023,2.0,1.0,0.0,219,1.0,9.1324200913242,4.5662100456621
079,QUINTINO BOCAIUVA,2024,3.0,1.0,1.0,212,1.0,14.150943396226415,4.716981132075471
079,QUINTINO BOCAIUVA,2025,1.0,0.0,0.0,202,1.0,4.9504950495049505,4.9504950495049505
080,CAVALCANTE,2006,2.0,1.0,0.0,237,1.0,8.438818565400844,4.219409282700422
080,CAVALCANTE,2007,5.0,3.0,1.0,200,1.0,25.0,5.0
080,CAVALCANTE,2008,6.0,3.0,2.0,215,1.0,27.906976744186046,4.651162790697675
080,CAVALCANTE,2009,4.0,2.0,1.0,220,1.0,18.18181818181818,4.545454545454545
080,CAVALCANTE,2010,4.0,2.0,0.0,228,2.0,17.543859649122805,8.771929824561402
080,CAVALCANTE,2011,2.0,1.0,0.0,203,1.0,9.852216748768473,4.926108374384237
080,CAVALCANTE,2012,1.0,0.0,0.0,217,1.0,4.608294930875576,4.608294930875576
080,CAVALCANTE,2013,4.0,1.0,2.0,211,1.0,18.95734597156398,4.739336492890995
080,CAVALCANTE,2014,0.0,0.0,0.0,227,0.0,0.0,0.0
080,CAVALCANTE,2015,2.0,1.0,0.0,268,1.0,7.462686567164179,3.7313432835820897
080,CAVALCANTE,2016,4.0,3.0,0.0,219,1.0,18.2648401826484,4.5662100456621
080,CAVALCANTE,2017,4.0,1.0,1.0,213,2.0,18.779342723004696,9.389671361502348
080,CAVALCANTE,2018,4.0,1.0,1.0,225,2.0,17.77777777777778,8.88888888888889
080,CAVALCANTE,2019,6.0,5.0,0.0,194,1.0,30.927835051546392,5.154639175257732
080,CAVALCANTE,2020,4.0,1.0,3.0,192,0.0,20.833333333333332,0.0
080,CAVALCANTE,2021,2.0,0.0,0.0,163,2.0,12.269938650306749,12.269938650306749
080,CAVALCANTE,2022,4.0,3.0,0.0,157,1.0,25.477707006369428,6.369426751592357
080,CAVALCANTE,2023,4.0,0.0,1.0,153,3.0,26.143790849673202,19.607843137254903
080,CAVALCANTE,2024,2.0,0.0,1.0,143,1.0,13.986013986013987,6.993006993006993
080,CAVALCANTE,2025,2.0,1.0,1.0,145,0.0,13.793103448275861,0.0
081,ENGENHEIRO LEAL,2006,0.0,0.0,0.0,42,0.0,0.0,0.0
081,ENGENHEIRO LEAL,2007,0.0,0.0,0.0,37,0.0,0.0,0.0
081,ENGENHEIRO LEAL,2008,0.0,0.0,0.0,41,0.0,0.0,0.0
081,ENGENHEIRO LEAL,2009,1.0,0.0,1.0,48,0.0,20.833333333333332,0.0
081,ENGENHEIRO LEAL,2010,1.0,1.0,0.0,49,0.0,20.408163265306122,0.0
081,ENGENHEIRO LEAL,2011,2.0,1.0,0.0,42,1.0,47.61904761904761,23.809523809523807
081,ENGENHEIRO LEAL,2012,0.0,0.0,0.0,80,0.0,0.0,0.0
081,ENGENHEIRO LEAL,2013,1.0,1.0,0.0,45,0.0,22.22222222222222,0.0
081,ENGENHEIRO LEAL,2014,1.0,0.0,1.0,49,0.0,20.408163265306122,0.0
081,ENGENHEIRO LEAL,2015,0.0,0.0,0.0,86,0.0,0.0,0.0
081,ENGENHEIRO LEAL,2016,3.0,2.0,0.0,70,1.0,42.857142857142854,14.285714285714285
081,ENGENHEIRO LEAL,2017,1.0,1.0,0.0,65,0.0,15.384615384615385,0.0
081,ENGENHEIRO LEAL,2018,1.0,1.0,0.0,61,0.0,16.393442622950822,0.0
081,ENGENHEIRO LEAL,2019,0.0,0.0,0.0,71,0.0,0.0,0.0
081,ENGENHEIRO LEAL,2020,1.0,1.0,0.0,75,0.0,13.333333333333334,0.0
081,ENGENHEIRO LEAL,2021,1.0,0.0,0.0,61,1.0,16.393442622950822,16.393442622950822
081,ENGENHEIRO LEAL,2022,2.0,1.0,1.0,66,0.0,30.303030303030305,0.0
081,ENGENHEIRO LEAL,2023,1.0,0.0,0.0,70,1.0,14.285714285714285,14.285714285714285
081,ENGENHEIRO LEAL,2024,2.0,0.0,0.0,46,2.0,43.47826086956522,43.47826086956522
081,ENGENHEIRO LEAL,2025,1.0,1.0,0.0,51,0.0,19.607843137254903,0.0
082,CASCADURA,2006,6.0,2.0,0.0,414,4.0,14.492753623188406,9.66183574879227
082,CASCADURA,2007,8.0,3.0,3.0,417,2.0,19.184652278177456,4.796163069544364
082,CASCADURA,2008,6.0,2.0,1.0,400,3.0,15.0,7.5
082,CASCADURA,2009,4.0,3.0,0.0,471,1.0,8.492569002123142,2.1231422505307855
082,CASCADURA,2010,13.0,6.0,2.0,426,5.0,30.516431924882628,11.737089201877934
082,CASCADURA,2011,2.0,1.0,1.0,430,0.0,4.651162790697675,0.0
082,CASCADURA,2012,2.0,1.0,0.0,435,1.0,4.597701149425287,2.2988505747126435
082,CASCADURA,2013,6.0,4.0,0.0,448,2.0,13.392857142857142,4.464285714285714
082,CASCADURA,2014,2.0,1.0,1.0,416,0.0,4.807692307692308,0.0
082,CASCADURA,2015,5.0,3.0,0.0,450,2.0,11.11111111111111,4.444444444444445
082,CASCADURA,2016,10.0,2.0,0.0,393,8.0,25.44529262086514,20.356234096692113
082,CASCADURA,2017,4.0,3.0,0.0,446,1.0,8.968609865470851,2.242152466367713
082,CASCADURA,2018,10.0,4.0,4.0,378,2.0,26.455026455026452,5.291005291005291
082,CASCADURA,2019,5.0,2.0,1.0,378,2.0,13.227513227513226,5.291005291005291
082,CASCADURA,2020,3.0,2.0,0.0,329,1.0,9.11854103343465,3.0395136778115504
082,CASCADURA,2021,3.0,2.0,0.0,294,1.0,10.204081632653061,3.401360544217687
082,CASCADURA,2022,5.0,3.0,0.0,304,2.0,16.44736842105263,6.578947368421052
082,CASCADURA,2023,6.0,1.0,3.0,293,2.0,20.477815699658702,6.825938566552901
082,CASCADURA,2024,3.0,2.0,0.0,254,1.0,11.811023622047244,3.937007874015748
082,CASCADURA,2025,4.0,3.0,1.0,243,0.0,16.46090534979424,0.0
083,MADUREIRA,2006,13.0,9.0,2.0,901,2.0,14.428412874583795,2.2197558268590454
083,MADUREIRA,2007,10.0,6.0,0.0,808,4.0,12.376237623762377,4.9504950495049505
083,MADUREIRA,2008,13.0,6.0,0.0,821,7.0,15.834348355663822,8.526187576126675
083,MADUREIRA,2009,11.0,7.0,3.0,795,1.0,13.836477987421384,1.2578616352201257
083,MADUREIRA,2010,7.0,5.0,0.0,792,2.0,8.838383838383837,2.5252525252525255
083,MADUREIRA,2011,11.0,6.0,1.0,888,4.0,12.387387387387388,4.504504504504505
083,MADUREIRA,2012,11.0,5.0,3.0,890,3.0,12.359550561797754,3.370786516853933
083,MADUREIRA,2013,12.0,5.0,1.0,740,6.0,16.216216216216218,8.108108108108109
083,MADUREIRA,2014,9.0,3.0,1.0,765,5.0,11.76470588235294,6.5359477124183005
083,MADUREIRA,2015,13.0,3.0,3.0,739,7.0,17.591339648173207,9.472259810554805
083,MADUREIRA,2016,8.0,3.0,0.0,687,5.0,11.644832605531295,7.278020378457059
083,MADUREIRA,2017,7.0,5.0,1.0,665,1.0,10.526315789473683,1.5037593984962407
083,MADUREIRA,2018,7.0,3.0,2.0,588,2.0,11.904761904761903,3.401360544217687
083,MADUREIRA,2019,6.0,1.0,2.0,626,3.0,9.584664536741213,4.792332268370607
083,MADUREIRA,2020,3.0,2.0,1.0,543,0.0,5.524861878453039,0.0
083,MADUREIRA,2021,10.0,5.0,1.0,469,4.0,21.321961620469082,8.528784648187633
083,MADUREIRA,2022,5.0,3.0,1.0,462,1.0,10.822510822510822,2.1645021645021645
083,MADUREIRA,2023,8.0,2.0,1.0,383,5.0,20.887728459530027,13.054830287206265
083,MADUREIRA,2024,10.0,7.0,1.0,395,2.0,25.31645569620253,5.063291139240507
083,MADUREIRA,2025,5.0,1.0,2.0,378,2.0,13.227513227513226,5.291005291005291
084,VAZ LOBO,2006,6.0,6.0,0.0,271,0.0,22.14022140221402,0.0
084,VAZ LOBO,2007,0.0,0.0,0.0,266,0.0,0.0,0.0
084,VAZ LOBO,2008,2.0,1.0,0.0,269,1.0,7.434944237918216,3.717472118959108
084,VAZ LOBO,2009,0.0,0.0,0.0,267,0.0,0.0,0.0
084,VAZ LOBO,2010,3.0,2.0,0.0,249,1.0,12.048192771084338,4.016064257028112
084,VAZ LOBO,2011,2.0,1.0,0.0,231,1.0,8.658008658008658,4.329004329004329
084,VAZ LOBO,2012,2.0,0.0,1.0,219,1.0,9.1324200913242,4.5662100456621
084,VAZ LOBO,2013,3.0,2.0,0.0,234,1.0,12.82051282051282,4.273504273504274
084,VAZ LOBO,2014,5.0,3.0,0.0,230,2.0,21.73913043478261,8.695652173913043
084,VAZ LOBO,2015,0.0,0.0,0.0,243,0.0,0.0,0.0
084,VAZ LOBO,2016,4.0,2.0,1.0,234,1.0,17.094017094017097,4.273504273504274
084,VAZ LOBO,2017,2.0,2.0,0.0,211,0.0,9.47867298578199,0.0
084,VAZ LOBO,2018,3.0,2.0,0.0,213,1.0,14.084507042253522,4.694835680751174
084,VAZ LOBO,2019,6.0,2.0,0.0,207,4.0,28.985507246376812,19.32367149758454
084,VAZ LOBO,2020,5.0,2.0,1.0,198,2.0,25.252525252525253,10.101010101010102
084,VAZ LOBO,2021,5.0,1.0,1.0,189,3.0,26.455026455026452,15.873015873015872
084,VAZ LOBO,2022,2.0,1.0,0.0,155,1.0,12.903225806451612,6.451612903225806
084,VAZ LOBO,2023,2.0,1.0,0.0,155,1.0,12.903225806451612,6.451612903225806
084,VAZ LOBO,2024,3.0,2.0,1.0,133,0.0,22.55639097744361,0.0
084,VAZ LOBO,2025,3.0,0.0,1.0,139,2.0,21.58273381294964,14.388489208633095
085,TURIACU,2006,0.0,0.0,0.0,161,0.0,0.0,0.0
085,TURIACU,2007,1.0,0.0,1.0,161,0.0,6.211180124223602,0.0
085,TURIACU,2008,4.0,2.0,0.0,147,2.0,27.210884353741495,13.605442176870747
085,TURIACU,2009,3.0,3.0,0.0,168,0.0,17.857142857142858,0.0
085,TURIACU,2010,4.0,2.0,0.0,158,2.0,25.31645569620253,12.658227848101266
085,TURIACU,2011,0.0,0.0,0.0,194,0.0,0.0,0.0
085,TURIACU,2012,6.0,5.0,0.0,175,1.0,34.285714285714285,5.714285714285714
085,TURIACU,2013,2.0,1.0,0.0,171,1.0,11.695906432748536,5.847953216374268
085,TURIACU,2014,3.0,3.0,0.0,171,0.0,17.543859649122805,0.0
085,TURIACU,2015,3.0,2.0,0.0,190,1.0,15.789473684210527,5.263157894736842
085,TURIACU,2016,1.0,1.0,0.0,151,0.0,6.622516556291391,0.0
085,TURIACU,2017,5.0,3.0,1.0,221,1.0,22.62443438914027,4.524886877828055
085,TURIACU,2018,3.0,1.0,0.0,192,2.0,15.625,10.416666666666666
085,TURIACU,2019,7.0,3.0,1.0,149,3.0,46.97986577181208,20.13422818791946
085,TURIACU,2020,3.0,1.0,1.0,171,1.0,17.543859649122805,5.847953216374268
085,TURIACU,2021,0.0,0.0,0.0,146,0.0,0.0,0.0
085,TURIACU,2022,3.0,0.0,0.0,154,3.0,19.48051948051948,19.48051948051948
085,TURIACU,2023,5.0,1.0,2.0,140,2.0,35.714285714285715,14.285714285714285
085,TURIACU,2024,1.0,0.0,0.0,129,1.0,7.751937984496124,7.751937984496124
085,TURIACU,2025,1.0,0.0,0.0,136,1.0,7.352941176470588,7.352941176470588
086,ROCHA MIRANDA,2006,5.0,2.0,0.0,595,3.0,8.403361344537815,5.04201680672269
086,ROCHA MIRANDA,2007,5.0,3.0,0.0,589,2.0,8.488964346349746,3.395585738539898
086,ROCHA MIRANDA,2008,5.0,3.0,0.0,607,2.0,8.237232289950576,3.2948929159802307
086,ROCHA MIRANDA,2009,16.0,7.0,2.0,607,7.0,26.359143327841846,11.532125205930807
086,ROCHA MIRANDA,2010,6.0,3.0,1.0,558,2.0,10.752688172043012,3.5842293906810037
086,ROCHA MIRANDA,2011,6.0,2.0,2.0,551,2.0,10.88929219600726,3.629764065335753
086,ROCHA MIRANDA,2012,6.0,4.0,1.0,545,1.0,11.009174311926607,1.834862385321101
086,ROCHA MIRANDA,2013,8.0,2.0,4.0,593,2.0,13.490725126475548,3.372681281618887
086,ROCHA MIRANDA,2014,9.0,7.0,0.0,590,2.0,15.254237288135593,3.389830508474576
086,ROCHA MIRANDA,2015,7.0,6.0,1.0,581,0.0,12.048192771084338,0.0
086,ROCHA MIRANDA,2016,7.0,5.0,0.0,565,2.0,12.389380530973451,3.5398230088495577
086,ROCHA MIRANDA,2017,4.0,3.0,0.0,545,1.0,7.339449541284404,1.834862385321101
086,ROCHA MIRANDA,2018,9.0,3.0,3.0,548,3.0,16.423357664233578,5.474452554744526
086,ROCHA MIRANDA,2019,7.0,4.0,2.0,452,1.0,15.486725663716815,2.2123893805309733
086,ROCHA MIRANDA,2020,5.0,1.0,0.0,422,4.0,11.848341232227487,9.47867298578199
086,ROCHA MIRANDA,2021,2.0,1.0,1.0,444,0.0,4.504504504504505,0.0
086,ROCHA MIRANDA,2022,8.0,4.0,0.0,360,4.0,22.22222222222222,11.11111111111111
086,ROCHA MIRANDA,2023,7.0,2.0,4.0,358,1.0,19.553072625698324,2.793296089385475
086,ROCHA MIRANDA,2024,2.0,1.0,0.0,366,1.0,5.46448087431694,2.73224043715847
086,ROCHA MIRANDA,2025,5.0,3.0,0.0,324,2.0,15.432098765432098,6.172839506172839
087,HONORIO GURGEL,2006,8.0,2.0,3.0,331,3.0,24.169184290030213,9.06344410876133
087,HONORIO GURGEL,2007,2.0,1.0,0.0,318,1.0,6.289308176100629,3.1446540880503147
087,HONORIO GURGEL,2008,3.0,0.0,1.0,339,2.0,8.849557522123893,5.899705014749262
087,HONORIO GURGEL,2009,9.0,6.0,0.0,333,3.0,27.027027027027028,9.00900900900901
087,HONORIO GURGEL,2010,9.0,2.0,3.0,289,4.0,31.141868512110726,13.84083044982699
087,HONORIO GURGEL,2011,3.0,2.0,0.0,339,1.0,8.849557522123893,2.949852507374631
087,HONORIO GURGEL,2012,3.0,1.0,0.0,306,2.0,9.803921568627452,6.5359477124183005
087,HONORIO GURGEL,2013,1.0,1.0,0.0,313,0.0,3.1948881789137378,0.0
087,HONORIO GURGEL,2014,4.0,2.0,1.0,301,1.0,13.289036544850498,3.3222591362126246
087,HONORIO GURGEL,2015,4.0,2.0,2.0,336,0.0,11.904761904761903,0.0
087,HONORIO GURGEL,2016,2.0,2.0,0.0,310,0.0,6.451612903225806,0.0
087,HONORIO GURGEL,2017,6.0,5.0,0.0,345,1.0,17.391304347826086,2.898550724637681
087,HONORIO GURGEL,2018,5.0,3.0,1.0,347,1.0,14.40922190201729,2.881844380403458
087,HONORIO GURGEL,2019,6.0,5.0,0.0,281,1.0,21.352313167259787,3.558718861209964
087,HONORIO GURGEL,2020,3.0,1.0,1.0,255,1.0,11.76470588235294,3.9215686274509802
087,HONORIO GURGEL,2021,2.0,1.0,0.0,222,1.0,9.00900900900901,4.504504504504505
087,HONORIO GURGEL,2022,6.0,4.0,2.0,231,0.0,25.974025974025977,0.0
087,HONORIO GURGEL,2023,6.0,4.0,0.0,186,2.0,32.25806451612903,10.752688172043012
087,HONORIO GURGEL,2024,4.0,3.0,1.0,175,0.0,22.857142857142858,0.0
087,HONORIO GURGEL,2025,6.0,3.0,1.0,183,2.0,32.786885245901644,10.92896174863388
088,OSWALDO CRUZ,2006,6.0,4.0,1.0,335,1.0,17.910447761194032,2.985074626865672
088,OSWALDO CRUZ,2007,6.0,2.0,3.0,374,1.0,16.0427807486631,2.6737967914438503
088,OSWALDO CRUZ,2008,5.0,2.0,1.0,341,2.0,14.66275659824047,5.865102639296188
088,OSWALDO CRUZ,2009,7.0,4.0,0.0,368,3.0,19.021739130434785,8.152173913043478
088,OSWALDO CRUZ,2010,4.0,2.0,1.0,346,1.0,11.560693641618496,2.890173410404624
088,OSWALDO CRUZ,2011,5.0,1.0,2.0,313,2.0,15.974440894568689,6.3897763578274756
088,OSWALDO CRUZ,2012,2.0,0.0,2.0,331,0.0,6.042296072507553,0.0
088,OSWALDO CRUZ,2013,4.0,1.0,0.0,355,3.0,11.267605633802818,8.450704225352112
088,OSWALDO CRUZ,2014,3.0,2.0,0.0,355,1.0,8.450704225352112,2.8169014084507045
088,OSWALDO CRUZ,2015,3.0,2.0,1.0,403,0.0,7.444168734491315,0.0
088,OSWALDO CRUZ,2016,1.0,0.0,0.0,358,1.0,2.793296089385475,2.793296089385475
088,OSWALDO CRUZ,2017,5.0,3.0,0.0,369,2.0,13.550135501355014,5.420054200542006
088,OSWALDO CRUZ,2018,4.0,2.0,1.0,358,1.0,11.1731843575419,2.793296089385475
088,OSWALDO CRUZ,2019,4.0,3.0,0.0,306,1.0,13.071895424836601,3.2679738562091503
088,OSWALDO CRUZ,2020,1.0,1.0,0.0,268,0.0,3.7313432835820897,0.0
088,OSWALDO CRUZ,2021,3.0,0.0,1.0,286,2.0,10.48951048951049,6.993006993006993
088,OSWALDO CRUZ,2022,3.0,1.0,1.0,244,1.0,12.295081967213115,4.0983606557377055
088,OSWALDO CRUZ,2023,9.0,5.0,2.0,255,2.0,35.294117647058826,7.8431372549019605
088,OSWALDO CRUZ,2024,4.0,3.0,0.0,210,1.0,19.04761904761905,4.761904761904763
088,OSWALDO CRUZ,2025,2.0,0.0,0.0,196,2.0,10.204081632653061,10.204081632653061
089,BENTO RIBEIRO,2006,9.0,4.0,2.0,558,3.0,16.129032258064516,5.376344086021506
089,BENTO RIBEIRO,2007,5.0,2.0,1.0,554,2.0,9.025270758122744,3.6101083032490977
089,BENTO RIBEIRO,2008,10.0,7.0,1.0,539,2.0,18.55287569573284,3.7105751391465676
089,BENTO RIBEIRO,2009,4.0,0.0,0.0,551,4.0,7.259528130671506,7.259528130671506
089,BENTO RIBEIRO,2010,3.0,1.0,0.0,497,2.0,6.036217303822937,4.024144869215292
089,BENTO RIBEIRO,2011,6.0,3.0,1.0,534,2.0,11.235955056179774,3.745318352059925
089,BENTO RIBEIRO,2012,11.0,7.0,1.0,541,3.0,20.33271719038817,5.545286506469501
089,BENTO RIBEIRO,2013,9.0,5.0,1.0,511,3.0,17.61252446183953,5.870841487279844
089,BENTO RIBEIRO,2014,9.0,4.0,2.0,486,3.0,18.51851851851852,6.172839506172839
089,BENTO RIBEIRO,2015,9.0,6.0,1.0,499,2.0,18.03607214428858,4.008016032064128
089,BENTO RIBEIRO,2016,8.0,5.0,1.0,493,2.0,16.227180527383368,4.056795131845842
089,BENTO RIBEIRO,2017,7.0,3.0,4.0,484,0.0,14.462809917355372,0.0
089,BENTO RIBEIRO,2018,5.0,4.0,0.0,457,1.0,10.940919037199125,2.1881838074398248
089,BENTO RIBEIRO,2019,2.0,1.0,1.0,417,0.0,4.796163069544364,0.0
089,BENTO RIBEIRO,2020,3.0,3.0,0.0,414,0.0,7.246376811594203,0.0
089,BENTO RIBEIRO,2021,9.0,4.0,4.0,350,1.0,25.714285714285715,2.857142857142857
089,BENTO RIBEIRO,2022,4.0,1.0,1.0,301,2.0,13.289036544850498,6.644518272425249
089,BENTO RIBEIRO,2023,4.0,0.0,3.0,319,1.0,12.539184952978056,3.134796238244514
089,BENTO RIBEIRO,2024,1.0,0.0,0.0,289,1.0,3.4602076124567476,3.4602076124567476
089,BENTO RIBEIRO,2025,5.0,4.0,1.0,300,0.0,16.666666666666668,0.0
090,MARECHAL HERMES,2006,3.0,0.0,2.0,521,1.0,5.758157389635317,1.9193857965451055
090,MARECHAL HERMES,2007,6.0,4.0,0.0,577,2.0,10.398613518197575,3.4662045060658575
090,MARECHAL HERMES,2008,10.0,6.0,2.0,568,2.0,17.605633802816904,3.5211267605633805
090,MARECHAL HERMES,2009,4.0,3.0,0.0,589,1.0,6.791171477079796,1.697792869269949
090,MARECHAL HERMES,2010,6.0,4.0,1.0,557,1.0,10.771992818671455,1.7953321364452424
090,MARECHAL HERMES,2011,7.0,6.0,1.0,576,0.0,12.152777777777779,0.0
090,MARECHAL HERMES,2012,8.0,4.0,2.0,505,2.0,15.841584158415841,3.9603960396039604
090,MARECHAL HERMES,2013,10.0,7.0,2.0,567,1.0,17.636684303350968,1.763668430335097
090,MARECHAL HERMES,2014,5.0,1.0,1.0,560,3.0,8.928571428571429,5.357142857142857
090,MARECHAL HERMES,2015,7.0,3.0,2.0,570,2.0,12.280701754385966,3.5087719298245617
090,MARECHAL HERMES,2016,8.0,4.0,1.0,512,3.0,15.625,5.859375
090,MARECHAL HERMES,2017,13.0,6.0,3.0,524,4.0,24.80916030534351,7.633587786259541
090,MARECHAL HERMES,2018,8.0,4.0,0.0,480,4.0,16.666666666666668,8.333333333333334
090,MARECHAL HERMES,2019,11.0,3.0,2.0,413,6.0,26.634382566585955,14.527845036319613
090,MARECHAL HERMES,2020,7.0,5.0,0.0,443,2.0,15.80135440180587,4.514672686230248
090,MARECHAL HERMES,2021,5.0,2.0,2.0,418,1.0,11.961722488038278,2.3923444976076556
090,MARECHAL HERMES,2022,5.0,3.0,1.0,361,1.0,13.850415512465373,2.770083102493075
090,MARECHAL HERMES,2023,6.0,5.0,1.0,419,0.0,14.319809069212411,0.0
090,MARECHAL HERMES,2024,1.0,1.0,0.0,333,0.0,3.003003003003003,0.0
090,MARECHAL HERMES,2025,7.0,4.0,2.0,334,1.0,20.958083832335326,2.9940119760479043
091,RIBEIRA,2006,0.0,0.0,0.0,41,0.0,0.0,0.0
091,RIBEIRA,2007,0.0,0.0,0.0,39,0.0,0.0,0.0
091,RIBEIRA,2008,0.0,0.0,0.0,28,0.0,0.0,0.0
091,RIBEIRA,2009,0.0,0.0,0.0,29,0.0,0.0,0.0
091,RIBEIRA,2010,0.0,0.0,0.0,36,0.0,0.0,0.0
091,RIBEIRA,2011,0.0,0.0,0.0,34,0.0,0.0,0.0
091,RIBEIRA,2012,0.0,0.0,0.0,31,0.0,0.0,0.0
091,RIBEIRA,2013,0.0,0.0,0.0,34,0.0,0.0,0.0
091,RIBEIRA,2014,0.0,0.0,0.0,37,0.0,0.0,0.0
091,RIBEIRA,2015,0.0,0.0,0.0,35,0.0,0.0,0.0
091,RIBEIRA,2016,0.0,0.0,0.0,27,0.0,0.0,0.0
091,RIBEIRA,2017,0.0,0.0,0.0,34,0.0,0.0,0.0
091,RIBEIRA,2018,1.0,0.0,0.0,28,1.0,35.714285714285715,35.714285714285715
091,RIBEIRA,2019,0.0,0.0,0.0,25,0.0,0.0,0.0
091,RIBEIRA,2020,0.0,0.0,0.0,31,0.0,0.0,0.0
091,RIBEIRA,2021,0.0,0.0,0.0,21,0.0,0.0,0.0
091,RIBEIRA,2022,1.0,0.0,0.0,21,1.0,47.61904761904761,47.61904761904761
091,RIBEIRA,2023,0.0,0.0,0.0,20,0.0,0.0,0.0
091,RIBEIRA,2024,1.0,0.0,0.0,26,1.0,38.46153846153847,38.46153846153847
091,RIBEIRA,2025,1.0,1.0,0.0,23,0.0,43.47826086956522,0.0
092,ZUMBI,2006,0.0,0.0,0.0,45,0.0,0.0,0.0
092,ZUMBI,2007,0.0,0.0,0.0,31,0.0,0.0,0.0
092,ZUMBI,2008,0.0,0.0,0.0,60,0.0,0.0,0.0
092,ZUMBI,2009,0.0,0.0,0.0,46,0.0,0.0,0.0
092,ZUMBI,2010,0.0,0.0,0.0,34,0.0,0.0,0.0
092,ZUMBI,2011,0.0,0.0,0.0,39,0.0,0.0,0.0
092,ZUMBI,2012,0.0,0.0,0.0,26,0.0,0.0,0.0
092,ZUMBI,2013,0.0,0.0,0.0,31,0.0,0.0,0.0
092,ZUMBI,2014,0.0,0.0,0.0,29,0.0,0.0,0.0
092,ZUMBI,2015,0.0,0.0,0.0,31,0.0,0.0,0.0
092,ZUMBI,2016,0.0,0.0,0.0,25,0.0,0.0,0.0
092,ZUMBI,2017,1.0,0.0,0.0,14,1.0,71.42857142857143,71.42857142857143
092,ZUMBI,2018,0.0,0.0,0.0,19,0.0,0.0,0.0
092,ZUMBI,2019,0.0,0.0,0.0,15,0.0,0.0,0.0
092,ZUMBI,2020,0.0,0.0,0.0,16,0.0,0.0,0.0
092,ZUMBI,2021,0.0,0.0,0.0,23,0.0,0.0,0.0
092,ZUMBI,2022,0.0,0.0,0.0,25,0.0,0.0,0.0
092,ZUMBI,2023,0.0,0.0,0.0,17,0.0,0.0,0.0
092,ZUMBI,2024,0.0,0.0,0.0,18,0.0,0.0,0.0
092,ZUMBI,2025,0.0,0.0,0.0,20,0.0,0.0,0.0
093,CACUIA,2006,1.0,1.0,0.0,138,0.0,7.246376811594203,0.0
093,CACUIA,2007,2.0,0.0,1.0,149,1.0,13.422818791946309,6.7114093959731544
093,CACUIA,2008,0.0,0.0,0.0,146,0.0,0.0,0.0
093,CACUIA,2009,3.0,3.0,0.0,181,0.0,16.574585635359114,0.0
093,CACUIA,2010,0.0,0.0,0.0,141,0.0,0.0,0.0
093,CACUIA,2011,2.0,0.0,0.0,159,2.0,12.578616352201259,12.578616352201259
093,CACUIA,2012,3.0,1.0,0.0,134,2.0,22.388059701492537,14.925373134328359
093,CACUIA,2013,3.0,0.0,3.0,145,0.0,20.689655172413794,0.0
093,CACUIA,2014,3.0,0.0,2.0,141,1.0,21.27659574468085,7.092198581560283
093,CACUIA,2015,2.0,2.0,0.0,154,0.0,12.987012987012989,0.0
093,CACUIA,2016,2.0,0.0,1.0,134,1.0,14.925373134328359,7.462686567164179
093,CACUIA,2017,0.0,0.0,0.0,127,0.0,0.0,0.0
093,CACUIA,2018,6.0,4.0,1.0,104,1.0,57.69230769230769,9.615384615384617
093,CACUIA,2019,5.0,2.0,1.0,95,2.0,52.63157894736842,21.052631578947366
093,CACUIA,2020,2.0,1.0,1.0,107,0.0,18.69158878504673,0.0
093,CACUIA,2021,1.0,1.0,0.0,83,0.0,12.048192771084338,0.0
093,CACUIA,2022,4.0,3.0,0.0,89,1.0,44.9438202247191,11.235955056179774
093,CACUIA,2023,2.0,2.0,0.0,90,0.0,22.22222222222222,0.0
093,CACUIA,2024,1.0,0.0,0.0,83,1.0,12.048192771084338,12.048192771084338
093,CACUIA,2025,0.0,0.0,0.0,85,0.0,0.0,0.0
094,PITANGUEIRAS,2006,0.0,0.0,0.0,81,0.0,0.0,0.0
094,PITANGUEIRAS,2007,3.0,1.0,1.0,122,1.0,24.59016393442623,8.196721311475411
094,PITANGUEIRAS,2008,0.0,0.0,0.0,108,0.0,0.0,0.0
094,PITANGUEIRAS,2009,2.0,2.0,0.0,106,0.0,18.867924528301884,0.0
094,PITANGUEIRAS,2010,2.0,1.0,0.0,118,1.0,16.949152542372882,8.474576271186441
094,PITANGUEIRAS,2011,1.0,0.0,1.0,124,0.0,8.064516129032258,0.0
094,PITANGUEIRAS,2012,0.0,0.0,0.0,123,0.0,0.0,0.0
094,PITANGUEIRAS,2013,0.0,0.0,0.0,128,0.0,0.0,0.0
094,PITANGUEIRAS,2014,1.0,0.0,0.0,150,1.0,6.666666666666667,6.666666666666667
094,PITANGUEIRAS,2015,1.0,0.0,1.0,149,0.0,6.7114093959731544,0.0
094,PITANGUEIRAS,2016,1.0,1.0,0.0,156,0.0,6.41025641025641,0.0
094,PITANGUEIRAS,2017,0.0,0.0,0.0,140,0.0,0.0,0.0
094,PITANGUEIRAS,2018,4.0,3.0,1.0,85,0.0,47.05882352941176,0.0
094,PITANGUEIRAS,2019,2.0,1.0,1.0,97,0.0,20.61855670103093,0.0
094,PITANGUEIRAS,2020,2.0,2.0,0.0,80,0.0,25.0,0.0
094,PITANGUEIRAS,2021,1.0,1.0,0.0,90,0.0,11.11111111111111,0.0
094,PITANGUEIRAS,2022,2.0,1.0,0.0,89,1.0,22.47191011235955,11.235955056179774
094,PITANGUEIRAS,2023,1.0,0.0,0.0,97,1.0,10.309278350515465,10.309278350515465
094,PITANGUEIRAS,2024,2.0,1.0,1.0,86,0.0,23.25581395348837,0.0
094,PITANGUEIRAS,2025,2.0,0.0,0.0,76,2.0,26.31578947368421,26.31578947368421
095,PRAIA DA BANDEIRA,2006,0.0,0.0,0.0,61,0.0,0.0,0.0
095,PRAIA DA BANDEIRA,2007,0.0,0.0,0.0,51,0.0,0.0,0.0
095,PRAIA DA BANDEIRA,2008,1.0,0.0,1.0,50,0.0,20.0,0.0
095,PRAIA DA BANDEIRA,2009,1.0,1.0,0.0,62,0.0,16.129032258064516,0.0
095,PRAIA DA BANDEIRA,2010,0.0,0.0,0.0,51,0.0,0.0,0.0
095,PRAIA DA BANDEIRA,2011,0.0,0.0,0.0,66,0.0,0.0,0.0
095,PRAIA DA BANDEIRA,2012,0.0,0.0,0.0,50,0.0,0.0,0.0
095,PRAIA DA BANDEIRA,2013,1.0,0.0,0.0,43,1.0,23.25581395348837,23.25581395348837
095,PRAIA DA BANDEIRA,2014,0.0,0.0,0.0,50,0.0,0.0,0.0
095,PRAIA DA BANDEIRA,2015,0.0,0.0,0.0,64,0.0,0.0,0.0
095,PRAIA DA BANDEIRA,2016,1.0,1.0,0.0,41,0.0,24.390243902439025,0.0
095,PRAIA DA BANDEIRA,2017,2.0,1.0,1.0,54,0.0,37.03703703703704,0.0
095,PRAIA DA BANDEIRA,2018,0.0,0.0,0.0,45,0.0,0.0,0.0
095,PRAIA DA BANDEIRA,2019,1.0,0.0,1.0,29,0.0,34.48275862068965,0.0
095,PRAIA DA BANDEIRA,2020,1.0,1.0,0.0,33,0.0,30.303030303030305,0.0
095,PRAIA DA BANDEIRA,2021,0.0,0.0,0.0,40,0.0,0.0,0.0
095,PRAIA DA BANDEIRA,2022,0.0,0.0,0.0,16,0.0,0.0,0.0
095,PRAIA DA BANDEIRA,2023,0.0,0.0,0.0,40,0.0,0.0,0.0
095,PRAIA DA BANDEIRA,2024,0.0,0.0,0.0,38,0.0,0.0,0.0
095,PRAIA DA BANDEIRA,2025,0.0,0.0,0.0,37,0.0,0.0,0.0
096,COCOTA,2006,1.0,1.0,0.0,93,0.0,10.752688172043012,0.0
096,COCOTA,2007,2.0,1.0,0.0,91,1.0,21.978021978021978,10.989010989010989
096,COCOTA,2008,2.0,0.0,0.0,104,2.0,19.230769230769234,19.230769230769234
096,COCOTA,2009,1.0,0.0,1.0,112,0.0,8.928571428571429,0.0
096,COCOTA,2010,0.0,0.0,0.0,89,0.0,0.0,0.0
096,COCOTA,2011,1.0,0.0,0.0,108,1.0,9.25925925925926,9.25925925925926
096,COCOTA,2012,2.0,2.0,0.0,117,0.0,17.094017094017097,0.0
096,COCOTA,2013,0.0,0.0,0.0,87,0.0,0.0,0.0
096,COCOTA,2014,1.0,1.0,0.0,96,0.0,10.416666666666666,0.0
096,COCOTA,2015,1.0,1.0,0.0,106,0.0,9.433962264150942,0.0
096,COCOTA,2016,0.0,0.0,0.0,68,0.0,0.0,0.0
096,COCOTA,2017,0.0,0.0,0.0,72,0.0,0.0,0.0
096,COCOTA,2018,0.0,0.0,0.0,66,0.0,0.0,0.0
096,COCOTA,2019,2.0,1.0,1.0,77,0.0,25.974025974025977,0.0
096,COCOTA,2020,0.0,0.0,0.0,73,0.0,0.0,0.0
096,COCOTA,2021,1.0,1.0,0.0,70,0.0,14.285714285714285,0.0
096,COCOTA,2022,0.0,0.0,0.0,52,0.0,0.0,0.0
096,COCOTA,2023,0.0,0.0,0.0,39,0.0,0.0,0.0
096,COCOTA,2024,0.0,0.0,0.0,37,0.0,0.0,0.0
096,COCOTA,2025,0.0,0.0,0.0,53,0.0,0.0,0.0
097,BANCARIOS,2006,1.0,1.0,0.0,191,0.0,5.235602094240838,0.0
097,BANCARIOS,2007,3.0,1.0,0.0,197,2.0,15.228426395939087,10.15228426395939
097,BANCARIOS,2008,2.0,1.0,1.0,239,0.0,8.368200836820083,0.0
097,BANCARIOS,2009,1.0,0.0,1.0,192,0.0,5.208333333333333,0.0
097,BANCARIOS,2010,2.0,0.0,1.0,222,1.0,9.00900900900901,4.504504504504505
097,BANCARIOS,2011,3.0,1.0,0.0,233,2.0,12.875536480686696,8.583690987124463
097,BANCARIOS,2012,2.0,2.0,0.0,226,0.0,8.849557522123893,0.0
097,BANCARIOS,2013,2.0,2.0,0.0,218,0.0,9.174311926605505,0.0
097,BANCARIOS,2014,1.0,1.0,0.0,205,0.0,4.878048780487805,0.0
097,BANCARIOS,2015,2.0,1.0,1.0,226,0.0,8.849557522123893,0.0
097,BANCARIOS,2016,1.0,0.0,0.0,190,1.0,5.263157894736842,5.263157894736842
097,BANCARIOS,2017,2.0,1.0,1.0,162,0.0,12.345679012345679,0.0
097,BANCARIOS,2018,0.0,0.0,0.0,150,0.0,0.0,0.0
097,BANCARIOS,2019,0.0,0.0,0.0,146,0.0,0.0,0.0
097,BANCARIOS,2020,3.0,2.0,1.0,159,0.0,18.867924528301884,0.0
097,BANCARIOS,2021,2.0,0.0,1.0,139,1.0,14.388489208633095,7.194244604316547
097,BANCARIOS,2022,2.0,0.0,2.0,186,0.0,10.752688172043012,0.0
097,BANCARIOS,2023,4.0,1.0,1.0,123,2.0,32.520325203252035,16.260162601626018
097,BANCARIOS,2024,1.0,0.0,0.0,127,1.0,7.874015748031496,7.874015748031496
097,BANCARIOS,2025,1.0,0.0,0.0,132,1.0,7.575757575757576,7.575757575757576
098,FREGUESIA-ILHA,2006,3.0,2.0,1.0,461,0.0,6.507592190889371,0.0
098,FREGUESIA-ILHA,2007,4.0,2.0,1.0,198,1.0,20.202020202020204,5.050505050505051
098,FREGUESIA-ILHA,2008,2.0,1.0,0.0,219,1.0,9.1324200913242,4.5662100456621
098,FREGUESIA-ILHA,2009,3.0,2.0,1.0,282,0.0,10.638297872340425,0.0
098,FREGUESIA-ILHA,2010,1.0,1.0,0.0,249,0.0,4.016064257028112,0.0
098,FREGUESIA-ILHA,2011,2.0,1.0,0.0,349,1.0,5.730659025787966,2.865329512893983
098,FREGUESIA-ILHA,2012,5.0,2.0,1.0,273,2.0,18.315018315018317,7.326007326007326
098,FREGUESIA-ILHA,2013,2.0,1.0,0.0,219,1.0,9.1324200913242,4.5662100456621
098,FREGUESIA-ILHA,2014,2.0,1.0,0.0,226,1.0,8.849557522123893,4.424778761061947
098,FREGUESIA-ILHA,2015,2.0,0.0,0.0,218,2.0,9.174311926605505,9.174311926605505
098,FREGUESIA-ILHA,2016,2.0,0.0,1.0,280,1.0,7.142857142857142,3.571428571428571
098,FREGUESIA-ILHA,2017,0.0,0.0,0.0,247,0.0,0.0,0.0
098,FREGUESIA-ILHA,2018,2.0,0.0,2.0,262,0.0,7.633587786259541,0.0
098,FREGUESIA-ILHA,2019,1.0,1.0,0.0,191,0.0,5.235602094240838,0.0
098,FREGUESIA-ILHA,2020,2.0,1.0,1.0,191,0.0,10.471204188481677,0.0
098,FREGUESIA-ILHA,2021,4.0,2.0,0.0,255,2.0,15.686274509803921,7.8431372549019605
098,FREGUESIA-ILHA,2022,2.0,0.0,0.0,155,2.0,12.903225806451612,12.903225806451612
098,FREGUESIA-ILHA,2023,1.0,0.0,0.0,165,1.0,6.0606060606060606,6.0606060606060606
098,FREGUESIA-ILHA,2024,4.0,2.0,1.0,156,1.0,25.64102564102564,6.41025641025641
098,FREGUESIA-ILHA,2025,2.0,0.0,0.0,191,2.0,10.471204188481677,10.471204188481677
099,JARDIM GUANABARA,2006,2.0,0.0,1.0,275,1.0,7.2727272727272725,3.6363636363636362
099,JARDIM GUANABARA,2007,2.0,1.0,0.0,227,1.0,8.81057268722467,4.405286343612335
099,JARDIM GUANABARA,2008,4.0,1.0,1.0,250,2.0,16.0,8.0
099,JARDIM GUANABARA,2009,3.0,3.0,0.0,253,0.0,11.857707509881422,0.0
099,JARDIM GUANABARA,2010,3.0,1.0,1.0,257,1.0,11.673151750972762,3.8910505836575875
099,JARDIM GUANABARA,2011,4.0,4.0,0.0,303,0.0,13.201320132013201,0.0
099,JARDIM GUANABARA,2012,1.0,0.0,0.0,258,1.0,3.875968992248062,3.875968992248062
099,JARDIM GUANABARA,2013,0.0,0.0,0.0,242,0.0,0.0,0.0
099,JARDIM GUANABARA,2014,2.0,1.0,0.0,261,1.0,7.662835249042145,3.8314176245210727
099,JARDIM GUANABARA,2015,4.0,2.0,0.0,239,2.0,16.736401673640167,8.368200836820083
099,JARDIM GUANABARA,2016,0.0,0.0,0.0,211,0.0,0.0,0.0
099,JARDIM GUANABARA,2017,2.0,1.0,1.0,228,0.0,8.771929824561402,0.0
099,JARDIM GUANABARA,2018,3.0,2.0,1.0,212,0.0,14.150943396226415,0.0
099,JARDIM GUANABARA,2019,1.0,1.0,0.0,209,0.0,4.784688995215311,0.0
099,JARDIM GUANABARA,2020,2.0,2.0,0.0,175,0.0,11.428571428571429,0.0
099,JARDIM GUANABARA,2021,4.0,1.0,3.0,200,0.0,20.0,0.0
099,JARDIM GUANABARA,2022,3.0,2.0,0.0,194,1.0,15.463917525773196,5.154639175257732
099,JARDIM GUANABARA,2023,1.0,0.0,1.0,176,0.0,5.681818181818182,0.0
099,JARDIM GUANABARA,2024,1.0,1.0,0.0,160,0.0,6.25,0.0
099,JARDIM GUANABARA,2025,0.0,0.0,0.0,170,0.0,0.0,0.0
100,JARDIM CARIOCA,2006,5.0,2.0,2.0,303,1.0,16.5016501650165,3.3003300330033003
100,JARDIM CARIOCA,2007,2.0,1.0,0.0,383,1.0,5.221932114882507,2.6109660574412534
100,JARDIM CARIOCA,2008,4.0,2.0,2.0,340,0.0,11.76470588235294,0.0
100,JARDIM CARIOCA,2009,1.0,1.0,0.0,388,0.0,2.577319587628866,0.0
100,JARDIM CARIOCA,2010,5.0,1.0,1.0,352,3.0,14.204545454545453,8.522727272727272
100,JARDIM CARIOCA,2011,2.0,1.0,0.0,361,1.0,5.54016620498615,2.770083102493075
100,JARDIM CARIOCA,2012,6.0,3.0,1.0,364,2.0,16.483516483516485,5.4945054945054945
100,JARDIM CARIOCA,2013,2.0,1.0,0.0,369,1.0,5.420054200542006,2.710027100271003
100,JARDIM CARIOCA,2014,4.0,0.0,1.0,374,3.0,10.695187165775401,8.02139037433155
100,JARDIM CARIOCA,2015,1.0,1.0,0.0,347,0.0,2.881844380403458,0.0
100,JARDIM CARIOCA,2016,11.0,5.0,1.0,271,5.0,40.59040590405904,18.45018450184502
100,JARDIM CARIOCA,2017,3.0,1.0,1.0,270,1.0,11.11111111111111,3.7037037037037037
100,JARDIM CARIOCA,2018,1.0,1.0,0.0,234,0.0,4.273504273504274,0.0
100,JARDIM CARIOCA,2019,3.0,0.0,2.0,226,1.0,13.274336283185841,4.424778761061947
100,JARDIM CARIOCA,2020,2.0,1.0,1.0,237,0.0,8.438818565400844,0.0
100,JARDIM CARIOCA,2021,4.0,0.0,1.0,215,3.0,18.6046511627907,13.953488372093023
100,JARDIM CARIOCA,2022,3.0,2.0,1.0,213,0.0,14.084507042253522,0.0
100,JARDIM CARIOCA,2023,1.0,1.0,0.0,189,0.0,5.291005291005291,0.0
100,JARDIM CARIOCA,2024,2.0,1.0,1.0,174,0.0,11.494252873563218,0.0
100,JARDIM CARIOCA,2025,3.0,2.0,0.0,199,1.0,15.07537688442211,5.025125628140704
101,TAUA,2006,1.0,1.0,0.0,254,0.0,3.937007874015748,0.0
101,TAUA,2007,2.0,1.0,0.0,278,1.0,7.194244604316547,3.5971223021582737
101,TAUA,2008,4.0,1.0,2.0,272,1.0,14.705882352941176,3.676470588235294
101,TAUA,2009,5.0,2.0,2.0,279,1.0,17.921146953405017,3.5842293906810037
101,TAUA,2010,1.0,0.0,0.0,294,1.0,3.401360544217687,3.401360544217687
101,TAUA,2011,5.0,3.0,0.0,266,2.0,18.796992481203006,7.518796992481203
101,TAUA,2012,6.0,3.0,0.0,290,3.0,20.689655172413794,10.344827586206897
101,TAUA,2013,5.0,1.0,1.0,321,3.0,15.576323987538942,9.345794392523365
101,TAUA,2014,5.0,0.0,1.0,336,4.0,14.88095238095238,11.904761904761903
101,TAUA,2015,4.0,2.0,0.0,361,2.0,11.0803324099723,5.54016620498615
101,TAUA,2016,7.0,3.0,2.0,220,2.0,31.818181818181817,9.09090909090909
101,TAUA,2017,3.0,2.0,0.0,314,1.0,9.554140127388534,3.1847133757961785
101,TAUA,2018,5.0,3.0,1.0,227,1.0,22.026431718061676,4.405286343612335
101,TAUA,2019,8.0,4.0,2.0,236,2.0,33.898305084745765,8.474576271186441
101,TAUA,2020,5.0,4.0,0.0,216,1.0,23.148148148148145,4.62962962962963
101,TAUA,2021,1.0,1.0,0.0,262,0.0,3.8167938931297707,0.0
101,TAUA,2022,5.0,0.0,1.0,204,4.0,24.509803921568626,19.607843137254903
101,TAUA,2023,2.0,1.0,0.0,226,1.0,8.849557522123893,4.424778761061947
101,TAUA,2024,5.0,3.0,0.0,210,2.0,23.809523809523807,9.523809523809526
101,TAUA,2025,2.0,0.0,1.0,212,1.0,9.433962264150942,4.716981132075471
102,MONERO,2006,0.0,0.0,0.0,35,0.0,0.0,0.0
102,MONERO,2007,1.0,1.0,0.0,39,0.0,25.64102564102564,0.0
102,MONERO,2008,1.0,0.0,1.0,56,0.0,17.857142857142858,0.0
102,MONERO,2009,2.0,1.0,0.0,48,1.0,41.666666666666664,20.833333333333332
102,MONERO,2010,0.0,0.0,0.0,47,0.0,0.0,0.0
102,MONERO,2011,1.0,0.0,0.0,44,1.0,22.727272727272727,22.727272727272727
102,MONERO,2012,0.0,0.0,0.0,43,0.0,0.0,0.0
102,MONERO,2013,1.0,0.0,0.0,60,1.0,16.666666666666668,16.666666666666668
102,MONERO,2014,0.0,0.0,0.0,48,0.0,0.0,0.0
102,MONERO,2015,0.0,0.0,0.0,48,0.0,0.0,0.0
102,MONERO,2016,0.0,0.0,0.0,39,0.0,0.0,0.0
102,MONERO,2017,1.0,1.0,0.0,26,0.0,38.46153846153847,0.0
102,MONERO,2018,0.0,0.0,0.0,35,0.0,0.0,0.0
102,MONERO,2019,0.0,0.0,0.0,29,0.0,0.0,0.0
102,MONERO,2020,0.0,0.0,0.0,28,0.0,0.0,0.0
102,MONERO,2021,0.0,0.0,0.0,30,0.0,0.0,0.0
102,MONERO,2022,0.0,0.0,0.0,24,0.0,0.0,0.0
102,MONERO,2023,0.0,0.0,0.0,22,0.0,0.0,0.0
102,MONERO,2024,0.0,0.0,0.0,33,0.0,0.0,0.0
102,MONERO,2025,0.0,0.0,0.0,39,0.0,0.0,0.0
103,PORTUGUESA,2006,4.0,0.0,2.0,181,2.0,22.099447513812155,11.049723756906078
103,PORTUGUESA,2007,2.0,2.0,0.0,204,0.0,9.803921568627452,0.0
103,PORTUGUESA,2008,2.0,0.0,2.0,202,0.0,9.900990099009901,0.0
103,PORTUGUESA,2009,0.0,0.0,0.0,163,0.0,0.0,0.0
103,PORTUGUESA,2010,2.0,1.0,0.0,188,1.0,10.638297872340425,5.319148936170213
103,PORTUGUESA,2011,1.0,0.0,0.0,187,1.0,5.347593582887701,5.347593582887701
103,PORTUGUESA,2012,2.0,1.0,1.0,244,0.0,8.196721311475411,0.0
103,PORTUGUESA,2013,6.0,2.0,0.0,232,4.0,25.862068965517242,17.241379310344826
103,PORTUGUESA,2014,2.0,2.0,0.0,233,0.0,8.583690987124463,0.0
103,PORTUGUESA,2015,3.0,0.0,3.0,218,0.0,13.761467889908257,0.0
103,PORTUGUESA,2016,0.0,0.0,0.0,166,0.0,0.0,0.0
103,PORTUGUESA,2017,2.0,0.0,1.0,178,1.0,11.235955056179774,5.617977528089887
103,PORTUGUESA,2018,2.0,1.0,0.0,143,1.0,13.986013986013987,6.993006993006993
103,PORTUGUESA,2019,2.0,1.0,0.0,176,1.0,11.363636363636363,5.681818181818182
103,PORTUGUESA,2020,0.0,0.0,0.0,147,0.0,0.0,0.0
103,PORTUGUESA,2021,0.0,0.0,0.0,160,0.0,0.0,0.0
103,PORTUGUESA,2022,0.0,0.0,0.0,154,0.0,0.0,0.0
103,PORTUGUESA,2023,1.0,0.0,0.0,152,1.0,6.578947368421052,6.578947368421052
103,PORTUGUESA,2024,1.0,0.0,0.0,114,1.0,8.771929824561402,8.771929824561402
103,PORTUGUESA,2025,2.0,2.0,0.0,127,0.0,15.748031496062993,0.0
104,GALEAO,2006,4.0,0.0,1.0,275,3.0,14.545454545454545,10.90909090909091
104,GALEAO,2007,0.0,0.0,0.0,341,0.0,0.0,0.0
104,GALEAO,2008,3.0,1.0,0.0,363,2.0,8.264462809917356,5.5096418732782375
104,GALEAO,2009,6.0,3.0,0.0,340,3.0,17.647058823529413,8.823529411764707
104,GALEAO,2010,5.0,4.0,1.0,336,0.0,14.88095238095238,0.0
104,GALEAO,2011,2.0,1.0,0.0,348,1.0,5.747126436781609,2.8735632183908044
104,GALEAO,2012,2.0,1.0,0.0,373,1.0,5.361930294906166,2.680965147453083
104,GALEAO,2013,7.0,3.0,2.0,422,2.0,16.587677725118485,4.739336492890995
104,GALEAO,2014,8.0,3.0,2.0,395,3.0,20.253164556962027,7.594936708860759
104,GALEAO,2015,3.0,3.0,0.0,387,0.0,7.751937984496124,0.0
104,GALEAO,2016,5.0,3.0,0.0,337,2.0,14.836795252225519,5.934718100890208
104,GALEAO,2017,1.0,0.0,1.0,331,0.0,3.0211480362537766,0.0
104,GALEAO,2018,5.0,3.0,1.0,271,1.0,18.45018450184502,3.6900369003690034
104,GALEAO,2019,8.0,4.0,2.0,332,2.0,24.096385542168676,6.024096385542169
104,GALEAO,2020,4.0,3.0,0.0,350,1.0,11.428571428571429,2.857142857142857
104,GALEAO,2021,3.0,1.0,1.0,365,1.0,8.21917808219178,2.73972602739726
104,GALEAO,2022,1.0,1.0,0.0,347,0.0,2.881844380403458,0.0
104,GALEAO,2023,9.0,6.0,1.0,309,2.0,29.12621359223301,6.472491909385114
104,GALEAO,2024,4.0,1.0,1.0,303,2.0,13.201320132013201,6.600660066006601
104,GALEAO,2025,1.0,0.0,0.0,248,1.0,4.032258064516129,4.032258064516129
105,CIDADE UNIVERSITARIA,2006,0.0,0.0,0.0,11,0.0,0.0,0.0
105,CIDADE UNIVERSITARIA,2007,0.0,0.0,0.0,15,0.0,0.0,0.0
105,CIDADE UNIVERSITARIA,2008,2.0,1.0,1.0,23,0.0,86.95652173913044,0.0
105,CIDADE UNIVERSITARIA,2009,0.0,0.0,0.0,11,0.0,0.0,0.0
105,CIDADE UNIVERSITARIA,2010,0.0,0.0,0.0,18,0.0,0.0,0.0
105,CIDADE UNIVERSITARIA,2011,0.0,0.0,0.0,24,0.0,0.0,0.0
105,CIDADE UNIVERSITARIA,2012,0.0,0.0,0.0,26,0.0,0.0,0.0
105,CIDADE UNIVERSITARIA,2013,0.0,0.0,0.0,12,0.0,0.0,0.0
105,CIDADE UNIVERSITARIA,2014,0.0,0.0,0.0,20,0.0,0.0,0.0
105,CIDADE UNIVERSITARIA,2015,1.0,1.0,0.0,24,0.0,41.666666666666664,0.0
105,CIDADE UNIVERSITARIA,2016,0.0,0.0,0.0,25,0.0,0.0,0.0
105,CIDADE UNIVERSITARIA,2017,0.0,0.0,0.0,23,0.0,0.0,0.0
105,CIDADE UNIVERSITARIA,2018,0.0,0.0,0.0,23,0.0,0.0,0.0
105,CIDADE UNIVERSITARIA,2019,0.0,0.0,0.0,26,0.0,0.0,0.0
105,CIDADE UNIVERSITARIA,2020,0.0,0.0,0.0,10,0.0,0.0,0.0
105,CIDADE UNIVERSITARIA,2021,0.0,0.0,0.0,15,0.0,0.0,0.0
105,CIDADE UNIVERSITARIA,2022,0.0,0.0,0.0,10,0.0,0.0,0.0
105,CIDADE UNIVERSITARIA,2023,0.0,0.0,0.0,13,0.0,0.0,0.0
105,CIDADE UNIVERSITARIA,2024,0.0,0.0,0.0,11,0.0,0.0,0.0
105,CIDADE UNIVERSITARIA,2025,1.0,1.0,0.0,17,0.0,58.8235294117647,0.0
106,GUADALUPE,2006,11.0,4.0,4.0,714,3.0,15.406162464985995,4.201680672268908
106,GUADALUPE,2007,11.0,5.0,3.0,700,3.0,15.714285714285715,4.285714285714286
106,GUADALUPE,2008,18.0,9.0,2.0,672,7.0,26.785714285714285,10.416666666666666
106,GUADALUPE,2009,10.0,5.0,2.0,725,3.0,13.793103448275861,4.137931034482759
106,GUADALUPE,2010,10.0,5.0,0.0,629,5.0,15.898251192368837,7.949125596184419
106,GUADALUPE,2011,2.0,0.0,0.0,673,2.0,2.9717682020802374,2.9717682020802374
106,GUADALUPE,2012,10.0,5.0,1.0,712,4.0,14.044943820224718,5.617977528089887
106,GUADALUPE,2013,10.0,6.0,1.0,719,3.0,13.908205841446454,4.172461752433936
106,GUADALUPE,2014,7.0,4.0,1.0,693,2.0,10.101010101010102,2.886002886002886
106,GUADALUPE,2015,9.0,3.0,2.0,658,4.0,13.677811550151976,6.079027355623101
106,GUADALUPE,2016,4.0,2.0,0.0,585,2.0,6.837606837606837,3.4188034188034186
106,GUADALUPE,2017,4.0,3.0,0.0,618,1.0,6.472491909385114,1.6181229773462784
106,GUADALUPE,2018,10.0,7.0,2.0,650,1.0,15.384615384615385,1.5384615384615385
106,GUADALUPE,2019,7.0,4.0,1.0,599,2.0,11.686143572621035,3.33889816360601
106,GUADALUPE,2020,7.0,2.0,4.0,522,1.0,13.409961685823756,1.9157088122605364
106,GUADALUPE,2021,5.0,1.0,1.0,501,3.0,9.980039920159681,5.9880239520958085
106,GUADALUPE,2022,2.0,0.0,1.0,481,1.0,4.158004158004158,2.079002079002079
106,GUADALUPE,2023,5.0,1.0,2.0,400,2.0,12.5,5.0
106,GUADALUPE,2024,5.0,2.0,2.0,354,1.0,14.124293785310734,2.824858757062147
106,GUADALUPE,2025,5.0,2.0,0.0,355,3.0,14.084507042253522,8.450704225352112
107,ANCHIETA,2006,7.0,3.0,2.0,1072,2.0,6.529850746268656,1.8656716417910448
107,ANCHIETA,2007,13.0,6.0,1.0,1041,6.0,12.487992315081652,5.763688760806916
107,ANCHIETA,2008,14.0,8.0,2.0,1014,4.0,13.806706114398422,3.9447731755424065
107,ANCHIETA,2009,14.0,7.0,2.0,994,5.0,14.084507042253522,5.030181086519114
107,ANCHIETA,2010,18.0,10.0,2.0,942,6.0,19.108280254777068,6.369426751592357
107,ANCHIETA,2011,17.0,10.0,2.0,1024,5.0,16.6015625,4.8828125
107,ANCHIETA,2012,23.0,14.0,5.0,970,4.0,23.711340206185564,4.123711340206186
107,ANCHIETA,2013,21.0,12.0,4.0,1090,5.0,19.26605504587156,4.587155963302752
107,ANCHIETA,2014,15.0,6.0,2.0,1107,7.0,13.550135501355014,6.323396567299007
107,ANCHIETA,2015,9.0,6.0,2.0,1054,1.0,8.538899430740038,0.9487666034155597
107,ANCHIETA,2016,10.0,7.0,1.0,1010,2.0,9.900990099009901,1.9801980198019802
107,ANCHIETA,2017,10.0,4.0,0.0,884,6.0,11.312217194570135,6.787330316742081
107,ANCHIETA,2018,11.0,7.0,2.0,879,2.0,12.514220705346986,2.2753128555176336
107,ANCHIETA,2019,13.0,2.0,5.0,943,6.0,13.785790031813361,6.362672322375398
107,ANCHIETA,2020,14.0,9.0,3.0,826,2.0,16.949152542372882,2.4213075060532687
107,ANCHIETA,2021,15.0,3.0,4.0,694,8.0,21.613832853025936,11.527377521613833
107,ANCHIETA,2022,7.0,3.0,0.0,746,4.0,9.383378016085791,5.361930294906166
107,ANCHIETA,2023,9.0,4.0,1.0,641,4.0,14.0405616224649,6.240249609984399
107,ANCHIETA,2024,10.0,5.0,3.0,554,2.0,18.050541516245488,3.6101083032490977
107,ANCHIETA,2025,7.0,5.0,0.0,618,2.0,11.326860841423949,3.236245954692557
108,PARQUE ANCHIETA,2006,3.0,2.0,1.0,179,0.0,16.75977653631285,0.0
108,PARQUE ANCHIETA,2007,2.0,0.0,1.0,173,1.0,11.560693641618496,5.780346820809248
108,PARQUE ANCHIETA,2008,0.0,0.0,0.0,214,0.0,0.0,0.0
108,PARQUE ANCHIETA,2009,3.0,2.0,0.0,217,1.0,13.82488479262673,4.608294930875576
108,PARQUE ANCHIETA,2010,3.0,0.0,2.0,188,1.0,15.957446808510637,5.319148936170213
108,PARQUE ANCHIETA,2011,4.0,1.0,0.0,172,3.0,23.25581395348837,17.441860465116278
108,PARQUE ANCHIETA,2012,1.0,0.0,0.0,220,1.0,4.545454545454545,4.545454545454545
108,PARQUE ANCHIETA,2013,4.0,2.0,0.0,232,2.0,17.241379310344826,8.620689655172413
108,PARQUE ANCHIETA,2014,1.0,0.0,1.0,226,0.0,4.424778761061947,0.0
108,PARQUE ANCHIETA,2015,7.0,5.0,0.0,270,2.0,25.925925925925924,7.407407407407407
108,PARQUE ANCHIETA,2016,3.0,2.0,0.0,180,1.0,16.666666666666668,5.555555555555555
108,PARQUE ANCHIETA,2017,3.0,2.0,1.0,237,0.0,12.658227848101266,0.0
108,PARQUE ANCHIETA,2018,3.0,0.0,1.0,211,2.0,14.218009478672984,9.47867298578199
108,PARQUE ANCHIETA,2019,0.0,0.0,0.0,169,0.0,0.0,0.0
108,PARQUE ANCHIETA,2020,3.0,1.0,0.0,208,2.0,14.423076923076923,9.615384615384617
108,PARQUE ANCHIETA,2021,2.0,1.0,1.0,198,0.0,10.101010101010102,0.0
108,PARQUE ANCHIETA,2022,1.0,1.0,0.0,139,0.0,7.194244604316547,0.0
108,PARQUE ANCHIETA,2023,1.0,1.0,0.0,171,0.0,5.847953216374268,0.0
108,PARQUE ANCHIETA,2024,2.0,1.0,0.0,176,1.0,11.363636363636363,5.681818181818182
108,PARQUE ANCHIETA,2025,2.0,1.0,0.0,144,1.0,13.888888888888888,6.944444444444444
109,RICARDO ALBUQUERQUE,2006,3.0,3.0,0.0,349,0.0,8.595988538681949,0.0
109,RICARDO ALBUQUERQUE,2007,6.0,2.0,2.0,349,2.0,17.191977077363898,5.730659025787966
109,RICARDO ALBUQUERQUE,2008,3.0,1.0,0.0,268,2.0,11.194029850746269,7.462686567164179
109,RICARDO ALBUQUERQUE,2009,3.0,3.0,0.0,346,0.0,8.670520231213873,0.0
109,RICARDO ALBUQUERQUE,2010,5.0,0.0,2.0,358,3.0,13.966480446927374,8.379888268156424
109,RICARDO ALBUQUERQUE,2011,6.0,3.0,0.0,351,3.0,17.094017094017097,8.547008547008549
109,RICARDO ALBUQUERQUE,2012,5.0,3.0,0.0,337,2.0,14.836795252225519,5.934718100890208
109,RICARDO ALBUQUERQUE,2013,7.0,4.0,0.0,373,3.0,18.766756032171582,8.04289544235925
109,RICARDO ALBUQUERQUE,2014,7.0,2.0,1.0,369,4.0,18.970189701897016,10.840108401084011
109,RICARDO ALBUQUERQUE,2015,3.0,1.0,1.0,377,1.0,7.957559681697613,2.6525198938992043
109,RICARDO ALBUQUERQUE,2016,5.0,1.0,2.0,337,2.0,14.836795252225519,5.934718100890208
109,RICARDO ALBUQUERQUE,2017,6.0,5.0,0.0,349,1.0,17.191977077363898,2.865329512893983
109,RICARDO ALBUQUERQUE,2018,6.0,4.0,1.0,370,1.0,16.216216216216218,2.7027027027027026
109,RICARDO ALBUQUERQUE,2019,9.0,8.0,0.0,330,1.0,27.27272727272727,3.0303030303030303
109,RICARDO ALBUQUERQUE,2020,2.0,0.0,0.0,310,2.0,6.451612903225806,6.451612903225806
109,RICARDO ALBUQUERQUE,2021,5.0,1.0,0.0,311,4.0,16.07717041800643,12.861736334405144
109,RICARDO ALBUQUERQUE,2022,3.0,1.0,0.0,286,2.0,10.48951048951049,6.993006993006993
109,RICARDO ALBUQUERQUE,2023,4.0,1.0,0.0,269,3.0,14.869888475836431,11.152416356877323
109,RICARDO ALBUQUERQUE,2024,5.0,1.0,1.0,231,3.0,21.645021645021643,12.987012987012989
109,RICARDO ALBUQUERQUE,2025,2.0,1.0,0.0,262,1.0,7.633587786259541,3.8167938931297707
110,COELHO NETO,2006,4.0,1.0,1.0,388,2.0,10.309278350515465,5.154639175257732
110,COELHO NETO,2007,2.0,1.0,0.0,357,1.0,5.602240896358543,2.8011204481792715
110,COELHO NETO,2008,4.0,3.0,1.0,379,0.0,10.554089709762533,0.0
110,COELHO NETO,2009,4.0,1.0,2.0,405,1.0,9.876543209876543,2.4691358024691357
110,COELHO NETO,2010,3.0,0.0,1.0,394,2.0,7.614213197969543,5.076142131979695
110,COELHO NETO,2011,8.0,4.0,1.0,401,3.0,19.950124688279303,7.481296758104738
110,COELHO NETO,2012,8.0,4.0,3.0,409,1.0,19.559902200489,2.444987775061125
110,COELHO NETO,2013,4.0,0.0,0.0,397,4.0,10.075566750629722,10.075566750629722
110,COELHO NETO,2014,7.0,6.0,0.0,453,1.0,15.45253863134658,2.207505518763797
110,COELHO NETO,2015,7.0,3.0,1.0,457,3.0,15.317286652078774,6.564551422319474
110,COELHO NETO,2016,5.0,2.0,1.0,403,2.0,12.40694789081886,4.962779156327543
110,COELHO NETO,2017,5.0,3.0,0.0,360,2.0,13.888888888888888,5.555555555555555
110,COELHO NETO,2018,7.0,3.0,3.0,408,1.0,17.156862745098042,2.450980392156863
110,COELHO NETO,2019,8.0,3.0,0.0,382,5.0,20.942408376963353,13.089005235602095
110,COELHO NETO,2020,4.0,2.0,0.0,315,2.0,12.698412698412698,6.349206349206349
110,COELHO NETO,2021,2.0,1.0,1.0,302,0.0,6.622516556291391,0.0
110,COELHO NETO,2022,4.0,4.0,0.0,284,0.0,14.084507042253522,0.0
110,COELHO NETO,2023,0.0,0.0,0.0,314,0.0,0.0,0.0
110,COELHO NETO,2024,1.0,0.0,1.0,243,0.0,4.11522633744856,0.0
110,COELHO NETO,2025,0.0,0.0,0.0,284,0.0,0.0,0.0
111,ACARI,2006,7.0,4.0,0.0,421,3.0,16.6270783847981,7.125890736342043
111,ACARI,2007,2.0,1.0,0.0,387,1.0,5.167958656330749,2.5839793281653747
111,ACARI,2008,11.0,7.0,1.0,409,3.0,26.89486552567237,7.334963325183374
111,ACARI,2009,8.0,3.0,1.0,597,4.0,13.40033500837521,6.700167504187605
111,ACARI,2010,14.0,10.0,4.0,502,0.0,27.888446215139442,0.0
111,ACARI,2011,5.0,2.0,1.0,463,2.0,10.79913606911447,4.319654427645789
111,ACARI,2012,7.0,3.0,2.0,464,2.0,15.086206896551724,4.310344827586206
111,ACARI,2013,9.0,6.0,0.0,498,3.0,18.072289156626507,6.024096385542169
111,ACARI,2014,7.0,7.0,0.0,493,0.0,14.198782961460447,0.0
111,ACARI,2015,19.0,12.0,2.0,564,5.0,33.687943262411345,8.865248226950355
111,ACARI,2016,8.0,4.0,1.0,498,3.0,16.064257028112447,6.024096385542169
111,ACARI,2017,13.0,5.0,5.0,563,3.0,23.090586145648313,5.328596802841918
111,ACARI,2018,13.0,7.0,2.0,527,4.0,24.667931688804554,7.590132827324478
111,ACARI,2019,7.0,3.0,2.0,410,2.0,17.073170731707318,4.878048780487805
111,ACARI,2020,6.0,0.0,2.0,407,4.0,14.742014742014742,9.828009828009828
111,ACARI,2021,8.0,4.0,0.0,398,4.0,20.100502512562816,10.050251256281408
111,ACARI,2022,9.0,2.0,2.0,407,5.0,22.11302211302211,12.285012285012284
111,ACARI,2023,5.0,4.0,0.0,415,1.0,12.048192771084338,2.4096385542168677
111,ACARI,2024,5.0,3.0,1.0,379,1.0,13.192612137203167,2.638522427440633
111,ACARI,2025,6.0,2.0,2.0,349,2.0,17.191977077363898,5.730659025787966
112,BARROS FILHO,2006,5.0,1.0,0.0,213,4.0,23.474178403755868,18.779342723004696
112,BARROS FILHO,2007,1.0,0.0,0.0,200,1.0,5.0,5.0
112,BARROS FILHO,2008,3.0,2.0,0.0,211,1.0,14.218009478672984,4.739336492890995
112,BARROS FILHO,2009,5.0,2.0,1.0,201,2.0,24.875621890547265,9.950248756218905
112,BARROS FILHO,2010,3.0,1.0,0.0,172,2.0,17.441860465116278,11.627906976744185
112,BARROS FILHO,2011,3.0,2.0,0.0,184,1.0,16.304347826086957,5.434782608695652
112,BARROS FILHO,2012,2.0,1.0,0.0,168,1.0,11.904761904761903,5.952380952380952
112,BARROS FILHO,2013,3.0,1.0,1.0,173,1.0,17.341040462427745,5.780346820809248
112,BARROS FILHO,2014,4.0,3.0,0.0,243,1.0,16.46090534979424,4.11522633744856
112,BARROS FILHO,2015,9.0,4.0,1.0,269,4.0,33.45724907063197,14.869888475836431
112,BARROS FILHO,2016,3.0,2.0,0.0,270,1.0,11.11111111111111,3.7037037037037037
112,BARROS FILHO,2017,3.0,1.0,1.0,277,1.0,10.830324909747292,3.6101083032490977
112,BARROS FILHO,2018,1.0,1.0,0.0,270,0.0,3.7037037037037037,0.0
112,BARROS FILHO,2019,2.0,2.0,0.0,235,0.0,8.51063829787234,0.0
112,BARROS FILHO,2020,2.0,1.0,0.0,253,1.0,7.905138339920948,3.952569169960474
112,BARROS FILHO,2021,3.0,2.0,0.0,224,1.0,13.392857142857142,4.464285714285714
112,BARROS FILHO,2022,6.0,1.0,3.0,187,2.0,32.0855614973262,10.695187165775401
112,BARROS FILHO,2023,3.0,0.0,2.0,222,1.0,13.513513513513514,4.504504504504505
112,BARROS FILHO,2024,1.0,0.0,1.0,195,0.0,5.128205128205129,0.0
112,BARROS FILHO,2025,2.0,1.0,0.0,164,1.0,12.195121951219512,6.097560975609756
113,COSTA BARROS,2006,7.0,1.0,0.0,755,6.0,9.271523178807948,7.947019867549669
113,COSTA BARROS,2007,16.0,6.0,5.0,690,5.0,23.18840579710145,7.246376811594203
113,COSTA BARROS,2008,14.0,6.0,1.0,705,7.0,19.858156028368796,9.929078014184398
113,COSTA BARROS,2009,16.0,7.0,2.0,661,7.0,24.205748865355524,10.59001512859304
113,COSTA BARROS,2010,9.0,2.0,3.0,678,4.0,13.274336283185841,5.899705014749262
113,COSTA BARROS,2011,14.0,5.0,1.0,683,8.0,20.497803806734993,11.71303074670571
113,COSTA BARROS,2012,16.0,6.0,3.0,735,7.0,21.768707482993197,9.523809523809526
113,COSTA BARROS,2013,14.0,11.0,2.0,748,1.0,18.71657754010695,1.3368983957219251
113,COSTA BARROS,2014,13.0,9.0,1.0,733,3.0,17.735334242837656,4.092769440654843
113,COSTA BARROS,2015,14.0,9.0,2.0,694,3.0,20.172910662824208,4.322766570605188
113,COSTA BARROS,2016,13.0,5.0,3.0,670,5.0,19.402985074626866,7.462686567164179
113,COSTA BARROS,2017,9.0,6.0,1.0,614,2.0,14.657980456026058,3.257328990228013
113,COSTA BARROS,2018,7.0,2.0,1.0,678,4.0,10.32448377581121,5.899705014749262
113,COSTA BARROS,2019,9.0,0.0,3.0,552,6.0,16.304347826086957,10.869565217391305
113,COSTA BARROS,2020,3.0,1.0,1.0,650,1.0,4.615384615384616,1.5384615384615385
113,COSTA BARROS,2021,8.0,6.0,1.0,538,1.0,14.869888475836431,1.858736059479554
113,COSTA BARROS,2022,9.0,2.0,3.0,540,4.0,16.666666666666668,7.407407407407407
113,COSTA BARROS,2023,5.0,1.0,2.0,419,2.0,11.933174224343675,4.773269689737471
113,COSTA BARROS,2024,5.0,2.0,1.0,382,2.0,13.089005235602095,5.235602094240838
113,COSTA BARROS,2025,7.0,4.0,0.0,401,3.0,17.456359102244388,7.481296758104738
114,PAVUNA,2006,18.0,12.0,1.0,1116,5.0,16.129032258064516,4.480286738351254
114,PAVUNA,2007,13.0,8.0,1.0,1090,4.0,11.926605504587156,3.669724770642202
114,PAVUNA,2008,14.0,5.0,3.0,1092,6.0,12.82051282051282,5.4945054945054945
114,PAVUNA,2009,18.0,7.0,4.0,1219,7.0,14.766201804757998,5.742411812961444
114,PAVUNA,2010,20.0,10.0,1.0,1141,9.0,17.5284837861525,7.887817703768623
114,PAVUNA,2011,19.0,7.0,5.0,1117,7.0,17.009847806624887,6.266786034019696
114,PAVUNA,2012,13.0,4.0,5.0,1187,4.0,10.951979780960405,3.369839932603201
114,PAVUNA,2013,17.0,10.0,2.0,1153,5.0,14.744145706851691,4.336513443191674
114,PAVUNA,2014,16.0,9.0,3.0,1209,4.0,13.234077750206783,3.3085194375516958
114,PAVUNA,2015,26.0,14.0,5.0,1222,7.0,21.27659574468085,5.728314238952537
114,PAVUNA,2016,9.0,2.0,1.0,1123,6.0,8.014247551202136,5.342831700801425
114,PAVUNA,2017,18.0,9.0,3.0,1305,6.0,13.793103448275861,4.597701149425287
114,PAVUNA,2018,23.0,10.0,6.0,1117,7.0,20.590868397493285,6.266786034019696
114,PAVUNA,2019,16.0,6.0,3.0,1033,7.0,15.488867376573088,6.7763794772507255
114,PAVUNA,2020,14.0,6.0,5.0,984,3.0,14.227642276422763,3.048780487804878
114,PAVUNA,2021,17.0,10.0,3.0,925,4.0,18.37837837837838,4.324324324324325
114,PAVUNA,2022,11.0,6.0,0.0,816,5.0,13.480392156862745,6.127450980392156
114,PAVUNA,2023,19.0,3.0,6.0,980,10.0,19.387755102040817,10.204081632653061
114,PAVUNA,2024,7.0,3.0,2.0,866,2.0,8.083140877598153,2.3094688221709005
114,PAVUNA,2025,20.0,14.0,0.0,888,6.0,22.52252252252252,6.756756756756757
115,JACAREPAGUA,2006,35.0,20.0,5.0,2126,10.0,16.462841015992474,4.703668861712135
115,JACAREPAGUA,2007,35.0,15.0,5.0,1808,15.0,19.358407079646017,8.29646017699115
115,JACAREPAGUA,2008,22.0,13.0,0.0,1766,9.0,12.457531143827861,5.096262740656852
115,JACAREPAGUA,2009,30.0,15.0,4.0,1342,11.0,22.35469448584203,8.196721311475411
115,JACAREPAGUA,2010,23.0,11.0,7.0,1838,5.0,12.513601741022851,2.7203482045701852
115,JACAREPAGUA,2011,25.0,8.0,3.0,1903,14.0,13.137151865475564,7.3568050446663165
115,JACAREPAGUA,2012,35.0,18.0,7.0,2334,10.0,14.995715509854326,4.284490145672665
115,JACAREPAGUA,2013,33.0,14.0,5.0,2277,14.0,14.492753623188406,6.148440931049627
115,JACAREPAGUA,2014,26.0,11.0,6.0,2822,9.0,9.213323883770375,3.189227498228207
115,JACAREPAGUA,2015,35.0,15.0,8.0,3084,12.0,11.348897535667962,3.8910505836575875
115,JACAREPAGUA,2016,42.0,18.0,8.0,2663,16.0,15.771686068343973,6.008261359369133
115,JACAREPAGUA,2017,33.0,11.0,9.0,2811,13.0,11.739594450373533,4.624688722874422
115,JACAREPAGUA,2018,44.0,21.0,8.0,2666,15.0,16.504126031507877,5.626406601650412
115,JACAREPAGUA,2019,31.0,23.0,2.0,2241,6.0,13.833110218652386,2.677376171352075
115,JACAREPAGUA,2020,28.0,9.0,8.0,2413,11.0,11.603812681309574,4.5586406962287604
115,JACAREPAGUA,2021,29.0,11.0,9.0,2546,9.0,11.390416339355854,3.534956794972506
115,JACAREPAGUA,2022,24.0,14.0,3.0,1957,7.0,12.263668880940216,3.5769034236075625
115,JACAREPAGUA,2023,19.0,7.0,6.0,2489,6.0,7.633587786259541,2.4106066693451185
115,JACAREPAGUA,2024,22.0,14.0,1.0,2032,7.0,10.826771653543307,3.4448818897637796
115,JACAREPAGUA,2025,32.0,11.0,8.0,1878,13.0,17.03940362087327,6.922257720979766
116,ANIL,2006,9.0,2.0,1.0,432,6.0,20.833333333333332,13.888888888888888
116,ANIL,2007,7.0,3.0,1.0,513,3.0,13.64522417153996,5.847953216374268
116,ANIL,2008,6.0,2.0,0.0,398,4.0,15.07537688442211,10.050251256281408
116,ANIL,2009,7.0,6.0,0.0,492,1.0,14.227642276422763,2.032520325203252
116,ANIL,2010,4.0,1.0,1.0,478,2.0,8.368200836820083,4.184100418410042
116,ANIL,2011,4.0,0.0,1.0,491,3.0,8.146639511201629,6.109979633401222
116,ANIL,2012,10.0,7.0,2.0,468,1.0,21.367521367521366,2.136752136752137
116,ANIL,2013,4.0,1.0,2.0,496,1.0,8.064516129032258,2.0161290322580645
116,ANIL,2014,7.0,3.0,3.0,458,1.0,15.283842794759824,2.1834061135371177
116,ANIL,2015,4.0,3.0,0.0,431,1.0,9.280742459396752,2.320185614849188
116,ANIL,2016,2.0,1.0,0.0,421,1.0,4.750593824228028,2.375296912114014
116,ANIL,2017,3.0,1.0,0.0,432,2.0,6.944444444444444,4.62962962962963
116,ANIL,2018,4.0,1.0,1.0,436,2.0,9.174311926605505,4.587155963302752
116,ANIL,2019,3.0,1.0,1.0,420,1.0,7.142857142857142,2.3809523809523814
116,ANIL,2020,3.0,1.0,1.0,444,1.0,6.756756756756757,2.2522522522522523
116,ANIL,2021,6.0,4.0,0.0,387,2.0,15.503875968992247,5.167958656330749
116,ANIL,2022,1.0,1.0,0.0,439,0.0,2.277904328018223,0.0
116,ANIL,2023,0.0,0.0,0.0,367,0.0,0.0,0.0
116,ANIL,2024,2.0,1.0,0.0,353,1.0,5.6657223796034,2.8328611898017
116,ANIL,2025,7.0,5.0,0.0,377,2.0,18.56763925729443,5.305039787798409
117,GARDENIA AZUL,2006,3.0,2.0,0.0,364,1.0,8.241758241758243,2.7472527472527473
117,GARDENIA AZUL,2007,5.0,2.0,1.0,413,2.0,12.106537530266344,4.842615012106537
117,GARDENIA AZUL,2008,9.0,5.0,3.0,457,1.0,19.693654266958426,2.1881838074398248
117,GARDENIA AZUL,2009,6.0,3.0,1.0,530,2.0,11.320754716981131,3.7735849056603774
117,GARDENIA AZUL,2010,13.0,7.0,3.0,530,3.0,24.528301886792455,5.660377358490566
117,GARDENIA AZUL,2011,12.0,6.0,2.0,618,4.0,19.41747572815534,6.472491909385114
117,GARDENIA AZUL,2012,8.0,3.0,1.0,609,4.0,13.136288998357964,6.568144499178982
117,GARDENIA AZUL,2013,8.0,4.0,1.0,630,3.0,12.698412698412698,4.761904761904763
117,GARDENIA AZUL,2014,5.0,4.0,1.0,671,0.0,7.451564828614009,0.0
117,GARDENIA AZUL,2015,3.0,2.0,1.0,686,0.0,4.373177842565598,0.0
117,GARDENIA AZUL,2016,3.0,2.0,0.0,593,1.0,5.059021922428331,1.6863406408094435
117,GARDENIA AZUL,2017,4.0,2.0,2.0,591,0.0,6.768189509306261,0.0
117,GARDENIA AZUL,2018,3.0,2.0,0.0,608,1.0,4.934210526315789,1.644736842105263
117,GARDENIA AZUL,2019,6.0,1.0,2.0,554,3.0,10.830324909747292,5.415162454873646
117,GARDENIA AZUL,2020,6.0,3.0,0.0,561,3.0,10.695187165775401,5.347593582887701
117,GARDENIA AZUL,2021,4.0,4.0,0.0,461,0.0,8.676789587852495,0.0
117,GARDENIA AZUL,2022,5.0,4.0,1.0,529,0.0,9.45179584120983,0.0
117,GARDENIA AZUL,2023,7.0,4.0,0.0,424,3.0,16.50943396226415,7.0754716981132075
117,GARDENIA AZUL,2024,3.0,3.0,0.0,333,0.0,9.00900900900901,0.0
117,GARDENIA AZUL,2025,4.0,1.0,1.0,400,2.0,10.0,5.0
118,CIDADE DE DEUS,2006,7.0,2.0,1.0,662,4.0,10.574018126888218,6.042296072507553
118,CIDADE DE DEUS,2007,16.0,4.0,3.0,711,9.0,22.50351617440225,12.658227848101266
118,CIDADE DE DEUS,2008,17.0,4.0,5.0,734,8.0,23.16076294277929,10.899182561307901
118,CIDADE DE DEUS,2009,12.0,3.0,1.0,808,8.0,14.85148514851485,9.900990099009901
118,CIDADE DE DEUS,2010,21.0,8.0,5.0,794,8.0,26.448362720403022,10.075566750629722
118,CIDADE DE DEUS,2011,13.0,6.0,2.0,877,5.0,14.823261117445838,5.701254275940707
118,CIDADE DE DEUS,2012,15.0,4.0,5.0,843,6.0,17.793594306049823,7.117437722419928
118,CIDADE DE DEUS,2013,8.0,2.0,3.0,829,3.0,9.650180940892641,3.6188178528347406
118,CIDADE DE DEUS,2014,19.0,7.0,4.0,868,8.0,21.889400921658986,9.216589861751151
118,CIDADE DE DEUS,2015,15.0,4.0,4.0,890,7.0,16.853932584269664,7.865168539325843
118,CIDADE DE DEUS,2016,9.0,5.0,1.0,829,3.0,10.856453558504223,3.6188178528347406
118,CIDADE DE DEUS,2017,12.0,6.0,1.0,847,5.0,14.167650531286895,5.903187721369539
118,CIDADE DE DEUS,2018,10.0,6.0,1.0,833,3.0,12.004801920768308,3.601440576230492
118,CIDADE DE DEUS,2019,7.0,1.0,3.0,720,3.0,9.722222222222223,4.166666666666667
118,CIDADE DE DEUS,2020,9.0,6.0,2.0,762,1.0,11.811023622047244,1.3123359580052494
118,CIDADE DE DEUS,2021,8.0,4.0,1.0,653,3.0,12.251148545176111,4.594180704441042
118,CIDADE DE DEUS,2022,9.0,4.0,0.0,591,5.0,15.228426395939087,8.460236886632826
118,CIDADE DE DEUS,2023,3.0,2.0,1.0,559,0.0,5.366726296958855,0.0
118,CIDADE DE DEUS,2024,8.0,3.0,1.0,485,4.0,16.494845360824744,8.247422680412372
118,CIDADE DE DEUS,2025,6.0,2.0,2.0,549,2.0,10.92896174863388,3.6429872495446265
119,CURICICA,2006,7.0,1.0,4.0,819,2.0,8.547008547008549,2.442002442002442
119,CURICICA,2007,6.0,2.0,0.0,855,4.0,7.017543859649123,4.678362573099415
119,CURICICA,2008,14.0,8.0,2.0,890,4.0,15.730337078651687,4.49438202247191
119,CURICICA,2009,12.0,5.0,5.0,982,2.0,12.219959266802444,2.0366598778004072
119,CURICICA,2010,12.0,6.0,1.0,872,5.0,13.761467889908257,5.73394495412844
119,CURICICA,2011,6.0,2.0,1.0,837,3.0,7.168458781362007,3.5842293906810037
119,CURICICA,2012,18.0,9.0,2.0,956,7.0,18.82845188284519,7.322175732217573
119,CURICICA,2013,8.0,6.0,0.0,926,2.0,8.639308855291578,2.1598272138228944
119,CURICICA,2014,8.0,3.0,1.0,839,4.0,9.535160905840286,4.767580452920143
119,CURICICA,2015,6.0,1.0,1.0,776,4.0,7.731958762886598,5.154639175257732
119,CURICICA,2016,8.0,3.0,3.0,842,2.0,9.501187648456057,2.375296912114014
119,CURICICA,2017,10.0,4.0,2.0,893,4.0,11.198208286674133,4.479283314669653
119,CURICICA,2018,6.0,3.0,0.0,863,3.0,6.952491309385863,3.4762456546929315
119,CURICICA,2019,6.0,3.0,1.0,899,2.0,6.674082313681869,2.2246941045606228
119,CURICICA,2020,10.0,8.0,0.0,682,2.0,14.66275659824047,2.932551319648094
119,CURICICA,2021,6.0,2.0,1.0,642,3.0,9.345794392523365,4.672897196261682
119,CURICICA,2022,3.0,2.0,1.0,695,0.0,4.316546762589928,0.0
119,CURICICA,2023,3.0,1.0,1.0,449,1.0,6.6815144766147,2.2271714922048997
119,CURICICA,2024,2.0,0.0,2.0,349,0.0,5.730659025787966,0.0
119,CURICICA,2025,5.0,4.0,1.0,369,0.0,13.550135501355014,0.0
120,FREGUESIA-JPA,2006,4.0,3.0,1.0,656,0.0,6.097560975609756,0.0
120,FREGUESIA-JPA,2007,1.0,0.0,0.0,626,1.0,1.5974440894568689,1.5974440894568689
120,FREGUESIA-JPA,2008,7.0,2.0,1.0,682,4.0,10.263929618768328,5.865102639296188
120,FREGUESIA-JPA,2009,6.0,2.0,2.0,832,2.0,7.211538461538462,2.403846153846154
120,FREGUESIA-JPA,2010,10.0,7.0,2.0,763,1.0,13.10615989515072,1.3106159895150722
120,FREGUESIA-JPA,2011,9.0,4.0,1.0,878,4.0,10.250569476082005,4.555808656036446
120,FREGUESIA-JPA,2012,7.0,7.0,0.0,760,0.0,9.210526315789473,0.0
120,FREGUESIA-JPA,2013,10.0,6.0,0.0,844,4.0,11.848341232227487,4.739336492890995
120,FREGUESIA-JPA,2014,8.0,4.0,1.0,922,3.0,8.676789587852495,3.2537960954446854
120,FREGUESIA-JPA,2015,14.0,7.0,1.0,924,6.0,15.151515151515152,6.493506493506494
120,FREGUESIA-JPA,2016,12.0,7.0,3.0,817,2.0,14.687882496940025,2.4479804161566707
120,FREGUESIA-JPA,2017,7.0,3.0,0.0,795,4.0,8.80503144654088,5.031446540880503
120,FREGUESIA-JPA,2018,3.0,0.0,2.0,824,1.0,3.6407766990291264,1.2135922330097086
120,FREGUESIA-JPA,2019,7.0,4.0,2.0,730,1.0,9.589041095890412,1.36986301369863
120,FREGUESIA-JPA,2020,8.0,1.0,3.0,708,4.0,11.299435028248588,5.649717514124294
120,FREGUESIA-JPA,2021,4.0,2.0,0.0,619,2.0,6.462035541195477,3.2310177705977385
120,FREGUESIA-JPA,2022,5.0,4.0,0.0,626,1.0,7.987220447284344,1.5974440894568689
120,FREGUESIA-JPA,2023,5.0,4.0,1.0,595,0.0,8.403361344537815,0.0
120,FREGUESIA-JPA,2024,4.0,2.0,1.0,577,1.0,6.932409012131715,1.7331022530329288
120,FREGUESIA-JPA,2025,4.0,2.0,1.0,553,1.0,7.2332730560578655,1.8083182640144664
121,PECHINCHA,2006,3.0,2.0,0.0,411,1.0,7.299270072992701,2.4330900243309004
121,PECHINCHA,2007,2.0,1.0,0.0,410,1.0,4.878048780487805,2.4390243902439024
121,PECHINCHA,2008,2.0,1.0,0.0,447,1.0,4.47427293064877,2.237136465324385
121,PECHINCHA,2009,4.0,1.0,1.0,489,2.0,8.1799591002045,4.08997955010225
121,PECHINCHA,2010,3.0,2.0,0.0,499,1.0,6.012024048096192,2.004008016032064
121,PECHINCHA,2011,5.0,4.0,0.0,495,1.0,10.101010101010102,2.0202020202020203
121,PECHINCHA,2012,4.0,1.0,1.0,526,2.0,7.604562737642586,3.802281368821293
121,PECHINCHA,2013,5.0,2.0,3.0,479,0.0,10.438413361169102,0.0
121,PECHINCHA,2014,3.0,1.0,1.0,553,1.0,5.424954792043399,1.8083182640144664
121,PECHINCHA,2015,5.0,0.0,1.0,570,4.0,8.771929824561402,7.017543859649123
121,PECHINCHA,2016,3.0,1.0,1.0,453,1.0,6.622516556291391,2.207505518763797
121,PECHINCHA,2017,2.0,0.0,0.0,493,2.0,4.056795131845842,4.056795131845842
121,PECHINCHA,2018,1.0,1.0,0.0,451,0.0,2.2172949002217295,0.0
121,PECHINCHA,2019,2.0,2.0,0.0,423,0.0,4.7281323877068555,0.0
121,PECHINCHA,2020,3.0,0.0,0.0,426,3.0,7.042253521126761,7.042253521126761
121,PECHINCHA,2021,3.0,2.0,0.0,363,1.0,8.264462809917356,2.7548209366391188
121,PECHINCHA,2022,5.0,1.0,0.0,433,4.0,11.547344110854503,9.237875288683602
121,PECHINCHA,2023,2.0,1.0,0.0,396,1.0,5.050505050505051,2.5252525252525255
121,PECHINCHA,2024,6.0,1.0,2.0,298,3.0,20.13422818791946,10.06711409395973
121,PECHINCHA,2025,3.0,2.0,1.0,339,0.0,8.849557522123893,0.0
122,TAQUARA,2006,19.0,11.0,2.0,1489,6.0,12.760241773002015,4.029550033579583
122,TAQUARA,2007,14.0,5.0,2.0,1511,7.0,9.265387160820648,4.632693580410324
122,TAQUARA,2008,10.0,6.0,2.0,1685,2.0,5.934718100890208,1.1869436201780414
122,TAQUARA,2009,16.0,9.0,2.0,1734,5.0,9.22722029988466,2.883506343713956
122,TAQUARA,2010,29.0,8.0,4.0,1649,17.0,17.58641600970285,10.309278350515465
122,TAQUARA,2011,12.0,5.0,2.0,1696,5.0,7.0754716981132075,2.94811320754717
122,TAQUARA,2012,22.0,7.0,6.0,1626,9.0,13.530135301353015,5.535055350553505
122,TAQUARA,2013,12.0,9.0,1.0,1758,2.0,6.825938566552901,1.1376564277588168
122,TAQUARA,2014,16.0,10.0,2.0,1758,4.0,9.101251422070535,2.2753128555176336
122,TAQUARA,2015,23.0,12.0,4.0,1718,7.0,13.38766006984866,4.074505238649592
122,TAQUARA,2016,21.0,8.0,3.0,1644,10.0,12.773722627737227,6.082725060827251
122,TAQUARA,2017,20.0,7.0,5.0,1651,8.0,12.113870381586917,4.845548152634767
122,TAQUARA,2018,11.0,7.0,2.0,1544,2.0,7.124352331606218,1.2953367875647668
122,TAQUARA,2019,10.0,1.0,2.0,1567,7.0,6.381620931716657,4.4671346522016595
122,TAQUARA,2020,13.0,5.0,3.0,1489,5.0,8.730691739422431,3.3579583613163195
122,TAQUARA,2021,16.0,9.0,4.0,1291,3.0,12.393493415956623,2.3237800154918666
122,TAQUARA,2022,17.0,8.0,1.0,1308,8.0,12.996941896024465,6.116207951070336
122,TAQUARA,2023,21.0,8.0,4.0,1106,9.0,18.9873417721519,8.1374321880651
122,TAQUARA,2024,12.0,5.0,2.0,970,5.0,12.371134020618555,5.154639175257732
122,TAQUARA,2025,14.0,8.0,2.0,1005,4.0,13.930348258706468,3.980099502487562
123,TANQUE,2006,8.0,3.0,2.0,369,3.0,21.680216802168022,8.130081300813009
123,TANQUE,2007,3.0,1.0,2.0,392,0.0,7.653061224489796,0.0
123,TANQUE,2008,8.0,2.0,2.0,467,4.0,17.130620985010708,8.565310492505354
123,TANQUE,2009,4.0,1.0,1.0,510,2.0,7.8431372549019605,3.9215686274509802
123,TANQUE,2010,9.0,4.0,1.0,523,4.0,17.208413001912046,7.648183556405353
123,TANQUE,2011,7.0,2.0,1.0,569,4.0,12.302284710017574,7.0298769771529
123,TANQUE,2012,8.0,6.0,0.0,595,2.0,13.445378151260504,3.361344537815126
123,TANQUE,2013,6.0,3.0,2.0,622,1.0,9.64630225080386,1.607717041800643
123,TANQUE,2014,7.0,2.0,1.0,608,4.0,11.51315789473684,6.578947368421052
123,TANQUE,2015,1.0,1.0,0.0,596,0.0,1.6778523489932886,0.0
123,TANQUE,2016,11.0,6.0,2.0,535,3.0,20.560747663551403,5.607476635514018
123,TANQUE,2017,7.0,2.0,1.0,545,4.0,12.844036697247708,7.339449541284404
123,TANQUE,2018,5.0,3.0,2.0,580,0.0,8.620689655172413,0.0
123,TANQUE,2019,0.0,0.0,0.0,471,0.0,0.0,0.0
123,TANQUE,2020,5.0,3.0,1.0,478,1.0,10.460251046025103,2.092050209205021
123,TANQUE,2021,3.0,2.0,0.0,442,1.0,6.787330316742081,2.2624434389140275
123,TANQUE,2022,4.0,3.0,1.0,381,0.0,10.498687664041995,0.0
123,TANQUE,2023,3.0,0.0,2.0,384,1.0,7.8125,2.6041666666666665
123,TANQUE,2024,3.0,3.0,0.0,421,0.0,7.125890736342043,0.0
123,TANQUE,2025,5.0,1.0,3.0,378,1.0,13.227513227513226,2.6455026455026456
124,PRACA SECA,2006,5.0,3.0,1.0,681,1.0,7.342143906020558,1.4684287812041115
124,PRACA SECA,2007,5.0,2.0,0.0,755,3.0,6.622516556291391,3.9735099337748343
124,PRACA SECA,2008,9.0,5.0,1.0,807,3.0,11.152416356877323,3.717472118959108
124,PRACA SECA,2009,19.0,12.0,1.0,865,6.0,21.965317919075144,6.936416184971098
124,PRACA SECA,2010,12.0,6.0,1.0,815,5.0,14.723926380368098,6.134969325153374
124,PRACA SECA,2011,6.0,2.0,2.0,860,2.0,6.976744186046512,2.3255813953488373
124,PRACA SECA,2012,8.0,4.0,1.0,826,3.0,9.685230024213075,3.6319612590799033
124,PRACA SECA,2013,5.0,2.0,0.0,826,3.0,6.053268765133172,3.6319612590799033
124,PRACA SECA,2014,10.0,3.0,1.0,841,6.0,11.890606420927467,7.134363852556481
124,PRACA SECA,2015,12.0,7.0,4.0,933,1.0,12.861736334405144,1.0718113612004287
124,PRACA SECA,2016,11.0,7.0,1.0,848,3.0,12.971698113207548,3.5377358490566038
124,PRACA SECA,2017,10.0,6.0,2.0,905,2.0,11.049723756906078,2.2099447513812156
124,PRACA SECA,2018,12.0,5.0,4.0,814,3.0,14.742014742014742,3.6855036855036856
124,PRACA SECA,2019,11.0,6.0,2.0,713,3.0,15.427769985974754,4.207573632538569
124,PRACA SECA,2020,5.0,3.0,0.0,664,2.0,7.530120481927711,3.0120481927710845
124,PRACA SECA,2021,9.0,5.0,3.0,669,1.0,13.45291479820628,1.4947683109118086
124,PRACA SECA,2022,9.0,1.0,2.0,568,6.0,15.84507042253521,10.56338028169014
124,PRACA SECA,2023,9.0,4.0,4.0,607,1.0,14.827018121911038,1.6474464579901154
124,PRACA SECA,2024,6.0,4.0,1.0,520,1.0,11.538461538461538,1.9230769230769231
124,PRACA SECA,2025,10.0,4.0,1.0,567,5.0,17.636684303350968,8.818342151675484
125,VILA VALQUEIRE,2006,2.0,1.0,1.0,424,0.0,4.716981132075471,0.0
125,VILA VALQUEIRE,2007,4.0,4.0,0.0,451,0.0,8.869179600886918,0.0
125,VILA VALQUEIRE,2008,8.0,6.0,1.0,422,1.0,18.95734597156398,2.3696682464454977
125,VILA VALQUEIRE,2009,3.0,0.0,0.0,479,3.0,6.263048016701462,6.263048016701462
125,VILA VALQUEIRE,2010,3.0,1.0,1.0,430,1.0,6.976744186046512,2.3255813953488373
125,VILA VALQUEIRE,2011,2.0,0.0,0.0,422,2.0,4.739336492890995,4.739336492890995
125,VILA VALQUEIRE,2012,5.0,0.0,0.0,439,5.0,11.389521640091116,11.389521640091116
125,VILA VALQUEIRE,2013,8.0,5.0,1.0,412,2.0,19.41747572815534,4.854368932038835
125,VILA VALQUEIRE,2014,5.0,2.0,0.0,445,3.0,11.235955056179774,6.741573033707866
125,VILA VALQUEIRE,2015,2.0,2.0,0.0,421,0.0,4.750593824228028,0.0
125,VILA VALQUEIRE,2016,6.0,4.0,1.0,352,1.0,17.045454545454543,2.840909090909091
125,VILA VALQUEIRE,2017,1.0,1.0,0.0,395,0.0,2.5316455696202533,0.0
125,VILA VALQUEIRE,2018,1.0,0.0,0.0,385,1.0,2.5974025974025974,2.5974025974025974
125,VILA VALQUEIRE,2019,2.0,1.0,0.0,327,1.0,6.116207951070336,3.058103975535168
125,VILA VALQUEIRE,2020,3.0,2.0,0.0,301,1.0,9.966777408637872,3.3222591362126246
125,VILA VALQUEIRE,2021,1.0,1.0,0.0,264,0.0,3.787878787878788,0.0
125,VILA VALQUEIRE,2022,2.0,0.0,1.0,304,1.0,6.578947368421052,3.289473684210526
125,VILA VALQUEIRE,2023,2.0,1.0,0.0,285,1.0,7.017543859649123,3.5087719298245617
125,VILA VALQUEIRE,2024,4.0,2.0,1.0,288,1.0,13.888888888888888,3.472222222222222
125,VILA VALQUEIRE,2025,2.0,2.0,0.0,273,0.0,7.326007326007326,0.0
126,JOA,2006,0.0,0.0,0.0,9,0.0,0.0,0.0
126,JOA,2007,0.0,0.0,0.0,2,0.0,0.0,0.0
126,JOA,2008,0.0,0.0,0.0,9,0.0,0.0,0.0
126,JOA,2009,0.0,0.0,0.0,13,0.0,0.0,0.0
126,JOA,2010,0.0,0.0,0.0,9,0.0,0.0,0.0
126,JOA,2011,1.0,1.0,0.0,6,0.0,166.66666666666666,0.0
126,JOA,2012,0.0,0.0,0.0,15,0.0,0.0,0.0
126,JOA,2013,0.0,0.0,0.0,8,0.0,0.0,0.0
126,JOA,2014,0.0,0.0,0.0,7,0.0,0.0,0.0
126,JOA,2015,0.0,0.0,0.0,11,0.0,0.0,0.0
126,JOA,2016,0.0,0.0,0.0,7,0.0,0.0,0.0
126,JOA,2017,0.0,0.0,0.0,2,0.0,0.0,0.0
126,JOA,2018,0.0,0.0,0.0,5,0.0,0.0,0.0
126,JOA,2019,0.0,0.0,0.0,5,0.0,0.0,0.0
126,JOA,2020,0.0,0.0,0.0,4,0.0,0.0,0.0
126,JOA,2021,0.0,0.0,0.0,11,0.0,0.0,0.0
126,JOA,2022,0.0,0.0,0.0,8,0.0,0.0,0.0
126,JOA,2023,0.0,0.0,0.0,4,0.0,0.0,0.0
126,JOA,2024,0.0,0.0,0.0,7,0.0,0.0,0.0
126,JOA,2025,0.0,0.0,0.0,8,0.0,0.0,0.0
127,ITANHANGA,2006,1.0,0.0,0.0,350,1.0,2.857142857142857,2.857142857142857
127,ITANHANGA,2007,8.0,4.0,1.0,418,3.0,19.138755980861244,7.177033492822967
127,ITANHANGA,2008,4.0,2.0,1.0,390,1.0,10.256410256410257,2.5641025641025643
127,ITANHANGA,2009,6.0,3.0,2.0,659,1.0,9.104704097116844,1.5174506828528074
127,ITANHANGA,2010,7.0,5.0,2.0,485,0.0,14.43298969072165,0.0
127,ITANHANGA,2011,4.0,1.0,0.0,549,3.0,7.285974499089253,5.46448087431694
127,ITANHANGA,2012,7.0,3.0,0.0,565,4.0,12.389380530973451,7.079646017699115
127,ITANHANGA,2013,7.0,5.0,1.0,578,1.0,12.110726643598616,1.7301038062283738
127,ITANHANGA,2014,12.0,6.0,4.0,631,2.0,19.01743264659271,3.1695721077654517
127,ITANHANGA,2015,12.0,7.0,1.0,702,4.0,17.094017094017097,5.698005698005698
127,ITANHANGA,2016,16.0,8.0,2.0,662,6.0,24.169184290030213,9.06344410876133
127,ITANHANGA,2017,11.0,5.0,4.0,939,2.0,11.714589989350374,2.1299254526091587
127,ITANHANGA,2018,12.0,6.0,0.0,841,6.0,14.268727705112962,7.134363852556481
127,ITANHANGA,2019,11.0,9.0,0.0,763,2.0,14.416775884665794,2.6212319790301444
127,ITANHANGA,2020,10.0,7.0,2.0,709,1.0,14.104372355430185,1.4104372355430184
127,ITANHANGA,2021,13.0,7.0,1.0,762,5.0,17.060367454068242,6.561679790026247
127,ITANHANGA,2022,10.0,6.0,1.0,721,3.0,13.869625520110958,4.160887656033287
127,ITANHANGA,2023,14.0,5.0,5.0,819,4.0,17.094017094017097,4.884004884004884
127,ITANHANGA,2024,4.0,1.0,2.0,716,1.0,5.58659217877095,1.3966480446927374
127,ITANHANGA,2025,11.0,4.0,2.0,791,5.0,13.90644753476612,6.321112515802781
128,BARRA DA TIJUCA,2006,11.0,4.0,4.0,1374,3.0,8.005822416302767,2.1834061135371177
128,BARRA DA TIJUCA,2007,11.0,7.0,1.0,1352,3.0,8.136094674556213,2.2189349112426036
128,BARRA DA TIJUCA,2008,6.0,4.0,0.0,1563,2.0,3.838771593090211,1.2795905310300704
128,BARRA DA TIJUCA,2009,12.0,6.0,1.0,1679,5.0,7.147111375818939,2.9779630732578917
128,BARRA DA TIJUCA,2010,6.0,4.0,2.0,1618,0.0,3.708281829419036,0.0
128,BARRA DA TIJUCA,2011,16.0,4.0,4.0,1733,8.0,9.232544720138488,4.616272360069244
128,BARRA DA TIJUCA,2012,5.0,1.0,2.0,1756,2.0,2.847380410022779,1.1389521640091116
128,BARRA DA TIJUCA,2013,11.0,7.0,2.0,1730,2.0,6.358381502890174,1.1560693641618498
128,BARRA DA TIJUCA,2014,10.0,6.0,0.0,1671,4.0,5.9844404548174746,2.39377618192699
128,BARRA DA TIJUCA,2015,10.0,5.0,4.0,1568,1.0,6.377551020408164,0.6377551020408163
128,BARRA DA TIJUCA,2016,5.0,2.0,0.0,1398,3.0,3.57653791130186,2.1459227467811157
128,BARRA DA TIJUCA,2017,8.0,4.0,2.0,1431,2.0,5.590496156533892,1.397624039133473
128,BARRA DA TIJUCA,2018,11.0,6.0,3.0,1353,2.0,8.130081300813009,1.4781966001478197
128,BARRA DA TIJUCA,2019,9.0,4.0,2.0,1343,3.0,6.7014147431124345,2.2338049143708116
128,BARRA DA TIJUCA,2020,6.0,2.0,3.0,1229,1.0,4.882017900732302,0.8136696501220504
128,BARRA DA TIJUCA,2021,14.0,3.0,6.0,1196,5.0,11.705685618729095,4.180602006688963
128,BARRA DA TIJUCA,2022,1.0,1.0,0.0,1210,0.0,0.8264462809917356,0.0
128,BARRA DA TIJUCA,2023,8.0,6.0,0.0,1168,2.0,6.8493150684931505,1.7123287671232876
128,BARRA DA TIJUCA,2024,8.0,5.0,0.0,1163,3.0,6.878761822871883,2.5795356835769563
128,BARRA DA TIJUCA,2025,6.0,4.0,2.0,1115,0.0,5.381165919282512,0.0
129,CAMORIM,2006,0.0,0.0,0.0,64,0.0,0.0,0.0
129,CAMORIM,2007,1.0,1.0,0.0,68,0.0,14.705882352941176,0.0
129,CAMORIM,2008,1.0,1.0,0.0,58,0.0,17.241379310344826,0.0
129,CAMORIM,2009,1.0,1.0,0.0,57,0.0,17.543859649122805,0.0
129,CAMORIM,2010,1.0,0.0,0.0,75,1.0,13.333333333333334,13.333333333333334
129,CAMORIM,2011,1.0,0.0,1.0,77,0.0,12.987012987012989,0.0
129,CAMORIM,2012,1.0,0.0,0.0,72,1.0,13.888888888888888,13.888888888888888
129,CAMORIM,2013,0.0,0.0,0.0,77,0.0,0.0,0.0
129,CAMORIM,2014,2.0,1.0,0.0,77,1.0,25.974025974025977,12.987012987012989
129,CAMORIM,2015,1.0,0.0,0.0,76,1.0,13.157894736842104,13.157894736842104
129,CAMORIM,2016,0.0,0.0,0.0,84,0.0,0.0,0.0
129,CAMORIM,2017,0.0,0.0,0.0,92,0.0,0.0,0.0
129,CAMORIM,2018,0.0,0.0,0.0,101,0.0,0.0,0.0
129,CAMORIM,2019,0.0,0.0,0.0,134,0.0,0.0,0.0
129,CAMORIM,2020,1.0,1.0,0.0,89,0.0,11.235955056179774,0.0
129,CAMORIM,2021,1.0,1.0,0.0,85,0.0,11.76470588235294,0.0
129,CAMORIM,2022,0.0,0.0,0.0,123,0.0,0.0,0.0
129,CAMORIM,2023,0.0,0.0,0.0,80,0.0,0.0,0.0
129,CAMORIM,2024,0.0,0.0,0.0,23,0.0,0.0,0.0
129,CAMORIM,2025,1.0,0.0,0.0,35,1.0,28.57142857142857,28.57142857142857
130,VARGEM PEQUENA,2006,2.0,1.0,0.0,222,1.0,9.00900900900901,4.504504504504505
130,VARGEM PEQUENA,2007,2.0,1.0,0.0,276,1.0,7.246376811594203,3.6231884057971016
130,VARGEM PEQUENA,2008,2.0,0.0,0.0,287,2.0,6.968641114982578,6.968641114982578
130,VARGEM PEQUENA,2009,0.0,0.0,0.0,345,0.0,0.0,0.0
130,VARGEM PEQUENA,2010,7.0,2.0,0.0,282,5.0,24.822695035460995,17.73049645390071
130,VARGEM PEQUENA,2011,6.0,5.0,0.0,382,1.0,15.706806282722512,2.617801047120419
130,VARGEM PEQUENA,2012,5.0,2.0,0.0,348,3.0,14.367816091954023,8.620689655172413
130,VARGEM PEQUENA,2013,7.0,3.0,1.0,294,3.0,23.809523809523807,10.204081632653061
130,VARGEM PEQUENA,2014,3.0,1.0,1.0,339,1.0,8.849557522123893,2.949852507374631
130,VARGEM PEQUENA,2015,4.0,0.0,1.0,380,3.0,10.526315789473683,7.894736842105264
130,VARGEM PEQUENA,2016,3.0,3.0,0.0,418,0.0,7.177033492822967,0.0
130,VARGEM PEQUENA,2017,3.0,1.0,1.0,400,1.0,7.5,2.5
130,VARGEM PEQUENA,2018,2.0,0.0,1.0,425,1.0,4.705882352941176,2.352941176470588
130,VARGEM PEQUENA,2019,5.0,2.0,0.0,384,3.0,13.020833333333334,7.8125
130,VARGEM PEQUENA,2020,7.0,4.0,1.0,426,2.0,16.431924882629108,4.694835680751174
130,VARGEM PEQUENA,2021,0.0,0.0,0.0,391,0.0,0.0,0.0
130,VARGEM PEQUENA,2022,4.0,2.0,1.0,365,1.0,10.95890410958904,2.73972602739726
130,VARGEM PEQUENA,2023,5.0,4.0,0.0,408,1.0,12.254901960784313,2.450980392156863
130,VARGEM PEQUENA,2024,3.0,1.0,1.0,340,1.0,8.823529411764707,2.941176470588235
130,VARGEM PEQUENA,2025,7.0,4.0,1.0,325,2.0,21.538461538461537,6.153846153846154
131,VARGEM GRANDE,2006,3.0,1.0,1.0,239,1.0,12.552301255230125,4.184100418410042
131,VARGEM GRANDE,2007,3.0,2.0,0.0,264,1.0,11.363636363636363,3.787878787878788
131,VARGEM GRANDE,2008,0.0,0.0,0.0,232,0.0,0.0,0.0
131,VARGEM GRANDE,2009,2.0,1.0,0.0,292,1.0,6.8493150684931505,3.4246575342465753
131,VARGEM GRANDE,2010,2.0,1.0,1.0,277,0.0,7.220216606498195,0.0
131,VARGEM GRANDE,2011,2.0,2.0,0.0,304,0.0,6.578947368421052,0.0
131,VARGEM GRANDE,2012,3.0,2.0,0.0,305,1.0,9.836065573770492,3.278688524590164
131,VARGEM GRANDE,2013,2.0,0.0,1.0,316,1.0,6.329113924050633,3.1645569620253164
131,VARGEM GRANDE,2014,1.0,1.0,0.0,281,0.0,3.558718861209964,0.0
131,VARGEM GRANDE,2015,3.0,1.0,0.0,297,2.0,10.101010101010102,6.7340067340067336
131,VARGEM GRANDE,2016,2.0,2.0,0.0,325,0.0,6.153846153846154,0.0
131,VARGEM GRANDE,2017,6.0,0.0,2.0,329,4.0,18.2370820668693,12.158054711246201
131,VARGEM GRANDE,2018,2.0,1.0,0.0,321,1.0,6.230529595015576,3.115264797507788
131,VARGEM GRANDE,2019,6.0,2.0,3.0,288,1.0,20.833333333333332,3.472222222222222
131,VARGEM GRANDE,2020,5.0,2.0,1.0,318,2.0,15.723270440251572,6.289308176100629
131,VARGEM GRANDE,2021,2.0,1.0,1.0,248,0.0,8.064516129032258,0.0
131,VARGEM GRANDE,2022,4.0,3.0,0.0,302,1.0,13.245033112582782,3.3112582781456954
131,VARGEM GRANDE,2023,6.0,3.0,0.0,292,3.0,20.54794520547945,10.273972602739725
131,VARGEM GRANDE,2024,4.0,3.0,0.0,241,1.0,16.597510373443985,4.149377593360996
131,VARGEM GRANDE,2025,3.0,1.0,0.0,255,2.0,11.76470588235294,7.8431372549019605
132,RECREIO BANDEIRANTES,2006,9.0,6.0,1.0,895,2.0,10.05586592178771,2.2346368715083798
132,RECREIO BANDEIRANTES,2007,7.0,5.0,1.0,992,1.0,7.056451612903226,1.0080645161290323
132,RECREIO BANDEIRANTES,2008,10.0,7.0,0.0,1093,3.0,9.149130832570906,2.7447392497712717
132,RECREIO BANDEIRANTES,2009,9.0,3.0,3.0,1134,3.0,7.936507936507936,2.6455026455026456
132,RECREIO BANDEIRANTES,2010,10.0,2.0,3.0,1133,5.0,8.8261253309797,4.41306266548985
132,RECREIO BANDEIRANTES,2011,12.0,7.0,1.0,1318,4.0,9.104704097116844,3.0349013657056148
132,RECREIO BANDEIRANTES,2012,3.0,2.0,0.0,1343,1.0,2.2338049143708116,0.7446016381236039
132,RECREIO BANDEIRANTES,2013,6.0,2.0,1.0,1346,3.0,4.457652303120357,2.2288261515601784
132,RECREIO BANDEIRANTES,2014,7.0,2.0,3.0,1357,2.0,5.158437730287399,1.4738393515106853
132,RECREIO BANDEIRANTES,2015,12.0,7.0,1.0,1369,4.0,8.765522279035793,2.9218407596785974
132,RECREIO BANDEIRANTES,2016,9.0,4.0,2.0,1299,3.0,6.928406466512702,2.3094688221709005
132,RECREIO BANDEIRANTES,2017,16.0,9.0,3.0,1337,4.0,11.967090501121914,2.9917726252804786
132,RECREIO BANDEIRANTES,2018,12.0,7.0,2.0,1425,3.0,8.421052631578947,2.1052631578947367
132,RECREIO BANDEIRANTES,2019,10.0,3.0,3.0,1457,4.0,6.863417982155114,2.7453671928620453
132,RECREIO BANDEIRANTES,2020,7.0,4.0,1.0,1405,2.0,4.98220640569395,1.4234875444839858
132,RECREIO BANDEIRANTES,2021,5.0,1.0,2.0,1375,2.0,3.6363636363636362,1.4545454545454544
132,RECREIO BANDEIRANTES,2022,13.0,6.0,3.0,1324,4.0,9.818731117824774,3.0211480362537766
132,RECREIO BANDEIRANTES,2023,15.0,13.0,0.0,1258,2.0,11.923688394276631,1.589825119236884
132,RECREIO BANDEIRANTES,2024,15.0,4.0,5.0,1177,6.0,12.744265080713678,5.097706032285472
132,RECREIO BANDEIRANTES,2025,9.0,3.0,1.0,1245,5.0,7.228915662650603,4.016064257028112
133,GRUMARI,2006,0.0,0.0,0.0,2,0.0,0.0,0.0
133,GRUMARI,2007,0.0,0.0,0.0,0,0.0,,
133,GRUMARI,2008,0.0,0.0,0.0,1,0.0,0.0,0.0
133,GRUMARI,2009,0.0,0.0,0.0,4,0.0,0.0,0.0
133,GRUMARI,2010,0.0,0.0,0.0,2,0.0,0.0,0.0
133,GRUMARI,2011,0.0,0.0,0.0,4,0.0,0.0,0.0
133,GRUMARI,2012,0.0,0.0,0.0,1,0.0,0.0,0.0
133,GRUMARI,2013,0.0,0.0,0.0,3,0.0,0.0,0.0
133,GRUMARI,2014,0.0,0.0,0.0,0,0.0,,
133,GRUMARI,2015,0.0,0.0,0.0,0,0.0,,
133,GRUMARI,2016,0.0,0.0,0.0,3,0.0,0.0,0.0
133,GRUMARI,2017,0.0,0.0,0.0,2,0.0,0.0,0.0
133,GRUMARI,2018,0.0,0.0,0.0,3,0.0,0.0,0.0
133,GRUMARI,2019,0.0,0.0,0.0,3,0.0,0.0,0.0
133,GRUMARI,2020,0.0,0.0,0.0,5,0.0,0.0,0.0
133,GRUMARI,2021,0.0,0.0,0.0,5,0.0,0.0,0.0
133,GRUMARI,2022,0.0,0.0,0.0,2,0.0,0.0,0.0
133,GRUMARI,2023,0.0,0.0,0.0,4,0.0,0.0,0.0
133,GRUMARI,2024,0.0,0.0,0.0,1,0.0,0.0,0.0
133,GRUMARI,2025,0.0,0.0,0.0,0,0.0,,
134,DEODORO,2006,4.0,2.0,1.0,190,1.0,21.052631578947366,5.263157894736842
134,DEODORO,2007,7.0,4.0,2.0,192,1.0,36.458333333333336,5.208333333333333
134,DEODORO,2008,2.0,0.0,1.0,191,1.0,10.471204188481677,5.235602094240838
134,DEODORO,2009,1.0,1.0,0.0,180,0.0,5.555555555555555,0.0
134,DEODORO,2010,3.0,2.0,1.0,184,0.0,16.304347826086957,0.0
134,DEODORO,2011,5.0,3.0,0.0,159,2.0,31.446540880503143,12.578616352201259
134,DEODORO,2012,6.0,5.0,1.0,195,0.0,30.76923076923077,0.0
134,DEODORO,2013,0.0,0.0,0.0,207,0.0,0.0,0.0
134,DEODORO,2014,4.0,2.0,1.0,173,1.0,23.12138728323699,5.780346820809248
134,DEODORO,2015,4.0,3.0,0.0,199,1.0,20.100502512562816,5.025125628140704
134,DEODORO,2016,4.0,1.0,0.0,209,3.0,19.138755980861244,14.354066985645934
134,DEODORO,2017,0.0,0.0,0.0,173,0.0,0.0,0.0
134,DEODORO,2018,1.0,1.0,0.0,125,0.0,8.0,0.0
134,DEODORO,2019,1.0,0.0,0.0,136,1.0,7.352941176470588,7.352941176470588
134,DEODORO,2020,0.0,0.0,0.0,135,0.0,0.0,0.0
134,DEODORO,2021,0.0,0.0,0.0,132,0.0,0.0,0.0
134,DEODORO,2022,0.0,0.0,0.0,157,0.0,0.0,0.0
134,DEODORO,2023,1.0,1.0,0.0,122,0.0,8.196721311475411,0.0
134,DEODORO,2024,2.0,1.0,0.0,114,1.0,17.543859649122805,8.771929824561402
134,DEODORO,2025,2.0,2.0,0.0,124,0.0,16.129032258064516,0.0
135,VILA MILITAR,2006,0.0,0.0,0.0,37,0.0,0.0,0.0
135,VILA MILITAR,2007,0.0,0.0,0.0,28,0.0,0.0,0.0
135,VILA MILITAR,2008,0.0,0.0,0.0,38,0.0,0.0,0.0
135,VILA MILITAR,2009,0.0,0.0,0.0,33,0.0,0.0,0.0
135,VILA MILITAR,2010,0.0,0.0,0.0,40,0.0,0.0,0.0
135,VILA MILITAR,2011,0.0,0.0,0.0,31,0.0,0.0,0.0
135,VILA MILITAR,2012,1.0,0.0,0.0,57,1.0,17.543859649122805,17.543859649122805
135,VILA MILITAR,2013,2.0,2.0,0.0,58,0.0,34.48275862068965,0.0
135,VILA MILITAR,2014,0.0,0.0,0.0,71,0.0,0.0,0.0
135,VILA MILITAR,2015,3.0,1.0,0.0,111,2.0,27.027027027027028,18.01801801801802
135,VILA MILITAR,2016,1.0,0.0,0.0,90,1.0,11.11111111111111,11.11111111111111
135,VILA MILITAR,2017,1.0,1.0,0.0,128,0.0,7.8125,0.0
135,VILA MILITAR,2018,3.0,1.0,1.0,172,1.0,17.441860465116278,5.813953488372093
135,VILA MILITAR,2019,1.0,0.0,0.0,107,1.0,9.345794392523365,9.345794392523365
135,VILA MILITAR,2020,1.0,1.0,0.0,150,0.0,6.666666666666667,0.0
135,VILA MILITAR,2021,2.0,2.0,0.0,151,0.0,13.245033112582782,0.0
135,VILA MILITAR,2022,1.0,1.0,0.0,90,0.0,11.11111111111111,0.0
135,VILA MILITAR,2023,2.0,0.0,1.0,151,1.0,13.245033112582782,6.622516556291391
135,VILA MILITAR,2024,0.0,0.0,0.0,118,0.0,0.0,0.0
135,VILA MILITAR,2025,3.0,2.0,1.0,108,0.0,27.777777777777775,0.0
136,CAMPO DOS AFONSOS,2006,0.0,0.0,0.0,6,0.0,0.0,0.0
136,CAMPO DOS AFONSOS,2007,0.0,0.0,0.0,9,0.0,0.0,0.0
136,CAMPO DOS AFONSOS,2008,0.0,0.0,0.0,11,0.0,0.0,0.0
136,CAMPO DOS AFONSOS,2009,0.0,0.0,0.0,8,0.0,0.0,0.0
136,CAMPO DOS AFONSOS,2010,0.0,0.0,0.0,6,0.0,0.0,0.0
136,CAMPO DOS AFONSOS,2011,0.0,0.0,0.0,5,0.0,0.0,0.0
136,CAMPO DOS AFONSOS,2012,0.0,0.0,0.0,22,0.0,0.0,0.0
136,CAMPO DOS AFONSOS,2013,0.0,0.0,0.0,16,0.0,0.0,0.0
136,CAMPO DOS AFONSOS,2014,0.0,0.0,0.0,15,0.0,0.0,0.0
136,CAMPO DOS AFONSOS,2015,0.0,0.0,0.0,21,0.0,0.0,0.0
136,CAMPO DOS AFONSOS,2016,0.0,0.0,0.0,28,0.0,0.0,0.0
136,CAMPO DOS AFONSOS,2017,0.0,0.0,0.0,19,0.0,0.0,0.0
136,CAMPO DOS AFONSOS,2018,0.0,0.0,0.0,38,0.0,0.0,0.0
136,CAMPO DOS AFONSOS,2019,0.0,0.0,0.0,18,0.0,0.0,0.0
136,CAMPO DOS AFONSOS,2020,0.0,0.0,0.0,30,0.0,0.0,0.0
136,CAMPO DOS AFONSOS,2021,1.0,1.0,0.0,29,0.0,34.48275862068965,0.0
136,CAMPO DOS AFONSOS,2022,1.0,0.0,1.0,31,0.0,32.25806451612903,0.0
136,CAMPO DOS AFONSOS,2023,0.0,0.0,0.0,41,0.0,0.0,0.0
136,CAMPO DOS AFONSOS,2024,0.0,0.0,0.0,32,0.0,0.0,0.0
136,CAMPO DOS AFONSOS,2025,2.0,2.0,0.0,36,0.0,55.55555555555555,0.0
137,JARDIM SULACAP,2006,4.0,4.0,0.0,222,0.0,18.01801801801802,0.0
137,JARDIM SULACAP,2007,4.0,2.0,0.0,216,2.0,18.51851851851852,9.25925925925926
137,JARDIM SULACAP,2008,2.0,0.0,1.0,189,1.0,10.582010582010582,5.291005291005291
137,JARDIM SULACAP,2009,0.0,0.0,0.0,208,0.0,0.0,0.0
137,JARDIM SULACAP,2010,3.0,1.0,0.0,186,2.0,16.129032258064516,10.752688172043012
137,JARDIM SULACAP,2011,5.0,4.0,0.0,195,1.0,25.64102564102564,5.128205128205129
137,JARDIM SULACAP,2012,1.0,1.0,0.0,194,0.0,5.154639175257732,0.0
137,JARDIM SULACAP,2013,2.0,1.0,0.0,270,1.0,7.407407407407407,3.7037037037037037
137,JARDIM SULACAP,2014,2.0,1.0,0.0,267,1.0,7.49063670411985,3.745318352059925
137,JARDIM SULACAP,2015,1.0,0.0,1.0,270,0.0,3.7037037037037037,0.0
137,JARDIM SULACAP,2016,1.0,1.0,0.0,206,0.0,4.854368932038835,0.0
137,JARDIM SULACAP,2017,0.0,0.0,0.0,186,0.0,0.0,0.0
137,JARDIM SULACAP,2018,0.0,0.0,0.0,201,0.0,0.0,0.0
137,JARDIM SULACAP,2019,0.0,0.0,0.0,197,0.0,0.0,0.0
137,JARDIM SULACAP,2020,0.0,0.0,0.0,198,0.0,0.0,0.0
137,JARDIM SULACAP,2021,1.0,1.0,0.0,174,0.0,5.747126436781609,0.0
137,JARDIM SULACAP,2022,1.0,1.0,0.0,200,0.0,5.0,0.0
137,JARDIM SULACAP,2023,0.0,0.0,0.0,176,0.0,0.0,0.0
137,JARDIM SULACAP,2024,0.0,0.0,0.0,123,0.0,0.0,0.0
137,JARDIM SULACAP,2025,1.0,1.0,0.0,132,0.0,7.575757575757576,0.0
138,MAGALHAES BASTOS,2006,5.0,3.0,0.0,406,2.0,12.315270935960593,4.926108374384237
138,MAGALHAES BASTOS,2007,6.0,2.0,3.0,390,1.0,15.384615384615385,2.5641025641025643
138,MAGALHAES BASTOS,2008,2.0,1.0,1.0,373,0.0,5.361930294906166,0.0
138,MAGALHAES BASTOS,2009,4.0,2.0,0.0,388,2.0,10.309278350515465,5.154639175257732
138,MAGALHAES BASTOS,2010,9.0,4.0,1.0,358,4.0,25.139664804469277,11.1731843575419
138,MAGALHAES BASTOS,2011,8.0,3.0,2.0,387,3.0,20.671834625322997,7.751937984496124
138,MAGALHAES BASTOS,2012,7.0,3.0,1.0,356,3.0,19.662921348314605,8.426966292134832
138,MAGALHAES BASTOS,2013,5.0,2.0,1.0,310,2.0,16.129032258064516,6.451612903225806
138,MAGALHAES BASTOS,2014,2.0,1.0,1.0,300,0.0,6.666666666666667,0.0
138,MAGALHAES BASTOS,2015,3.0,1.0,1.0,299,1.0,10.033444816053512,3.3444816053511706
138,MAGALHAES BASTOS,2016,5.0,4.0,1.0,266,0.0,18.796992481203006,0.0
138,MAGALHAES BASTOS,2017,2.0,1.0,1.0,257,0.0,7.782101167315175,0.0
138,MAGALHAES BASTOS,2018,5.0,2.0,0.0,299,3.0,16.72240802675585,10.033444816053512
138,MAGALHAES BASTOS,2019,1.0,1.0,0.0,270,0.0,3.7037037037037037,0.0
138,MAGALHAES BASTOS,2020,7.0,1.0,3.0,242,3.0,28.925619834710744,12.396694214876034
138,MAGALHAES BASTOS,2021,3.0,1.0,1.0,205,1.0,14.634146341463415,4.878048780487805
138,MAGALHAES BASTOS,2022,5.0,3.0,1.0,228,1.0,21.929824561403507,4.385964912280701
138,MAGALHAES BASTOS,2023,0.0,0.0,0.0,214,0.0,0.0,0.0
138,MAGALHAES BASTOS,2024,6.0,2.0,2.0,190,2.0,31.578947368421055,10.526315789473683
138,MAGALHAES BASTOS,2025,6.0,2.0,2.0,208,2.0,28.846153846153847,9.615384615384617
139,REALENGO,2006,43.0,25.0,6.0,2306,12.0,18.6470078057242,5.203816131830009
139,REALENGO,2007,34.0,17.0,8.0,2281,9.0,14.905743095133712,3.9456378781236303
139,REALENGO,2008,40.0,23.0,7.0,2216,10.0,18.050541516245488,4.512635379061372
139,REALENGO,2009,35.0,15.0,9.0,2265,11.0,15.45253863134658,4.856512141280353
139,REALENGO,2010,28.0,14.0,5.0,2272,9.0,12.32394366197183,3.9612676056338025
139,REALENGO,2011,36.0,19.0,5.0,2328,12.0,15.463917525773196,5.154639175257732
139,REALENGO,2012,35.0,16.0,12.0,2333,7.0,15.002143163309045,3.0004286326618086
139,REALENGO,2013,41.0,25.0,6.0,2359,10.0,17.38024586689275,4.23908435777872
139,REALENGO,2014,33.0,11.0,4.0,2429,18.0,13.585837793330588,7.410456978180321
139,REALENGO,2015,33.0,14.0,9.0,2404,10.0,13.72712146422629,4.159733777038269
139,REALENGO,2016,29.0,14.0,7.0,2241,8.0,12.940651494868362,3.5698348951360996
139,REALENGO,2017,21.0,12.0,3.0,2115,6.0,9.929078014184398,2.8368794326241136
139,REALENGO,2018,28.0,6.0,10.0,2182,12.0,12.832263978001833,5.499541704857928
139,REALENGO,2019,32.0,11.0,11.0,2041,10.0,15.67858892699657,4.899559039686428
139,REALENGO,2020,23.0,10.0,9.0,1969,4.0,11.681056373793803,2.031488065007618
139,REALENGO,2021,23.0,13.0,4.0,1877,6.0,12.253596164091636,3.1965903036760785
139,REALENGO,2022,13.0,6.0,0.0,1690,7.0,7.6923076923076925,4.1420118343195265
139,REALENGO,2023,19.0,11.0,1.0,1620,7.0,11.728395061728396,4.320987654320987
139,REALENGO,2024,21.0,4.0,10.0,1464,7.0,14.344262295081968,4.781420765027322
139,REALENGO,2025,17.0,5.0,5.0,1463,7.0,11.619958988380041,4.784688995215311
140,PADRE MIGUEL,2006,23.0,12.0,5.0,1055,6.0,21.80094786729858,5.687203791469194
140,PADRE MIGUEL,2007,14.0,6.0,2.0,939,6.0,14.909478168264112,6.3897763578274756
140,PADRE MIGUEL,2008,8.0,6.0,1.0,895,1.0,8.938547486033519,1.1173184357541899
140,PADRE MIGUEL,2009,11.0,6.0,1.0,980,4.0,11.224489795918366,4.081632653061225
140,PADRE MIGUEL,2010,8.0,4.0,2.0,955,2.0,8.376963350785342,2.0942408376963355
140,PADRE MIGUEL,2011,16.0,6.0,3.0,1032,7.0,15.503875968992247,6.782945736434108
140,PADRE MIGUEL,2012,16.0,9.0,4.0,960,3.0,16.666666666666668,3.125
140,PADRE MIGUEL,2013,7.0,5.0,1.0,962,1.0,7.276507276507277,1.0395010395010396
140,PADRE MIGUEL,2014,8.0,3.0,2.0,983,3.0,8.138351983723295,3.051881993896236
140,PADRE MIGUEL,2015,6.0,2.0,0.0,901,4.0,6.659267480577136,4.439511653718091
140,PADRE MIGUEL,2016,10.0,4.0,1.0,864,5.0,11.574074074074073,5.787037037037036
140,PADRE MIGUEL,2017,10.0,6.0,3.0,757,1.0,13.21003963011889,1.321003963011889
140,PADRE MIGUEL,2018,13.0,5.0,3.0,861,5.0,15.098722415795587,5.807200929152149
140,PADRE MIGUEL,2019,12.0,5.0,1.0,771,6.0,15.56420233463035,7.782101167315175
140,PADRE MIGUEL,2020,2.0,0.0,1.0,635,1.0,3.149606299212598,1.574803149606299
140,PADRE MIGUEL,2021,9.0,3.0,3.0,604,3.0,14.900662251655628,4.966887417218543
140,PADRE MIGUEL,2022,4.0,3.0,0.0,510,1.0,7.8431372549019605,1.9607843137254901
140,PADRE MIGUEL,2023,4.0,2.0,0.0,547,2.0,7.312614259597806,3.656307129798903
140,PADRE MIGUEL,2024,11.0,4.0,4.0,500,3.0,22.0,6.0
140,PADRE MIGUEL,2025,10.0,5.0,1.0,522,4.0,19.157088122605362,7.662835249042145
141,BANGU,2006,56.0,33.0,7.0,3290,16.0,17.02127659574468,4.863221884498481
141,BANGU,2007,48.0,25.0,7.0,3256,16.0,14.742014742014742,4.914004914004914
141,BANGU,2008,42.0,21.0,4.0,3124,17.0,13.444302176696542,5.441741357234315
141,BANGU,2009,73.0,33.0,13.0,3217,27.0,22.691949020826858,8.392912651538701
141,BANGU,2010,59.0,38.0,8.0,3280,13.0,17.987804878048777,3.9634146341463414
141,BANGU,2011,46.0,22.0,7.0,3512,17.0,13.097949886104784,4.840546697038724
141,BANGU,2012,71.0,31.0,16.0,3489,24.0,20.349670392662652,6.878761822871883
141,BANGU,2013,49.0,24.0,12.0,3891,13.0,12.593163711128245,3.341043433564636
141,BANGU,2014,44.0,27.0,10.0,3866,7.0,11.381272633212623,1.810657009829281
141,BANGU,2015,46.0,17.0,7.0,3736,22.0,12.312633832976445,5.8886509635974305
141,BANGU,2016,46.0,28.0,6.0,3404,12.0,13.513513513513514,3.5252643948296125
141,BANGU,2017,39.0,17.0,10.0,3357,12.0,11.61751563896336,3.5746201966041107
141,BANGU,2018,28.0,18.0,4.0,2955,6.0,9.475465313028765,2.0304568527918785
141,BANGU,2019,28.0,13.0,6.0,2744,9.0,10.204081632653061,3.2798833819241984
141,BANGU,2020,42.0,16.0,11.0,2676,15.0,15.695067264573991,5.605381165919282
141,BANGU,2021,36.0,16.0,6.0,2569,14.0,14.013234721681588,5.449591280653951
141,BANGU,2022,27.0,16.0,3.0,2461,8.0,10.971149939049168,3.250711093051605
141,BANGU,2023,24.0,15.0,1.0,2138,8.0,11.225444340505144,3.7418147801683816
141,BANGU,2024,21.0,8.0,2.0,1927,11.0,10.897768552153606,5.708354955889984
141,BANGU,2025,20.0,7.0,3.0,1977,10.0,10.116337885685383,5.058168942842691
142,SENADOR CAMARA,2006,21.0,13.0,2.0,1170,6.0,17.94871794871795,5.128205128205129
142,SENADOR CAMARA,2007,10.0,6.0,2.0,1248,2.0,8.012820512820513,1.6025641025641024
142,SENADOR CAMARA,2008,26.0,13.0,5.0,1300,8.0,20.0,6.153846153846154
142,SENADOR CAMARA,2009,17.0,8.0,3.0,1273,6.0,13.35428122545169,4.713275726630008
142,SENADOR CAMARA,2010,22.0,11.0,4.0,1262,7.0,17.432646592709986,5.546751188589541
142,SENADOR CAMARA,2011,34.0,15.0,5.0,1401,14.0,24.26837972876517,9.992862241256246
142,SENADOR CAMARA,2012,27.0,9.0,9.0,1414,9.0,19.094766619519095,6.364922206506365
142,SENADOR CAMARA,2013,31.0,14.0,4.0,1414,13.0,21.923620933521924,9.193776520509195
142,SENADOR CAMARA,2014,19.0,7.0,4.0,1354,8.0,14.032496307237814,5.908419497784343
142,SENADOR CAMARA,2015,33.0,13.0,6.0,1475,14.0,22.372881355932204,9.491525423728813
142,SENADOR CAMARA,2016,19.0,5.0,5.0,1405,9.0,13.523131672597865,6.405693950177936
142,SENADOR CAMARA,2017,24.0,13.0,4.0,1422,7.0,16.877637130801688,4.922644163150492
142,SENADOR CAMARA,2018,14.0,7.0,2.0,1396,5.0,10.02865329512894,3.581661891117479
142,SENADOR CAMARA,2019,19.0,7.0,4.0,1193,8.0,15.92623637887678,6.705783738474434
142,SENADOR CAMARA,2020,29.0,16.0,6.0,1308,7.0,22.171253822629968,5.351681957186544
142,SENADOR CAMARA,2021,23.0,11.0,2.0,1203,10.0,19.118869492934333,8.31255195344971
142,SENADOR CAMARA,2022,8.0,4.0,0.0,1143,4.0,6.99912510936133,3.499562554680665
142,SENADOR CAMARA,2023,18.0,7.0,6.0,1070,5.0,16.822429906542055,4.672897196261682
142,SENADOR CAMARA,2024,14.0,5.0,2.0,972,7.0,14.40329218106996,7.20164609053498
142,SENADOR CAMARA,2025,8.0,2.0,3.0,995,3.0,8.040201005025127,3.015075376884422
143,SANTISSIMO,2006,14.0,7.0,4.0,813,3.0,17.220172201722015,3.6900369003690034
143,SANTISSIMO,2007,10.0,7.0,1.0,822,2.0,12.165450121654501,2.4330900243309004
143,SANTISSIMO,2008,10.0,3.0,1.0,808,6.0,12.376237623762377,7.425742574257425
143,SANTISSIMO,2009,16.0,7.0,3.0,789,6.0,20.278833967046893,7.604562737642586
143,SANTISSIMO,2010,7.0,2.0,0.0,802,5.0,8.728179551122194,6.234413965087282
143,SANTISSIMO,2011,10.0,3.0,2.0,819,5.0,12.21001221001221,6.105006105006105
143,SANTISSIMO,2012,7.0,4.0,1.0,826,2.0,8.474576271186441,2.4213075060532687
143,SANTISSIMO,2013,8.0,4.0,3.0,790,1.0,10.126582278481013,1.2658227848101267
143,SANTISSIMO,2014,9.0,5.0,1.0,872,3.0,10.321100917431194,3.4403669724770642
143,SANTISSIMO,2015,10.0,6.0,0.0,845,4.0,11.834319526627219,4.733727810650888
143,SANTISSIMO,2016,7.0,6.0,1.0,690,0.0,10.144927536231883,0.0
143,SANTISSIMO,2017,4.0,3.0,0.0,772,1.0,5.181347150259067,1.2953367875647668
143,SANTISSIMO,2018,12.0,6.0,2.0,761,4.0,15.768725361366622,5.256241787122208
143,SANTISSIMO,2019,12.0,4.0,0.0,717,8.0,16.736401673640167,11.15760111576011
143,SANTISSIMO,2020,9.0,6.0,2.0,717,1.0,12.552301255230125,1.3947001394700138
143,SANTISSIMO,2021,4.0,2.0,0.0,662,2.0,6.042296072507553,3.0211480362537766
143,SANTISSIMO,2022,8.0,4.0,0.0,517,4.0,15.473887814313347,7.7369439071566735
143,SANTISSIMO,2023,4.0,2.0,1.0,521,1.0,7.677543186180422,1.9193857965451055
143,SANTISSIMO,2024,6.0,4.0,1.0,483,1.0,12.422360248447204,2.070393374741201
143,SANTISSIMO,2025,8.0,5.0,2.0,471,1.0,16.985138004246284,2.1231422505307855
144,CAMPO GRANDE,2006,92.0,47.0,19.0,5640,26.0,16.31205673758865,4.609929078014184
144,CAMPO GRANDE,2007,82.0,41.0,13.0,5378,28.0,15.24730383042023,5.206396429899591
144,CAMPO GRANDE,2008,76.0,28.0,20.0,5553,28.0,13.686295696020169,5.042319466954799
144,CAMPO GRANDE,2009,64.0,33.0,10.0,5428,21.0,11.790714812085483,3.8688282977155493
144,CAMPO GRANDE,2010,65.0,39.0,10.0,5107,16.0,12.727628744859997,3.132954767965537
144,CAMPO GRANDE,2011,72.0,32.0,17.0,5195,23.0,13.859480269489895,4.427333974975939
144,CAMPO GRANDE,2012,65.0,36.0,7.0,5339,22.0,12.174564525191984,4.120621839295748
144,CAMPO GRANDE,2013,60.0,23.0,16.0,5244,21.0,11.441647597254004,4.004576659038902
144,CAMPO GRANDE,2014,56.0,32.0,11.0,5465,13.0,10.247026532479413,2.3787740164684354
144,CAMPO GRANDE,2015,61.0,31.0,5.0,5363,25.0,11.37423084094723,4.661570016781652
144,CAMPO GRANDE,2016,60.0,32.0,13.0,5048,15.0,11.885895404120443,2.971473851030111
144,CAMPO GRANDE,2017,47.0,25.0,6.0,5244,16.0,8.962623951182303,3.051106025934401
144,CAMPO GRANDE,2018,56.0,27.0,10.0,5046,19.0,11.09789932619897,3.7653586999603648
144,CAMPO GRANDE,2019,50.0,29.0,7.0,4851,14.0,10.30715316429602,2.886002886002886
144,CAMPO GRANDE,2020,48.0,25.0,14.0,4561,9.0,10.524007893005919,1.9732514799386098
144,CAMPO GRANDE,2021,45.0,24.0,7.0,4155,14.0,10.830324909747292,3.3694344163658245
144,CAMPO GRANDE,2022,41.0,22.0,6.0,3900,13.0,10.512820512820513,3.3333333333333335
144,CAMPO GRANDE,2023,42.0,16.0,10.0,3685,16.0,11.397557666214382,4.341926729986432
144,CAMPO GRANDE,2024,25.0,13.0,6.0,3410,6.0,7.331378299120235,1.7595307917888563
144,CAMPO GRANDE,2025,40.0,16.0,12.0,3504,12.0,11.415525114155251,3.4246575342465753
145,SENADOR VASCONCELOS,2006,2.0,0.0,0.0,218,2.0,9.174311926605505,9.174311926605505
145,SENADOR VASCONCELOS,2007,5.0,3.0,0.0,228,2.0,21.929824561403507,8.771929824561402
145,SENADOR VASCONCELOS,2008,2.0,2.0,0.0,218,0.0,9.174311926605505,0.0
145,SENADOR VASCONCELOS,2009,0.0,0.0,0.0,244,0.0,0.0,0.0
145,SENADOR VASCONCELOS,2010,4.0,3.0,0.0,252,1.0,15.873015873015872,3.968253968253968
145,SENADOR VASCONCELOS,2011,5.0,2.0,0.0,315,3.0,15.873015873015872,9.523809523809526
145,SENADOR VASCONCELOS,2012,5.0,4.0,0.0,318,1.0,15.723270440251572,3.1446540880503147
145,SENADOR VASCONCELOS,2013,6.0,3.0,0.0,308,3.0,19.48051948051948,9.74025974025974
145,SENADOR VASCONCELOS,2014,3.0,0.0,3.0,343,0.0,8.746355685131196,0.0
145,SENADOR VASCONCELOS,2015,3.0,1.0,0.0,401,2.0,7.481296758104738,4.987531172069826
145,SENADOR VASCONCELOS,2016,4.0,1.0,0.0,330,3.0,12.121212121212121,9.09090909090909
145,SENADOR VASCONCELOS,2017,11.0,6.0,1.0,411,4.0,26.7639902676399,9.732360097323602
145,SENADOR VASCONCELOS,2018,2.0,1.0,1.0,387,0.0,5.167958656330749,0.0
145,SENADOR VASCONCELOS,2019,5.0,2.0,2.0,306,1.0,16.339869281045754,3.2679738562091503
145,SENADOR VASCONCELOS,2020,11.0,9.0,1.0,339,1.0,32.448377581120944,2.949852507374631
145,SENADOR VASCONCELOS,2021,3.0,2.0,1.0,342,0.0,8.771929824561402,0.0
145,SENADOR VASCONCELOS,2022,4.0,1.0,0.0,306,3.0,13.071895424836601,9.803921568627452
145,SENADOR VASCONCELOS,2023,2.0,0.0,0.0,267,2.0,7.49063670411985,7.49063670411985
145,SENADOR VASCONCELOS,2024,2.0,2.0,0.0,303,0.0,6.600660066006601,0.0
145,SENADOR VASCONCELOS,2025,8.0,5.0,0.0,298,3.0,26.845637583892618,10.06711409395973
146,INHOAIBA,2006,5.0,2.0,1.0,599,2.0,8.347245409015025,3.33889816360601
146,INHOAIBA,2007,10.0,3.0,2.0,701,5.0,14.265335235378032,7.132667617689016
146,INHOAIBA,2008,8.0,2.0,3.0,667,3.0,11.994002998500749,4.497751124437781
146,INHOAIBA,2009,10.0,6.0,0.0,693,4.0,14.43001443001443,5.772005772005772
146,INHOAIBA,2010,10.0,3.0,2.0,719,5.0,13.908205841446454,6.954102920723227
146,INHOAIBA,2011,10.0,5.0,4.0,792,1.0,12.626262626262626,1.2626262626262628
146,INHOAIBA,2012,7.0,3.0,1.0,809,3.0,8.65265760197775,3.708281829419036
146,INHOAIBA,2013,14.0,7.0,2.0,880,5.0,15.909090909090908,5.681818181818182
146,INHOAIBA,2014,10.0,7.0,2.0,972,1.0,10.2880658436214,1.02880658436214
146,INHOAIBA,2015,10.0,5.0,3.0,1004,2.0,9.9601593625498,1.9920318725099602
146,INHOAIBA,2016,15.0,11.0,1.0,985,3.0,15.228426395939087,3.045685279187817
146,INHOAIBA,2017,15.0,7.0,2.0,1044,6.0,14.367816091954023,5.747126436781609
146,INHOAIBA,2018,9.0,1.0,5.0,1028,3.0,8.754863813229573,2.9182879377431905
146,INHOAIBA,2019,15.0,7.0,2.0,929,6.0,16.146393972012916,6.458557588805167
146,INHOAIBA,2020,23.0,13.0,4.0,920,6.0,25.0,6.521739130434782
146,INHOAIBA,2021,11.0,5.0,4.0,931,2.0,11.815252416756177,2.1482277121374866
146,INHOAIBA,2022,7.0,5.0,0.0,824,2.0,8.495145631067961,2.4271844660194173
146,INHOAIBA,2023,12.0,6.0,3.0,748,3.0,16.0427807486631,4.010695187165775
146,INHOAIBA,2024,10.0,4.0,2.0,732,4.0,13.66120218579235,5.46448087431694
146,INHOAIBA,2025,7.0,3.0,1.0,752,3.0,9.308510638297872,3.9893617021276593
147,COSMOS,2006,12.0,6.0,3.0,678,3.0,17.699115044247787,4.424778761061947
147,COSMOS,2007,6.0,3.0,2.0,753,1.0,7.968127490039841,1.3280212483399734
147,COSMOS,2008,16.0,9.0,1.0,754,6.0,21.220159151193634,7.957559681697613
147,COSMOS,2009,14.0,8.0,0.0,752,6.0,18.617021276595743,7.978723404255319
147,COSMOS,2010,14.0,6.0,1.0,824,7.0,16.990291262135923,8.495145631067961
147,COSMOS,2011,11.0,5.0,1.0,1041,5.0,10.566762728146013,4.803073967339097
147,COSMOS,2012,12.0,1.0,4.0,988,7.0,12.145748987854251,7.08502024291498
147,COSMOS,2013,7.0,4.0,1.0,1122,2.0,6.238859180035651,1.7825311942959001
147,COSMOS,2014,17.0,12.0,3.0,1194,2.0,14.23785594639866,1.6750418760469012
147,COSMOS,2015,8.0,3.0,3.0,1268,2.0,6.309148264984227,1.5772870662460567
147,COSMOS,2016,12.0,5.0,0.0,1199,7.0,10.008340283569641,5.838198498748957
147,COSMOS,2017,21.0,9.0,2.0,1259,10.0,16.679904686258933,7.942811755361397
147,COSMOS,2018,14.0,2.0,2.0,1152,10.0,12.152777777777779,8.680555555555555
147,COSMOS,2019,9.0,3.0,2.0,1091,4.0,8.249312557286892,3.6663611365719526
147,COSMOS,2020,14.0,9.0,3.0,1173,2.0,11.935208866155158,1.7050298380221653
147,COSMOS,2021,26.0,12.0,4.0,1142,10.0,22.76707530647986,8.756567425569177
147,COSMOS,2022,15.0,4.0,5.0,1071,6.0,14.005602240896359,5.602240896358543
147,COSMOS,2023,12.0,6.0,1.0,1049,5.0,11.439466158245947,4.7664442326024785
147,COSMOS,2024,11.0,1.0,5.0,1012,5.0,10.869565217391305,4.940711462450593
147,COSMOS,2025,21.0,10.0,3.0,954,8.0,22.0125786163522,8.385744234800839
148,PACIENCIA,2006,25.0,13.0,7.0,1215,5.0,20.5761316872428,4.11522633744856
148,PACIENCIA,2007,22.0,6.0,6.0,1216,10.0,18.092105263157894,8.223684210526315
148,PACIENCIA,2008,20.0,6.0,9.0,1329,5.0,15.048908954100828,3.762227238525207
148,PACIENCIA,2009,28.0,12.0,5.0,1324,11.0,21.148036253776436,8.308157099697885
148,PACIENCIA,2010,20.0,9.0,3.0,1320,8.0,15.151515151515152,6.0606060606060606
148,PACIENCIA,2011,27.0,14.0,4.0,1460,9.0,18.493150684931507,6.164383561643835
148,PACIENCIA,2012,20.0,9.0,4.0,1513,7.0,13.218770654329148,4.626569729015202
148,PACIENCIA,2013,21.0,9.0,2.0,1491,10.0,14.084507042253522,6.70690811535882
148,PACIENCIA,2014,25.0,11.0,4.0,1570,10.0,15.92356687898089,6.369426751592357
148,PACIENCIA,2015,24.0,12.0,5.0,1665,7.0,14.414414414414415,4.2042042042042045
148,PACIENCIA,2016,30.0,16.0,5.0,1571,9.0,19.096117122851687,5.728835136855506
148,PACIENCIA,2017,21.0,10.0,6.0,1594,5.0,13.174404015056462,3.136762860727729
148,PACIENCIA,2018,20.0,9.0,4.0,1617,7.0,12.368583797155226,4.329004329004329
148,PACIENCIA,2019,29.0,15.0,5.0,1386,9.0,20.923520923520925,6.493506493506494
148,PACIENCIA,2020,20.0,7.0,6.0,1437,7.0,13.917884481558803,4.8712595685455815
148,PACIENCIA,2021,25.0,12.0,9.0,1410,4.0,17.73049645390071,2.8368794326241136
148,PACIENCIA,2022,13.0,6.0,2.0,1251,5.0,10.391686650679457,3.9968025579536373
148,PACIENCIA,2023,15.0,6.0,3.0,1211,6.0,12.386457473162675,4.95458298926507
148,PACIENCIA,2024,18.0,10.0,2.0,1110,6.0,16.216216216216218,5.405405405405405
148,PACIENCIA,2025,14.0,9.0,3.0,1157,2.0,12.100259291270527,1.7286084701815039
149,SANTA CRUZ,2006,48.0,14.0,7.0,3433,27.0,13.98193999417419,7.864841246722984
149,SANTA CRUZ,2007,57.0,22.0,8.0,3518,27.0,16.202387720295622,7.674815235929506
149,SANTA CRUZ,2008,61.0,20.0,17.0,3525,24.0,17.30496453900709,6.808510638297872
149,SANTA CRUZ,2009,74.0,29.0,10.0,3837,35.0,19.28590044305447,9.12170966901225
149,SANTA CRUZ,2010,54.0,23.0,8.0,3643,23.0,14.822948119681582,6.313477902827341
149,SANTA CRUZ,2011,54.0,22.0,9.0,3622,23.0,14.908890115958034,6.350082827167311
149,SANTA CRUZ,2012,69.0,34.0,13.0,3927,22.0,17.57066462948816,5.602240896358543
149,SANTA CRUZ,2013,77.0,41.0,16.0,3992,20.0,19.288577154308616,5.01002004008016
149,SANTA CRUZ,2014,71.0,32.0,10.0,3995,29.0,17.77221526908636,7.259073842302879
149,SANTA CRUZ,2015,74.0,39.0,12.0,4171,23.0,17.74154878925917,5.514265164229202
149,SANTA CRUZ,2016,83.0,41.0,16.0,3676,26.0,22.578890097932533,7.072905331882481
149,SANTA CRUZ,2017,45.0,14.0,10.0,3871,21.0,11.624903125807286,5.424954792043399
149,SANTA CRUZ,2018,69.0,30.0,12.0,3816,27.0,18.08176100628931,7.0754716981132075
149,SANTA CRUZ,2019,54.0,23.0,13.0,3737,18.0,14.45009365801445,4.816697886004817
149,SANTA CRUZ,2020,57.0,28.0,13.0,3472,16.0,16.41705069124424,4.608294930875576
149,SANTA CRUZ,2021,54.0,27.0,14.0,3430,13.0,15.74344023323615,3.7900874635568513
149,SANTA CRUZ,2022,51.0,20.0,14.0,3151,17.0,16.185337987940336,5.395112662646779
149,SANTA CRUZ,2023,46.0,24.0,5.0,3109,17.0,14.795754261820521,5.467996140238018
149,SANTA CRUZ,2024,43.0,20.0,6.0,2932,17.0,14.665757162346521,5.798090040927694
149,SANTA CRUZ,2025,53.0,28.0,12.0,3186,13.0,16.635279347143754,4.080351537978657
150,SEPETIBA,2006,16.0,4.0,4.0,818,8.0,19.559902200489,9.7799511002445
150,SEPETIBA,2007,17.0,4.0,2.0,876,11.0,19.406392694063925,12.557077625570775
150,SEPETIBA,2008,12.0,7.0,1.0,826,4.0,14.527845036319613,4.842615012106537
150,SEPETIBA,2009,8.0,2.0,0.0,809,6.0,9.888751545117428,7.416563658838072
150,SEPETIBA,2010,10.0,3.0,4.0,809,3.0,12.360939431396785,3.708281829419036
150,SEPETIBA,2011,14.0,8.0,1.0,779,5.0,17.971758664955072,6.418485237483954
150,SEPETIBA,2012,16.0,7.0,1.0,825,8.0,19.393939393939394,9.696969696969697
150,SEPETIBA,2013,12.0,3.0,5.0,922,4.0,13.015184381778742,4.3383947939262475
150,SEPETIBA,2014,15.0,8.0,1.0,803,6.0,18.679950186799502,7.471980074719801
150,SEPETIBA,2015,15.0,9.0,3.0,885,3.0,16.949152542372882,3.389830508474576
150,SEPETIBA,2016,21.0,11.0,3.0,838,7.0,25.05966587112172,8.353221957040573
150,SEPETIBA,2017,6.0,4.0,2.0,797,0.0,7.52823086574655,0.0
150,SEPETIBA,2018,6.0,1.0,3.0,833,2.0,7.202881152460984,2.4009603841536613
150,SEPETIBA,2019,12.0,4.0,2.0,802,6.0,14.962593516209475,7.481296758104738
150,SEPETIBA,2020,18.0,5.0,5.0,797,8.0,22.58469259723965,10.037641154328732
150,SEPETIBA,2021,8.0,4.0,1.0,749,3.0,10.68090787716956,4.005340453938585
150,SEPETIBA,2022,13.0,2.0,6.0,732,5.0,17.759562841530055,6.830601092896175
150,SEPETIBA,2023,9.0,3.0,2.0,782,4.0,11.508951406649617,5.115089514066496
150,SEPETIBA,2024,11.0,5.0,2.0,710,4.0,15.492957746478874,5.633802816901409
150,SEPETIBA,2025,9.0,2.0,2.0,753,5.0,11.952191235059761,6.6401062416998675
151,GUARATIBA,2006,9.0,5.0,1.0,946,3.0,9.513742071881607,3.171247357293869
151,GUARATIBA,2007,18.0,8.0,4.0,1108,6.0,16.24548736462094,5.415162454873646
151,GUARATIBA,2008,21.0,14.0,2.0,1203,5.0,17.456359102244388,4.156275976724855
151,GUARATIBA,2009,17.0,8.0,4.0,1145,5.0,14.847161572052402,4.366812227074235
151,GUARATIBA,2010,17.0,8.0,0.0,1172,9.0,14.505119453924916,7.679180887372014
151,GUARATIBA,2011,18.0,10.0,3.0,1386,5.0,12.987012987012989,3.6075036075036073
151,GUARATIBA,2012,22.0,5.0,7.0,1524,10.0,14.435695538057743,6.561679790026247
151,GUARATIBA,2013,25.0,9.0,5.0,1650,11.0,15.151515151515152,6.666666666666667
151,GUARATIBA,2014,26.0,10.0,4.0,1932,12.0,13.457556935817806,6.211180124223602
151,GUARATIBA,2015,16.0,6.0,2.0,2077,8.0,7.70341839191141,3.851709195955705
151,GUARATIBA,2016,29.0,21.0,1.0,1936,7.0,14.979338842975206,3.615702479338843
151,GUARATIBA,2017,24.0,12.0,6.0,2201,6.0,10.904134484325306,2.7260336210813265
151,GUARATIBA,2018,29.0,18.0,3.0,2084,8.0,13.915547024952014,3.838771593090211
151,GUARATIBA,2019,29.0,17.0,4.0,1851,8.0,15.667206915180982,4.321988114532685
151,GUARATIBA,2020,29.0,14.0,7.0,1934,8.0,14.994829369183039,4.1365046535677354
151,GUARATIBA,2021,21.0,15.0,3.0,1906,3.0,11.017838405036727,1.5739769150052467
151,GUARATIBA,2022,36.0,16.0,4.0,1791,16.0,20.100502512562816,8.93355667225014
151,GUARATIBA,2023,22.0,7.0,7.0,1840,8.0,11.956521739130435,4.3478260869565215
151,GUARATIBA,2024,27.0,11.0,6.0,1856,10.0,14.547413793103448,5.387931034482759
151,GUARATIBA,2025,13.0,6.0,3.0,1867,4.0,6.963042313872522,2.1424745581146225
152,BARRA DE GUARATIBA,2006,2.0,1.0,0.0,68,1.0,29.41176470588235,14.705882352941176
152,BARRA DE GUARATIBA,2007,0.0,0.0,0.0,72,0.0,0.0,0.0
152,BARRA DE GUARATIBA,2008,3.0,1.0,0.0,86,2.0,34.883720930232556,23.25581395348837
152,BARRA DE GUARATIBA,2009,1.0,0.0,0.0,94,1.0,10.638297872340425,10.638297872340425
152,BARRA DE GUARATIBA,2010,1.0,0.0,0.0,63,1.0,15.873015873015872,15.873015873015872
152,BARRA DE GUARATIBA,2011,2.0,1.0,0.0,72,1.0,27.777777777777775,13.888888888888888
152,BARRA DE GUARATIBA,2012,0.0,0.0,0.0,81,0.0,0.0,0.0
152,BARRA DE GUARATIBA,2013,0.0,0.0,0.0,78,0.0,0.0,0.0
152,BARRA DE GUARATIBA,2014,1.0,0.0,1.0,82,0.0,12.195121951219512,0.0
152,BARRA DE GUARATIBA,2015,1.0,0.0,0.0,75,1.0,13.333333333333334,13.333333333333334
152,BARRA DE GUARATIBA,2016,0.0,0.0,0.0,60,0.0,0.0,0.0
152,BARRA DE GUARATIBA,2017,2.0,1.0,0.0,76,1.0,26.31578947368421,13.157894736842104
152,BARRA DE GUARATIBA,2018,2.0,2.0,0.0,65,0.0,30.76923076923077,0.0
152,BARRA DE GUARATIBA,2019,0.0,0.0,0.0,58,0.0,0.0,0.0
152,BARRA DE GUARATIBA,2020,0.0,0.0,0.0,79,0.0,0.0,0.0
152,BARRA DE GUARATIBA,2021,0.0,0.0,0.0,71,0.0,0.0,0.0
152,BARRA DE GUARATIBA,2022,0.0,0.0,0.0,83,0.0,0.0,0.0
152,BARRA DE GUARATIBA,2023,1.0,1.0,0.0,89,0.0,11.235955056179774,0.0
152,BARRA DE GUARATIBA,2024,3.0,0.0,0.0,55,3.0,54.54545454545454,54.54545454545454
152,BARRA DE GUARATIBA,2025,2.0,0.0,1.0,117,1.0,17.094017094017097,8.547008547008549
153,PEDRA DE GUARATIBA,2006,11.0,5.0,2.0,662,4.0,16.61631419939577,6.042296072507553
153,PEDRA DE GUARATIBA,2007,5.0,2.0,3.0,609,0.0,8.210180623973727,0.0
153,PEDRA DE GUARATIBA,2008,6.0,2.0,0.0,576,4.0,10.416666666666666,6.944444444444444
153,PEDRA DE GUARATIBA,2009,3.0,1.0,1.0,579,1.0,5.181347150259067,1.7271157167530224
153,PEDRA DE GUARATIBA,2010,9.0,7.0,0.0,594,2.0,15.151515151515152,3.3670033670033668
153,PEDRA DE GUARATIBA,2011,10.0,4.0,2.0,570,4.0,17.543859649122805,7.017543859649123
153,PEDRA DE GUARATIBA,2012,5.0,2.0,1.0,607,2.0,8.237232289950576,3.2948929159802307
153,PEDRA DE GUARATIBA,2013,3.0,2.0,0.0,616,1.0,4.87012987012987,1.6233766233766236
153,PEDRA DE GUARATIBA,2014,8.0,2.0,3.0,504,3.0,15.873015873015872,5.952380952380952
153,PEDRA DE GUARATIBA,2015,6.0,3.0,1.0,413,2.0,14.527845036319613,4.842615012106537
153,PEDRA DE GUARATIBA,2016,2.0,1.0,1.0,516,0.0,3.875968992248062,0.0
153,PEDRA DE GUARATIBA,2017,5.0,2.0,2.0,424,1.0,11.79245283018868,2.3584905660377355
153,PEDRA DE GUARATIBA,2018,0.0,0.0,0.0,564,0.0,0.0,0.0
153,PEDRA DE GUARATIBA,2019,4.0,2.0,1.0,555,1.0,7.207207207207207,1.8018018018018018
153,PEDRA DE GUARATIBA,2020,4.0,1.0,1.0,462,2.0,8.658008658008658,4.329004329004329
153,PEDRA DE GUARATIBA,2021,3.0,2.0,0.0,436,1.0,6.8807339449541285,2.293577981651376
153,PEDRA DE GUARATIBA,2022,3.0,2.0,1.0,482,0.0,6.224066390041493,0.0
153,PEDRA DE GUARATIBA,2023,1.0,0.0,1.0,229,0.0,4.366812227074235,0.0
153,PEDRA DE GUARATIBA,2024,4.0,1.0,1.0,162,2.0,24.691358024691358,12.345679012345679
153,PEDRA DE GUARATIBA,2025,1.0,0.0,0.0,228,1.0,4.385964912280701,4.385964912280701
154,ROCINHA,2006,23.0,9.0,6.0,1196,8.0,19.230769230769234,6.688963210702341
154,ROCINHA,2007,12.0,5.0,2.0,1123,5.0,10.68566340160285,4.452359750667854
154,ROCINHA,2008,20.0,9.0,6.0,1152,5.0,17.36111111111111,4.340277777777778
154,ROCINHA,2009,17.0,9.0,5.0,1221,3.0,13.923013923013924,2.457002457002457
154,ROCINHA,2010,14.0,7.0,2.0,1203,5.0,11.637572734829593,4.156275976724855
154,ROCINHA,2011,16.0,10.0,4.0,1224,2.0,13.071895424836601,1.6339869281045751
154,ROCINHA,2012,15.0,11.0,0.0,1220,4.0,12.295081967213115,3.278688524590164
154,ROCINHA,2013,22.0,11.0,5.0,1161,6.0,18.949181739879414,5.167958656330749
154,ROCINHA,2014,21.0,10.0,5.0,1174,6.0,17.88756388415673,5.110732538330494
154,ROCINHA,2015,3.0,1.0,1.0,1132,1.0,2.65017667844523,0.8833922261484098
154,ROCINHA,2016,17.0,6.0,6.0,1061,5.0,16.022620169651272,4.7125353440150795
154,ROCINHA,2017,11.0,4.0,4.0,1086,3.0,10.128913443830571,2.7624309392265194
154,ROCINHA,2018,12.0,6.0,2.0,950,4.0,12.631578947368421,4.2105263157894735
154,ROCINHA,2019,8.0,4.0,1.0,880,3.0,9.09090909090909,3.4090909090909087
154,ROCINHA,2020,7.0,3.0,1.0,814,3.0,8.5995085995086,3.6855036855036856
154,ROCINHA,2021,15.0,7.0,4.0,714,4.0,21.008403361344538,5.602240896358543
154,ROCINHA,2022,10.0,6.0,0.0,735,4.0,13.605442176870747,5.442176870748299
154,ROCINHA,2023,12.0,6.0,3.0,657,3.0,18.2648401826484,4.5662100456621
154,ROCINHA,2024,7.0,3.0,1.0,684,3.0,10.23391812865497,4.385964912280701
154,ROCINHA,2025,9.0,3.0,1.0,696,5.0,12.931034482758621,7.183908045977011
155,JACAREZINHO,2006,6.0,3.0,0.0,246,3.0,24.390243902439025,12.195121951219512
155,JACAREZINHO,2007,7.0,6.0,0.0,321,1.0,21.806853582554517,3.115264797507788
155,JACAREZINHO,2008,6.0,3.0,1.0,286,2.0,20.97902097902098,6.993006993006993
155,JACAREZINHO,2009,7.0,4.0,2.0,278,1.0,25.179856115107913,3.5971223021582737
155,JACAREZINHO,2010,4.0,1.0,1.0,274,2.0,14.598540145985401,7.299270072992701
155,JACAREZINHO,2011,4.0,2.0,0.0,240,2.0,16.666666666666668,8.333333333333334
155,JACAREZINHO,2012,4.0,1.0,2.0,263,1.0,15.209125475285171,3.802281368821293
155,JACAREZINHO,2013,6.0,3.0,1.0,283,2.0,21.20141342756184,7.067137809187279
155,JACAREZINHO,2014,1.0,0.0,0.0,272,1.0,3.676470588235294,3.676470588235294
155,JACAREZINHO,2015,8.0,5.0,2.0,312,1.0,25.64102564102564,3.205128205128205
155,JACAREZINHO,2016,6.0,1.0,2.0,321,3.0,18.69158878504673,9.345794392523365
155,JACAREZINHO,2017,11.0,4.0,3.0,266,4.0,41.35338345864661,15.037593984962406
155,JACAREZINHO,2018,4.0,1.0,1.0,414,2.0,9.66183574879227,4.830917874396135
155,JACAREZINHO,2019,6.0,2.0,1.0,277,3.0,21.660649819494584,10.830324909747292
155,JACAREZINHO,2020,4.0,2.0,0.0,205,2.0,19.51219512195122,9.75609756097561
155,JACAREZINHO,2021,2.0,0.0,0.0,208,2.0,9.615384615384617,9.615384615384617
155,JACAREZINHO,2022,3.0,0.0,1.0,170,2.0,17.647058823529413,11.76470588235294
155,JACAREZINHO,2023,6.0,4.0,1.0,316,1.0,18.9873417721519,3.1645569620253164
155,JACAREZINHO,2024,7.0,5.0,1.0,321,1.0,21.806853582554517,3.115264797507788
155,JACAREZINHO,2025,4.0,3.0,1.0,293,0.0,13.651877133105803,0.0
156,COMPLEXO DO ALEMAO,2006,5.0,3.0,0.0,162,2.0,30.864197530864196,12.345679012345679
156,COMPLEXO DO ALEMAO,2007,3.0,0.0,0.0,71,3.0,42.25352112676056,42.25352112676056
156,COMPLEXO DO ALEMAO,2008,6.0,3.0,2.0,252,1.0,23.809523809523807,3.968253968253968
156,COMPLEXO DO ALEMAO,2009,11.0,5.0,2.0,509,4.0,21.611001964636543,7.858546168958742
156,COMPLEXO DO ALEMAO,2010,1.0,1.0,0.0,283,0.0,3.5335689045936394,0.0
156,COMPLEXO DO ALEMAO,2011,7.0,1.0,1.0,381,5.0,18.37270341207349,13.123359580052494
156,COMPLEXO DO ALEMAO,2012,6.0,2.0,2.0,422,2.0,14.218009478672984,4.739336492890995
156,COMPLEXO DO ALEMAO,2013,13.0,7.0,2.0,845,4.0,15.384615384615385,4.733727810650888
156,COMPLEXO DO ALEMAO,2014,16.0,4.0,2.0,765,10.0,20.915032679738562,13.071895424836601
156,COMPLEXO DO ALEMAO,2015,16.0,7.0,0.0,843,9.0,18.979833926453146,10.676156583629894
156,COMPLEXO DO ALEMAO,2016,19.0,12.0,0.0,680,7.0,27.941176470588236,10.294117647058824
156,COMPLEXO DO ALEMAO,2017,12.0,5.0,4.0,825,3.0,14.545454545454545,3.6363636363636362
156,COMPLEXO DO ALEMAO,2018,5.0,2.0,1.0,509,2.0,9.823182711198427,3.929273084479371
156,COMPLEXO DO ALEMAO,2019,6.0,3.0,1.0,427,2.0,14.05152224824356,4.68384074941452
156,COMPLEXO DO ALEMAO,2020,10.0,6.0,0.0,151,4.0,66.22516556291392,26.490066225165563
156,COMPLEXO DO ALEMAO,2021,4.0,1.0,0.0,213,3.0,18.779342723004696,14.084507042253522
156,COMPLEXO DO ALEMAO,2022,16.0,9.0,2.0,232,5.0,68.9655172413793,21.551724137931036
156,COMPLEXO DO ALEMAO,2023,9.0,4.0,1.0,410,4.0,21.95121951219512,9.75609756097561
156,COMPLEXO DO ALEMAO,2024,11.0,5.0,2.0,492,4.0,22.357723577235774,8.130081300813009
156,COMPLEXO DO ALEMAO,2025,6.0,0.0,1.0,361,5.0,16.62049861495845,13.850415512465373
157,COMPLEXO DA MARE,2006,13.0,3.0,1.0,1795,9.0,7.242339832869081,5.013927576601671
157,COMPLEXO DA MARE,2007,16.0,9.0,1.0,1530,6.0,10.457516339869281,3.9215686274509802
157,COMPLEXO DA MARE,2008,23.0,10.0,4.0,1620,9.0,14.197530864197532,5.555555555555555
157,COMPLEXO DA MARE,2009,25.0,13.0,0.0,2050,12.0,12.195121951219512,5.853658536585366
157,COMPLEXO DA MARE,2010,15.0,7.0,4.0,1780,4.0,8.426966292134832,2.247191011235955
157,COMPLEXO DA MARE,2011,24.0,11.0,3.0,2513,10.0,9.55033824114604,3.979307600477517
157,COMPLEXO DA MARE,2012,21.0,3.0,3.0,2449,15.0,8.574928542262148,6.124948958758678
157,COMPLEXO DA MARE,2013,32.0,9.0,7.0,2659,16.0,12.034599473486272,6.017299736743136
157,COMPLEXO DA MARE,2014,26.0,13.0,7.0,2579,6.0,10.081426909654905,2.3264831329972857
157,COMPLEXO DA MARE,2015,33.0,16.0,6.0,2419,11.0,13.64200082678793,4.54733360892931
157,COMPLEXO DA MARE,2016,39.0,21.0,3.0,1275,15.0,30.58823529411765,11.76470588235294
157,COMPLEXO DA MARE,2017,26.0,12.0,0.0,1830,14.0,14.207650273224045,7.6502732240437155
157,COMPLEXO DA MARE,2018,25.0,10.0,3.0,1754,12.0,14.253135689851767,6.841505131128849
157,COMPLEXO DA MARE,2019,21.0,10.0,3.0,1259,8.0,16.679904686258933,6.354249404289118
157,COMPLEXO DA MARE,2020,23.0,9.0,7.0,1185,7.0,19.409282700421944,5.9071729957805905
157,COMPLEXO DA MARE,2021,20.0,7.0,4.0,1384,9.0,14.45086705202312,6.502890173410405
157,COMPLEXO DA MARE,2022,29.0,12.0,5.0,1033,12.0,28.073572120038722,11.616650532429816
157,COMPLEXO DA MARE,2023,33.0,12.0,6.0,1576,15.0,20.939086294416246,9.51776649746193
157,COMPLEXO DA MARE,2024,25.0,9.0,4.0,1496,12.0,16.711229946524064,8.02139037433155
157,COMPLEXO DA MARE,2025,15.0,6.0,5.0,1494,4.0,10.040160642570282,2.677376171352075
158,PARQUE COLUMBIA,2006,0.0,0.0,0.0,0,0.0,,
158,PARQUE COLUMBIA,2007,0.0,0.0,0.0,0,0.0,,
158,PARQUE COLUMBIA,2008,0.0,0.0,0.0,0,0.0,,
158,PARQUE COLUMBIA,2009,0.0,0.0,0.0,0,0.0,,
158,PARQUE COLUMBIA,2010,0.0,0.0,0.0,0,0.0,,
158,PARQUE COLUMBIA,2011,0.0,0.0,0.0,4,0.0,0.0,0.0
158,PARQUE COLUMBIA,2012,0.0,0.0,0.0,0,0.0,,
158,PARQUE COLUMBIA,2013,1.0,0.0,0.0,17,1.0,58.8235294117647,58.8235294117647
158,PARQUE COLUMBIA,2014,0.0,0.0,0.0,21,0.0,0.0,0.0
158,PARQUE COLUMBIA,2015,2.0,0.0,0.0,60,2.0,33.333333333333336,33.333333333333336
158,PARQUE COLUMBIA,2016,3.0,3.0,0.0,48,0.0,62.5,0.0
158,PARQUE COLUMBIA,2017,2.0,2.0,0.0,54,0.0,37.03703703703704,0.0
158,PARQUE COLUMBIA,2018,1.0,1.0,0.0,63,0.0,15.873015873015872,0.0
158,PARQUE COLUMBIA,2019,0.0,0.0,0.0,57,0.0,0.0,0.0
158,PARQUE COLUMBIA,2020,1.0,1.0,0.0,41,0.0,24.390243902439025,0.0
158,PARQUE COLUMBIA,2021,1.0,0.0,0.0,56,1.0,17.857142857142858,17.857142857142858
158,PARQUE COLUMBIA,2022,1.0,0.0,0.0,20,1.0,50.0,50.0
158,PARQUE COLUMBIA,2023,3.0,1.0,0.0,114,2.0,26.31578947368421,17.543859649122805
158,PARQUE COLUMBIA,2024,1.0,0.0,0.0,77,1.0,12.987012987012989,12.987012987012989
158,PARQUE COLUMBIA,2025,3.0,0.0,1.0,83,2.0,36.144578313253014,24.096385542168676
159,VASCO DA GAMA,2006,0.0,0.0,0.0,0,0.0,,
159,VASCO DA GAMA,2007,0.0,0.0,0.0,0,0.0,,
159,VASCO DA GAMA,2008,0.0,0.0,0.0,0,0.0,,
159,VASCO DA GAMA,2009,0.0,0.0,0.0,0,0.0,,
159,VASCO DA GAMA,2010,0.0,0.0,0.0,0,0.0,,
159,VASCO DA GAMA,2011,0.0,0.0,0.0,0,0.0,,
159,VASCO DA GAMA,2012,0.0,0.0,0.0,1,0.0,0.0,0.0
159,VASCO DA GAMA,2013,0.0,0.0,0.0,13,0.0,0.0,0.0
159,VASCO DA GAMA,2014,0.0,0.0,0.0,23,0.0,0.0,0.0
159,VASCO DA GAMA,2015,3.0,1.0,1.0,81,1.0,37.03703703703704,12.345679012345679
159,VASCO DA GAMA,2016,2.0,1.0,0.0,66,1.0,30.303030303030305,15.151515151515152
159,VASCO DA GAMA,2017,4.0,3.0,0.0,161,1.0,24.844720496894407,6.211180124223602
159,VASCO DA GAMA,2018,3.0,1.0,0.0,79,2.0,37.9746835443038,25.31645569620253
159,VASCO DA GAMA,2019,3.0,1.0,1.0,38,1.0,78.94736842105263,26.31578947368421
159,VASCO DA GAMA,2020,4.0,1.0,1.0,62,2.0,64.51612903225806,32.25806451612903
159,VASCO DA GAMA,2021,2.0,0.0,0.0,82,2.0,24.390243902439025,24.390243902439025
159,VASCO DA GAMA,2022,4.0,2.0,1.0,19,1.0,210.52631578947367,52.63157894736842
159,VASCO DA GAMA,2023,2.0,1.0,0.0,59,1.0,33.898305084745765,16.949152542372882
159,VASCO DA GAMA,2024,3.0,2.0,0.0,134,1.0,22.388059701492537,7.462686567164179
159,VASCO DA GAMA,2025,0.0,0.0,0.0,131,0.0,0.0,0.0
160,GERICINo,2006,0.0,0.0,0.0,0,0.0,,
160,GERICINo,2007,0.0,0.0,0.0,0,0.0,,
160,GERICINo,2008,0.0,0.0,0.0,0,0.0,,
160,GERICINo,2009,0.0,0.0,0.0,0,0.0,,
160,GERICINo,2010,0.0,0.0,0.0,0,0.0,,
160,GERICINo,2011,0.0,0.0,0.0,0,0.0,,
160,GERICINo,2012,0.0,0.0,0.0,0,0.0,,
160,GERICINo,2013,0.0,0.0,0.0,0,0.0,,
160,GERICINo,2014,0.0,0.0,0.0,1,0.0,0.0,0.0
160,GERICINo,2015,0.0,0.0,0.0,1,0.0,0.0,0.0
160,GERICINo,2016,0.0,0.0,0.0,1,0.0,0.0,0.0
160,GERICINo,2017,0.0,0.0,0.0,16,0.0,0.0,0.0
160,GERICINo,2018,0.0,0.0,0.0,1,0.0,0.0,0.0
160,GERICINo,2019,0.0,0.0,0.0,3,0.0,0.0,0.0
160,GERICINo,2020,0.0,0.0,0.0,1,0.0,0.0,0.0
160,GERICINo,2021,0.0,0.0,0.0,12,0.0,0.0,0.0
160,GERICINo,2022,1.0,0.0,0.0,0,1.0,,
160,GERICINo,2023,0.0,0.0,0.0,19,0.0,0.0,0.0
160,GERICINo,2024,0.0,0.0,0.0,14,0.0,0.0,0.0
160,GERICINo,2025,1.0,1.0,0.0,14,0.0,71.42857142857143,0.0
161,LAPA,2006,0.0,0.0,0.0,0,0.0,,
161,LAPA,2007,0.0,0.0,0.0,0,0.0,,
161,LAPA,2008,0.0,0.0,0.0,0,0.0,,
161,LAPA,2009,0.0,0.0,0.0,0,0.0,,
161,LAPA,2010,0.0,0.0,0.0,0,0.0,,
161,LAPA,2011,0.0,0.0,0.0,0,0.0,,
161,LAPA,2012,0.0,0.0,0.0,0,0.0,,
161,LAPA,2013,0.0,0.0,0.0,0,0.0,,
161,LAPA,2014,0.0,0.0,0.0,0,0.0,,
161,LAPA,2015,0.0,0.0,0.0,0,0.0,,
161,LAPA,2016,0.0,0.0,0.0,0,0.0,,
161,LAPA,2017,0.0,0.0,0.0,0,0.0,,
161,LAPA,2018,1.0,1.0,0.0,60,0.0,16.666666666666668,0.0
161,LAPA,2019,0.0,0.0,0.0,33,0.0,0.0,0.0
161,LAPA,2020,0.0,0.0,0.0,49,0.0,0.0,0.0
161,LAPA,2021,1.0,1.0,0.0,34,0.0,29.41176470588235,0.0
161,LAPA,2022,1.0,1.0,0.0,15,0.0,66.66666666666667,0.0
161,LAPA,2023,3.0,1.0,1.0,33,1.0,90.9090909090909,30.303030303030305
161,LAPA,2024,1.0,0.0,0.0,44,1.0,22.727272727272727,22.727272727272727
161,LAPA,2025,0.0,0.0,0.0,39,0.0,0.0,0.0
162,VILA KENNEDY,2006,0.0,0.0,0.0,0,0.0,,
162,VILA KENNEDY,2007,0.0,0.0,0.0,0,0.0,,
162,VILA KENNEDY,2008,0.0,0.0,0.0,0,0.0,,
162,VILA KENNEDY,2009,0.0,0.0,0.0,0,0.0,,
162,VILA KENNEDY,2010,0.0,0.0,0.0,0,0.0,,
162,VILA KENNEDY,2011,0.0,0.0,0.0,0,0.0,,
162,VILA KENNEDY,2012,0.0,0.0,0.0,0,0.0,,
162,VILA KENNEDY,2013,0.0,0.0,0.0,0,0.0,,
162,VILA KENNEDY,2014,0.0,0.0,0.0,0,0.0,,
162,VILA KENNEDY,2015,0.0,0.0,0.0,0,0.0,,
162,VILA KENNEDY,2016,0.0,0.0,0.0,0,0.0,,
162,VILA KENNEDY,2017,0.0,0.0,0.0,1,0.0,0.0,0.0
162,VILA KENNEDY,2018,4.0,3.0,1.0,309,0.0,12.944983818770227,0.0
162,VILA KENNEDY,2019,5.0,1.0,2.0,222,2.0,22.52252252252252,9.00900900900901
162,VILA KENNEDY,2020,5.0,2.0,1.0,233,2.0,21.459227467811157,8.583690987124463
162,VILA KENNEDY,2021,3.0,3.0,0.0,101,0.0,29.7029702970297,0.0
162,VILA KENNEDY,2022,1.0,0.0,0.0,44,1.0,22.727272727272727,22.727272727272727
162,VILA KENNEDY,2023,5.0,3.0,0.0,277,2.0,18.050541516245488,7.220216606498195
162,VILA KENNEDY,2024,5.0,3.0,1.0,229,1.0,21.83406113537118,4.366812227074235
162,VILA KENNEDY,2025,4.0,2.0,1.0,194,1.0,20.61855670103093,5.154639175257732
163,JABOUR,2006,0.0,0.0,0.0,0,0.0,,
163,JABOUR,2007,0.0,0.0,0.0,0,0.0,,
163,JABOUR,2008,0.0,0.0,0.0,0,0.0,,
163,JABOUR,2009,0.0,0.0,0.0,0,0.0,,
163,JABOUR,2010,0.0,0.0,0.0,0,0.0,,
163,JABOUR,2011,0.0,0.0,0.0,0,0.0,,
163,JABOUR,2012,0.0,0.0,0.0,0,0.0,,
163,JABOUR,2013,0.0,0.0,0.0,0,0.0,,
163,JABOUR,2014,0.0,0.0,0.0,0,0.0,,
163,JABOUR,2015,0.0,0.0,0.0,0,0.0,,
163,JABOUR,2016,0.0,0.0,0.0,0,0.0,,
163,JABOUR,2017,0.0,0.0,0.0,0,0.0,,
163,JABOUR,2018,0.0,0.0,0.0,0,0.0,,
163,JABOUR,2019,0.0,0.0,0.0,0,0.0,,
163,JABOUR,2020,0.0,0.0,0.0,0,0.0,,
163,JABOUR,2021,0.0,0.0,0.0,0,0.0,,
163,JABOUR,2022,0.0,0.0,0.0,1,0.0,0.0,0.0
163,JABOUR,2023,0.0,0.0,0.0,1,0.0,0.0,0.0
163,JABOUR,2024,0.0,0.0,0.0,18,0.0,0.0,0.0
163,JABOUR,2025,0.0,0.0,0.0,17,0.0,0.0,0.0
164,ILHA DE GUARATIBA,2006,0.0,0.0,0.0,0,0.0,,
164,ILHA DE GUARATIBA,2007,0.0,0.0,0.0,0,0.0,,
164,ILHA DE GUARATIBA,2008,0.0,0.0,0.0,0,0.0,,
164,ILHA DE GUARATIBA,2009,0.0,0.0,0.0,0,0.0,,
164,ILHA DE GUARATIBA,2010,0.0,0.0,0.0,0,0.0,,
164,ILHA DE GUARATIBA,2011,0.0,0.0,0.0,0,0.0,,
164,ILHA DE GUARATIBA,2012,0.0,0.0,0.0,0,0.0,,
164,ILHA DE GUARATIBA,2013,0.0,0.0,0.0,0,0.0,,
164,ILHA DE GUARATIBA,2014,0.0,0.0,0.0,0,0.0,,
164,ILHA DE GUARATIBA,2015,0.0,0.0,0.0,0,0.0,,
164,ILHA DE GUARATIBA,2016,0.0,0.0,0.0,0,0.0,,
164,ILHA DE GUARATIBA,2017,0.0,0.0,0.0,0,0.0,,
164,ILHA DE GUARATIBA,2018,0.0,0.0,0.0,0,0.0,,
164,ILHA DE GUARATIBA,2019,0.0,0.0,0.0,0,0.0,,
164,ILHA DE GUARATIBA,2020,0.0,0.0,0.0,0,0.0,,
164,ILHA DE GUARATIBA,2021,0.0,0.0,0.0,0,0.0,,
164,ILHA DE GUARATIBA,2022,0.0,0.0,0.0,0,0.0,,
164,ILHA DE GUARATIBA,2023,0.0,0.0,0.0,9,0.0,0.0,0.0
164,ILHA DE GUARATIBA,2024,1.0,1.0,0.0,60,0.0,16.666666666666668,0.0
164,ILHA DE GUARATIBA,2025,1.0,1.0,0.0,81,0.0,12.345679012345679,0.0
165,BARRA OLIMPICA,2006,0.0,0.0,0.0,0,0.0,,
165,BARRA OLIMPICA,2007,0.0,0.0,0.0,0,0.0,,
165,BARRA OLIMPICA,2008,0.0,0.0,0.0,0,0.0,,
165,BARRA OLIMPICA,2009,0.0,0.0,0.0,0,0.0,,
165,BARRA OLIMPICA,2010,0.0,0.0,0.0,0,0.0,,
165,BARRA OLIMPICA,2011,0.0,0.0,0.0,0,0.0,,
165,BARRA OLIMPICA,2012,0.0,0.0,0.0,0,0.0,,
165,BARRA OLIMPICA,2013,0.0,0.0,0.0,0,0.0,,
165,BARRA OLIMPICA,2014,0.0,0.0,0.0,0,0.0,,
165,BARRA OLIMPICA,2015,0.0,0.0,0.0,0,0.0,,
165,BARRA OLIMPICA,2016,0.0,0.0,0.0,0,0.0,,
165,BARRA OLIMPICA,2017,0.0,0.0,0.0,0,0.0,,
165,BARRA OLIMPICA,2018,0.0,0.0,0.0,0,0.0,,
165,BARRA OLIMPICA,2019,0.0,0.0,0.0,0,0.0,,
165,BARRA OLIMPICA,2020,0.0,0.0,0.0,0,0.0,,
165,BARRA OLIMPICA,2021,0.0,0.0,0.0,0,0.0,,
165,BARRA OLIMPICA,2022,0.0,0.0,0.0,0,0.0,,
165,BARRA OLIMPICA,2023,3.0,1.0,1.0,0,1.0,,
165,BARRA OLIMPICA,2024,1.0,0.0,0.0,522,1.0,1.9157088122605364,1.9157088122605364
165,BARRA OLIMPICA,2025,3.0,1.0,1.0,503,1.0,5.964214711729622,1.9880715705765406
998,ILHA DO GOVERNADOR - IGNORADO,2006,1.0,1.0,0.0,91,0.0,10.989010989010989,0.0
998,ILHA DO GOVERNADOR - IGNORADO,2007,4.0,4.0,0.0,159,0.0,25.157232704402517,0.0
998,ILHA DO GOVERNADOR - IGNORADO,2008,3.0,2.0,1.0,160,0.0,18.75,0.0
998,ILHA DO GOVERNADOR - IGNORADO,2009,2.0,2.0,0.0,84,0.0,23.809523809523807,0.0
998,ILHA DO GOVERNADOR - IGNORADO,2010,2.0,1.0,0.0,102,1.0,19.607843137254903,9.803921568627452
998,ILHA DO GOVERNADOR - IGNORADO,2011,4.0,3.0,0.0,26,1.0,153.84615384615387,38.46153846153847
998,ILHA DO GOVERNADOR - IGNORADO,2012,1.0,1.0,0.0,80,0.0,12.5,0.0
998,ILHA DO GOVERNADOR - IGNORADO,2013,0.0,0.0,0.0,9,0.0,0.0,0.0
998,ILHA DO GOVERNADOR - IGNORADO,2014,0.0,0.0,0.0,6,0.0,0.0,0.0
998,ILHA DO GOVERNADOR - IGNORADO,2015,0.0,0.0,0.0,34,0.0,0.0,0.0
998,ILHA DO GOVERNADOR - IGNORADO,2016,0.0,0.0,0.0,242,0.0,0.0,0.0
998,ILHA DO GOVERNADOR - IGNORADO,2017,0.0,0.0,0.0,204,0.0,0.0,0.0
998,ILHA DO GOVERNADOR - IGNORADO,2018,0.0,0.0,0.0,368,0.0,0.0,0.0
998,ILHA DO GOVERNADOR - IGNORADO,2019,0.0,0.0,0.0,282,0.0,0.0,0.0
998,ILHA DO GOVERNADOR - IGNORADO,2020,0.0,0.0,0.0,129,0.0,0.0,0.0
998,ILHA DO GOVERNADOR - IGNORADO,2021,0.0,0.0,0.0,69,0.0,0.0,0.0
998,ILHA DO GOVERNADOR - IGNORADO,2022,0.0,0.0,0.0,4,0.0,0.0,0.0
998,ILHA DO GOVERNADOR - IGNORADO,2023,0.0,0.0,0.0,11,0.0,0.0,0.0
998,ILHA DO GOVERNADOR - IGNORADO,2024,0.0,0.0,0.0,5,0.0,0.0,0.0
998,ILHA DO GOVERNADOR - IGNORADO,2025,0.0,0.0,0.0,12,0.0,0.0,0.0
999,IGNORADO BAIRRO-MRJ,2006,3.0,2.0,0.0,633,1.0,4.739336492890995,1.5797788309636651
999,IGNORADO BAIRRO-MRJ,2007,15.0,12.0,0.0,607,3.0,24.711696869851732,4.942339373970346
999,IGNORADO BAIRRO-MRJ,2008,5.0,0.0,2.0,544,3.0,9.191176470588236,5.514705882352941
999,IGNORADO BAIRRO-MRJ,2009,8.0,3.0,0.0,477,5.0,16.771488469601678,10.482180293501049
999,IGNORADO BAIRRO-MRJ,2010,5.0,4.0,0.0,648,1.0,7.716049382716049,1.5432098765432098
999,IGNORADO BAIRRO-MRJ,2011,3.0,1.0,1.0,387,1.0,7.751937984496124,2.5839793281653747
999,IGNORADO BAIRRO-MRJ,2012,6.0,4.0,0.0,279,2.0,21.505376344086024,7.168458781362007
999,IGNORADO BAIRRO-MRJ,2013,2.0,1.0,0.0,50,1.0,40.0,20.0
999,IGNORADO BAIRRO-MRJ,2014,2.0,2.0,0.0,126,0.0,15.873015873015872,0.0
999,IGNORADO BAIRRO-MRJ,2015,2.0,1.0,0.0,55,1.0,36.36363636363636,18.18181818181818
999,IGNORADO BAIRRO-MRJ,2016,2.0,1.0,0.0,74,1.0,27.027027027027028,13.513513513513514
999,IGNORADO BAIRRO-MRJ,2017,5.0,2.0,0.0,78,3.0,64.1025641025641,38.46153846153847
999,IGNORADO BAIRRO-MRJ,2018,2.0,2.0,0.0,224,0.0,8.928571428571429,0.0
999,IGNORADO BAIRRO-MRJ,2019,2.0,2.0,0.0,298,0.0,6.7114093959731544,0.0
999,IGNORADO BAIRRO-MRJ,2020,2.0,1.0,1.0,175,0.0,11.428571428571429,0.0
999,IGNORADO BAIRRO-MRJ,2021,4.0,4.0,0.0,62,0.0,64.51612903225806,0.0
999,IGNORADO BAIRRO-MRJ,2022,0.0,0.0,0.0,71,0.0,0.0,0.0
999,IGNORADO BAIRRO-MRJ,2023,4.0,3.0,1.0,100,0.0,40.0,0.0
999,IGNORADO BAIRRO-MRJ,2024,1.0,1.0,0.0,26,0.0,38.46153846153847,0.0
999,IGNORADO BAIRRO-MRJ,2025,0.0,0.0,0.0,19,0.0,0.0,0.0
